timestamp,Current_A
2025-01-02 05:45:00,6.303839573781527
2025-01-02 05:45:01,6.288361953691296
2025-01-02 05:45:02,6.567257502969335
2025-01-02 05:45:03,6.49417747511856
2025-01-02 05:45:04,6.486664773103251
2025-01-02 05:45:05,6.652290813976055
2025-01-02 05:45:06,6.493419006218165
2025-01-02 05:45:07,6.472239218799572
2025-01-02 05:45:08,6.513738424601337
2025-01-02 05:45:09,6.427780365480838
2025-01-02 05:45:10,6.170111654499756
2025-01-02 05:45:11,6.781383279895149
2025-01-02 05:45:12,6.359479983610069
2025-01-02 05:45:13,6.54928398912468
2025-01-02 05:45:14,6.3120032423462415
2025-01-02 05:45:15,6.153983347499061
2025-01-02 05:45:16,6.323148118001347
2025-01-02 05:45:17,6.861158041540959
2025-01-02 05:45:18,6.68802324507537
2025-01-02 05:45:19,6.780427726968085
2025-01-02 05:45:20,6.4603199644917
2025-01-02 05:45:21,7.017373479529876
2025-01-02 05:45:22,6.633592934017124
2025-01-02 05:45:23,
2025-01-02 05:45:24,6.34973076606717
2025-01-02 05:45:25,6.62934468439904
2025-01-02 05:45:26,6.926668699453409
2025-01-02 05:45:27,6.450787545291051
2025-01-02 05:45:28,6.898209422773034
2025-01-02 05:45:29,6.279638826963638
2025-01-02 05:45:30,6.263325906787371
2025-01-02 05:45:31,6.843745935359331
2025-01-02 05:45:32,6.289091598430834
2025-01-02 05:45:33,6.3537434980119025
2025-01-02 05:45:34,6.364599810509073
2025-01-02 05:45:35,6.702043358494323
2025-01-02 05:45:36,6.676518366282458
2025-01-02 05:45:37,7.402684217509398
2025-01-02 05:45:38,6.7146816898995745
2025-01-02 05:45:39,6.552918845656583
2025-01-02 05:45:40,6.705867544564788
2025-01-02 05:45:41,6.675376036499435
2025-01-02 05:45:42,6.708313040562147
2025-01-02 05:45:43,6.683485472158714
2025-01-02 05:45:44,6.4466660314077595
2025-01-02 05:45:45,6.398235550265635
2025-01-02 05:45:46,6.464440671961738
2025-01-02 05:45:47,6.723381998307174
2025-01-02 05:45:48,6.24488698621415
2025-01-02 05:45:49,6.192751243454929
2025-01-02 05:45:50,6.55540210795358
2025-01-02 05:45:51,6.249354124846674
2025-01-02 05:45:52,6.529807700099953
2025-01-02 05:45:53,6.621519072569319
2025-01-02 05:45:54,6.3081267928069344
2025-01-02 05:45:55,6.476094847129966
2025-01-02 05:45:56,6.2160895892772485
2025-01-02 05:45:57,6.2481152930831945
2025-01-02 05:45:58,6.825078088658105
2025-01-02 05:45:59,6.518712816006992
2025-01-02 05:46:00,6.4085685906105
2025-01-02 05:46:01,6.818800291823095
2025-01-02 05:46:02,6.733785054994837
2025-01-02 05:46:03,6.854701644551895
2025-01-02 05:46:04,6.128540645375386
2025-01-02 05:46:05,6.547126657559006
2025-01-02 05:46:06,6.304620026584781
2025-01-02 05:46:07,6.759361894128027
2025-01-02 05:46:08,6.298673196945763
2025-01-02 05:46:09,6.410267532731226
2025-01-02 05:46:10,6.645876409412159
2025-01-02 05:46:11,6.569063680993178
2025-01-02 05:46:12,6.302027948913519
2025-01-02 05:46:13,6.6573453145121615
2025-01-02 05:46:14,6.902369425901524
2025-01-02 05:46:15,6.8038787896355295
2025-01-02 05:46:16,6.409484911871122
2025-01-02 05:46:17,6.825126784141991
2025-01-02 05:46:18,6.988052832254118
2025-01-02 05:46:19,6.418816232032441
2025-01-02 05:46:20,6.128016359421045
2025-01-02 05:46:21,6.615025484856353
2025-01-02 05:46:22,6.494671219269328
2025-01-02 05:46:23,6.793038654890567
2025-01-02 05:46:24,6.288259561033722
2025-01-02 05:46:25,6.977463014340817
2025-01-02 05:46:26,6.3252535737774105
2025-01-02 05:46:27,6.41572618930916
2025-01-02 05:46:28,6.124578387543583
2025-01-02 05:46:29,6.7642425212329576
2025-01-02 05:46:30,6.842598468199538
2025-01-02 05:46:31,6.787305751188534
2025-01-02 05:46:32,6.393848404911748
2025-01-02 05:46:33,
2025-01-02 05:46:34,5.747243806402911
2025-01-02 05:46:35,6.601058233286812
2025-01-02 05:46:36,6.893598648107638
2025-01-02 05:46:37,6.814152323049804
2025-01-02 05:46:38,6.402238830598004
2025-01-02 05:46:39,6.8025905675684095
2025-01-02 05:46:40,6.215354636526577
2025-01-02 05:46:41,6.476919722653848
2025-01-02 05:46:42,6.640084059922516
2025-01-02 05:46:43,6.361233478369454
2025-01-02 05:46:44,6.508966533360743
2025-01-02 05:46:45,6.511075276572182
2025-01-02 05:46:46,6.502921463620286
2025-01-02 05:46:47,6.457685054410871
2025-01-02 05:46:48,6.3270828767637095
2025-01-02 05:46:49,6.352247941018642
2025-01-02 05:46:50,6.092683579872933
2025-01-02 05:46:51,6.651228343462446
2025-01-02 05:46:52,6.219544566670774
2025-01-02 05:46:53,7.027905222213595
2025-01-02 05:46:54,6.789005572560037
2025-01-02 05:46:55,6.577142496867818
2025-01-02 05:46:56,6.114692732886224
2025-01-02 05:46:57,6.839011250649
2025-01-02 05:46:58,6.360328048864506
2025-01-02 05:46:59,6.3322592369697634
2025-01-02 05:47:00,6.326621211718528
2025-01-02 05:47:01,6.610990169802912
2025-01-02 05:47:02,7.1093442373045725
2025-01-02 05:47:03,6.955930000731342
2025-01-02 05:47:04,6.926207704460428
2025-01-02 05:47:05,6.133784757715877
2025-01-02 05:47:06,6.745553503610357
2025-01-02 05:47:07,6.367955406423562
2025-01-02 05:47:08,6.255898698964071
2025-01-02 05:47:09,6.6814225177090165
2025-01-02 05:47:10,6.642730425008607
2025-01-02 05:47:11,6.845055608239335
2025-01-02 05:47:12,6.735979840485032
2025-01-02 05:47:13,6.268547224941352
2025-01-02 05:47:14,6.748205537115545
2025-01-02 05:47:15,6.287222085684227
2025-01-02 05:47:16,6.83987414626273
2025-01-02 05:47:17,6.299217811752847
2025-01-02 05:47:18,7.0382547824059385
2025-01-02 05:47:19,6.4981311931065475
2025-01-02 05:47:20,6.269463799848426
2025-01-02 05:47:21,6.420059960438757
2025-01-02 05:47:22,6.117721679766725
2025-01-02 05:47:23,6.610196901685461
2025-01-02 05:47:24,5.758466568521832
2025-01-02 05:47:25,6.348641747219949
2025-01-02 05:47:26,6.759387130749005
2025-01-02 05:47:27,6.60719789516363
2025-01-02 05:47:28,6.169956447092814
2025-01-02 05:47:29,6.661491174466119
2025-01-02 05:47:30,6.528110236379584
2025-01-02 05:47:31,6.187000911875116
2025-01-02 05:47:32,6.956166989943864
2025-01-02 05:47:33,6.585915325505481
2025-01-02 05:47:34,6.636934132250675
2025-01-02 05:47:35,6.8416521126475995
2025-01-02 05:47:36,6.613630317724431
2025-01-02 05:47:37,
2025-01-02 05:47:38,6.703018047400457
2025-01-02 05:47:39,7.261493428423675
2025-01-02 05:47:40,6.684179162949192
2025-01-02 05:47:41,6.865885722119224
2025-01-02 05:47:42,6.146312756815846
2025-01-02 05:47:43,6.9291466730502504
2025-01-02 05:47:44,6.3447068719680235
2025-01-02 05:47:45,6.0005293486678255
2025-01-02 05:47:46,6.650752204390513
2025-01-02 05:47:47,6.481823430134098
2025-01-02 05:47:48,6.605841500418401
2025-01-02 05:47:49,6.236255428060266
2025-01-02 05:47:50,6.756157518923558
2025-01-02 05:47:51,6.6177689724538045
2025-01-02 05:47:52,6.8285331346739815
2025-01-02 05:47:53,6.440672387459262
2025-01-02 05:47:54,5.8623586622843
2025-01-02 05:47:55,6.186607221414499
2025-01-02 05:47:56,6.269713876333943
2025-01-02 05:47:57,6.240917304188154
2025-01-02 05:47:58,6.769942217292494
2025-01-02 05:47:59,6.106800003071709
2025-01-02 05:48:00,6.334975216325169
2025-01-02 05:48:01,6.440368988134614
2025-01-02 05:48:02,6.091658483303035
2025-01-02 05:48:03,5.49954352349658
2025-01-02 05:48:04,6.242785986125848
2025-01-02 05:48:05,6.811889175046314
2025-01-02 05:48:06,6.885765602867519
2025-01-02 05:48:07,6.644692907270817
2025-01-02 05:48:08,6.341573632866895
2025-01-02 05:48:09,6.7979809003549665
2025-01-02 05:48:10,6.47190462672933
2025-01-02 05:48:11,6.031248105825994
2025-01-02 05:48:12,6.694295043630147
2025-01-02 05:48:13,6.666192969350969
2025-01-02 05:48:14,6.640216196513117
2025-01-02 05:48:15,6.761428703509199
2025-01-02 05:48:16,5.759601251844477
2025-01-02 05:48:17,6.237351465743933
2025-01-02 05:48:18,7.143302814912546
2025-01-02 05:48:19,7.093876861461862
2025-01-02 05:48:20,6.3171261199546445
2025-01-02 05:48:21,6.31651743726874
2025-01-02 05:48:22,6.568682667420939
2025-01-02 05:48:23,6.595640988690894
2025-01-02 05:48:24,6.548504448831264
2025-01-02 05:48:25,6.489876559322351
2025-01-02 05:48:26,6.661030572246508
2025-01-02 05:48:27,6.9579782731256135
2025-01-02 05:48:28,6.711339037594291
2025-01-02 05:48:29,6.380356157948043
2025-01-02 05:48:30,7.047060835851906
2025-01-02 05:48:31,6.281992387359981
2025-01-02 05:48:32,6.880762806428851
2025-01-02 05:48:33,6.777645521004058
2025-01-02 05:48:34,6.042136693672087
2025-01-02 05:48:35,6.768479666674754
2025-01-02 05:48:36,6.437482831044969
2025-01-02 05:48:37,6.762729547630788
2025-01-02 05:48:38,6.555160963752702
2025-01-02 05:48:39,6.739013886457599
2025-01-02 05:48:40,6.377438576004532
2025-01-02 05:48:41,6.816933249184388
2025-01-02 05:48:42,6.571501067273571
2025-01-02 05:48:43,6.565406718098672
2025-01-02 05:48:44,6.760488581627871
2025-01-02 05:48:45,7.157329375850561
2025-01-02 05:48:46,
2025-01-02 05:48:47,7.029125021569278
2025-01-02 05:48:48,6.397487768255064
2025-01-02 05:48:49,7.51845864233785
2025-01-02 05:48:50,
2025-01-02 05:48:51,6.445379618722734
2025-01-02 05:48:52,6.5742786250482705
2025-01-02 05:48:53,6.852799563739409
2025-01-02 05:48:54,6.081452959267586
2025-01-02 05:48:55,6.502663425769276
2025-01-02 05:48:56,6.614817829449198
2025-01-02 05:48:57,6.494445461043506
2025-01-02 05:48:58,6.37212317104571
2025-01-02 05:48:59,6.493049614001076
2025-01-02 05:49:00,6.277028486019582
2025-01-02 05:49:01,6.523359221143721
2025-01-02 05:49:02,6.768211916929298
2025-01-02 05:49:03,6.831067755766769
2025-01-02 05:49:04,6.817967457320495
2025-01-02 05:49:05,6.970141173292928
2025-01-02 05:49:06,6.661758525876574
2025-01-02 05:49:07,7.149953695236133
2025-01-02 05:49:08,6.772039547121726
2025-01-02 05:49:09,6.726816240593265
2025-01-02 05:49:10,7.108520739422106
2025-01-02 05:49:11,6.2449553662805295
2025-01-02 05:49:12,6.546522353946671
2025-01-02 05:49:13,6.64866891552814
2025-01-02 05:49:14,6.2836670856312855
2025-01-02 05:49:15,6.4312327791494885
2025-01-02 05:49:16,6.810199351109976
2025-01-02 05:49:17,6.676251546926583
2025-01-02 05:49:18,6.368815116489181
2025-01-02 05:49:19,6.263937765629588
2025-01-02 05:49:20,6.574647237610919
2025-01-02 05:49:21,6.406726548030049
2025-01-02 05:49:22,6.642352071655203
2025-01-02 05:49:23,6.526428450736129
2025-01-02 05:49:24,6.504843381125311
2025-01-02 05:49:25,6.500891452380384
2025-01-02 05:49:26,6.429749667351623
2025-01-02 05:49:27,6.306737063545657
2025-01-02 05:49:28,6.604091691170286
2025-01-02 05:49:29,6.121571536591926
2025-01-02 05:49:30,6.699279107672907
2025-01-02 05:49:31,6.614194462583498
2025-01-02 05:49:32,6.485521527570739
2025-01-02 05:49:33,6.531800576313517
2025-01-02 05:49:34,6.387506360051902
2025-01-02 05:49:35,6.2415783678792485
2025-01-02 05:49:36,6.5746966660826995
2025-01-02 05:49:37,6.712822677241252
2025-01-02 05:49:38,6.534914547686905
2025-01-02 05:49:39,6.630686437039148
2025-01-02 05:49:40,6.965947621639388
2025-01-02 05:49:41,6.320840356532983
2025-01-02 05:49:42,6.812100701478986
2025-01-02 05:49:43,6.59641591525628
2025-01-02 05:49:44,6.302051921206925
2025-01-02 05:49:45,6.57889318095119
2025-01-02 05:49:46,6.835482917259366
2025-01-02 05:49:47,6.784049110941294
2025-01-02 05:49:48,7.007163785641924
2025-01-02 05:49:49,6.499317227770048
2025-01-02 05:49:50,6.294299228587482
2025-01-02 05:49:51,6.323043626177116
2025-01-02 05:49:52,6.1756778702450115
2025-01-02 05:49:53,6.396821604928163
2025-01-02 05:49:54,6.5678068528715645
2025-01-02 05:49:55,6.373242835565367
2025-01-02 05:49:56,6.520404961913283
2025-01-02 05:49:57,6.579941486128863
2025-01-02 05:49:58,6.216576972449011
2025-01-02 05:49:59,6.3533612912849975
2025-01-02 05:50:00,6.520886567231192
2025-01-02 05:50:01,6.66812000984846
2025-01-02 05:50:02,5.910550966876592
2025-01-02 05:50:03,
2025-01-02 05:50:04,6.602624306855276
2025-01-02 05:50:05,6.737302452377289
2025-01-02 05:50:06,6.601071356445599
2025-01-02 05:50:07,6.2582437287791475
2025-01-02 05:50:08,6.8273069829514235
2025-01-02 05:50:09,6.1617622598020825
2025-01-02 05:50:10,6.646929946935746
2025-01-02 05:50:11,6.170568002554908
2025-01-02 05:50:12,5.899114459722759
2025-01-02 05:50:13,6.985523603800217
2025-01-02 05:50:14,6.65212535478008
2025-01-02 05:50:15,6.784731679390432
2025-01-02 05:50:16,6.163370263080117
2025-01-02 05:50:17,6.634623533045667
2025-01-02 05:50:18,6.318746020058578
2025-01-02 05:50:19,6.580317453437453
2025-01-02 05:50:20,6.347390034977046
2025-01-02 05:50:21,7.113126676820542
2025-01-02 05:50:22,6.394208655019934
2025-01-02 05:50:23,6.400458636519154
2025-01-02 05:50:24,6.375095570974001
2025-01-02 05:50:25,6.279061748164362
2025-01-02 05:50:26,6.880850460340709
2025-01-02 05:50:27,6.634350611340933
2025-01-02 05:50:28,6.557170394926578
2025-01-02 05:50:29,6.179643623743458
2025-01-02 05:50:30,6.527152419144845
2025-01-02 05:50:31,6.344749768586707
2025-01-02 05:50:32,6.774816808357017
2025-01-02 05:50:33,6.507484977039176
2025-01-02 05:50:34,6.445076715510181
2025-01-02 05:50:35,6.294132963177548
2025-01-02 05:50:36,6.640281437997483
2025-01-02 05:50:37,6.156567706072159
2025-01-02 05:50:38,6.631669095600306
2025-01-02 05:50:39,6.504332278496421
2025-01-02 05:50:40,6.611503254149812
2025-01-02 05:50:41,6.311433419439776
2025-01-02 05:50:42,
2025-01-02 05:50:43,6.772131159680195
2025-01-02 05:50:44,6.8295247832863435
2025-01-02 05:50:45,6.832551100021182
2025-01-02 05:50:46,6.6254281713319925
2025-01-02 05:50:47,6.398255585754086
2025-01-02 05:50:48,6.79978027538134
2025-01-02 05:50:49,6.583600397683887
2025-01-02 05:50:50,6.811922436126424
2025-01-02 05:50:51,6.491225262997253
2025-01-02 05:50:52,6.763821106838115
2025-01-02 05:50:53,6.829440905451303
2025-01-02 05:50:54,6.52647602769224
2025-01-02 05:50:55,7.124864170721845
2025-01-02 05:50:56,6.712375770056086
2025-01-02 05:50:57,6.942284534513706
2025-01-02 05:50:58,5.89611556424641
2025-01-02 05:50:59,6.5565044401412145
2025-01-02 05:51:00,6.71300986698684
2025-01-02 05:51:01,6.951599760328143
2025-01-02 05:51:02,6.979344802632553
2025-01-02 05:51:03,6.25808358273458
2025-01-02 05:51:04,6.26792632659896
2025-01-02 05:51:05,6.28511639769433
2025-01-02 05:51:06,6.782557137641362
2025-01-02 05:51:07,6.203784757968429
2025-01-02 05:51:08,
2025-01-02 05:51:09,6.226177952407343
2025-01-02 05:51:10,6.6324885863412195
2025-01-02 05:51:11,6.44211833875759
2025-01-02 05:51:12,6.112864771324811
2025-01-02 05:51:13,6.352101590641378
2025-01-02 05:51:14,6.223804278662216
2025-01-02 05:51:15,6.577405981493677
2025-01-02 05:51:16,6.629803652181952
2025-01-02 05:51:17,6.406104354652125
2025-01-02 05:51:18,6.787470495617753
2025-01-02 05:51:19,6.772879644338117
2025-01-02 05:51:20,6.151531031522452
2025-01-02 05:51:21,6.635492713940547
2025-01-02 05:51:22,6.704509212190641
2025-01-02 05:51:23,6.827741549959589
2025-01-02 05:51:24,6.4644200713185755
2025-01-02 05:51:25,6.149612655949059
2025-01-02 05:51:26,6.365026687255555
2025-01-02 05:51:27,6.111644960240543
2025-01-02 05:51:28,6.868668270519177
2025-01-02 05:51:29,6.081310374063582
2025-01-02 05:51:30,6.3520901131818235
2025-01-02 05:51:31,6.638705692300934
2025-01-02 05:51:32,6.909848270003497
2025-01-02 05:51:33,5.788062148737248
2025-01-02 05:51:34,5.825206330614412
2025-01-02 05:51:35,6.409695714377545
2025-01-02 05:51:36,6.376804109844244
2025-01-02 05:51:37,6.214151165496368
2025-01-02 05:51:38,5.695891837976814
2025-01-02 05:51:39,6.278384765628673
2025-01-02 05:51:40,6.7918369075394365
2025-01-02 05:51:41,5.995030371074224
2025-01-02 05:51:42,6.901249603452653
2025-01-02 05:51:43,6.605821494192207
2025-01-02 05:51:44,6.576840922009297
2025-01-02 05:51:45,5.8806633885828665
2025-01-02 05:51:46,6.9146011972535355
2025-01-02 05:51:47,6.478083950270199
2025-01-02 05:51:48,6.350409469273205
2025-01-02 05:51:49,6.338698546965986
2025-01-02 05:51:50,6.164983621698909
2025-01-02 05:51:51,6.749373883642346
2025-01-02 05:51:52,7.242292452375572
2025-01-02 05:51:53,
2025-01-02 05:51:54,6.719862455395473
2025-01-02 05:51:55,7.205504149350491
2025-01-02 05:51:56,6.492776510559636
2025-01-02 05:51:57,6.685449421341049
2025-01-02 05:51:58,6.150403245898887
2025-01-02 05:51:59,6.315357193916862
2025-01-02 05:52:00,6.656436261815369
2025-01-02 05:52:01,6.35566550821697
2025-01-02 05:52:02,6.308667201669879
2025-01-02 05:52:03,6.224121552139266
2025-01-02 05:52:04,6.325087404717529
2025-01-02 05:52:05,6.459230320141628
2025-01-02 05:52:06,6.959643100789083
2025-01-02 05:52:07,5.971256532701931
2025-01-02 05:52:08,6.828201464081706
2025-01-02 05:52:09,6.960338289455867
2025-01-02 05:52:10,6.6366626844622525
2025-01-02 05:52:11,6.561439835013615
2025-01-02 05:52:12,6.819270465171836
2025-01-02 05:52:13,6.6344096169699105
2025-01-02 05:52:14,6.8224897167704865
2025-01-02 05:52:15,
2025-01-02 05:52:16,6.539786451029108
2025-01-02 05:52:17,5.942890034522732
2025-01-02 05:52:18,6.6726475610559035
2025-01-02 05:52:19,6.806990658567007
2025-01-02 05:52:20,6.967265030808132
2025-01-02 05:52:21,6.137164585131222
2025-01-02 05:52:22,6.45609547945709
2025-01-02 05:52:23,6.69641135026162
2025-01-02 05:52:24,6.767176516114174
2025-01-02 05:52:25,6.634436281326548
2025-01-02 05:52:26,6.605662265488382
2025-01-02 05:52:27,5.797613653277181
2025-01-02 05:52:28,6.148895378155589
2025-01-02 05:52:29,6.743816517005125
2025-01-02 05:52:30,6.206674205618344
2025-01-02 05:52:31,7.075678453998762
2025-01-02 05:52:32,7.076832812820759
2025-01-02 05:52:33,6.787902901865091
2025-01-02 05:52:34,6.60339791239104
2025-01-02 05:52:35,6.718697297779323
2025-01-02 05:52:36,6.114531208609977
2025-01-02 05:52:37,6.97457553699558
2025-01-02 05:52:38,6.267082183814955
2025-01-02 05:52:39,6.397871611487103
2025-01-02 05:52:40,6.041384729065682
2025-01-02 05:52:41,6.376391632168085
2025-01-02 05:52:42,7.006903444663191
2025-01-02 05:52:43,6.736132307015446
2025-01-02 05:52:44,6.460582519883859
2025-01-02 05:52:45,6.0633045289929015
2025-01-02 05:52:46,6.506385218482813
2025-01-02 05:52:47,6.874439812882528
2025-01-02 05:52:48,6.772145891024834
2025-01-02 05:52:49,6.542245367684658
2025-01-02 05:52:50,6.977498224735199
2025-01-02 05:52:51,6.678615833240427
2025-01-02 05:52:52,6.804565584280253
2025-01-02 05:52:53,6.587489509688104
2025-01-02 05:52:54,6.2615631743298445
2025-01-02 05:52:55,6.433126800062212
2025-01-02 05:52:56,7.182948064195006
2025-01-02 05:52:57,
2025-01-02 05:52:58,6.281826162429464
2025-01-02 05:52:59,6.407874542226969
2025-01-02 05:53:00,6.633015507984324
2025-01-02 05:53:01,6.293350018787025
2025-01-02 05:53:02,6.076846842848088
2025-01-02 05:53:03,6.190364177693818
2025-01-02 05:53:04,6.231657162070009
2025-01-02 05:53:05,6.091556735433113
2025-01-02 05:53:06,6.323872785172931
2025-01-02 05:53:07,6.408756423453236
2025-01-02 05:53:08,6.436147278914687
2025-01-02 05:53:09,6.7053554264586035
2025-01-02 05:53:10,6.7348230873609305
2025-01-02 05:53:11,6.188030607301914
2025-01-02 05:53:12,6.984598029300014
2025-01-02 05:53:13,
2025-01-02 05:53:14,6.4279967374954605
2025-01-02 05:53:15,6.760417260855397
2025-01-02 05:53:16,6.220225564521976
2025-01-02 05:53:17,6.584753086197049
2025-01-02 05:53:18,6.496897914471776
2025-01-02 05:53:19,6.444219228301884
2025-01-02 05:53:20,6.0585558917508
2025-01-02 05:53:21,6.276483082810426
2025-01-02 05:53:22,6.215196951759211
2025-01-02 05:53:23,6.920270190552765
2025-01-02 05:53:24,6.677980998938586
2025-01-02 05:53:25,6.6951672810595015
2025-01-02 05:53:26,7.207759154273425
2025-01-02 05:53:27,6.5535362684191085
2025-01-02 05:53:28,6.478957594899146
2025-01-02 05:53:29,6.127994979719101
2025-01-02 05:53:30,
2025-01-02 05:53:31,6.312610693529719
2025-01-02 05:53:32,6.424116808277986
2025-01-02 05:53:33,6.4784417740917775
2025-01-02 05:53:34,6.5471891989831486
2025-01-02 05:53:35,6.19942459764647
2025-01-02 05:53:36,6.833554364300244
2025-01-02 05:53:37,6.564681845435939
2025-01-02 05:53:38,6.087924554738227
2025-01-02 05:53:39,6.700257998146836
2025-01-02 05:53:40,6.835147392648181
2025-01-02 05:53:41,6.5143996752582085
2025-01-02 05:53:42,6.81245224357605
2025-01-02 05:53:43,6.723067463403588
2025-01-02 05:53:44,6.72611979261981
2025-01-02 05:53:45,6.576025924568297
2025-01-02 05:53:46,6.607651368912983
2025-01-02 05:53:47,6.792005531455977
2025-01-02 05:53:48,6.418194549128246
2025-01-02 05:53:49,6.581019795102212
2025-01-02 05:53:50,6.513459081974153
2025-01-02 05:53:51,6.943704004397761
2025-01-02 05:53:52,6.307802610908262
2025-01-02 05:53:53,6.64557913295434
2025-01-02 05:53:54,6.767566811182057
2025-01-02 05:53:55,6.5364138025240885
2025-01-02 05:53:56,6.00064240828053
2025-01-02 05:53:57,6.606772842340877
2025-01-02 05:53:58,6.532260510813485
2025-01-02 05:53:59,6.415306173965486
2025-01-02 05:54:00,7.1333160926306425
2025-01-02 05:54:01,6.417850377610614
2025-01-02 05:54:02,6.131774146433227
2025-01-02 05:54:03,6.706400543542472
2025-01-02 05:54:04,6.379943115865637
2025-01-02 05:54:05,5.974630757069335
2025-01-02 05:54:06,6.076001770320778
2025-01-02 05:54:07,6.4371780074628475
2025-01-02 05:54:08,6.3703030806624765
2025-01-02 05:54:09,6.366224839756318
2025-01-02 05:54:10,
2025-01-02 05:54:11,6.754992119731646
2025-01-02 05:54:12,6.574976299736364
2025-01-02 05:54:13,6.838959439298563
2025-01-02 05:54:14,6.619899544050048
2025-01-02 05:54:15,6.691882137601307
2025-01-02 05:54:16,6.294753405172591
2025-01-02 05:54:17,6.484696115431848
2025-01-02 05:54:18,6.292704209573367
2025-01-02 05:54:19,6.222312531629864
2025-01-02 05:54:20,6.259184515005964
2025-01-02 05:54:21,6.33690935105727
2025-01-02 05:54:22,6.5449472102531825
2025-01-02 05:54:23,6.204748035723922
2025-01-02 05:54:24,6.608641629921498
2025-01-02 05:54:25,7.12752424534553
2025-01-02 05:54:26,6.75329412123902
2025-01-02 05:54:27,6.932876576329163
2025-01-02 05:54:28,6.352033700019356
2025-01-02 05:54:29,6.3481209498341675
2025-01-02 05:54:30,6.6307736578340295
2025-01-02 05:54:31,7.050062953257555
2025-01-02 05:54:32,6.801023182554667
2025-01-02 05:54:33,
2025-01-02 05:54:34,6.94126573010591
2025-01-02 05:54:35,6.554441338081173
2025-01-02 05:54:36,7.110342753790328
2025-01-02 05:54:37,6.0794022611219996
2025-01-02 05:54:38,6.70519696632432
2025-01-02 05:54:39,6.435648858086375
2025-01-02 05:54:40,6.7015844919425085
2025-01-02 05:54:41,6.601167444938714
2025-01-02 05:54:42,6.087221407947978
2025-01-02 05:54:43,6.418749654845589
2025-01-02 05:54:44,6.551728030144173
2025-01-02 05:54:45,6.465316486725409
2025-01-02 05:54:46,6.248070761777515
2025-01-02 05:54:47,7.03541624156498
2025-01-02 05:54:48,6.68763382512969
2025-01-02 05:54:49,6.427096719916215
2025-01-02 05:54:50,5.822581450799374
2025-01-02 05:54:51,6.904959353502479
2025-01-02 05:54:52,7.147644023589632
2025-01-02 05:54:53,6.3827853695230905
2025-01-02 05:54:54,6.393739133311733
2025-01-02 05:54:55,6.681442159040051
2025-01-02 05:54:56,6.325326005316468
2025-01-02 05:54:57,6.415383169228996
2025-01-02 05:54:58,6.717103756227493
2025-01-02 05:54:59,6.730658829648812
2025-01-02 05:55:00,6.766354253315335
2025-01-02 05:55:01,6.344301431742449
2025-01-02 05:55:02,6.638852466070441
2025-01-02 05:55:03,6.515799858002892
2025-01-02 05:55:04,6.587183317066043
2025-01-02 05:55:05,6.773611006287458
2025-01-02 05:55:06,6.597593262094152
2025-01-02 05:55:07,6.3771345866811995
2025-01-02 05:55:08,6.6902756600170745
2025-01-02 05:55:09,6.9872544250582695
2025-01-02 05:55:10,6.949797249410046
2025-01-02 05:55:11,6.132075308005419
2025-01-02 05:55:12,6.639854071493832
2025-01-02 05:55:13,6.622955391083131
2025-01-02 05:55:14,7.0418553303261335
2025-01-02 05:55:15,6.128707960507538
2025-01-02 05:55:16,6.8023963898944215
2025-01-02 05:55:17,6.6116039674632745
2025-01-02 05:55:18,6.126609227308046
2025-01-02 05:55:19,7.114118942468979
2025-01-02 05:55:20,6.7115693205885325
2025-01-02 05:55:21,6.725331319015913
2025-01-02 05:55:22,6.475024943917542
2025-01-02 05:55:23,6.449771235545223
2025-01-02 05:55:24,6.61789866147487
2025-01-02 05:55:25,6.513167243825071
2025-01-02 05:55:26,6.5028008134194595
2025-01-02 05:55:27,6.697949570593213
2025-01-02 05:55:28,6.198560341892387
2025-01-02 05:55:29,6.642328587548738
2025-01-02 05:55:30,6.074554925765964
2025-01-02 05:55:31,6.548956000972135
2025-01-02 05:55:32,6.652325667782815
2025-01-02 05:55:33,6.486233722411698
2025-01-02 05:55:34,7.0305972059085855
2025-01-02 05:55:35,6.705604241364448
2025-01-02 05:55:36,6.231016261190623
2025-01-02 05:55:37,6.474463799656105
2025-01-02 05:55:38,6.7428896282206185
2025-01-02 05:55:39,6.297714714123383
2025-01-02 05:55:40,6.48645612842598
2025-01-02 05:55:41,6.552999245776716
2025-01-02 05:55:42,6.19886678198654
2025-01-02 05:55:43,6.976268387324542
2025-01-02 05:55:44,6.887706263332475
2025-01-02 05:55:45,6.480808617120488
2025-01-02 05:55:46,6.609588003446548
2025-01-02 05:55:47,6.4617571020156985
2025-01-02 05:55:48,7.046346964562213
2025-01-02 05:55:49,6.6377800925246255
2025-01-02 05:55:50,6.571819993882443
2025-01-02 05:55:51,6.321608633762235
2025-01-02 05:55:52,7.013277989204843
2025-01-02 05:55:53,6.312710688127944
2025-01-02 05:55:54,6.209287224361405
2025-01-02 05:55:55,6.687025165877579
2025-01-02 05:55:56,6.945239756016578
2025-01-02 05:55:57,6.343544630355285
2025-01-02 05:55:58,6.185221495427077
2025-01-02 05:55:59,6.3416709816646595
2025-01-02 05:56:00,6.802664018852987
2025-01-02 05:56:01,6.531742918051368
2025-01-02 05:56:02,6.6106642090179335
2025-01-02 05:56:03,6.231306750850782
2025-01-02 05:56:04,6.260999434840512
2025-01-02 05:56:05,
2025-01-02 05:56:06,
2025-01-02 05:56:07,6.829725420032026
2025-01-02 05:56:08,6.120977620355771
2025-01-02 05:56:09,7.032400699350813
2025-01-02 05:56:10,6.487951716414298
2025-01-02 05:56:11,6.6978302024432255
2025-01-02 05:56:12,6.451981848266867
2025-01-02 05:56:13,7.181601556164564
2025-01-02 05:56:14,6.941457573697244
2025-01-02 05:56:15,6.232902979737156
2025-01-02 05:56:16,6.436399973233053
2025-01-02 05:56:17,6.4786187285765555
2025-01-02 05:56:18,6.379095353338082
2025-01-02 05:56:19,7.144325528336806
2025-01-02 05:56:20,6.409717593691952
2025-01-02 05:56:21,6.743593625658343
2025-01-02 05:56:22,
2025-01-02 05:56:23,6.120181792055007
2025-01-02 05:56:24,6.590795203893563
2025-01-02 05:56:25,6.704245915832798
2025-01-02 05:56:26,6.301519758180417
2025-01-02 05:56:27,6.35709184235766
2025-01-02 05:56:28,6.595188537188497
2025-01-02 05:56:29,6.218316660428897
2025-01-02 05:56:30,6.309551865541034
2025-01-02 05:56:31,6.856857864964636
2025-01-02 05:56:32,7.0225172670628595
2025-01-02 05:56:33,6.260087646117199
2025-01-02 05:56:34,6.783446712704259
2025-01-02 05:56:35,6.212130921202952
2025-01-02 05:56:36,7.040894809474936
2025-01-02 05:56:37,6.903565274274535
2025-01-02 05:56:38,6.848361605233102
2025-01-02 05:56:39,6.310374964308544
2025-01-02 05:56:40,6.718131402920967
2025-01-02 05:56:41,6.85227210796459
2025-01-02 05:56:42,6.2863365512646885
2025-01-02 05:56:43,6.354223706590695
2025-01-02 05:56:44,6.374178891613696
2025-01-02 05:56:45,6.446406600982691
2025-01-02 05:56:46,6.621551359292894
2025-01-02 05:56:47,6.235889130452139
2025-01-02 05:56:48,6.14533197175613
2025-01-02 05:56:49,6.3842092859839745
2025-01-02 05:56:50,6.747500908052762
2025-01-02 05:56:51,6.571666780195702
2025-01-02 05:56:52,6.297367366835713
2025-01-02 05:56:53,6.421342493385544
2025-01-02 05:56:54,6.090727872067581
2025-01-02 05:56:55,6.452131535501733
2025-01-02 05:56:56,7.1254813048819425
2025-01-02 05:56:57,6.752540125570991
2025-01-02 05:56:58,6.766629780475232
2025-01-02 05:56:59,6.309541495087093
2025-01-02 05:57:00,6.6422187117573435
2025-01-02 05:57:01,6.675012414878027
2025-01-02 05:57:02,6.453651030372782
2025-01-02 05:57:03,6.2943331774212385
2025-01-02 05:57:04,6.557727104415162
2025-01-02 05:57:05,6.252361845639772
2025-01-02 05:57:06,6.469259947863567
2025-01-02 05:57:07,6.702168677121586
2025-01-02 05:57:08,6.38329614492306
2025-01-02 05:57:09,6.518240990371743
2025-01-02 05:57:10,6.9224703239315675
2025-01-02 05:57:11,6.561770767648061
2025-01-02 05:57:12,6.688831177099119
2025-01-02 05:57:13,6.125945041916441
2025-01-02 05:57:14,6.432106826551328
2025-01-02 05:57:15,6.364200627035511
2025-01-02 05:57:16,6.069617981178369
2025-01-02 05:57:17,7.17905852970014
2025-01-02 05:57:18,6.136955883508012
2025-01-02 05:57:19,6.881252588468056
2025-01-02 05:57:20,7.103484272016153
2025-01-02 05:57:21,6.259476049837224
2025-01-02 05:57:22,5.7995143168986445
2025-01-02 05:57:23,6.482279460463454
2025-01-02 05:57:24,6.435039686802361
2025-01-02 05:57:25,6.9268933841268066
2025-01-02 05:57:26,6.443623603317261
2025-01-02 05:57:27,
2025-01-02 05:57:28,6.723103029537113
2025-01-02 05:57:29,6.669738364930161
2025-01-02 05:57:30,6.579771655497038
2025-01-02 05:57:31,6.568261636141044
2025-01-02 05:57:32,6.6222018476309215
2025-01-02 05:57:33,7.0145564667918165
2025-01-02 05:57:34,6.627741431161784
2025-01-02 05:57:35,6.334611502067679
2025-01-02 05:57:36,6.586322791087973
2025-01-02 05:57:37,6.300833192650701
2025-01-02 05:57:38,6.015625848412094
2025-01-02 05:57:39,6.908961857771219
2025-01-02 05:57:40,7.165791234715914
2025-01-02 05:57:41,6.454587551678741
2025-01-02 05:57:42,6.4558823348421
2025-01-02 05:57:43,6.46373012033908
2025-01-02 05:57:44,7.043560684302383
2025-01-02 05:57:45,6.692990821568407
2025-01-02 05:57:46,6.722169878352382
2025-01-02 05:57:47,6.853363520934761
2025-01-02 05:57:48,6.644162391004029
2025-01-02 05:57:49,6.713264250758518
2025-01-02 05:57:50,6.88948661964533
2025-01-02 05:57:51,6.256948225714139
2025-01-02 05:57:52,6.5694287955016035
2025-01-02 05:57:53,6.404912222724912
2025-01-02 05:57:54,6.657093504654025
2025-01-02 05:57:55,6.340671672868487
2025-01-02 05:57:56,6.239034621150246
2025-01-02 05:57:57,5.859502041233818
2025-01-02 05:57:58,6.742881951027887
2025-01-02 05:57:59,6.485911426952199
2025-01-02 05:58:00,
2025-01-02 05:58:01,6.417925836241494
2025-01-02 05:58:02,6.11833640738554
2025-01-02 05:58:03,6.699002220749887
2025-01-02 05:58:04,6.741321575178335
2025-01-02 05:58:05,6.716445560458392
2025-01-02 05:58:06,6.165526990662569
2025-01-02 05:58:07,6.755088141751466
2025-01-02 05:58:08,6.365795067503443
2025-01-02 05:58:09,6.712896874725267
2025-01-02 05:58:10,6.054313418640071
2025-01-02 05:58:11,6.62419150748335
2025-01-02 05:58:12,6.712042842956342
2025-01-02 05:58:13,6.459186204080597
2025-01-02 05:58:14,6.571294524687636
2025-01-02 05:58:15,6.148981886981604
2025-01-02 05:58:16,6.863172818471984
2025-01-02 05:58:17,6.684703298697655
2025-01-02 05:58:18,6.2422236315262385
2025-01-02 05:58:19,6.667586231573397
2025-01-02 05:58:20,6.635200677572429
2025-01-02 05:58:21,6.460861002861214
2025-01-02 05:58:22,6.51827707237171
2025-01-02 05:58:23,6.624134570358912
2025-01-02 05:58:24,6.5980774509318545
2025-01-02 05:58:25,6.849345412028958
2025-01-02 05:58:26,6.4633762852898675
2025-01-02 05:58:27,7.051474686876016
2025-01-02 05:58:28,5.862059803297629
2025-01-02 05:58:29,5.909853066357538
2025-01-02 05:58:30,6.472133968719801
2025-01-02 05:58:31,6.7664097201525735
2025-01-02 05:58:32,7.137482808834358
2025-01-02 05:58:33,6.7995769609644094
2025-01-02 05:58:34,6.6024686036918485
2025-01-02 05:58:35,7.01077313833804
2025-01-02 05:58:36,6.274563450366777
2025-01-02 05:58:37,6.911141397291062
2025-01-02 05:58:38,6.308514347704246
2025-01-02 05:58:39,6.830896958829352
2025-01-02 05:58:40,6.271906290085519
2025-01-02 05:58:41,6.941056759186208
2025-01-02 05:58:42,6.984831750796141
2025-01-02 05:58:43,6.717189805385035
2025-01-02 05:58:44,6.227383269213732
2025-01-02 05:58:45,
2025-01-02 05:58:46,6.617063900754362
2025-01-02 05:58:47,6.368313679696441
2025-01-02 05:58:48,6.786983673384909
2025-01-02 05:58:49,
2025-01-02 05:58:50,6.73546582000913
2025-01-02 05:58:51,5.996368395345832
2025-01-02 05:58:52,6.516024546378495
2025-01-02 05:58:53,6.357250699089007
2025-01-02 05:58:54,6.539579282907897
2025-01-02 05:58:55,6.490221545871506
2025-01-02 05:58:56,6.599345844291088
2025-01-02 05:58:57,6.669647679434567
2025-01-02 05:58:58,
2025-01-02 05:58:59,5.855722752980552
2025-01-02 05:59:00,6.571245912399317
2025-01-02 05:59:01,6.4078130689882
2025-01-02 05:59:02,7.110973801445801
2025-01-02 05:59:03,5.973894549526308
2025-01-02 05:59:04,6.709718002762499
2025-01-02 05:59:05,6.608644972915056
2025-01-02 05:59:06,7.093434048420335
2025-01-02 05:59:07,6.862124804690329
2025-01-02 05:59:08,5.822263702827905
2025-01-02 05:59:09,6.404314257973139
2025-01-02 05:59:10,6.498414831638885
2025-01-02 05:59:11,6.117746832265344
2025-01-02 05:59:12,6.527276447808989
2025-01-02 05:59:13,6.75131990985022
2025-01-02 05:59:14,6.311660352625703
2025-01-02 05:59:15,6.31148710388505
2025-01-02 05:59:16,6.198443496603164
2025-01-02 05:59:17,6.085494049462023
2025-01-02 05:59:18,6.4606776302098385
2025-01-02 05:59:19,6.822524407828761
2025-01-02 05:59:20,6.584230784494836
2025-01-02 05:59:21,7.129113373949832
2025-01-02 05:59:22,6.229969630661118
2025-01-02 05:59:23,6.657305411856826
2025-01-02 05:59:24,6.7631570094002535
2025-01-02 05:59:25,6.718136513897447
2025-01-02 05:59:26,6.684661209667714
2025-01-02 05:59:27,6.568621799925386
2025-01-02 05:59:28,6.519663531524027
2025-01-02 05:59:29,7.094359531901398
2025-01-02 05:59:30,6.969450960863992
2025-01-02 05:59:31,6.8197472909235834
2025-01-02 05:59:32,6.786016458037394
2025-01-02 05:59:33,6.64490162998976
2025-01-02 05:59:34,6.800233689564851
2025-01-02 05:59:35,6.3828924114836205
2025-01-02 05:59:36,6.69834617345725
2025-01-02 05:59:37,5.987038174307758
2025-01-02 05:59:38,6.285678438238895
2025-01-02 05:59:39,6.659734360695511
2025-01-02 05:59:40,6.902056382210488
2025-01-02 05:59:41,6.3536955026365725
2025-01-02 05:59:42,6.377369677674241
2025-01-02 05:59:43,6.831905760326584
2025-01-02 05:59:44,6.428569338878413
2025-01-02 05:59:45,6.866378156772341
2025-01-02 05:59:46,6.564828326852679
2025-01-02 05:59:47,6.642582003656649
2025-01-02 05:59:48,
2025-01-02 05:59:49,6.34338902323164
2025-01-02 05:59:50,6.735519529434912
2025-01-02 05:59:51,7.312205401898507
2025-01-02 05:59:52,6.904459692181619
2025-01-02 05:59:53,6.747730623293856
2025-01-02 05:59:54,
2025-01-02 05:59:55,6.844871235154167
2025-01-02 05:59:56,6.914445044882584
2025-01-02 05:59:57,7.424142887487331
2025-01-02 05:59:58,6.457587143805793
2025-01-02 05:59:59,6.849833160940872
2025-01-02 06:00:00,6.716472532591287
2025-01-02 06:00:01,6.580564364561773
2025-01-02 06:00:02,7.130789053694761
2025-01-02 06:00:03,6.445082474609903
2025-01-02 06:00:04,6.267938996862403
2025-01-02 06:00:05,6.401520955941475
2025-01-02 06:00:06,6.150820351702393
2025-01-02 06:00:07,5.745936789624314
2025-01-02 06:00:08,6.707990393106957
2025-01-02 06:00:09,6.468738020593503
2025-01-02 06:00:10,6.577111358910945
2025-01-02 06:00:11,6.8458033864210694
2025-01-02 06:00:12,6.497659649426201
2025-01-02 06:00:13,6.282498262295541
2025-01-02 06:00:14,6.932273594900758
2025-01-02 06:00:15,6.040995002502636
2025-01-02 06:00:16,6.551717543055143
2025-01-02 06:00:17,6.532457384256183
2025-01-02 06:00:18,6.02748587211896
2025-01-02 06:00:19,6.345856220720175
2025-01-02 06:00:20,6.504475466463778
2025-01-02 06:00:21,6.640090271459702
2025-01-02 06:00:22,6.290330843471811
2025-01-02 06:00:23,6.331442928409737
2025-01-02 06:00:24,7.078354971088655
2025-01-02 06:00:25,6.249606992998912
2025-01-02 06:00:26,6.754504954820391
2025-01-02 06:00:27,6.524718257211137
2025-01-02 06:00:28,6.347445786451587
2025-01-02 06:00:29,6.971152926725071
2025-01-02 06:00:30,6.859921756401051
2025-01-02 06:00:31,6.718752452721911
2025-01-02 06:00:32,6.185410125730715
2025-01-02 06:00:33,6.125376577546038
2025-01-02 06:00:34,6.454525770590927
2025-01-02 06:00:35,5.898821366799942
2025-01-02 06:00:36,6.75100795532709
2025-01-02 06:00:37,6.234357054817806
2025-01-02 06:00:38,6.924332377966535
2025-01-02 06:00:39,6.117033467279345
2025-01-02 06:00:40,6.741925987911
2025-01-02 06:00:41,6.703870059240979
2025-01-02 06:00:42,6.89486022489905
2025-01-02 06:00:43,6.627041378680423
2025-01-02 06:00:44,6.54708170682547
2025-01-02 06:00:45,5.9958553910510535
2025-01-02 06:00:46,6.759358608957484
2025-01-02 06:00:47,6.295712578856078
2025-01-02 06:00:48,6.039429905854931
2025-01-02 06:00:49,6.810924818671721
2025-01-02 06:00:50,6.434927776295495
2025-01-02 06:00:51,6.090421790150874
2025-01-02 06:00:52,6.525499751680943
2025-01-02 06:00:53,6.452445398452874
2025-01-02 06:00:54,6.192909679026838
2025-01-02 06:00:55,6.653602592075209
2025-01-02 06:00:56,6.823071077064183
2025-01-02 06:00:57,6.300553401429624
2025-01-02 06:00:58,6.380732377701224
2025-01-02 06:00:59,6.595809539392421
2025-01-02 06:01:00,6.465944283127339
2025-01-02 06:01:01,6.534176453654999
2025-01-02 06:01:02,6.613693701304066
2025-01-02 06:01:03,6.580082794304008
2025-01-02 06:01:04,6.436625236033833
2025-01-02 06:01:05,6.258141608640802
2025-01-02 06:01:06,6.548048692537982
2025-01-02 06:01:07,7.084293777145238
2025-01-02 06:01:08,6.9685382730158
2025-01-02 06:01:09,6.421485346435893
2025-01-02 06:01:10,6.744745603255903
2025-01-02 06:01:11,6.733308182765542
2025-01-02 06:01:12,6.60771285611296
2025-01-02 06:01:13,6.4900752213575865
2025-01-02 06:01:14,6.477573084476535
2025-01-02 06:01:15,7.160737499887824
2025-01-02 06:01:16,6.354680649645669
2025-01-02 06:01:17,6.670869393816099
2025-01-02 06:01:18,5.974681841631163
2025-01-02 06:01:19,6.40974683573155
2025-01-02 06:01:20,6.405776260177522
2025-01-02 06:01:21,7.083147510181217
2025-01-02 06:01:22,6.841320916846205
2025-01-02 06:01:23,6.029884733321658
2025-01-02 06:01:24,6.667103038963753
2025-01-02 06:01:25,6.481095067211716
2025-01-02 06:01:26,6.687951016162471
2025-01-02 06:01:27,6.81948010281723
2025-01-02 06:01:28,6.732636594665922
2025-01-02 06:01:29,6.59815217178972
2025-01-02 06:01:30,6.421765291524517
2025-01-02 06:01:31,6.114196029317322
2025-01-02 06:01:32,6.858664015729746
2025-01-02 06:01:33,6.535210671148086
2025-01-02 06:01:34,6.576552840519946
2025-01-02 06:01:35,6.659770527155463
2025-01-02 06:01:36,7.148560797147054
2025-01-02 06:01:37,6.261981260387111
2025-01-02 06:01:38,6.898418686466769
2025-01-02 06:01:39,6.729197208372549
2025-01-02 06:01:40,6.338338797432895
2025-01-02 06:01:41,6.469115490126902
2025-01-02 06:01:42,6.0821761262300456
2025-01-02 06:01:43,6.826126777284822
2025-01-02 06:01:44,6.858407262740875
2025-01-02 06:01:45,6.518412100299698
2025-01-02 06:01:46,6.792836464716038
2025-01-02 06:01:47,6.767151795393372
2025-01-02 06:01:48,6.73371249489279
2025-01-02 06:01:49,6.7664436342694225
2025-01-02 06:01:50,6.57751736537646
2025-01-02 06:01:51,6.754559832508202
2025-01-02 06:01:52,6.720692349042801
2025-01-02 06:01:53,6.469976004993349
2025-01-02 06:01:54,6.950980869345042
2025-01-02 06:01:55,6.475201301523657
2025-01-02 06:01:56,
2025-01-02 06:01:57,6.802597092161917
2025-01-02 06:01:58,6.863436673289112
2025-01-02 06:01:59,6.8497730336590905
2025-01-02 06:02:00,6.422185327938528
2025-01-02 06:02:01,6.575452082425459
2025-01-02 06:02:02,6.7100653747947785
2025-01-02 06:02:03,6.1942034305146025
2025-01-02 06:02:04,6.64892111689218
2025-01-02 06:02:05,6.662424093693981
2025-01-02 06:02:06,6.739655974552647
2025-01-02 06:02:07,6.4804408579693105
2025-01-02 06:02:08,6.616763960444086
2025-01-02 06:02:09,6.592122851703735
2025-01-02 06:02:10,6.082035858223195
2025-01-02 06:02:11,6.3324968247821625
2025-01-02 06:02:12,6.591797793419782
2025-01-02 06:02:13,6.249265699266797
2025-01-02 06:02:14,6.372038822371847
2025-01-02 06:02:15,6.590331993062255
2025-01-02 06:02:16,6.313395433731849
2025-01-02 06:02:17,6.798783714906317
2025-01-02 06:02:18,6.797552541449933
2025-01-02 06:02:19,6.588813094372243
2025-01-02 06:02:20,6.533069218135966
2025-01-02 06:02:21,6.778814142987097
2025-01-02 06:02:22,6.650295277674154
2025-01-02 06:02:23,6.657375824386002
2025-01-02 06:02:24,6.390281520898259
2025-01-02 06:02:25,6.985426911138691
2025-01-02 06:02:26,6.406667235085437
2025-01-02 06:02:27,5.830543732360205
2025-01-02 06:02:28,6.870400274712849
2025-01-02 06:02:29,6.650061313407746
2025-01-02 06:02:30,6.228499105006682
2025-01-02 06:02:31,7.024740868562247
2025-01-02 06:02:32,6.169308681904998
2025-01-02 06:02:33,6.525158730011986
2025-01-02 06:02:34,6.415845188233603
2025-01-02 06:02:35,6.524886794498807
2025-01-02 06:02:36,6.56428449514534
2025-01-02 06:02:37,6.812373125675184
2025-01-02 06:02:38,6.489889873991559
2025-01-02 06:02:39,6.44908755625993
2025-01-02 06:02:40,6.967696828498451
2025-01-02 06:02:41,6.387519471650953
2025-01-02 06:02:42,6.915787660028558
2025-01-02 06:02:43,6.831846967813113
2025-01-02 06:02:44,6.505867375891347
2025-01-02 06:02:45,6.519256017411221
2025-01-02 06:02:46,6.679996977297893
2025-01-02 06:02:47,6.659887153136228
2025-01-02 06:02:48,7.214052014194407
2025-01-02 06:02:49,7.1727282490102064
2025-01-02 06:02:50,6.787798442951275
2025-01-02 06:02:51,6.045665482458622
2025-01-02 06:02:52,6.4902336744152676
2025-01-02 06:02:53,6.601354085927283
2025-01-02 06:02:54,6.94553126090703
2025-01-02 06:02:55,6.50248957701353
2025-01-02 06:02:56,6.80318235886292
2025-01-02 06:02:57,6.885080267924528
2025-01-02 06:02:58,6.836100824594638
2025-01-02 06:02:59,6.7722761627451415
2025-01-02 06:03:00,6.683430095791778
2025-01-02 06:03:01,6.588503501322926
2025-01-02 06:03:02,6.243610544133797
2025-01-02 06:03:03,6.505970400532806
2025-01-02 06:03:04,6.183341535349376
2025-01-02 06:03:05,6.127245191786078
2025-01-02 06:03:06,6.329344126976408
2025-01-02 06:03:07,6.675485821812755
2025-01-02 06:03:08,6.31629860421221
2025-01-02 06:03:09,6.7966360607775
2025-01-02 06:03:10,6.892670197060584
2025-01-02 06:03:11,6.7278374272773735
2025-01-02 06:03:12,6.279721119237396
2025-01-02 06:03:13,6.513461992818354
2025-01-02 06:03:14,6.824250738922073
2025-01-02 06:03:15,6.219168855017169
2025-01-02 06:03:16,6.812812365482028
2025-01-02 06:03:17,6.746500268552693
2025-01-02 06:03:18,6.230111436988096
2025-01-02 06:03:19,6.737997941264169
2025-01-02 06:03:20,6.6764590151468814
2025-01-02 06:03:21,6.935815367059402
2025-01-02 06:03:22,6.649669425307092
2025-01-02 06:03:23,7.021352503976777
2025-01-02 06:03:24,6.347528954878234
2025-01-02 06:03:25,6.611080479005543
2025-01-02 06:03:26,6.238343380823399
2025-01-02 06:03:27,6.635291949424983
2025-01-02 06:03:28,6.2737075043323935
2025-01-02 06:03:29,6.757595739638854
2025-01-02 06:03:30,6.70557422978171
2025-01-02 06:03:31,6.040712235063566
2025-01-02 06:03:32,6.515604788584522
2025-01-02 06:03:33,6.704982954668349
2025-01-02 06:03:34,6.320079905576419
2025-01-02 06:03:35,6.247870518281586
2025-01-02 06:03:36,6.637188654559958
2025-01-02 06:03:37,7.466091843813128
2025-01-02 06:03:38,7.14028044830341
2025-01-02 06:03:39,6.899266555141393
2025-01-02 06:03:40,6.221579868364387
2025-01-02 06:03:41,6.732489601926077
2025-01-02 06:03:42,6.629820384804372
2025-01-02 06:03:43,6.471138474089888
2025-01-02 06:03:44,7.154604152321029
2025-01-02 06:03:45,6.509706558227111
2025-01-02 06:03:46,6.787737669907544
2025-01-02 06:03:47,6.6288547321612254
2025-01-02 06:03:48,6.481075385528367
2025-01-02 06:03:49,6.652184057208313
2025-01-02 06:03:50,7.015094370299954
2025-01-02 06:03:51,6.966929028358361
2025-01-02 06:03:52,6.83313127375197
2025-01-02 06:03:53,6.994971797820097
2025-01-02 06:03:54,6.1576649288058
2025-01-02 06:03:55,6.590766978990501
2025-01-02 06:03:56,6.724164729335264
2025-01-02 06:03:57,6.50938423255559
2025-01-02 06:03:58,7.031195474697052
2025-01-02 06:03:59,6.3710700847464405
2025-01-02 06:04:00,6.381784730655299
2025-01-02 06:04:01,6.536950135328037
2025-01-02 06:04:02,6.770434187235462
2025-01-02 06:04:03,6.749631352941828
2025-01-02 06:04:04,6.395448000114773
2025-01-02 06:04:05,6.349635647749714
2025-01-02 06:04:06,6.583497119379035
2025-01-02 06:04:07,6.964907625115945
2025-01-02 06:04:08,6.6042779635694195
2025-01-02 06:04:09,6.2230231433311225
2025-01-02 06:04:10,6.531164205468507
2025-01-02 06:04:11,6.544103372296085
2025-01-02 06:04:12,6.9224657316526255
2025-01-02 06:04:13,
2025-01-02 06:04:14,6.77522617178044
2025-01-02 06:04:15,6.6017884965022
2025-01-02 06:04:16,6.673194244200308
2025-01-02 06:04:17,6.634094812525311
2025-01-02 06:04:18,6.7556837660790015
2025-01-02 06:04:19,5.994748917867072
2025-01-02 06:04:20,6.303674561711117
2025-01-02 06:04:21,6.881356590557503
2025-01-02 06:04:22,6.695430507117533
2025-01-02 06:04:23,6.723458994636389
2025-01-02 06:04:24,7.0507320339768285
2025-01-02 06:04:25,6.412917637542365
2025-01-02 06:04:26,6.34901586011798
2025-01-02 06:04:27,6.341133333305316
2025-01-02 06:04:28,6.475546935081353
2025-01-02 06:04:29,6.74815309437999
2025-01-02 06:04:30,6.609813616942314
2025-01-02 06:04:31,6.789717654051423
2025-01-02 06:04:32,6.407514224987473
2025-01-02 06:04:33,6.61243630525174
2025-01-02 06:04:34,6.726839025554439
2025-01-02 06:04:35,6.241648137917313
2025-01-02 06:04:36,6.732626518923538
2025-01-02 06:04:37,6.231928227814631
2025-01-02 06:04:38,6.771021864523322
2025-01-02 06:04:39,
2025-01-02 06:04:40,6.847640287761538
2025-01-02 06:04:41,6.859684761972146
2025-01-02 06:04:42,6.587899454224404
2025-01-02 06:04:43,6.393139507445579
2025-01-02 06:04:44,6.5104511901440505
2025-01-02 06:04:45,
2025-01-02 06:04:46,6.294573849045856
2025-01-02 06:04:47,6.45034064862619
2025-01-02 06:04:48,6.28282760598988
2025-01-02 06:04:49,6.4635798362560415
2025-01-02 06:04:50,6.971247481755121
2025-01-02 06:04:51,6.932800846019678
2025-01-02 06:04:52,6.591751362417448
2025-01-02 06:04:53,7.093530916989457
2025-01-02 06:04:54,6.268276379354271
2025-01-02 06:04:55,6.328923162422876
2025-01-02 06:04:56,6.255830187369606
2025-01-02 06:04:57,6.457265160428504
2025-01-02 06:04:58,6.636149688777544
2025-01-02 06:04:59,6.331877037252534
2025-01-02 06:05:00,6.402393724881168
2025-01-02 06:05:01,6.433092203232009
2025-01-02 06:05:02,
2025-01-02 06:05:03,6.730969335020075
2025-01-02 06:05:04,6.603211928629064
2025-01-02 06:05:05,7.189507429666087
2025-01-02 06:05:06,6.882737297686335
2025-01-02 06:05:07,6.985172788026363
2025-01-02 06:05:08,6.194084058229746
2025-01-02 06:05:09,7.441764575609908
2025-01-02 06:05:10,6.436145112827057
2025-01-02 06:05:11,6.521198756695044
2025-01-02 06:05:12,6.7982410873659465
2025-01-02 06:05:13,6.732468231193428
2025-01-02 06:05:14,6.262272323882839
2025-01-02 06:05:15,6.5940399110648755
2025-01-02 06:05:16,6.234862484304623
2025-01-02 06:05:17,6.909410971229074
2025-01-02 06:05:18,6.554335759345616
2025-01-02 06:05:19,6.979046610191901
2025-01-02 06:05:20,6.055431116308169
2025-01-02 06:05:21,6.952223269806147
2025-01-02 06:05:22,6.609130656745332
2025-01-02 06:05:23,6.684119683412003
2025-01-02 06:05:24,7.030213797559057
2025-01-02 06:05:25,6.614610909023631
2025-01-02 06:05:26,6.763115608107092
2025-01-02 06:05:27,6.889874820318427
2025-01-02 06:05:28,6.4997465669434655
2025-01-02 06:05:29,6.497790916767301
2025-01-02 06:05:30,6.69073655650601
2025-01-02 06:05:31,6.110394594529809
2025-01-02 06:05:32,5.845328339142638
2025-01-02 06:05:33,6.055882699056826
2025-01-02 06:05:34,6.403522054673606
2025-01-02 06:05:35,6.332671497373111
2025-01-02 06:05:36,6.501521875829263
2025-01-02 06:05:37,6.344794899227217
2025-01-02 06:05:38,6.490204658050329
2025-01-02 06:05:39,6.824241807744258
2025-01-02 06:05:40,6.663754300272681
2025-01-02 06:05:41,6.451204912815831
2025-01-02 06:05:42,6.687967166775184
2025-01-02 06:05:43,6.097253556223824
2025-01-02 06:05:44,6.345082788556138
2025-01-02 06:05:45,6.578088045398066
2025-01-02 06:05:46,6.728556115199502
2025-01-02 06:05:47,
2025-01-02 06:05:48,6.597602059040416
2025-01-02 06:05:49,7.106934782199133
2025-01-02 06:05:50,6.048938429905842
2025-01-02 06:05:51,6.6874887978046
2025-01-02 06:05:52,6.484610369247504
2025-01-02 06:05:53,6.527781856576191
2025-01-02 06:05:54,
2025-01-02 06:05:55,6.6040557692735815
2025-01-02 06:05:56,6.31380999936146
2025-01-02 06:05:57,6.707724293770045
2025-01-02 06:05:58,6.397146469077452
2025-01-02 06:05:59,6.572615086491496
2025-01-02 06:06:00,6.6013695197023825
2025-01-02 06:06:01,6.786447471707458
2025-01-02 06:06:02,6.762325982666243
2025-01-02 06:06:03,6.196077685845314
2025-01-02 06:06:04,7.090742763687002
2025-01-02 06:06:05,6.7814749584618985
2025-01-02 06:06:06,6.667544985152129
2025-01-02 06:06:07,6.402564807315113
2025-01-02 06:06:08,6.194408430140623
2025-01-02 06:06:09,6.485662635587011
2025-01-02 06:06:10,6.585544495702354
2025-01-02 06:06:11,6.64069695199249
2025-01-02 06:06:12,5.718300610007041
2025-01-02 06:06:13,6.636261843204411
2025-01-02 06:06:14,6.77196268356526
2025-01-02 06:06:15,6.098393615677553
2025-01-02 06:06:16,6.668175583886482
2025-01-02 06:06:17,6.605167802484645
2025-01-02 06:06:18,6.540721533026932
2025-01-02 06:06:19,6.874919996331335
2025-01-02 06:06:20,6.185134662189415
2025-01-02 06:06:21,6.618252863363493
2025-01-02 06:06:22,6.170130679812543
2025-01-02 06:06:23,6.114292413575316
2025-01-02 06:06:24,6.566616658089494
2025-01-02 06:06:25,6.322001139833416
2025-01-02 06:06:26,6.350221139365215
2025-01-02 06:06:27,6.830151784440331
2025-01-02 06:06:28,6.411929053269305
2025-01-02 06:06:29,6.125254566523396
2025-01-02 06:06:30,6.900018946975396
2025-01-02 06:06:31,6.598999125781125
2025-01-02 06:06:32,6.484865353073418
2025-01-02 06:06:33,6.239022664664742
2025-01-02 06:06:34,6.2644431473700415
2025-01-02 06:06:35,6.137062612385303
2025-01-02 06:06:36,6.696674096518285
2025-01-02 06:06:37,6.851021426518134
2025-01-02 06:06:38,6.762624090345854
2025-01-02 06:06:39,6.7052789516483235
2025-01-02 06:06:40,6.282778447266818
2025-01-02 06:06:41,6.767880554310719
2025-01-02 06:06:42,6.543391205564523
2025-01-02 06:06:43,6.871182482252644
2025-01-02 06:06:44,6.757763032989847
2025-01-02 06:06:45,6.465271413827032
2025-01-02 06:06:46,6.763630754872402
2025-01-02 06:06:47,6.336757185693866
2025-01-02 06:06:48,6.689541463208981
2025-01-02 06:06:49,6.396431686859814
2025-01-02 06:06:50,6.093436540630948
2025-01-02 06:06:51,6.623530570854821
2025-01-02 06:06:52,6.780143741295573
2025-01-02 06:06:53,6.360467858032092
2025-01-02 06:06:54,6.244896271258918
2025-01-02 06:06:55,6.399998172567647
2025-01-02 06:06:56,6.318467373238664
2025-01-02 06:06:57,6.356606050614128
2025-01-02 06:06:58,6.398218046956577
2025-01-02 06:06:59,6.499702203320985
2025-01-02 06:07:00,6.544127059786127
2025-01-02 06:07:01,6.4795671063676155
2025-01-02 06:07:02,7.031094129201147
2025-01-02 06:07:03,6.485837945306432
2025-01-02 06:07:04,7.041876560939116
2025-01-02 06:07:05,6.605574707046427
2025-01-02 06:07:06,6.809933732630754
2025-01-02 06:07:07,6.549009959329293
2025-01-02 06:07:08,6.215783666106021
2025-01-02 06:07:09,6.250595041410276
2025-01-02 06:07:10,6.414479652636718
2025-01-02 06:07:11,6.63606322039976
2025-01-02 06:07:12,6.678072876885105
2025-01-02 06:07:13,6.378515085354699
2025-01-02 06:07:14,6.275958293726596
2025-01-02 06:07:15,6.455435122708628
2025-01-02 06:07:16,6.76684279240748
2025-01-02 06:07:17,7.5199720007936595
2025-01-02 06:07:18,6.404788725145863
2025-01-02 06:07:19,6.359899096794746
2025-01-02 06:07:20,6.7455375906118995
2025-01-02 06:07:21,6.806078994518906
2025-01-02 06:07:22,6.475966848821424
2025-01-02 06:07:23,6.896837642600771
2025-01-02 06:07:24,5.736096421058917
2025-01-02 06:07:25,6.646204751851252
2025-01-02 06:07:26,6.293072983115513
2025-01-02 06:07:27,6.399409225421018
2025-01-02 06:07:28,6.332489309766267
2025-01-02 06:07:29,6.604669249667952
2025-01-02 06:07:30,6.142355946114749
2025-01-02 06:07:31,6.935417285058137
2025-01-02 06:07:32,6.625499752626673
2025-01-02 06:07:33,6.375019961809664
2025-01-02 06:07:34,6.893205685409471
2025-01-02 06:07:35,6.274418321312355
2025-01-02 06:07:36,6.210876377083426
2025-01-02 06:07:37,6.241989388264924
2025-01-02 06:07:38,6.7590999048855736
2025-01-02 06:07:39,6.683175544840157
2025-01-02 06:07:40,6.289659435225036
2025-01-02 06:07:41,6.250170889279026
2025-01-02 06:07:42,6.6860999455529395
2025-01-02 06:07:43,6.557751070997602
2025-01-02 06:07:44,6.926835072895199
2025-01-02 06:07:45,6.651086074609842
2025-01-02 06:07:46,6.3082345903190635
2025-01-02 06:07:47,6.668893912367731
2025-01-02 06:07:48,6.955363161439574
2025-01-02 06:07:49,6.612176028194722
2025-01-02 06:07:50,7.041499285438781
2025-01-02 06:07:51,6.075893928778329
2025-01-02 06:07:52,6.629720036281095
2025-01-02 06:07:53,6.385124419009702
2025-01-02 06:07:54,6.845081713362868
2025-01-02 06:07:55,6.718370428196807
2025-01-02 06:07:56,6.556006398074099
2025-01-02 06:07:57,6.204476537272884
2025-01-02 06:07:58,6.400852137411492
2025-01-02 06:07:59,6.432339871755953
2025-01-02 06:08:00,6.721034814121676
2025-01-02 06:08:01,6.070669352913871
2025-01-02 06:08:02,6.353017916264384
2025-01-02 06:08:03,6.5432582973065525
2025-01-02 06:08:04,6.358381397114422
2025-01-02 06:08:05,6.702206200744733
2025-01-02 06:08:06,6.733429368759951
2025-01-02 06:08:07,6.925673032334124
2025-01-02 06:08:08,6.742057604735599
2025-01-02 06:08:09,6.647393392420634
2025-01-02 06:08:10,6.949406401007909
2025-01-02 06:08:11,6.288575335278404
2025-01-02 06:08:12,6.592152138770152
2025-01-02 06:08:13,
2025-01-02 06:08:14,6.425168537761163
2025-01-02 06:08:15,6.576174159257829
2025-01-02 06:08:16,6.43298144875435
2025-01-02 06:08:17,6.358382700446892
2025-01-02 06:08:18,6.682341547526418
2025-01-02 06:08:19,6.575373389487571
2025-01-02 06:08:20,6.601108880826261
2025-01-02 06:08:21,
2025-01-02 06:08:22,6.983062908793769
2025-01-02 06:08:23,6.339467998453391
2025-01-02 06:08:24,6.447991104416497
2025-01-02 06:08:25,6.315528893653643
2025-01-02 06:08:26,6.046783015239544
2025-01-02 06:08:27,6.188965542112587
2025-01-02 06:08:28,6.200256152488315
2025-01-02 06:08:29,6.333130128605753
2025-01-02 06:08:30,7.112511225939088
2025-01-02 06:08:31,6.9628087934676435
2025-01-02 06:08:32,6.454648973815544
2025-01-02 06:08:33,6.614791123493146
2025-01-02 06:08:34,6.555458027725809
2025-01-02 06:08:35,6.827434211120161
2025-01-02 06:08:36,6.683804908475409
2025-01-02 06:08:37,7.2217851893072
2025-01-02 06:08:38,6.183821557353359
2025-01-02 06:08:39,6.579121135490095
2025-01-02 06:08:40,6.139853258790882
2025-01-02 06:08:41,6.547957582532171
2025-01-02 06:08:42,6.295024077537892
2025-01-02 06:08:43,6.794619198174191
2025-01-02 06:08:44,6.655145292393761
2025-01-02 06:08:45,6.413664110122921
2025-01-02 06:08:46,6.821518092459298
2025-01-02 06:08:47,6.961627779355034
2025-01-02 06:08:48,6.256357920963781
2025-01-02 06:08:49,6.239152144926158
2025-01-02 06:08:50,6.695739689766352
2025-01-02 06:08:51,6.034581728792734
2025-01-02 06:08:52,6.6773085477361604
2025-01-02 06:08:53,
2025-01-02 06:08:54,6.519039710519683
2025-01-02 06:08:55,6.257367349983832
2025-01-02 06:08:56,6.547093712065899
2025-01-02 06:08:57,6.797603686914681
2025-01-02 06:08:58,6.723699639167564
2025-01-02 06:08:59,6.83757455664616
2025-01-02 06:09:00,7.025528564736594
2025-01-02 06:09:01,6.721141497844819
2025-01-02 06:09:02,
2025-01-02 06:09:03,6.445213689098741
2025-01-02 06:09:04,6.736910104968001
2025-01-02 06:09:05,6.835762718771384
2025-01-02 06:09:06,6.244988796357468
2025-01-02 06:09:07,6.78872343236095
2025-01-02 06:09:08,6.457434328972595
2025-01-02 06:09:09,6.658017481587331
2025-01-02 06:09:10,6.438260476987357
2025-01-02 06:09:11,7.053555634955179
2025-01-02 06:09:12,7.383915072781495
2025-01-02 06:09:13,6.578216076370062
2025-01-02 06:09:14,5.974932014987788
2025-01-02 06:09:15,6.286359890037174
2025-01-02 06:09:16,
2025-01-02 06:09:17,6.57108235810487
2025-01-02 06:09:18,6.831142197217713
2025-01-02 06:09:19,6.7241373370439295
2025-01-02 06:09:20,6.191267399091736
2025-01-02 06:09:21,6.9994168262984475
2025-01-02 06:09:22,6.858097237661429
2025-01-02 06:09:23,6.5416942709636485
2025-01-02 06:09:24,7.098497651377029
2025-01-02 06:09:25,6.723928485916673
2025-01-02 06:09:26,6.406272782811945
2025-01-02 06:09:27,6.381371259962403
2025-01-02 06:09:28,6.011907144106229
2025-01-02 06:09:29,7.025728097963396
2025-01-02 06:09:30,6.936521874047965
2025-01-02 06:09:31,7.0353032352639575
2025-01-02 06:09:32,6.539071264449279
2025-01-02 06:09:33,6.524087963027018
2025-01-02 06:09:34,6.684023429451953
2025-01-02 06:09:35,6.91269181791136
2025-01-02 06:09:36,6.631112599037087
2025-01-02 06:09:37,6.685316047278249
2025-01-02 06:09:38,6.7101385114107766
2025-01-02 06:09:39,6.525309481058748
2025-01-02 06:09:40,6.627445592719987
2025-01-02 06:09:41,6.586352259925717
2025-01-02 06:09:42,6.253457741822773
2025-01-02 06:09:43,6.25326020350986
2025-01-02 06:09:44,6.547358368745856
2025-01-02 06:09:45,6.650640185838275
2025-01-02 06:09:46,6.8024128375833595
2025-01-02 06:09:47,6.494420570684545
2025-01-02 06:09:48,6.305789925042037
2025-01-02 06:09:49,6.8462908146275705
2025-01-02 06:09:50,6.689133892851294
2025-01-02 06:09:51,6.294336819201085
2025-01-02 06:09:52,6.659347885497424
2025-01-02 06:09:53,6.229293495287901
2025-01-02 06:09:54,6.544375332570471
2025-01-02 06:09:55,6.423105372686083
2025-01-02 06:09:56,6.987364546825433
2025-01-02 06:09:57,7.242447224340535
2025-01-02 06:09:58,6.540138920221274
2025-01-02 06:09:59,6.369019019114354
2025-01-02 06:10:00,6.4132709098523035
2025-01-02 06:10:01,6.250349634123549
2025-01-02 06:10:02,7.1438939127772
2025-01-02 06:10:03,6.473241228429073
2025-01-02 06:10:04,6.762249069124313
2025-01-02 06:10:05,
2025-01-02 06:10:06,7.315054274904799
2025-01-02 06:10:07,6.828693142537069
2025-01-02 06:10:08,6.203317460048184
2025-01-02 06:10:09,6.491809329159471
2025-01-02 06:10:10,6.43707087347937
2025-01-02 06:10:11,6.444983026171839
2025-01-02 06:10:12,6.299075710272418
2025-01-02 06:10:13,6.872349332777162
2025-01-02 06:10:14,6.45722358050546
2025-01-02 06:10:15,6.541788319589392
2025-01-02 06:10:16,6.188264360344793
2025-01-02 06:10:17,6.732208974945041
2025-01-02 06:10:18,6.397516320169958
2025-01-02 06:10:19,6.4990282309654726
2025-01-02 06:10:20,6.245131570113383
2025-01-02 06:10:21,5.586363583803458
2025-01-02 06:10:22,6.331118685947753
2025-01-02 06:10:23,6.6643560641693655
2025-01-02 06:10:24,6.851543531109018
2025-01-02 06:10:25,6.941030586405923
2025-01-02 06:10:26,6.4634177626557845
2025-01-02 06:10:27,6.439079478059979
2025-01-02 06:10:28,6.850718115077519
2025-01-02 06:10:29,6.524146443257086
2025-01-02 06:10:30,7.231499058954301
2025-01-02 06:10:31,7.031522722031191
2025-01-02 06:10:32,6.411362137334189
2025-01-02 06:10:33,6.637868692055093
2025-01-02 06:10:34,6.392614086588348
2025-01-02 06:10:35,6.120649481285515
2025-01-02 06:10:36,6.695045349421207
2025-01-02 06:10:37,6.580143095161094
2025-01-02 06:10:38,6.7261433181857075
2025-01-02 06:10:39,
2025-01-02 06:10:40,7.425059465385522
2025-01-02 06:10:41,6.901473799077009
2025-01-02 06:10:42,7.011257989996265
2025-01-02 06:10:43,6.643703250589465
2025-01-02 06:10:44,5.767697022149088
2025-01-02 06:10:45,6.348198678572361
2025-01-02 06:10:46,6.5507572865469985
2025-01-02 06:10:47,6.818730108728037
2025-01-02 06:10:48,6.3807624500782145
2025-01-02 06:10:49,6.729460599899121
2025-01-02 06:10:50,6.347895912784387
2025-01-02 06:10:51,7.314980603732584
2025-01-02 06:10:52,6.597587220910387
2025-01-02 06:10:53,6.577641524600548
2025-01-02 06:10:54,6.4790848344286625
2025-01-02 06:10:55,6.703327788841129
2025-01-02 06:10:56,6.590638279048746
2025-01-02 06:10:57,6.800575336825495
2025-01-02 06:10:58,6.748735441556888
2025-01-02 06:10:59,6.122796510902739
2025-01-02 06:11:00,6.176443043121422
2025-01-02 06:11:01,6.337350277300183
2025-01-02 06:11:02,5.7773584875396695
2025-01-02 06:11:03,6.831359367145374
2025-01-02 06:11:04,6.8142527788429685
2025-01-02 06:11:05,6.65984094183604
2025-01-02 06:11:06,7.0044422571050795
2025-01-02 06:11:07,6.352232201729285
2025-01-02 06:11:08,6.095179420923796
2025-01-02 06:11:09,6.531749580723702
2025-01-02 06:11:10,6.706426884031589
2025-01-02 06:11:11,6.523947224088625
2025-01-02 06:11:12,6.4054344404515495
2025-01-02 06:11:13,6.818294545513675
2025-01-02 06:11:14,6.980931812045075
2025-01-02 06:11:15,6.594062861233526
2025-01-02 06:11:16,6.676006098417734
2025-01-02 06:11:17,6.9041894023912525
2025-01-02 06:11:18,6.194671307539541
2025-01-02 06:11:19,
2025-01-02 06:11:20,6.345641845216533
2025-01-02 06:11:21,6.405122899399474
2025-01-02 06:11:22,6.880816309806955
2025-01-02 06:11:23,6.287169338424809
2025-01-02 06:11:24,7.030488987467812
2025-01-02 06:11:25,6.457457035899548
2025-01-02 06:11:26,6.578652125698187
2025-01-02 06:11:27,6.342158255544733
2025-01-02 06:11:28,6.686642532844377
2025-01-02 06:11:29,7.208155532388418
2025-01-02 06:11:30,6.575692325760386
2025-01-02 06:11:31,6.957139948692356
2025-01-02 06:11:32,6.2553500648556
2025-01-02 06:11:33,6.712402784552977
2025-01-02 06:11:34,6.5473445235032655
2025-01-02 06:11:35,6.007632091755679
2025-01-02 06:11:36,6.257122449559073
2025-01-02 06:11:37,6.296336548906616
2025-01-02 06:11:38,6.630199792587231
2025-01-02 06:11:39,6.633587563439261
2025-01-02 06:11:40,6.857847294937715
2025-01-02 06:11:41,6.5522708543057675
2025-01-02 06:11:42,6.369730874292802
2025-01-02 06:11:43,6.7447111772561374
2025-01-02 06:11:44,6.477411978378086
2025-01-02 06:11:45,6.379158752901739
2025-01-02 06:11:46,6.1278757783099005
2025-01-02 06:11:47,6.469142346338541
2025-01-02 06:11:48,6.339526261796827
2025-01-02 06:11:49,6.735541360589011
2025-01-02 06:11:50,6.073386889362342
2025-01-02 06:11:51,7.465089345832401
2025-01-02 06:11:52,6.611471813322975
2025-01-02 06:11:53,6.465680010573431
2025-01-02 06:11:54,6.877833129077281
2025-01-02 06:11:55,6.779185154839989
2025-01-02 06:11:56,
2025-01-02 06:11:57,6.691059099667765
2025-01-02 06:11:58,6.742028185783477
2025-01-02 06:11:59,6.464078773562627
2025-01-02 06:12:00,6.661026607849329
2025-01-02 06:12:01,6.514888580478302
2025-01-02 06:12:02,7.227400054172943
2025-01-02 06:12:03,6.337347714207706
2025-01-02 06:12:04,6.499881467486592
2025-01-02 06:12:05,6.3117362181642935
2025-01-02 06:12:06,6.811379722280675
2025-01-02 06:12:07,6.895186726450151
2025-01-02 06:12:08,6.544050711117694
2025-01-02 06:12:09,6.1575341415938425
2025-01-02 06:12:10,6.608999083506976
2025-01-02 06:12:11,6.201402430882562
2025-01-02 06:12:12,6.314673075623732
2025-01-02 06:12:13,6.589953593222802
2025-01-02 06:12:14,6.5153482340815225
2025-01-02 06:12:15,6.764198150223657
2025-01-02 06:12:16,6.3781382561114075
2025-01-02 06:12:17,6.27789741176613
2025-01-02 06:12:18,6.974631682520564
2025-01-02 06:12:19,6.805169061286094
2025-01-02 06:12:20,6.315910803200005
2025-01-02 06:12:21,6.273384694051941
2025-01-02 06:12:22,6.5831909355474485
2025-01-02 06:12:23,6.360420751239029
2025-01-02 06:12:24,6.178109539735814
2025-01-02 06:12:25,7.106604925140751
2025-01-02 06:12:26,6.805357551186791
2025-01-02 06:12:27,6.497051838090989
2025-01-02 06:12:28,6.33705911064947
2025-01-02 06:12:29,6.348363787812305
2025-01-02 06:12:30,6.5294436989781675
2025-01-02 06:12:31,6.761235423308693
2025-01-02 06:12:32,6.286687069619367
2025-01-02 06:12:33,6.199354369777906
2025-01-02 06:12:34,
2025-01-02 06:12:35,6.577859176044864
2025-01-02 06:12:36,6.108257025234659
2025-01-02 06:12:37,6.796013175411338
2025-01-02 06:12:38,6.745292183234279
2025-01-02 06:12:39,6.521831523924227
2025-01-02 06:12:40,6.190179670478031
2025-01-02 06:12:41,6.542559894487068
2025-01-02 06:12:42,6.043444492999763
2025-01-02 06:12:43,6.826488896030874
2025-01-02 06:12:44,6.905397842928477
2025-01-02 06:12:45,6.244277628504989
2025-01-02 06:12:46,6.566285447124358
2025-01-02 06:12:47,6.745309587895943
2025-01-02 06:12:48,
2025-01-02 06:12:49,6.437685201218227
2025-01-02 06:12:50,6.254934289780462
2025-01-02 06:12:51,6.893434300567357
2025-01-02 06:12:52,6.754954301204003
2025-01-02 06:12:53,6.698780696156084
2025-01-02 06:12:54,6.204882665933836
2025-01-02 06:12:55,6.473138703597018
2025-01-02 06:12:56,6.351988090008503
2025-01-02 06:12:57,6.671497189781125
2025-01-02 06:12:58,6.171369349195872
2025-01-02 06:12:59,6.565770596474118
2025-01-02 06:13:00,6.463843440652399
2025-01-02 06:13:01,6.5778314996158
2025-01-02 06:13:02,6.037654331733274
2025-01-02 06:13:03,6.487358752004186
2025-01-02 06:13:04,6.69152857135631
2025-01-02 06:13:05,6.26148096390984
2025-01-02 06:13:06,6.766705570375405
2025-01-02 06:13:07,6.088626825430533
2025-01-02 06:13:08,6.117463222853827
2025-01-02 06:13:09,6.715674549474765
2025-01-02 06:13:10,6.269139250616183
2025-01-02 06:13:11,6.005839734493003
2025-01-02 06:13:12,6.831751577754569
2025-01-02 06:13:13,6.38576097226919
2025-01-02 06:13:14,6.532794658636311
2025-01-02 06:13:15,6.301477745266536
2025-01-02 06:13:16,6.392845664659701
2025-01-02 06:13:17,6.417177934312958
2025-01-02 06:13:18,6.679780021791629
2025-01-02 06:13:19,6.603634779797025
2025-01-02 06:13:20,6.513200259595097
2025-01-02 06:13:21,6.6405156829864875
2025-01-02 06:13:22,6.418946038645283
2025-01-02 06:13:23,6.39593962067679
2025-01-02 06:13:24,6.999521724324886
2025-01-02 06:13:25,6.581927541488137
2025-01-02 06:13:26,6.964401451653445
2025-01-02 06:13:27,6.619195156597491
2025-01-02 06:13:28,6.475108089680458
2025-01-02 06:13:29,6.430537626884996
2025-01-02 06:13:30,6.719294882088085
2025-01-02 06:13:31,6.782829018025543
2025-01-02 06:13:32,6.842868541428534
2025-01-02 06:13:33,6.788578916304614
2025-01-02 06:13:34,6.2969638908003525
2025-01-02 06:13:35,7.185496495503415
2025-01-02 06:13:36,6.596473893976062
2025-01-02 06:13:37,6.649934587232437
2025-01-02 06:13:38,6.617280596062047
2025-01-02 06:13:39,6.600926030746813
2025-01-02 06:13:40,6.933718569030635
2025-01-02 06:13:41,6.524175015646356
2025-01-02 06:13:42,6.592999525710452
2025-01-02 06:13:43,5.944634774823777
2025-01-02 06:13:44,6.583466918258199
2025-01-02 06:13:45,7.081561594245828
2025-01-02 06:13:46,6.9250440094060615
2025-01-02 06:13:47,6.911971086350993
2025-01-02 06:13:48,6.466531477801713
2025-01-02 06:13:49,6.645358345371244
2025-01-02 06:13:50,6.60577236534768
2025-01-02 06:13:51,7.31367417090518
2025-01-02 06:13:52,6.5395304336467985
2025-01-02 06:13:53,6.618648818767225
2025-01-02 06:13:54,6.202236524418882
2025-01-02 06:13:55,6.160173248911769
2025-01-02 06:13:56,6.115724548658011
2025-01-02 06:13:57,6.455729959366636
2025-01-02 06:13:58,6.673832219796259
2025-01-02 06:13:59,6.56060556023369
2025-01-02 06:14:00,5.984402191184568
2025-01-02 06:14:01,6.496637328638642
2025-01-02 06:14:02,6.759767813944167
2025-01-02 06:14:03,6.7834442936436075
2025-01-02 06:14:04,6.3176477946192175
2025-01-02 06:14:05,6.487917069462468
2025-01-02 06:14:06,7.412747008869565
2025-01-02 06:14:07,6.999596254738658
2025-01-02 06:14:08,6.469209011659118
2025-01-02 06:14:09,6.01162640231834
2025-01-02 06:14:10,6.5881445414385995
2025-01-02 06:14:11,6.680257300134505
2025-01-02 06:14:12,6.636101131767797
2025-01-02 06:14:13,7.3935563446360035
2025-01-02 06:14:14,6.668092691446999
2025-01-02 06:14:15,6.554872760729057
2025-01-02 06:14:16,6.443288408006863
2025-01-02 06:14:17,6.662079503637031
2025-01-02 06:14:18,6.178891022085628
2025-01-02 06:14:19,6.266620781882807
2025-01-02 06:14:20,6.663792443947592
2025-01-02 06:14:21,6.32002535688272
2025-01-02 06:14:22,6.12899164322063
2025-01-02 06:14:23,6.563043794221247
2025-01-02 06:14:24,6.471013951173768
2025-01-02 06:14:25,7.195741358690759
2025-01-02 06:14:26,6.52100615874425
2025-01-02 06:14:27,6.819752710783021
2025-01-02 06:14:28,6.432849038398004
2025-01-02 06:14:29,6.233516874800941
2025-01-02 06:14:30,6.3437804900451455
2025-01-02 06:14:31,6.041592100252411
2025-01-02 06:14:32,6.346605023808444
2025-01-02 06:14:33,7.1184576365281
2025-01-02 06:14:34,5.882057611636074
2025-01-02 06:14:35,6.733078469919434
2025-01-02 06:14:36,6.7958247679053985
2025-01-02 06:14:37,6.5384488195969634
2025-01-02 06:14:38,6.540213841247391
2025-01-02 06:14:39,6.505342714633383
2025-01-02 06:14:40,7.342707404078592
2025-01-02 06:14:41,6.505032191462131
2025-01-02 06:14:42,6.430901489099557
2025-01-02 06:14:43,6.516645908376096
2025-01-02 06:14:44,6.938336903816219
2025-01-02 06:14:45,6.643751408351967
2025-01-02 06:14:46,6.569595541658003
2025-01-02 06:14:47,6.808073655473111
2025-01-02 06:14:48,6.5700626985692105
2025-01-02 06:14:49,6.857619138143144
2025-01-02 06:14:50,6.1960562158422015
2025-01-02 06:14:51,6.496549046000208
2025-01-02 06:14:52,6.252412083649078
2025-01-02 06:14:53,6.306456946141064
2025-01-02 06:14:54,
2025-01-02 06:14:55,6.603349408729575
2025-01-02 06:14:56,6.661787069550932
2025-01-02 06:14:57,
2025-01-02 06:14:58,6.544097712786913
2025-01-02 06:14:59,6.777604531032278
2025-01-02 06:15:00,6.6418683690024976
2025-01-02 06:15:01,6.339348254947262
2025-01-02 06:15:02,6.263808217755052
2025-01-02 06:15:03,6.587604180731281
2025-01-02 06:15:04,5.989454997735901
2025-01-02 06:15:05,6.680493627186208
2025-01-02 06:15:06,6.787996697933855
2025-01-02 06:15:07,6.491696817621885
2025-01-02 06:15:08,6.061644630072972
2025-01-02 06:15:09,6.869216923203125
2025-01-02 06:15:10,6.544472909826546
2025-01-02 06:15:11,6.230690634306151
2025-01-02 06:15:12,6.750937085902137
2025-01-02 06:15:13,6.697682643478125
2025-01-02 06:15:14,6.670766660629507
2025-01-02 06:15:15,6.437176077899587
2025-01-02 06:15:16,6.081288105686927
2025-01-02 06:15:17,7.179104075074299
2025-01-02 06:15:18,6.547776497337724
2025-01-02 06:15:19,6.344477797708165
2025-01-02 06:15:20,7.108150119831164
2025-01-02 06:15:21,6.489739183333231
2025-01-02 06:15:22,6.749495335568603
2025-01-02 06:15:23,6.45243234230815
2025-01-02 06:15:24,6.55684202814446
2025-01-02 06:15:25,6.819592502843022
2025-01-02 06:15:26,6.58044779673983
2025-01-02 06:15:27,5.966052767468096
2025-01-02 06:15:28,6.688664260436397
2025-01-02 06:15:29,6.670590527800198
2025-01-02 06:15:30,6.735957477073461
2025-01-02 06:15:31,6.202896604179317
2025-01-02 06:15:32,6.790164114078279
2025-01-02 06:15:33,6.9118337574226585
2025-01-02 06:15:34,6.48010941002573
2025-01-02 06:15:35,6.520906900241072
2025-01-02 06:15:36,
2025-01-02 06:15:37,6.578264371502957
2025-01-02 06:15:38,6.448773273232992
2025-01-02 06:15:39,6.3938801362948965
2025-01-02 06:15:40,6.585294224777255
2025-01-02 06:15:41,6.464806751889585
2025-01-02 06:15:42,6.694951411738514
2025-01-02 06:15:43,6.846024147079979
2025-01-02 06:15:44,6.675994509358649
2025-01-02 06:15:45,6.624890466047004
2025-01-02 06:15:46,6.652711394915154
2025-01-02 06:15:47,6.6150606951561475
2025-01-02 06:15:48,7.120306668691926
2025-01-02 06:15:49,6.906220549884136
2025-01-02 06:15:50,5.855182434308161
2025-01-02 06:15:51,6.975666435221209
2025-01-02 06:15:52,6.687728332707919
2025-01-02 06:15:53,6.67870008297955
2025-01-02 06:15:54,6.320629595159095
2025-01-02 06:15:55,6.113477324732077
2025-01-02 06:15:56,6.714075541106749
2025-01-02 06:15:57,6.234752719064583
2025-01-02 06:15:58,6.239250456700592
2025-01-02 06:15:59,6.579511163816765
2025-01-02 06:16:00,6.167259294009126
2025-01-02 06:16:01,6.933916692481083
2025-01-02 06:16:02,6.8264879103153975
2025-01-02 06:16:03,7.1169293369281075
2025-01-02 06:16:04,6.366599337877173
2025-01-02 06:16:05,6.650078420258825
2025-01-02 06:16:06,6.33180411842926
2025-01-02 06:16:07,6.434608613203831
2025-01-02 06:16:08,6.9668347513685465
2025-01-02 06:16:09,6.030376259496794
2025-01-02 06:16:10,6.270453959968885
2025-01-02 06:16:11,6.719839167905781
2025-01-02 06:16:12,6.469883999518062
2025-01-02 06:16:13,6.349004643774194
2025-01-02 06:16:14,6.088515768633587
2025-01-02 06:16:15,6.550498206125874
2025-01-02 06:16:16,6.611240620927967
2025-01-02 06:16:17,7.042268745420767
2025-01-02 06:16:18,6.398667095326572
2025-01-02 06:16:19,6.775476223041116
2025-01-02 06:16:20,6.841810600419231
2025-01-02 06:16:21,6.974743202989713
2025-01-02 06:16:22,6.815531559067223
2025-01-02 06:16:23,6.9435558767248144
2025-01-02 06:16:24,6.39737419344895
2025-01-02 06:16:25,6.163452941427395
2025-01-02 06:16:26,6.394706768258939
2025-01-02 06:16:27,6.927598931505944
2025-01-02 06:16:28,6.486207670217937
2025-01-02 06:16:29,6.064812479381497
2025-01-02 06:16:30,6.26276358604631
2025-01-02 06:16:31,5.9953956174986125
2025-01-02 06:16:32,6.750229670418527
2025-01-02 06:16:33,6.389580744698956
2025-01-02 06:16:34,6.534027318642195
2025-01-02 06:16:35,6.520628664583642
2025-01-02 06:16:36,6.695351184784819
2025-01-02 06:16:37,7.201332210086316
2025-01-02 06:16:38,6.887085988427875
2025-01-02 06:16:39,6.267337054907071
2025-01-02 06:16:40,6.714183739485429
2025-01-02 06:16:41,7.292701837924878
2025-01-02 06:16:42,6.469945646917494
2025-01-02 06:16:43,6.583039699136106
2025-01-02 06:16:44,6.708599351201547
2025-01-02 06:16:45,7.050618950856002
2025-01-02 06:16:46,6.307695758483134
2025-01-02 06:16:47,6.613291171047605
2025-01-02 06:16:48,6.6628412846406695
2025-01-02 06:16:49,
2025-01-02 06:16:50,6.393301767720629
2025-01-02 06:16:51,6.53017569694848
2025-01-02 06:16:52,6.800877604725324
2025-01-02 06:16:53,6.616282604100213
2025-01-02 06:16:54,6.900708134702161
2025-01-02 06:16:55,6.850913794236271
2025-01-02 06:16:56,6.471704412694886
2025-01-02 06:16:57,6.489980749910717
2025-01-02 06:16:58,6.7516551612338835
2025-01-02 06:16:59,6.942645890101178
2025-01-02 06:17:00,6.559493417268715
2025-01-02 06:17:01,6.531260042729087
2025-01-02 06:17:02,6.598077940250101
2025-01-02 06:17:03,6.295554371364079
2025-01-02 06:17:04,5.753142470964321
2025-01-02 06:17:05,6.927781978456371
2025-01-02 06:17:06,6.561089116367113
2025-01-02 06:17:07,6.591473516574855
2025-01-02 06:17:08,6.625809401321166
2025-01-02 06:17:09,6.4386272024564475
2025-01-02 06:17:10,7.308126227262435
2025-01-02 06:17:11,6.770099699944937
2025-01-02 06:17:12,6.806240955581022
2025-01-02 06:17:13,6.418967296476414
2025-01-02 06:17:14,7.120514215115256
2025-01-02 06:17:15,7.0013690520425165
2025-01-02 06:17:16,6.553338049296046
2025-01-02 06:17:17,6.0130398627265516
2025-01-02 06:17:18,6.47368736600325
2025-01-02 06:17:19,6.983400223617998
2025-01-02 06:17:20,6.584519457857567
2025-01-02 06:17:21,6.486685125782932
2025-01-02 06:17:22,6.322510312946199
2025-01-02 06:17:23,6.831977607471386
2025-01-02 06:17:24,6.490320160300779
2025-01-02 06:17:25,6.267019712776673
2025-01-02 06:17:26,6.913010131607905
2025-01-02 06:17:27,6.725823065855398
2025-01-02 06:17:28,6.690877754033824
2025-01-02 06:17:29,6.502165220884283
2025-01-02 06:17:30,6.451093764847921
2025-01-02 06:17:31,6.9856792000947445
2025-01-02 06:17:32,6.215968022614538
2025-01-02 06:17:33,6.379531654164463
2025-01-02 06:17:34,6.974962502388978
2025-01-02 06:17:35,5.91830994052982
2025-01-02 06:17:36,7.109818188407294
2025-01-02 06:17:37,6.40158204350353
2025-01-02 06:17:38,6.172156961138518
2025-01-02 06:17:39,6.821802674529044
2025-01-02 06:17:40,6.367235523866518
2025-01-02 06:17:41,6.471519597859562
2025-01-02 06:17:42,6.4558003907770605
2025-01-02 06:17:43,6.093325612542252
2025-01-02 06:17:44,6.256395705263385
2025-01-02 06:17:45,6.7343775302585565
2025-01-02 06:17:46,6.773664244021598
2025-01-02 06:17:47,6.82634071327092
2025-01-02 06:17:48,6.547492499626323
2025-01-02 06:17:49,6.884740964543651
2025-01-02 06:17:50,6.496608582131935
2025-01-02 06:17:51,6.974290690397
2025-01-02 06:17:52,6.122364283128937
2025-01-02 06:17:53,
2025-01-02 06:17:54,6.457928830788525
2025-01-02 06:17:55,6.780438553358133
2025-01-02 06:17:56,6.554850830586643
2025-01-02 06:17:57,6.504553548897396
2025-01-02 06:17:58,6.290715676742704
2025-01-02 06:17:59,6.3791848401234414
2025-01-02 06:18:00,6.4801185372260415
2025-01-02 06:18:01,6.7685082638241605
2025-01-02 06:18:02,6.495996569112798
2025-01-02 06:18:03,6.894940591504458
2025-01-02 06:18:04,6.395468560420452
2025-01-02 06:18:05,6.913646754185419
2025-01-02 06:18:06,6.601544292171661
2025-01-02 06:18:07,6.518389957517952
2025-01-02 06:18:08,6.496492477639619
2025-01-02 06:18:09,6.601328289744789
2025-01-02 06:18:10,6.371194588879755
2025-01-02 06:18:11,5.864330194775696
2025-01-02 06:18:12,6.284968527614668
2025-01-02 06:18:13,6.81921518734268
2025-01-02 06:18:14,6.484248950645572
2025-01-02 06:18:15,
2025-01-02 06:18:16,6.598377283071844
2025-01-02 06:18:17,6.341275255474109
2025-01-02 06:18:18,6.498107037777405
2025-01-02 06:18:19,6.581183748327463
2025-01-02 06:18:20,6.412832883957332
2025-01-02 06:18:21,6.930884528670072
2025-01-02 06:18:22,6.969375169338767
2025-01-02 06:18:23,6.909626227969031
2025-01-02 06:18:24,6.491609413921908
2025-01-02 06:18:25,6.549248197599232
2025-01-02 06:18:26,6.232517145016688
2025-01-02 06:18:27,6.507507713998511
2025-01-02 06:18:28,6.535595815242359
2025-01-02 06:18:29,5.990116295555776
2025-01-02 06:18:30,6.165910869661074
2025-01-02 06:18:31,6.230220456699639
2025-01-02 06:18:32,6.656088746784878
2025-01-02 06:18:33,6.34423683618811
2025-01-02 06:18:34,6.468150318183773
2025-01-02 06:18:35,7.019810119718722
2025-01-02 06:18:36,6.394873455730069
2025-01-02 06:18:37,6.332843132233856
2025-01-02 06:18:38,7.048468952840386
2025-01-02 06:18:39,6.661873325915122
2025-01-02 06:18:40,6.531181794968057
2025-01-02 06:18:41,
2025-01-02 06:18:42,6.646978561061803
2025-01-02 06:18:43,
2025-01-02 06:18:44,6.471673056173617
2025-01-02 06:18:45,6.260974013720606
2025-01-02 06:18:46,6.58575255568718
2025-01-02 06:18:47,6.183027197467869
2025-01-02 06:18:48,6.074820290941244
2025-01-02 06:18:49,6.342383379236859
2025-01-02 06:18:50,6.666089390161385
2025-01-02 06:18:51,6.4787620091505955
2025-01-02 06:18:52,6.8521444154436955
2025-01-02 06:18:53,6.614371494087934
2025-01-02 06:18:54,6.769423346552079
2025-01-02 06:18:55,6.194307715738798
2025-01-02 06:18:56,6.577503039357847
2025-01-02 06:18:57,6.177544998914366
2025-01-02 06:18:58,5.964834351362494
2025-01-02 06:18:59,6.044037843095405
2025-01-02 06:19:00,6.660586404706926
2025-01-02 06:19:01,
2025-01-02 06:19:02,6.932004999327551
2025-01-02 06:19:03,6.43701667193227
2025-01-02 06:19:04,6.520018764410337
2025-01-02 06:19:05,6.50717214638818
2025-01-02 06:19:06,6.55443616250049
2025-01-02 06:19:07,6.897569573970794
2025-01-02 06:19:08,6.248237792948326
2025-01-02 06:19:09,6.266908742744915
2025-01-02 06:19:10,6.444554078151085
2025-01-02 06:19:11,6.758627541248981
2025-01-02 06:19:12,6.342987685314096
2025-01-02 06:19:13,6.279826578762592
2025-01-02 06:19:14,6.7009167819251445
2025-01-02 06:19:15,6.312374833008964
2025-01-02 06:19:16,6.590527817303498
2025-01-02 06:19:17,6.977277543306403
2025-01-02 06:19:18,6.71958060887052
2025-01-02 06:19:19,6.173225601803004
2025-01-02 06:19:20,6.677673689975027
2025-01-02 06:19:21,7.067335957509016
2025-01-02 06:19:22,6.719412415401849
2025-01-02 06:19:23,6.613553819536515
2025-01-02 06:19:24,6.671586417963043
2025-01-02 06:19:25,6.99628878322199
2025-01-02 06:19:26,6.661214350996946
2025-01-02 06:19:27,6.358300727569696
2025-01-02 06:19:28,6.134474482463974
2025-01-02 06:19:29,6.714680439935984
2025-01-02 06:19:30,6.06559379376191
2025-01-02 06:19:31,6.52038610648164
2025-01-02 06:19:32,6.52148470502895
2025-01-02 06:19:33,6.727553801373612
2025-01-02 06:19:34,6.56097903341495
2025-01-02 06:19:35,6.570639337829514
2025-01-02 06:19:36,6.60203158600478
2025-01-02 06:19:37,6.761221547101758
2025-01-02 06:19:38,6.536035942780798
2025-01-02 06:19:39,6.4887075494012665
2025-01-02 06:19:40,6.265784933121497
2025-01-02 06:19:41,6.624911505103086
2025-01-02 06:19:42,7.055199279887168
2025-01-02 06:19:43,6.4091652198133175
2025-01-02 06:19:44,6.1960574593899205
2025-01-02 06:19:45,6.916823770666548
2025-01-02 06:19:46,6.407147500505406
2025-01-02 06:19:47,6.465770610771564
2025-01-02 06:19:48,6.820258156978366
2025-01-02 06:19:49,6.940347657198795
2025-01-02 06:19:50,6.6672494971809115
2025-01-02 06:19:51,6.504459329754809
2025-01-02 06:19:52,6.602053906744803
2025-01-02 06:19:53,6.58699373858171
2025-01-02 06:19:54,6.205726818001653
2025-01-02 06:19:55,6.105162200936646
2025-01-02 06:19:56,6.58466436934551
2025-01-02 06:19:57,6.532869564045265
2025-01-02 06:19:58,6.821220868953562
2025-01-02 06:19:59,6.510928798687494
2025-01-02 06:20:00,6.837842406970008
2025-01-02 06:20:01,6.405475816947853
2025-01-02 06:20:02,6.647531370232742
2025-01-02 06:20:03,6.199996444556633
2025-01-02 06:20:04,6.666260734945353
2025-01-02 06:20:05,6.580443907439515
2025-01-02 06:20:06,6.121899083216642
2025-01-02 06:20:07,6.9695333865754465
2025-01-02 06:20:08,7.050810369411129
2025-01-02 06:20:09,6.9151732890600375
2025-01-02 06:20:10,6.7267269416276845
2025-01-02 06:20:11,6.433627445811249
2025-01-02 06:20:12,6.50765524426887
2025-01-02 06:20:13,6.213780409391834
2025-01-02 06:20:14,7.12440896164669
2025-01-02 06:20:15,6.527735205855558
2025-01-02 06:20:16,6.636132060216458
2025-01-02 06:20:17,5.938249396386652
2025-01-02 06:20:18,6.39990747441888
2025-01-02 06:20:19,6.094038625575199
2025-01-02 06:20:20,6.250828903928935
2025-01-02 06:20:21,6.2434506630684234
2025-01-02 06:20:22,6.515881575095811
2025-01-02 06:20:23,6.666283587993782
2025-01-02 06:20:24,6.78661698055713
2025-01-02 06:20:25,6.119524043998536
2025-01-02 06:20:26,6.887646421311463
2025-01-02 06:20:27,6.282593667088307
2025-01-02 06:20:28,6.4175847315312415
2025-01-02 06:20:29,6.537732981956769
2025-01-02 06:20:30,6.206332859743402
2025-01-02 06:20:31,6.764379775433624
2025-01-02 06:20:32,6.132268458670073
2025-01-02 06:20:33,5.991973327663224
2025-01-02 06:20:34,6.466830310648214
2025-01-02 06:20:35,6.037130375192044
2025-01-02 06:20:36,6.714033722335252
2025-01-02 06:20:37,6.519202635393509
2025-01-02 06:20:38,6.846795684521614
2025-01-02 06:20:39,6.3915548211586595
2025-01-02 06:20:40,6.811493230371186
2025-01-02 06:20:41,6.388029935149739
2025-01-02 06:20:42,6.840743085658132
2025-01-02 06:20:43,5.704123699998843
2025-01-02 06:20:44,6.7054574595007495
2025-01-02 06:20:45,6.474530695045047
2025-01-02 06:20:46,6.396265805915648
2025-01-02 06:20:47,6.16544077899006
2025-01-02 06:20:48,6.524107607672532
2025-01-02 06:20:49,6.628825827811392
2025-01-02 06:20:50,6.774673095193902
2025-01-02 06:20:51,6.493263630112492
2025-01-02 06:20:52,6.470134800415604
2025-01-02 06:20:53,6.986941445709673
2025-01-02 06:20:54,6.630785586885792
2025-01-02 06:20:55,6.587182788090132
2025-01-02 06:20:56,7.072060934721236
2025-01-02 06:20:57,6.956243099645749
2025-01-02 06:20:58,7.155668112434868
2025-01-02 06:20:59,6.433708611007677
2025-01-02 06:21:00,6.518507190931038
2025-01-02 06:21:01,6.5694237216843945
2025-01-02 06:21:02,6.826747469386165
2025-01-02 06:21:03,6.449633561356426
2025-01-02 06:21:04,6.403560518087609
2025-01-02 06:21:05,6.757060416324591
2025-01-02 06:21:06,6.607935552264079
2025-01-02 06:21:07,6.3737092018142025
2025-01-02 06:21:08,6.584462094512122
2025-01-02 06:21:09,6.357085156831411
2025-01-02 06:21:10,6.533100920688697
2025-01-02 06:21:11,6.514173391751963
2025-01-02 06:21:12,6.552237574213625
2025-01-02 06:21:13,6.739837038853453
2025-01-02 06:21:14,6.461849020929562
2025-01-02 06:21:15,6.8623129185786125
2025-01-02 06:21:16,6.398788413342981
2025-01-02 06:21:17,
2025-01-02 06:21:18,6.470263900319117
2025-01-02 06:21:19,6.371621546104021
2025-01-02 06:21:20,6.443135402677933
2025-01-02 06:21:21,6.667660561478071
2025-01-02 06:21:22,6.591274262119833
2025-01-02 06:21:23,6.6379025275900645
2025-01-02 06:21:24,6.653591110123896
2025-01-02 06:21:25,6.152587672562071
2025-01-02 06:21:26,6.712035428093931
2025-01-02 06:21:27,6.091006507195334
2025-01-02 06:21:28,6.823298689686793
2025-01-02 06:21:29,6.899286707468325
2025-01-02 06:21:30,5.935071696038816
2025-01-02 06:21:31,7.142972345899443
2025-01-02 06:21:32,6.31310238376873
2025-01-02 06:21:33,6.18026128575198
2025-01-02 06:21:34,6.789573099474337
2025-01-02 06:21:35,6.39397976417483
2025-01-02 06:21:36,6.4057621052193
2025-01-02 06:21:37,6.197296166565421
2025-01-02 06:21:38,6.489719513929367
2025-01-02 06:21:39,6.678799607969101
2025-01-02 06:21:40,6.887550704817558
2025-01-02 06:21:41,6.633548054845639
2025-01-02 06:21:42,6.273006143168728
2025-01-02 06:21:43,6.473125432856516
2025-01-02 06:21:44,7.270746154355011
2025-01-02 06:21:45,6.392345629294776
2025-01-02 06:21:46,6.928200513703577
2025-01-02 06:21:47,6.439752133082829
2025-01-02 06:21:48,6.341794013555085
2025-01-02 06:21:49,6.315092797344235
2025-01-02 06:21:50,6.8680814517432545
2025-01-02 06:21:51,6.867622158237189
2025-01-02 06:21:52,6.959531927218166
2025-01-02 06:21:53,6.818387891782026
2025-01-02 06:21:54,6.307495087446416
2025-01-02 06:21:55,6.359302109823514
2025-01-02 06:21:56,6.282436473576048
2025-01-02 06:21:57,6.760854163001111
2025-01-02 06:21:58,6.34095600885961
2025-01-02 06:21:59,6.494145032032848
2025-01-02 06:22:00,6.331737723662995
2025-01-02 06:22:01,6.484567339064847
2025-01-02 06:22:02,6.74636165904096
2025-01-02 06:22:03,6.7345455272059045
2025-01-02 06:22:04,6.51952675680547
2025-01-02 06:22:05,6.601759169860511
2025-01-02 06:22:06,6.48304763365241
2025-01-02 06:22:07,6.485869925709035
2025-01-02 06:22:08,6.7559325186887556
2025-01-02 06:22:09,6.793904988034743
2025-01-02 06:22:10,6.654671141678496
2025-01-02 06:22:11,6.640321067956164
2025-01-02 06:22:12,6.492982595936119
2025-01-02 06:22:13,6.395797495100598
2025-01-02 06:22:14,6.760620787618145
2025-01-02 06:22:15,7.039826250690229
2025-01-02 06:22:16,6.175342744653296
2025-01-02 06:22:17,6.954749357721461
2025-01-02 06:22:18,7.174357597917563
2025-01-02 06:22:19,6.33309368056941
2025-01-02 06:22:20,6.740073458472636
2025-01-02 06:22:21,6.664569646623139
2025-01-02 06:22:22,6.4229494268520195
2025-01-02 06:22:23,6.975159851483635
2025-01-02 06:22:24,6.318569316188248
2025-01-02 06:22:25,6.361709685562821
2025-01-02 06:22:26,
2025-01-02 06:22:27,6.34747557364568
2025-01-02 06:22:28,6.070028246492488
2025-01-02 06:22:29,6.533196772577305
2025-01-02 06:22:30,6.736251414691639
2025-01-02 06:22:31,6.656588806521949
2025-01-02 06:22:32,6.2424848351682405
2025-01-02 06:22:33,6.360061730754961
2025-01-02 06:22:34,6.756854208353571
2025-01-02 06:22:35,6.477011148222164
2025-01-02 06:22:36,5.9818186698509335
2025-01-02 06:22:37,6.765778372250115
2025-01-02 06:22:38,6.974802032435066
2025-01-02 06:22:39,6.581226002179439
2025-01-02 06:22:40,6.351327938212965
2025-01-02 06:22:41,6.690407246265982
2025-01-02 06:22:42,6.568129079712758
2025-01-02 06:22:43,6.637511171114297
2025-01-02 06:22:44,6.627982314854912
2025-01-02 06:22:45,6.167276224639425
2025-01-02 06:22:46,6.475213537095075
2025-01-02 06:22:47,6.270682144372415
2025-01-02 06:22:48,5.967679283065429
2025-01-02 06:22:49,6.139881400897918
2025-01-02 06:22:50,5.921674175619759
2025-01-02 06:22:51,6.5785358045058135
2025-01-02 06:22:52,6.705592161172989
2025-01-02 06:22:53,6.279809860196493
2025-01-02 06:22:54,6.851703646971288
2025-01-02 06:22:55,7.08070634482402
2025-01-02 06:22:56,5.912899403431794
2025-01-02 06:22:57,6.59057383393999
2025-01-02 06:22:58,6.417143570317152
2025-01-02 06:22:59,6.364014761527685
2025-01-02 06:23:00,6.290621957943932
2025-01-02 06:23:01,6.345908890202781
2025-01-02 06:23:02,6.556662578595305
2025-01-02 06:23:03,6.457675900320997
2025-01-02 06:23:04,6.217983584840009
2025-01-02 06:23:05,6.113770085897905
2025-01-02 06:23:06,6.614713836366781
2025-01-02 06:23:07,6.373823706683983
2025-01-02 06:23:08,6.288335418442249
2025-01-02 06:23:09,6.48131248260333
2025-01-02 06:23:10,6.386440052829222
2025-01-02 06:23:11,6.278584419683318
2025-01-02 06:23:12,6.325479848991314
2025-01-02 06:23:13,6.138684025163872
2025-01-02 06:23:14,7.079478434483252
2025-01-02 06:23:15,6.420166872925021
2025-01-02 06:23:16,6.070413020671017
2025-01-02 06:23:17,6.76462060894747
2025-01-02 06:23:18,6.459891221236547
2025-01-02 06:23:19,6.511979998157132
2025-01-02 06:23:20,6.626783702622272
2025-01-02 06:23:21,6.315063712890606
2025-01-02 06:23:22,
2025-01-02 06:23:23,6.590190184866348
2025-01-02 06:23:24,6.710350847034835
2025-01-02 06:23:25,6.483562210846978
2025-01-02 06:23:26,6.305676886871687
2025-01-02 06:23:27,6.742156124140662
2025-01-02 06:23:28,6.426320337858952
2025-01-02 06:23:29,6.333438972076459
2025-01-02 06:23:30,6.218235828045899
2025-01-02 06:23:31,6.506203263885
2025-01-02 06:23:32,6.789561511546053
2025-01-02 06:23:33,6.400297632066519
2025-01-02 06:23:34,6.859258057694478
2025-01-02 06:23:35,6.717359973449099
2025-01-02 06:23:36,6.827360708721941
2025-01-02 06:23:37,6.306081289718256
2025-01-02 06:23:38,6.726233120995161
2025-01-02 06:23:39,6.303578383828833
2025-01-02 06:23:40,6.4982660940887
2025-01-02 06:23:41,7.168152076227394
2025-01-02 06:23:42,6.229494645181699
2025-01-02 06:23:43,6.418447765163581
2025-01-02 06:23:44,6.472402570380431
2025-01-02 06:23:45,6.4285552464861215
2025-01-02 06:23:46,6.594816191287136
2025-01-02 06:23:47,6.938829995609316
2025-01-02 06:23:48,6.7346109699372985
2025-01-02 06:23:49,6.551279511046052
2025-01-02 06:23:50,6.749307497305525
2025-01-02 06:23:51,5.823269219065008
2025-01-02 06:23:52,6.697563601808869
2025-01-02 06:23:53,6.7835157560078
2025-01-02 06:23:54,6.40550375945424
2025-01-02 06:23:55,7.40815505498786
2025-01-02 06:23:56,6.53383044534779
2025-01-02 06:23:57,6.595562935157448
2025-01-02 06:23:58,6.227731405083058
2025-01-02 06:23:59,6.326230942675793
2025-01-02 06:24:00,6.429306447701742
2025-01-02 06:24:01,7.034274091069912
2025-01-02 06:24:02,6.907770196489718
2025-01-02 06:24:03,6.408890618415797
2025-01-02 06:24:04,6.325895243246402
2025-01-02 06:24:05,6.20777126533209
2025-01-02 06:24:06,6.1655881943841635
2025-01-02 06:24:07,6.797654708347769
2025-01-02 06:24:08,6.573192741222147
2025-01-02 06:24:09,6.264365805949453
2025-01-02 06:24:10,6.329354913630069
2025-01-02 06:24:11,6.732175405788561
2025-01-02 06:24:12,6.565903107727951
2025-01-02 06:24:13,6.078288972224788
2025-01-02 06:24:14,6.290649471896992
2025-01-02 06:24:15,6.287893803948245
2025-01-02 06:24:16,6.702115526155266
2025-01-02 06:24:17,6.439793625996717
2025-01-02 06:24:18,6.5862536466991815
2025-01-02 06:24:19,6.746868801938983
2025-01-02 06:24:20,6.578530440126944
2025-01-02 06:24:21,6.598277767347699
2025-01-02 06:24:22,6.748522717978126
2025-01-02 06:24:23,6.439812886996393
2025-01-02 06:24:24,6.652488255410152
2025-01-02 06:24:25,6.18557004116784
2025-01-02 06:24:26,6.446816088803023
2025-01-02 06:24:27,6.335498492735254
2025-01-02 06:24:28,7.282623000115345
2025-01-02 06:24:29,7.2792460340483
2025-01-02 06:24:30,6.379000540865971
2025-01-02 06:24:31,6.495349858946483
2025-01-02 06:24:32,6.603773939814349
2025-01-02 06:24:33,6.969675785088634
2025-01-02 06:24:34,6.6489999223350065
2025-01-02 06:24:35,6.403591309870747
2025-01-02 06:24:36,6.58586718154708
2025-01-02 06:24:37,6.8941639772086445
2025-01-02 06:24:38,6.2854319948945925
2025-01-02 06:24:39,6.5807580741702765
2025-01-02 06:24:40,6.319960334649573
2025-01-02 06:24:41,6.863100973235303
2025-01-02 06:24:42,6.779570272221715
2025-01-02 06:24:43,6.245947576229748
2025-01-02 06:24:44,6.439837179850657
2025-01-02 06:24:45,6.359876000767196
2025-01-02 06:24:46,6.2291266367092035
2025-01-02 06:24:47,6.230702039777617
2025-01-02 06:24:48,6.765090592582804
2025-01-02 06:24:49,6.641834445836996
2025-01-02 06:24:50,6.457947668224223
2025-01-02 06:24:51,6.319369073989587
2025-01-02 06:24:52,6.115996358007377
2025-01-02 06:24:53,6.354092235870073
2025-01-02 06:24:54,6.449322003741404
2025-01-02 06:24:55,6.53368361067107
2025-01-02 06:24:56,6.313947085652887
2025-01-02 06:24:57,6.4912641542350515
2025-01-02 06:24:58,6.274225254584506
2025-01-02 06:24:59,6.258533233490907
2025-01-02 06:25:00,6.989705672614319
2025-01-02 06:25:01,6.305937295127943
2025-01-02 06:25:02,6.656073305176584
2025-01-02 06:25:03,6.984064589758079
2025-01-02 06:25:04,6.485211082528502
2025-01-02 06:25:05,6.751690935680881
2025-01-02 06:25:06,6.926561829125385
2025-01-02 06:25:07,6.403724104693803
2025-01-02 06:25:08,5.960885486102387
2025-01-02 06:25:09,6.685515457189554
2025-01-02 06:25:10,5.96964412884372
2025-01-02 06:25:11,7.070329783844344
2025-01-02 06:25:12,6.599685485048662
2025-01-02 06:25:13,6.973779057696577
2025-01-02 06:25:14,6.586652604559451
2025-01-02 06:25:15,6.192843065342741
2025-01-02 06:25:16,6.853546023173155
2025-01-02 06:25:17,6.224030797174029
2025-01-02 06:25:18,5.906318266016836
2025-01-02 06:25:19,5.97083874671549
2025-01-02 06:25:20,6.626789275927118
2025-01-02 06:25:21,6.384523185135213
2025-01-02 06:25:22,6.919514739751744
2025-01-02 06:25:23,6.259493468843858
2025-01-02 06:25:24,6.476645321492325
2025-01-02 06:25:25,6.113805746553656
2025-01-02 06:25:26,6.683343374771375
2025-01-02 06:25:27,6.072725666105327
2025-01-02 06:25:28,6.342400028519597
2025-01-02 06:25:29,6.575958975687491
2025-01-02 06:25:30,6.170323064020584
2025-01-02 06:25:31,6.732597769081841
2025-01-02 06:25:32,6.143838053046167
2025-01-02 06:25:33,6.642888245568616
2025-01-02 06:25:34,6.795104052511562
2025-01-02 06:25:35,
2025-01-02 06:25:36,6.622166899830212
2025-01-02 06:25:37,6.592752432125257
2025-01-02 06:25:38,6.36895974188287
2025-01-02 06:25:39,6.145622603740654
2025-01-02 06:25:40,6.420012984488112
2025-01-02 06:25:41,6.06075230225602
2025-01-02 06:25:42,6.931648277259173
2025-01-02 06:25:43,7.070200293859101
2025-01-02 06:25:44,6.80544077504902
2025-01-02 06:25:45,6.774957481697374
2025-01-02 06:25:46,6.70950658244151
2025-01-02 06:25:47,6.5124373939625055
2025-01-02 06:25:48,6.528156559013031
2025-01-02 06:25:49,6.607125059491402
2025-01-02 06:25:50,6.43799727999327
2025-01-02 06:25:51,6.501799037302432
2025-01-02 06:25:52,6.942987730195466
2025-01-02 06:25:53,7.008363113782978
2025-01-02 06:25:54,6.666351894746531
2025-01-02 06:25:55,6.623681971241599
2025-01-02 06:25:56,6.536885963361189
2025-01-02 06:25:57,6.445494707219398
2025-01-02 06:25:58,6.842996291550577
2025-01-02 06:25:59,6.196924695903537
2025-01-02 06:26:00,6.924229687997427
2025-01-02 06:26:01,6.247375393196366
2025-01-02 06:26:02,6.6194218143281445
2025-01-02 06:26:03,6.69846231796267
2025-01-02 06:26:04,6.506067640119444
2025-01-02 06:26:05,7.0285152189319655
2025-01-02 06:26:06,7.0959343096764025
2025-01-02 06:26:07,6.78767363046961
2025-01-02 06:26:08,6.8799966871673925
2025-01-02 06:26:09,6.579188714154406
2025-01-02 06:26:10,6.16614642064016
2025-01-02 06:26:11,6.082632029165032
2025-01-02 06:26:12,6.552123324619547
2025-01-02 06:26:13,6.6393305617135425
2025-01-02 06:26:14,6.293944270200977
2025-01-02 06:26:15,6.735998911758724
2025-01-02 06:26:16,6.682208519037557
2025-01-02 06:26:17,6.72945329113103
2025-01-02 06:26:18,6.472057192408171
2025-01-02 06:26:19,7.009612757827137
2025-01-02 06:26:20,6.15918733873043
2025-01-02 06:26:21,6.864999336669987
2025-01-02 06:26:22,6.380670670613784
2025-01-02 06:26:23,6.285020021696445
2025-01-02 06:26:24,6.2765375383935424
2025-01-02 06:26:25,6.370189166033344
2025-01-02 06:26:26,6.463152218701061
2025-01-02 06:26:27,6.841684916845888
2025-01-02 06:26:28,6.425051256498571
2025-01-02 06:26:29,6.236939265296976
2025-01-02 06:26:30,6.356778001331567
2025-01-02 06:26:31,6.506914166410779
2025-01-02 06:26:32,6.765218748394367
2025-01-02 06:26:33,6.735216934801127
2025-01-02 06:26:34,6.486801910416205
2025-01-02 06:26:35,6.709343983258382
2025-01-02 06:26:36,6.72408745480487
2025-01-02 06:26:37,6.071489569832649
2025-01-02 06:26:38,6.735266319583595
2025-01-02 06:26:39,6.972305423998637
2025-01-02 06:26:40,6.417169968602981
2025-01-02 06:26:41,6.658089256671079
2025-01-02 06:26:42,6.171437053344403
2025-01-02 06:26:43,6.533942906016181
2025-01-02 06:26:44,6.429080066834132
2025-01-02 06:26:45,6.354252355932686
2025-01-02 06:26:46,6.506607567487184
2025-01-02 06:26:47,6.317101918117756
2025-01-02 06:26:48,6.582650606968649
2025-01-02 06:26:49,6.667021499136297
2025-01-02 06:26:50,6.607455898746916
2025-01-02 06:26:51,7.147851774994427
2025-01-02 06:26:52,6.543239338769472
2025-01-02 06:26:53,6.641465510761029
2025-01-02 06:26:54,6.5278868944389705
2025-01-02 06:26:55,5.99438940855331
2025-01-02 06:26:56,6.725731044239327
2025-01-02 06:26:57,6.25539695831357
2025-01-02 06:26:58,6.374028416371737
2025-01-02 06:26:59,6.93611163139261
2025-01-02 06:27:00,6.222071702521941
2025-01-02 06:27:01,6.393818766331206
2025-01-02 06:27:02,6.173817684791808
2025-01-02 06:27:03,6.402808149351948
2025-01-02 06:27:04,5.832531429317866
2025-01-02 06:27:05,6.389415296038131
2025-01-02 06:27:06,6.621894836444356
2025-01-02 06:27:07,6.527536359789788
2025-01-02 06:27:08,6.612666465041831
2025-01-02 06:27:09,
2025-01-02 06:27:10,6.617845134519138
2025-01-02 06:27:11,6.473119382707906
2025-01-02 06:27:12,7.0780142605907415
2025-01-02 06:27:13,5.98086954693084
2025-01-02 06:27:14,6.841703842448678
2025-01-02 06:27:15,5.899694924917034
2025-01-02 06:27:16,6.605993178369188
2025-01-02 06:27:17,6.734486060776652
2025-01-02 06:27:18,6.42580844905898
2025-01-02 06:27:19,6.369135859395919
2025-01-02 06:27:20,6.956615450059329
2025-01-02 06:27:21,6.7660304374676645
2025-01-02 06:27:22,6.593597518692346
2025-01-02 06:27:23,6.523456954326193
2025-01-02 06:27:24,6.421611650474814
2025-01-02 06:27:25,6.25011778779903
2025-01-02 06:27:26,5.998502836195933
2025-01-02 06:27:27,6.728280262039623
2025-01-02 06:27:28,6.560265501182045
2025-01-02 06:27:29,6.761114303459564
2025-01-02 06:27:30,6.465629311588728
2025-01-02 06:27:31,6.4372530054132895
2025-01-02 06:27:32,6.778418907068911
2025-01-02 06:27:33,6.051432630143915
2025-01-02 06:27:34,6.563348672762249
2025-01-02 06:27:35,6.079304588225511
2025-01-02 06:27:36,6.2809966943452356
2025-01-02 06:27:37,6.211854436535648
2025-01-02 06:27:38,6.491506220190058
2025-01-02 06:27:39,6.119983577848532
2025-01-02 06:27:40,6.956170503060927
2025-01-02 06:27:41,5.737038623703238
2025-01-02 06:27:42,6.196946567860438
2025-01-02 06:27:43,
2025-01-02 06:27:44,6.59490826747603
2025-01-02 06:27:45,6.642875371514226
2025-01-02 06:27:46,6.467279754215335
2025-01-02 06:27:47,
2025-01-02 06:27:48,6.130384819941675
2025-01-02 06:27:49,6.032521168956444
2025-01-02 06:27:50,6.296824577413263
2025-01-02 06:27:51,7.048829119785253
2025-01-02 06:27:52,6.358584902423193
2025-01-02 06:27:53,6.239768218287416
2025-01-02 06:27:54,6.62348733846304
2025-01-02 06:27:55,6.408621660026074
2025-01-02 06:27:56,6.625254268267018
2025-01-02 06:27:57,6.606436168300061
2025-01-02 06:27:58,6.0995992531702345
2025-01-02 06:27:59,6.799104310358044
2025-01-02 06:28:00,6.267229533795038
2025-01-02 06:28:01,6.713794371506585
2025-01-02 06:28:02,6.774933106141556
2025-01-02 06:28:03,6.145744018121596
2025-01-02 06:28:04,6.4690564518812845
2025-01-02 06:28:05,6.2988466430976615
2025-01-02 06:28:06,6.460418006062016
2025-01-02 06:28:07,6.613844594281384
2025-01-02 06:28:08,5.8558076608443805
2025-01-02 06:28:09,6.372555150943323
2025-01-02 06:28:10,6.646263391447141
2025-01-02 06:28:11,6.575841088611003
2025-01-02 06:28:12,6.98392427628986
2025-01-02 06:28:13,6.482714681636705
2025-01-02 06:28:14,7.029775408379776
2025-01-02 06:28:15,6.299846588952833
2025-01-02 06:28:16,6.416619300570286
2025-01-02 06:28:17,6.320062642930049
2025-01-02 06:28:18,6.598932336703559
2025-01-02 06:28:19,6.917744808818565
2025-01-02 06:28:20,6.8236130242236985
2025-01-02 06:28:21,6.619326883854121
2025-01-02 06:28:22,6.553006828498327
2025-01-02 06:28:23,6.02036995816209
2025-01-02 06:28:24,6.734081701590806
2025-01-02 06:28:25,7.131544924582324
2025-01-02 06:28:26,6.332575012594794
2025-01-02 06:28:27,6.133189578662489
2025-01-02 06:28:28,6.93696798450295
2025-01-02 06:28:29,6.57558561642314
2025-01-02 06:28:30,6.667348143079463
2025-01-02 06:28:31,6.228901235045326
2025-01-02 06:28:32,6.106984857156409
2025-01-02 06:28:33,6.586453322643707
2025-01-02 06:28:34,6.637387051312727
2025-01-02 06:28:35,6.5469496557292075
2025-01-02 06:28:36,6.013702820710394
2025-01-02 06:28:37,6.467288633313335
2025-01-02 06:28:38,6.268114353674142
2025-01-02 06:28:39,6.7357887754514545
2025-01-02 06:28:40,6.79674284116282
2025-01-02 06:28:41,6.465651983786228
2025-01-02 06:28:42,6.4737178724715285
2025-01-02 06:28:43,6.559612910953355
2025-01-02 06:28:44,6.841898901945087
2025-01-02 06:28:45,6.311022749480715
2025-01-02 06:28:46,6.958805298006627
2025-01-02 06:28:47,6.202404513142105
2025-01-02 06:28:48,6.424453454382149
2025-01-02 06:28:49,7.018501306069431
2025-01-02 06:28:50,6.637624881706317
2025-01-02 06:28:51,6.5921014730193965
2025-01-02 06:28:52,6.650515083761844
2025-01-02 06:28:53,6.606579304694979
2025-01-02 06:28:54,6.273964402987793
2025-01-02 06:28:55,6.282116862639996
2025-01-02 06:28:56,6.961874070469224
2025-01-02 06:28:57,6.670761193056861
2025-01-02 06:28:58,6.896775483101191
2025-01-02 06:28:59,6.4379660353486114
2025-01-02 06:29:00,6.491267457217857
2025-01-02 06:29:01,6.439540428959998
2025-01-02 06:29:02,6.745391270686312
2025-01-02 06:29:03,6.550722620541356
2025-01-02 06:29:04,6.671223897437149
2025-01-02 06:29:05,6.240016416603724
2025-01-02 06:29:06,6.351932652452192
2025-01-02 06:29:07,6.851959641030707
2025-01-02 06:29:08,6.7094441675677166
2025-01-02 06:29:09,6.59627838658781
2025-01-02 06:29:10,6.017594290397306
2025-01-02 06:29:11,6.7575929557454915
2025-01-02 06:29:12,6.174815766331081
2025-01-02 06:29:13,7.0329545379952325
2025-01-02 06:29:14,6.660607990976575
2025-01-02 06:29:15,6.72368533012249
2025-01-02 06:29:16,6.612448854855011
2025-01-02 06:29:17,6.595182419076584
2025-01-02 06:29:18,
2025-01-02 06:29:19,6.084050649229614
2025-01-02 06:29:20,6.421155876648689
2025-01-02 06:29:21,7.105757302267923
2025-01-02 06:29:22,6.538937405245364
2025-01-02 06:29:23,6.413656342274141
2025-01-02 06:29:24,6.025548931137312
2025-01-02 06:29:25,6.746563892689439
2025-01-02 06:29:26,6.788278722456829
2025-01-02 06:29:27,6.439454168753956
2025-01-02 06:29:28,5.987050949239158
2025-01-02 06:29:29,6.745652019665783
2025-01-02 06:29:30,6.388612768846032
2025-01-02 06:29:31,6.24945837874848
2025-01-02 06:29:32,6.648593626899229
2025-01-02 06:29:33,6.4066762642156885
2025-01-02 06:29:34,6.4555349414398675
2025-01-02 06:29:35,6.56686364993985
2025-01-02 06:29:36,6.098656153252112
2025-01-02 06:29:37,5.86063275283471
2025-01-02 06:29:38,6.479710655712099
2025-01-02 06:29:39,6.42262865938319
2025-01-02 06:29:40,6.647211001774948
2025-01-02 06:29:41,6.135731680786775
2025-01-02 06:29:42,6.199182193667937
2025-01-02 06:29:43,5.960104546530363
2025-01-02 06:29:44,6.676926933824009
2025-01-02 06:29:45,5.94859394603513
2025-01-02 06:29:46,6.172990243035632
2025-01-02 06:29:47,6.536321377626248
2025-01-02 06:29:48,5.805918482356093
2025-01-02 06:29:49,7.142838756979296
2025-01-02 06:29:50,6.126667476895382
2025-01-02 06:29:51,7.248889951691261
2025-01-02 06:29:52,6.414310334242497
2025-01-02 06:29:53,6.8961165174096
2025-01-02 06:29:54,6.431585666335746
2025-01-02 06:29:55,6.953240665061255
2025-01-02 06:29:56,6.76166351165071
2025-01-02 06:29:57,6.601054599240567
2025-01-02 06:29:58,6.3762106632211335
2025-01-02 06:29:59,6.037448547847131
2025-01-02 06:30:00,6.488061714697781
2025-01-02 06:30:01,6.0432428274254875
2025-01-02 06:30:02,
2025-01-02 06:30:03,6.453939416713671
2025-01-02 06:30:04,6.217618450090589
2025-01-02 06:30:05,7.027403592547141
2025-01-02 06:30:06,6.593307800287278
2025-01-02 06:30:07,6.207966571037951
2025-01-02 06:30:08,6.751307056992196
2025-01-02 06:30:09,6.492784383325714
2025-01-02 06:30:10,6.680587751353796
2025-01-02 06:30:11,6.2647501274358035
2025-01-02 06:30:12,6.361547766679396
2025-01-02 06:30:13,6.150533180112265
2025-01-02 06:30:14,6.24830813226507
2025-01-02 06:30:15,6.162364134408151
2025-01-02 06:30:16,6.6493210738106985
2025-01-02 06:30:17,6.388814829982249
2025-01-02 06:30:18,6.403858060127516
2025-01-02 06:30:19,6.94129868951676
2025-01-02 06:30:20,6.648869656471699
2025-01-02 06:30:21,6.470833908446413
2025-01-02 06:30:22,5.670916051675688
2025-01-02 06:30:23,5.950001802489781
2025-01-02 06:30:24,6.470363725036253
2025-01-02 06:30:25,5.794081862554496
2025-01-02 06:30:26,6.435777251703965
2025-01-02 06:30:27,6.130095777293694
2025-01-02 06:30:28,6.430081337909589
2025-01-02 06:30:29,6.337173873470098
2025-01-02 06:30:30,6.727087076311884
2025-01-02 06:30:31,6.62478201481291
2025-01-02 06:30:32,
2025-01-02 06:30:33,6.660121321352367
2025-01-02 06:30:34,6.682058680142213
2025-01-02 06:30:35,6.300967784025837
2025-01-02 06:30:36,6.559924209126146
2025-01-02 06:30:37,6.418275325471484
2025-01-02 06:30:38,6.725136585013471
2025-01-02 06:30:39,6.219129584798692
2025-01-02 06:30:40,6.3995135525485045
2025-01-02 06:30:41,6.402710845156598
2025-01-02 06:30:42,6.389809145710879
2025-01-02 06:30:43,6.774659311626254
2025-01-02 06:30:44,6.54683217593079
2025-01-02 06:30:45,6.956473365756378
2025-01-02 06:30:46,6.4459466424569145
2025-01-02 06:30:47,6.245922353041301
2025-01-02 06:30:48,6.751772338066837
2025-01-02 06:30:49,6.634716853710762
2025-01-02 06:30:50,6.6247593284246795
2025-01-02 06:30:51,6.570204074319633
2025-01-02 06:30:52,6.734480648345007
2025-01-02 06:30:53,6.589544723129296
2025-01-02 06:30:54,6.432328933405285
2025-01-02 06:30:55,6.774400657640582
2025-01-02 06:30:56,6.598046324606997
2025-01-02 06:30:57,6.2513281198371
2025-01-02 06:30:58,6.174627190969453
2025-01-02 06:30:59,7.007503841103484
2025-01-02 06:31:00,6.743890244174298
2025-01-02 06:31:01,6.306590661866796
2025-01-02 06:31:02,6.390139666817895
2025-01-02 06:31:03,6.19118960240315
2025-01-02 06:31:04,6.415214580937814
2025-01-02 06:31:05,6.477093992433413
2025-01-02 06:31:06,6.4629118594439285
2025-01-02 06:31:07,6.711307581541394
2025-01-02 06:31:08,6.347141024246095
2025-01-02 06:31:09,6.388340397661134
2025-01-02 06:31:10,6.423849688948436
2025-01-02 06:31:11,6.298219328898036
2025-01-02 06:31:12,6.663903522637978
2025-01-02 06:31:13,7.14609930594894
2025-01-02 06:31:14,6.1934969161916475
2025-01-02 06:31:15,6.523430650894816
2025-01-02 06:31:16,6.4054971139745405
2025-01-02 06:31:17,6.216153218183036
2025-01-02 06:31:18,6.358080778326126
2025-01-02 06:31:19,6.426124966195998
2025-01-02 06:31:20,6.21987111381855
2025-01-02 06:31:21,6.785479229206051
2025-01-02 06:31:22,6.151256342437031
2025-01-02 06:31:23,6.386319945220465
2025-01-02 06:31:24,5.993737555024706
2025-01-02 06:31:25,6.776312611663088
2025-01-02 06:31:26,6.758364963591389
2025-01-02 06:31:27,6.123337712487304
2025-01-02 06:31:28,5.942509990469624
2025-01-02 06:31:29,6.0304311631799825
2025-01-02 06:31:30,6.797289695417054
2025-01-02 06:31:31,6.750133913242131
2025-01-02 06:31:32,6.607510651974618
2025-01-02 06:31:33,6.683568557272984
2025-01-02 06:31:34,6.9373011835640535
2025-01-02 06:31:35,6.437169780958008
2025-01-02 06:31:36,6.406209212057732
2025-01-02 06:31:37,6.601474165556339
2025-01-02 06:31:38,6.14972908898671
2025-01-02 06:31:39,6.700208520197613
2025-01-02 06:31:40,6.018503938589631
2025-01-02 06:31:41,6.08332331589947
2025-01-02 06:31:42,6.290965711336615
2025-01-02 06:31:43,6.87590359515898
2025-01-02 06:31:44,6.270770042263646
2025-01-02 06:31:45,6.485014892339972
2025-01-02 06:31:46,6.531568377272366
2025-01-02 06:31:47,6.642918009771557
2025-01-02 06:31:48,6.287759179177115
2025-01-02 06:31:49,6.249102629851052
2025-01-02 06:31:50,6.819909878081424
2025-01-02 06:31:51,6.319242061005945
2025-01-02 06:31:52,6.624673889608832
2025-01-02 06:31:53,6.532252034120231
2025-01-02 06:31:54,5.515147057058307
2025-01-02 06:31:55,6.926551804213797
2025-01-02 06:31:56,6.503015020736507
2025-01-02 06:31:57,6.337495263049286
2025-01-02 06:31:58,5.682001794744548
2025-01-02 06:31:59,
2025-01-02 06:32:00,6.305581158659768
2025-01-02 06:32:01,6.072880362676646
2025-01-02 06:32:02,6.234827655468361
2025-01-02 06:32:03,6.319743912200639
2025-01-02 06:32:04,6.202558926515779
2025-01-02 06:32:05,6.827137999561715
2025-01-02 06:32:06,6.740205883130271
2025-01-02 06:32:07,6.68347619500251
2025-01-02 06:32:08,6.452275234719006
2025-01-02 06:32:09,6.474648139140679
2025-01-02 06:32:10,6.528942190016297
2025-01-02 06:32:11,6.175945358290615
2025-01-02 06:32:12,6.6165659735533096
2025-01-02 06:32:13,6.731892397063692
2025-01-02 06:32:14,6.1933101640206605
2025-01-02 06:32:15,6.520864199193269
2025-01-02 06:32:16,6.1392903759404325
2025-01-02 06:32:17,6.140922792278699
2025-01-02 06:32:18,6.5420938005641185
2025-01-02 06:32:19,6.513866191712165
2025-01-02 06:32:20,
2025-01-02 06:32:21,6.668932679986195
2025-01-02 06:32:22,5.7691693070484265
2025-01-02 06:32:23,6.272554274404975
2025-01-02 06:32:24,6.241044522925876
2025-01-02 06:32:25,6.494678965146525
2025-01-02 06:32:26,6.106931476800398
2025-01-02 06:32:27,5.615249187971336
2025-01-02 06:32:28,6.017470236600184
2025-01-02 06:32:29,6.72728445133209
2025-01-02 06:32:30,7.059300320063909
2025-01-02 06:32:31,6.399852428293931
2025-01-02 06:32:32,6.491974193469802
2025-01-02 06:32:33,6.447666463017421
2025-01-02 06:32:34,6.521744647527052
2025-01-02 06:32:35,5.761133412345153
2025-01-02 06:32:36,6.595172456738281
2025-01-02 06:32:37,6.684497028741758
2025-01-02 06:32:38,6.7201513294711015
2025-01-02 06:32:39,6.642300515074588
2025-01-02 06:32:40,5.8695823616293765
2025-01-02 06:32:41,6.301307440632178
2025-01-02 06:32:42,5.760569817476065
2025-01-02 06:32:43,6.330272039398198
2025-01-02 06:32:44,6.315024538871461
2025-01-02 06:32:45,6.220393132150016
2025-01-02 06:32:46,6.640219216217463
2025-01-02 06:32:47,6.516808082643462
2025-01-02 06:32:48,7.259625547807796
2025-01-02 06:32:49,6.203698074157093
2025-01-02 06:32:50,6.39601621464345
2025-01-02 06:32:51,6.574809384477626
2025-01-02 06:32:52,6.728672565866659
2025-01-02 06:32:53,6.4766919263200915
2025-01-02 06:32:54,6.259309838379755
2025-01-02 06:32:55,6.397161136602852
2025-01-02 06:32:56,6.249950614395425
2025-01-02 06:32:57,5.997974967937088
2025-01-02 06:32:58,6.23809991444453
2025-01-02 06:32:59,6.538520482427247
2025-01-02 06:33:00,6.086880039550122
2025-01-02 06:33:01,6.482369887486307
2025-01-02 06:33:02,5.882717265337157
2025-01-02 06:33:03,6.3797895207593704
2025-01-02 06:33:04,6.853509284978872
2025-01-02 06:33:05,6.038093255069874
2025-01-02 06:33:06,6.212350442248579
2025-01-02 06:33:07,6.188493247685864
2025-01-02 06:33:08,5.9113475783759135
2025-01-02 06:33:09,6.641435749479243
2025-01-02 06:33:10,6.532572634365221
2025-01-02 06:33:11,6.390587412398046
2025-01-02 06:33:12,6.438876129698859
2025-01-02 06:33:13,6.7440645420795
2025-01-02 06:33:14,6.32491370940014
2025-01-02 06:33:15,6.348428567746076
2025-01-02 06:33:16,6.451281431139957
2025-01-02 06:33:17,6.61602274481178
2025-01-02 06:33:18,6.724717777249687
2025-01-02 06:33:19,6.798987527389196
2025-01-02 06:33:20,6.391017883678804
2025-01-02 06:33:21,6.834574750727737
2025-01-02 06:33:22,6.36387468779904
2025-01-02 06:33:23,6.763043568012866
2025-01-02 06:33:24,6.497476456040771
2025-01-02 06:33:25,6.431371961637604
2025-01-02 06:33:26,6.683029548184909
2025-01-02 06:33:27,6.607397985730765
2025-01-02 06:33:28,6.603559671015981
2025-01-02 06:33:29,6.16874020545417
2025-01-02 06:33:30,6.730241225153918
2025-01-02 06:33:31,6.747662336475379
2025-01-02 06:33:32,5.873822155031883
2025-01-02 06:33:33,6.382604822750027
2025-01-02 06:33:34,6.077776023514921
2025-01-02 06:33:35,6.815544368397655
2025-01-02 06:33:36,6.469421129980839
2025-01-02 06:33:37,6.767349739562253
2025-01-02 06:33:38,7.051751832163106
2025-01-02 06:33:39,6.4602572218947625
2025-01-02 06:33:40,6.6064533634068106
2025-01-02 06:33:41,6.141771557958719
2025-01-02 06:33:42,6.564713102579685
2025-01-02 06:33:43,6.886422996929224
2025-01-02 06:33:44,6.715044552725474
2025-01-02 06:33:45,6.5186288398475325
2025-01-02 06:33:46,6.723937560485596
2025-01-02 06:33:47,6.046173528642934
2025-01-02 06:33:48,6.512430761412182
2025-01-02 06:33:49,6.816216720600329
2025-01-02 06:33:50,6.687243563550222
2025-01-02 06:33:51,6.486702816609384
2025-01-02 06:33:52,6.664106589336985
2025-01-02 06:33:53,6.678783235699656
2025-01-02 06:33:54,6.238634281530263
2025-01-02 06:33:55,6.803160891735718
2025-01-02 06:33:56,6.3464046191030326
2025-01-02 06:33:57,
2025-01-02 06:33:58,6.075738488759782
2025-01-02 06:33:59,6.197394708020504
2025-01-02 06:34:00,6.357749728933227
2025-01-02 06:34:01,6.361618262940394
2025-01-02 06:34:02,6.2041474028373305
2025-01-02 06:34:03,6.332070541911449
2025-01-02 06:34:04,6.3205123600870055
2025-01-02 06:34:05,6.56942322255902
2025-01-02 06:34:06,6.824033449062296
2025-01-02 06:34:07,6.3985622161310625
2025-01-02 06:34:08,6.175223162177321
2025-01-02 06:34:09,6.074249061982877
2025-01-02 06:34:10,6.270280300436858
2025-01-02 06:34:11,6.512828695362526
2025-01-02 06:34:12,6.302598097633504
2025-01-02 06:34:13,6.274000110316729
2025-01-02 06:34:14,6.420153787134072
2025-01-02 06:34:15,6.194116616476761
2025-01-02 06:34:16,6.359542599387228
2025-01-02 06:34:17,6.836988725870168
2025-01-02 06:34:18,6.141365655347826
2025-01-02 06:34:19,6.638327789805115
2025-01-02 06:34:20,6.122935190240781
2025-01-02 06:34:21,6.153005151569682
2025-01-02 06:34:22,6.433306311001523
2025-01-02 06:34:23,6.478253041476773
2025-01-02 06:34:24,6.121012494577331
2025-01-02 06:34:25,6.037718882254884
2025-01-02 06:34:26,6.635000053628494
2025-01-02 06:34:27,6.532644008338923
2025-01-02 06:34:28,6.040405163464034
2025-01-02 06:34:29,6.593682633708459
2025-01-02 06:34:30,6.832452192410212
2025-01-02 06:34:31,6.348416212245474
2025-01-02 06:34:32,6.131534107563452
2025-01-02 06:34:33,6.093383935738725
2025-01-02 06:34:34,6.9487293336811495
2025-01-02 06:34:35,6.694928293392867
2025-01-02 06:34:36,6.627185038946615
2025-01-02 06:34:37,6.231358297415634
2025-01-02 06:34:38,6.393086552461614
2025-01-02 06:34:39,5.834793660070299
2025-01-02 06:34:40,6.504690448626144
2025-01-02 06:34:41,6.515657226686233
2025-01-02 06:34:42,6.570319176882881
2025-01-02 06:34:43,6.046927503329121
2025-01-02 06:34:44,6.0676276649836085
2025-01-02 06:34:45,6.356805784812013
2025-01-02 06:34:46,5.79775734366838
2025-01-02 06:34:47,6.605723780414374
2025-01-02 06:34:48,6.860095222110609
2025-01-02 06:34:49,5.863849661744132
2025-01-02 06:34:50,5.962431359202514
2025-01-02 06:34:51,6.980545925849243
2025-01-02 06:34:52,6.227588500672926
2025-01-02 06:34:53,6.717880524106651
2025-01-02 06:34:54,6.118688568476342
2025-01-02 06:34:55,6.729563888325134
2025-01-02 06:34:56,6.741601248978578
2025-01-02 06:34:57,7.0775299261517395
2025-01-02 06:34:58,6.334762779257787
2025-01-02 06:34:59,6.381714675999783
2025-01-02 06:35:00,6.4176412342663784
2025-01-02 06:35:01,6.677445975932875
2025-01-02 06:35:02,6.519623310042188
2025-01-02 06:35:03,6.645360381517059
2025-01-02 06:35:04,6.512182656232345
2025-01-02 06:35:05,6.57603588827327
2025-01-02 06:35:06,6.587149629872489
2025-01-02 06:35:07,6.006033856496704
2025-01-02 06:35:08,6.30257595672705
2025-01-02 06:35:09,6.500996069227633
2025-01-02 06:35:10,6.420517367517713
2025-01-02 06:35:11,6.354599073724065
2025-01-02 06:35:12,6.678819887588142
2025-01-02 06:35:13,6.140516911239937
2025-01-02 06:35:14,5.919022879312702
2025-01-02 06:35:15,6.22748780856957
2025-01-02 06:35:16,6.462527543761713
2025-01-02 06:35:17,6.17494181421552
2025-01-02 06:35:18,6.807527853713926
2025-01-02 06:35:19,6.528513473280549
2025-01-02 06:35:20,6.748048529768513
2025-01-02 06:35:21,6.530410253147366
2025-01-02 06:35:22,6.696978594438217
2025-01-02 06:35:23,6.910659787253681
2025-01-02 06:35:24,6.784513058623969
2025-01-02 06:35:25,6.1597998188313605
2025-01-02 06:35:26,6.12540809932104
2025-01-02 06:35:27,6.501608524783324
2025-01-02 06:35:28,5.91487295099449
2025-01-02 06:35:29,
2025-01-02 06:35:30,5.797100175746144
2025-01-02 06:35:31,6.228333438135176
2025-01-02 06:35:32,6.450635634518546
2025-01-02 06:35:33,6.5297783027167835
2025-01-02 06:35:34,5.761021282423595
2025-01-02 06:35:35,6.221308516067701
2025-01-02 06:35:36,6.460822993485426
2025-01-02 06:35:37,6.398270881125714
2025-01-02 06:35:38,6.553058626439525
2025-01-02 06:35:39,6.390526500955492
2025-01-02 06:35:40,6.895513038047454
2025-01-02 06:35:41,6.397138355048528
2025-01-02 06:35:42,6.47291835713337
2025-01-02 06:35:43,6.179187187916373
2025-01-02 06:35:44,6.7219034310801735
2025-01-02 06:35:45,6.168597269688058
2025-01-02 06:35:46,6.578490563651023
2025-01-02 06:35:47,6.413544522192208
2025-01-02 06:35:48,6.48215545227847
2025-01-02 06:35:49,6.761567138442632
2025-01-02 06:35:50,6.818351874412185
2025-01-02 06:35:51,6.598662620464283
2025-01-02 06:35:52,6.438351548138419
2025-01-02 06:35:53,6.924347051348019
2025-01-02 06:35:54,6.275984240610967
2025-01-02 06:35:55,6.4841538870357684
2025-01-02 06:35:56,5.869962089771613
2025-01-02 06:35:57,6.393343969149818
2025-01-02 06:35:58,5.850398850488203
2025-01-02 06:35:59,6.513646874582318
2025-01-02 06:36:00,6.4083739566215625
2025-01-02 06:36:01,6.519963796034498
2025-01-02 06:36:02,6.578049954944934
2025-01-02 06:36:03,6.559546415276232
2025-01-02 06:36:04,6.527379781088921
2025-01-02 06:36:05,6.143313561796986
2025-01-02 06:36:06,6.229236781101689
2025-01-02 06:36:07,5.933374633984988
2025-01-02 06:36:08,6.474229279100408
2025-01-02 06:36:09,6.29061937567112
2025-01-02 06:36:10,6.092120771392268
2025-01-02 06:36:11,6.119631202048453
2025-01-02 06:36:12,6.557339538699192
2025-01-02 06:36:13,6.030363458142064
2025-01-02 06:36:14,6.242248280532765
2025-01-02 06:36:15,6.168337118722254
2025-01-02 06:36:16,7.030114570119945
2025-01-02 06:36:17,6.049096163663709
2025-01-02 06:36:18,6.183934847824244
2025-01-02 06:36:19,6.10163250104364
2025-01-02 06:36:20,6.150349355676901
2025-01-02 06:36:21,6.7878637193410665
2025-01-02 06:36:22,6.551916101715931
2025-01-02 06:36:23,6.206619461489978
2025-01-02 06:36:24,6.812874850802101
2025-01-02 06:36:25,6.431359366114088
2025-01-02 06:36:26,6.359837454168735
2025-01-02 06:36:27,6.675400546102873
2025-01-02 06:36:28,6.436746203487703
2025-01-02 06:36:29,6.447136689647931
2025-01-02 06:36:30,6.3693043858186025
2025-01-02 06:36:31,6.904393280411428
2025-01-02 06:36:32,6.487265224185222
2025-01-02 06:36:33,6.356925755625903
2025-01-02 06:36:34,6.335398966746725
2025-01-02 06:36:35,6.407787379893175
2025-01-02 06:36:36,6.185916267802726
2025-01-02 06:36:37,6.22501718929262
2025-01-02 06:36:38,6.361180314022672
2025-01-02 06:36:39,6.475119831958334
2025-01-02 06:36:40,6.185344190485727
2025-01-02 06:36:41,6.454301638744415
2025-01-02 06:36:42,6.27088147081002
2025-01-02 06:36:43,6.747004203327118
2025-01-02 06:36:44,6.057774597959462
2025-01-02 06:36:45,6.330047840177929
2025-01-02 06:36:46,6.725681995682036
2025-01-02 06:36:47,6.340015585457028
2025-01-02 06:36:48,6.529694791171559
2025-01-02 06:36:49,6.350120430706601
2025-01-02 06:36:50,6.28782490694935
2025-01-02 06:36:51,6.286441925896349
2025-01-02 06:36:52,6.354775957306043
2025-01-02 06:36:53,6.536760572376248
2025-01-02 06:36:54,6.82981847198689
2025-01-02 06:36:55,6.676885693404444
2025-01-02 06:36:56,6.735659457606046
2025-01-02 06:36:57,6.4391262609961215
2025-01-02 06:36:58,6.241134431162978
2025-01-02 06:36:59,6.4620855452055554
2025-01-02 06:37:00,6.580968533428422
2025-01-02 06:37:01,6.398456802107502
2025-01-02 06:37:02,6.396444697664739
2025-01-02 06:37:03,6.101791102680971
2025-01-02 06:37:04,6.285857578063423
2025-01-02 06:37:05,
2025-01-02 06:37:06,6.52448582021159
2025-01-02 06:37:07,6.5029229842053144
2025-01-02 06:37:08,6.396680987688205
2025-01-02 06:37:09,6.872213127422557
2025-01-02 06:37:10,6.130496971468869
2025-01-02 06:37:11,6.214484598086931
2025-01-02 06:37:12,6.946913619063985
2025-01-02 06:37:13,6.086495626534148
2025-01-02 06:37:14,6.453045452010533
2025-01-02 06:37:15,6.4800958027497115
2025-01-02 06:37:16,6.586991965834352
2025-01-02 06:37:17,6.682053053540897
2025-01-02 06:37:18,6.3139816442550964
2025-01-02 06:37:19,6.417997172705481
2025-01-02 06:37:20,7.2011913837908095
2025-01-02 06:37:21,6.234868309806023
2025-01-02 06:37:22,6.283601602903875
2025-01-02 06:37:23,6.523235805422364
2025-01-02 06:37:24,5.597929792952832
2025-01-02 06:37:25,6.0384814534177
2025-01-02 06:37:26,
2025-01-02 06:37:27,5.992949402247576
2025-01-02 06:37:28,6.43354122355125
2025-01-02 06:37:29,
2025-01-02 06:37:30,5.663322789750984
2025-01-02 06:37:31,6.61584310822874
2025-01-02 06:37:32,5.964643349423044
2025-01-02 06:37:33,6.266178117959919
2025-01-02 06:37:34,6.620986787706084
2025-01-02 06:37:35,6.442060810582778
2025-01-02 06:37:36,6.221420564421181
2025-01-02 06:37:37,6.474017698423621
2025-01-02 06:37:38,6.528189968046794
2025-01-02 06:37:39,6.633831131226106
2025-01-02 06:37:40,6.34026057431218
2025-01-02 06:37:41,6.168883300977795
2025-01-02 06:37:42,6.305107873109748
2025-01-02 06:37:43,6.204269449285237
2025-01-02 06:37:44,6.892871110092253
2025-01-02 06:37:45,6.677908399816836
2025-01-02 06:37:46,7.107140191786353
2025-01-02 06:37:47,6.270008323959392
2025-01-02 06:37:48,6.70450064279382
2025-01-02 06:37:49,6.25680332209672
2025-01-02 06:37:50,6.152305768662999
2025-01-02 06:37:51,6.457986624223815
2025-01-02 06:37:52,6.150694558157013
2025-01-02 06:37:53,5.944328519091862
2025-01-02 06:37:54,6.568954169824615
2025-01-02 06:37:55,6.460806455724889
2025-01-02 06:37:56,6.35765054095994
2025-01-02 06:37:57,6.231346244860971
2025-01-02 06:37:58,
2025-01-02 06:37:59,6.485541193907845
2025-01-02 06:38:00,6.731730658978482
2025-01-02 06:38:01,6.145697726614746
2025-01-02 06:38:02,6.647252340805232
2025-01-02 06:38:03,6.353593720141725
2025-01-02 06:38:04,6.488723045200258
2025-01-02 06:38:05,6.836159392623977
2025-01-02 06:38:06,6.505616208023971
2025-01-02 06:38:07,6.31000242432973
2025-01-02 06:38:08,6.502037533428796
2025-01-02 06:38:09,5.866052445562828
2025-01-02 06:38:10,5.841472317806434
2025-01-02 06:38:11,6.631443086465888
2025-01-02 06:38:12,6.589508376292714
2025-01-02 06:38:13,6.3689412441779405
2025-01-02 06:38:14,
2025-01-02 06:38:15,6.325472887107659
2025-01-02 06:38:16,6.449759396313999
2025-01-02 06:38:17,5.660371829854744
2025-01-02 06:38:18,5.88849892834235
2025-01-02 06:38:19,6.105788078788173
2025-01-02 06:38:20,6.870781601319854
2025-01-02 06:38:21,6.656388684728564
2025-01-02 06:38:22,5.956485013652788
2025-01-02 06:38:23,6.755653239163267
2025-01-02 06:38:24,6.513259247550736
2025-01-02 06:38:25,6.494743578826256
2025-01-02 06:38:26,
2025-01-02 06:38:27,6.3060818012976405
2025-01-02 06:38:28,6.353040511905211
2025-01-02 06:38:29,6.147730924152475
2025-01-02 06:38:30,6.425112296512588
2025-01-02 06:38:31,
2025-01-02 06:38:32,6.537927504511195
2025-01-02 06:38:33,6.480687653182902
2025-01-02 06:38:34,6.944221743727326
2025-01-02 06:38:35,6.523963839836531
2025-01-02 06:38:36,6.805807060103211
2025-01-02 06:38:37,6.637929707852396
2025-01-02 06:38:38,6.627792267071977
2025-01-02 06:38:39,6.850601950435487
2025-01-02 06:38:40,6.178667288095349
2025-01-02 06:38:41,6.690503435508089
2025-01-02 06:38:42,6.663730393524393
2025-01-02 06:38:43,
2025-01-02 06:38:44,6.537112950433104
2025-01-02 06:38:45,6.5803413591658
2025-01-02 06:38:46,6.509904975728476
2025-01-02 06:38:47,6.642699279021343
2025-01-02 06:38:48,6.5136262200797725
2025-01-02 06:38:49,6.531391996311182
2025-01-02 06:38:50,6.227681499732129
2025-01-02 06:38:51,6.210423494060864
2025-01-02 06:38:52,6.727141590570816
2025-01-02 06:38:53,6.2899636120571785
2025-01-02 06:38:54,6.616283671412927
2025-01-02 06:38:55,6.515539938206103
2025-01-02 06:38:56,6.330896607702415
2025-01-02 06:38:57,6.518529199968408
2025-01-02 06:38:58,5.940285776754221
2025-01-02 06:38:59,6.562688343624814
2025-01-02 06:39:00,6.501165808411766
2025-01-02 06:39:01,6.42123562755025
2025-01-02 06:39:02,6.454244562157415
2025-01-02 06:39:03,6.929400026651308
2025-01-02 06:39:04,6.247149600414481
2025-01-02 06:39:05,6.137955432120451
2025-01-02 06:39:06,6.499471553518849
2025-01-02 06:39:07,6.250065980427776
2025-01-02 06:39:08,6.2444402134024894
2025-01-02 06:39:09,6.707748644568612
2025-01-02 06:39:10,6.472617486784136
2025-01-02 06:39:11,6.22588916674347
2025-01-02 06:39:12,6.238545747419938
2025-01-02 06:39:13,6.791624845358272
2025-01-02 06:39:14,6.506915314082154
2025-01-02 06:39:15,5.996439292775574
2025-01-02 06:39:16,6.200989708678168
2025-01-02 06:39:17,6.2025344600922026
2025-01-02 06:39:18,6.771463026802781
2025-01-02 06:39:19,6.131820239632664
2025-01-02 06:39:20,6.382624145361889
2025-01-02 06:39:21,6.459471842786296
2025-01-02 06:39:22,7.013576725697049
2025-01-02 06:39:23,6.498338541857025
2025-01-02 06:39:24,6.797722640793369
2025-01-02 06:39:25,5.819098971015188
2025-01-02 06:39:26,6.528153473093934
2025-01-02 06:39:27,6.286354363087433
2025-01-02 06:39:28,6.6899792146865416
2025-01-02 06:39:29,6.586328676847365
2025-01-02 06:39:30,6.028749804981729
2025-01-02 06:39:31,6.2223836249854845
2025-01-02 06:39:32,6.139898853952087
2025-01-02 06:39:33,6.726862772243143
2025-01-02 06:39:34,6.446268147105318
2025-01-02 06:39:35,6.7408480161174165
2025-01-02 06:39:36,6.26038639349705
2025-01-02 06:39:37,6.320233728837291
2025-01-02 06:39:38,6.4361577115171125
2025-01-02 06:39:39,6.709345486426632
2025-01-02 06:39:40,6.5559278634895435
2025-01-02 06:39:41,6.155184118894766
2025-01-02 06:39:42,6.8439673892083865
2025-01-02 06:39:43,6.203691753086738
2025-01-02 06:39:44,6.367506991808166
2025-01-02 06:39:45,6.562309007244644
2025-01-02 06:39:46,6.271923765520747
2025-01-02 06:39:47,6.730017859056555
2025-01-02 06:39:48,6.734029428377708
2025-01-02 06:39:49,6.077907869619075
2025-01-02 06:39:50,5.983077377613538
2025-01-02 06:39:51,6.219086499268369
2025-01-02 06:39:52,6.41555043724963
2025-01-02 06:39:53,6.282328368302425
2025-01-02 06:39:54,6.4758735038513
2025-01-02 06:39:55,6.376358512123227
2025-01-02 06:39:56,6.61140518450724
2025-01-02 06:39:57,6.695147101425424
2025-01-02 06:39:58,6.313782446861701
2025-01-02 06:39:59,6.5020272173103875
2025-01-02 06:40:00,6.246691327484104
2025-01-02 06:40:01,6.952479088375911
2025-01-02 06:40:02,6.194015342035963
2025-01-02 06:40:03,6.3585711837450605
2025-01-02 06:40:04,6.27918455879596
2025-01-02 06:40:05,6.373891735452805
2025-01-02 06:40:06,6.303742117054502
2025-01-02 06:40:07,6.6973234806729645
2025-01-02 06:40:08,6.489538898974454
2025-01-02 06:40:09,6.385514881652431
2025-01-02 06:40:10,6.088049895164072
2025-01-02 06:40:11,6.159392927482969
2025-01-02 06:40:12,6.18359935629407
2025-01-02 06:40:13,6.149458107144436
2025-01-02 06:40:14,6.791836658554612
2025-01-02 06:40:15,6.268086958381965
2025-01-02 06:40:16,6.3519223844361505
2025-01-02 06:40:17,6.7115701495817675
2025-01-02 06:40:18,6.5093183629268765
2025-01-02 06:40:19,6.147332665002856
2025-01-02 06:40:20,6.814782129517704
2025-01-02 06:40:21,5.996529643994122
2025-01-02 06:40:22,6.042618434052976
2025-01-02 06:40:23,6.29330599435158
2025-01-02 06:40:24,6.346530700429858
2025-01-02 06:40:25,6.1940960589338365
2025-01-02 06:40:26,6.373210214172351
2025-01-02 06:40:27,6.849358805318738
2025-01-02 06:40:28,6.258760593403241
2025-01-02 06:40:29,6.944734582253306
2025-01-02 06:40:30,6.342713560896965
2025-01-02 06:40:31,6.197477508594294
2025-01-02 06:40:32,6.169592167044694
2025-01-02 06:40:33,6.247729848619235
2025-01-02 06:40:34,6.104420484679365
2025-01-02 06:40:35,6.411316104798677
2025-01-02 06:40:36,6.982826142680354
2025-01-02 06:40:37,6.118304580187903
2025-01-02 06:40:38,6.529757034931007
2025-01-02 06:40:39,6.431016865285459
2025-01-02 06:40:40,6.512541160785926
2025-01-02 06:40:41,5.827380313910179
2025-01-02 06:40:42,6.576520809869556
2025-01-02 06:40:43,5.950616589227568
2025-01-02 06:40:44,6.95655059007579
2025-01-02 06:40:45,6.117443197098143
2025-01-02 06:40:46,6.244074223000365
2025-01-02 06:40:47,5.847628156834485
2025-01-02 06:40:48,6.306913638754406
2025-01-02 06:40:49,6.144198697050361
2025-01-02 06:40:50,6.332131033016198
2025-01-02 06:40:51,6.2325381623298695
2025-01-02 06:40:52,6.146248888811493
2025-01-02 06:40:53,6.054992343439682
2025-01-02 06:40:54,6.2664197046021135
2025-01-02 06:40:55,6.280490862790522
2025-01-02 06:40:56,6.039203717522087
2025-01-02 06:40:57,6.451384370199875
2025-01-02 06:40:58,6.096745169780531
2025-01-02 06:40:59,6.2031651371538965
2025-01-02 06:41:00,6.7746890753189914
2025-01-02 06:41:01,6.861440960788981
2025-01-02 06:41:02,5.828209479195808
2025-01-02 06:41:03,6.301914273768838
2025-01-02 06:41:04,6.358215071650695
2025-01-02 06:41:05,6.350077912906188
2025-01-02 06:41:06,6.2926901082011115
2025-01-02 06:41:07,6.74897532059661
2025-01-02 06:41:08,6.655512087318766
2025-01-02 06:41:09,6.061405433736376
2025-01-02 06:41:10,6.211009860704859
2025-01-02 06:41:11,7.012906336560126
2025-01-02 06:41:12,6.186629582150046
2025-01-02 06:41:13,6.475051129458998
2025-01-02 06:41:14,6.272291928781324
2025-01-02 06:41:15,6.266305256320808
2025-01-02 06:41:16,6.467294243096696
2025-01-02 06:41:17,6.606348416097788
2025-01-02 06:41:18,6.511674454088721
2025-01-02 06:41:19,6.0782925287603256
2025-01-02 06:41:20,6.604375273528431
2025-01-02 06:41:21,6.027719029746851
2025-01-02 06:41:22,6.125804854633924
2025-01-02 06:41:23,6.470133801793283
2025-01-02 06:41:24,6.698013514788878
2025-01-02 06:41:25,6.285745681639794
2025-01-02 06:41:26,6.069981639835035
2025-01-02 06:41:27,6.379791596893017
2025-01-02 06:41:28,6.152435939851782
2025-01-02 06:41:29,6.276318354938192
2025-01-02 06:41:30,6.360247071061156
2025-01-02 06:41:31,6.316908856400665
2025-01-02 06:41:32,6.222162461648427
2025-01-02 06:41:33,6.378919811288319
2025-01-02 06:41:34,6.307767564283418
2025-01-02 06:41:35,6.021642270510595
2025-01-02 06:41:36,6.314727049187209
2025-01-02 06:41:37,6.352857913700752
2025-01-02 06:41:38,6.289265794456983
2025-01-02 06:41:39,5.995620365309682
2025-01-02 06:41:40,6.484714385635809
2025-01-02 06:41:41,6.261207088083239
2025-01-02 06:41:42,6.305802091279451
2025-01-02 06:41:43,6.882375765098964
2025-01-02 06:41:44,6.565544573152649
2025-01-02 06:41:45,6.2721209858251905
2025-01-02 06:41:46,6.219336652934884
2025-01-02 06:41:47,6.728513934413324
2025-01-02 06:41:48,6.366418696665772
2025-01-02 06:41:49,6.328379929328174
2025-01-02 06:41:50,6.374120262235911
2025-01-02 06:41:51,6.126783091955533
2025-01-02 06:41:52,6.1179745828207786
2025-01-02 06:41:53,6.230183078602792
2025-01-02 06:41:54,6.300138436019646
2025-01-02 06:41:55,6.586315945680224
2025-01-02 06:41:56,6.253947794953698
2025-01-02 06:41:57,6.577937824487276
2025-01-02 06:41:58,7.042447068625296
2025-01-02 06:41:59,6.250507855660279
2025-01-02 06:42:00,5.921599408087856
2025-01-02 06:42:01,6.615486362252406
2025-01-02 06:42:02,6.2475501052640485
2025-01-02 06:42:03,5.840979215250322
2025-01-02 06:42:04,6.22049812517563
2025-01-02 06:42:05,5.578275958996936
2025-01-02 06:42:06,6.11271659557124
2025-01-02 06:42:07,6.214186429959796
2025-01-02 06:42:08,6.396482912027211
2025-01-02 06:42:09,6.284006174205424
2025-01-02 06:42:10,6.0240334415286085
2025-01-02 06:42:11,6.447815445847602
2025-01-02 06:42:12,7.036554993768031
2025-01-02 06:42:13,6.5254792234850765
2025-01-02 06:42:14,6.64595720730798
2025-01-02 06:42:15,6.25863615211755
2025-01-02 06:42:16,6.317056568133839
2025-01-02 06:42:17,6.009455930885477
2025-01-02 06:42:18,6.406746766065899
2025-01-02 06:42:19,6.626097103119314
2025-01-02 06:42:20,6.225789251397999
2025-01-02 06:42:21,6.445854632456036
2025-01-02 06:42:22,6.5251000935573895
2025-01-02 06:42:23,6.596357855828594
2025-01-02 06:42:24,6.434450289518568
2025-01-02 06:42:25,6.601626269859359
2025-01-02 06:42:26,6.545596294047246
2025-01-02 06:42:27,5.564778224850606
2025-01-02 06:42:28,6.574251077818065
2025-01-02 06:42:29,6.445444025004776
2025-01-02 06:42:30,5.6823344376483185
2025-01-02 06:42:31,5.954320470076028
2025-01-02 06:42:32,6.5893042236186075
2025-01-02 06:42:33,6.310995906018405
2025-01-02 06:42:34,6.131734140647907
2025-01-02 06:42:35,6.336598511669902
2025-01-02 06:42:36,6.2147422915082995
2025-01-02 06:42:37,6.778138890107021
2025-01-02 06:42:38,6.354586843318727
2025-01-02 06:42:39,6.287953413591672
2025-01-02 06:42:40,6.228583894237943
2025-01-02 06:42:41,6.387767319643065
2025-01-02 06:42:42,6.495180778502079
2025-01-02 06:42:43,6.386346839624592
2025-01-02 06:42:44,6.653809023478421
2025-01-02 06:42:45,6.473499906321794
2025-01-02 06:42:46,6.14837080204463
2025-01-02 06:42:47,6.942603856473695
2025-01-02 06:42:48,6.478101394102274
2025-01-02 06:42:49,6.525535755304921
2025-01-02 06:42:50,6.4732099493600685
2025-01-02 06:42:51,6.197173805773341
2025-01-02 06:42:52,5.978596629732614
2025-01-02 06:42:53,6.392504121355576
2025-01-02 06:42:54,6.183433798494657
2025-01-02 06:42:55,6.750279273250604
2025-01-02 06:42:56,6.247558822946058
2025-01-02 06:42:57,5.718969634062362
2025-01-02 06:42:58,6.5466057657364916
2025-01-02 06:42:59,6.451836517889036
2025-01-02 06:43:00,6.04636640735501
2025-01-02 06:43:01,5.5043102182771175
2025-01-02 06:43:02,6.304448221548049
2025-01-02 06:43:03,6.212896218874401
2025-01-02 06:43:04,6.4819366365794435
2025-01-02 06:43:05,6.510827893086994
2025-01-02 06:43:06,6.962111791438818
2025-01-02 06:43:07,6.292693820374494
2025-01-02 06:43:08,6.208675864969932
2025-01-02 06:43:09,6.261501998935846
2025-01-02 06:43:10,6.151433405463504
2025-01-02 06:43:11,6.492903586401298
2025-01-02 06:43:12,6.097620739554668
2025-01-02 06:43:13,6.132154043325393
2025-01-02 06:43:14,6.398670264254727
2025-01-02 06:43:15,6.601149711706335
2025-01-02 06:43:16,6.522696567592233
2025-01-02 06:43:17,6.3842049674356955
2025-01-02 06:43:18,6.279564143528886
2025-01-02 06:43:19,6.332448764312999
2025-01-02 06:43:20,6.9002082141348495
2025-01-02 06:43:21,6.804195664824425
2025-01-02 06:43:22,6.413947905390449
2025-01-02 06:43:23,6.392602015474363
2025-01-02 06:43:24,6.401666861640906
2025-01-02 06:43:25,6.511628095042715
2025-01-02 06:43:26,6.235789438970364
2025-01-02 06:43:27,5.8463560505642995
2025-01-02 06:43:28,6.378590497253063
2025-01-02 06:43:29,6.583180975132156
2025-01-02 06:43:30,5.751661857523825
2025-01-02 06:43:31,6.186551118653582
2025-01-02 06:43:32,6.3683059088703144
2025-01-02 06:43:33,6.496388027147463
2025-01-02 06:43:34,6.500907020573902
2025-01-02 06:43:35,6.272824119495977
2025-01-02 06:43:36,5.525149264159581
2025-01-02 06:43:37,6.73601518811353
2025-01-02 06:43:38,6.6540747942576814
2025-01-02 06:43:39,6.216065145508678
2025-01-02 06:43:40,6.575181204688634
2025-01-02 06:43:41,6.539420913500201
2025-01-02 06:43:42,6.548493348530567
2025-01-02 06:43:43,6.5891744831090975
2025-01-02 06:43:44,6.151635435175492
2025-01-02 06:43:45,6.645873484495576
2025-01-02 06:43:46,6.599230787563986
2025-01-02 06:43:47,6.695755979209759
2025-01-02 06:43:48,6.723570317035092
2025-01-02 06:43:49,6.989825033739024
2025-01-02 06:43:50,6.24331700578275
2025-01-02 06:43:51,6.42291072288712
2025-01-02 06:43:52,6.21892814646753
2025-01-02 06:43:53,6.638691338075872
2025-01-02 06:43:54,6.013526031275691
2025-01-02 06:43:55,6.688092422534311
2025-01-02 06:43:56,5.601250240569346
2025-01-02 06:43:57,
2025-01-02 06:43:58,6.1636212933971
2025-01-02 06:43:59,6.365984475982651
2025-01-02 06:44:00,6.094867752698031
2025-01-02 06:44:01,6.3966564137036075
2025-01-02 06:44:02,6.089504025946483
2025-01-02 06:44:03,6.130524783527409
2025-01-02 06:44:04,6.645283841399922
2025-01-02 06:44:05,6.425434325809978
2025-01-02 06:44:06,6.28342556775501
2025-01-02 06:44:07,6.593624398344756
2025-01-02 06:44:08,5.802548252062471
2025-01-02 06:44:09,6.098467682156225
2025-01-02 06:44:10,6.707908474372854
2025-01-02 06:44:11,6.675457368367878
2025-01-02 06:44:12,6.230776759749827
2025-01-02 06:44:13,6.057026798310255
2025-01-02 06:44:14,6.460779743099427
2025-01-02 06:44:15,6.289105377657339
2025-01-02 06:44:16,6.390573242162576
2025-01-02 06:44:17,6.267584488138197
2025-01-02 06:44:18,6.17269862331953
2025-01-02 06:44:19,7.043646812602402
2025-01-02 06:44:20,6.42541983358155
2025-01-02 06:44:21,6.717999371840927
2025-01-02 06:44:22,6.9928801497662905
2025-01-02 06:44:23,6.150729554646126
2025-01-02 06:44:24,6.236669182286145
2025-01-02 06:44:25,6.003566553037668
2025-01-02 06:44:26,6.627774989019406
2025-01-02 06:44:27,6.276054457374349
2025-01-02 06:44:28,6.407121273395223
2025-01-02 06:44:29,6.608419595237878
2025-01-02 06:44:30,6.074464254805754
2025-01-02 06:44:31,6.145825302863682
2025-01-02 06:44:32,5.882748660387145
2025-01-02 06:44:33,6.206670392801054
2025-01-02 06:44:34,5.974876120122406
2025-01-02 06:44:35,6.279772922529912
2025-01-02 06:44:36,6.382834069826605
2025-01-02 06:44:37,6.273086854554693
2025-01-02 06:44:38,6.720044277720995
2025-01-02 06:44:39,6.684987741637458
2025-01-02 06:44:40,5.51495785555316
2025-01-02 06:44:41,6.026011811791816
2025-01-02 06:44:42,6.387295534488834
2025-01-02 06:44:43,6.932903669829663
2025-01-02 06:44:44,6.223388766729971
2025-01-02 06:44:45,6.466849592071846
2025-01-02 06:44:46,5.8661204731732965
2025-01-02 06:44:47,
2025-01-02 06:44:48,6.255542692214251
2025-01-02 06:44:49,6.201750949984478
2025-01-02 06:44:50,6.372362425233707
2025-01-02 06:44:51,6.486926183330341
2025-01-02 06:44:52,6.319729256560318
2025-01-02 06:44:53,5.903599400500328
2025-01-02 06:44:54,6.3887717779486435
2025-01-02 06:44:55,5.948986754082345
2025-01-02 06:44:56,6.356367633387143
2025-01-02 06:44:57,6.057883563213364
2025-01-02 06:44:58,6.45566361082098
2025-01-02 06:44:59,6.474780819251424
2025-01-02 06:45:00,6.12807605045237
2025-01-02 06:45:01,6.03273552829956
2025-01-02 06:45:02,6.470365343637642
2025-01-02 06:45:03,
2025-01-02 06:45:04,6.456979255269899
2025-01-02 06:45:05,6.272533821142591
2025-01-02 06:45:06,6.4338410339916345
2025-01-02 06:45:07,5.95930918795198
2025-01-02 06:45:08,6.747367286352581
2025-01-02 06:45:09,6.276375215260677
2025-01-02 06:45:10,6.691932049756944
2025-01-02 06:45:11,5.802016391632497
2025-01-02 06:45:12,
2025-01-02 06:45:13,6.2185175059696975
2025-01-02 06:45:14,6.591835909763917
2025-01-02 06:45:15,6.336725106236011
2025-01-02 06:45:16,6.182494695786219
2025-01-02 06:45:17,5.737917993766532
2025-01-02 06:45:18,6.315818793149126
2025-01-02 06:45:19,6.022935743260026
2025-01-02 06:45:20,6.866059775602939
2025-01-02 06:45:21,5.674100952324309
2025-01-02 06:45:22,6.472034305167387
2025-01-02 06:45:23,5.964572739227172
2025-01-02 06:45:24,5.957502138930786
2025-01-02 06:45:25,6.485766645223541
2025-01-02 06:45:26,6.457723204720119
2025-01-02 06:45:27,6.118944731050355
2025-01-02 06:45:28,6.237691238516141
2025-01-02 06:45:29,6.322010791967376
2025-01-02 06:45:30,6.240984130784709
2025-01-02 06:45:31,6.041181939065874
2025-01-02 06:45:32,6.535055715186914
2025-01-02 06:45:33,6.487968523634131
2025-01-02 06:45:34,5.917797434169568
2025-01-02 06:45:35,5.834582486817582
2025-01-02 06:45:36,6.368941143448882
2025-01-02 06:45:37,
2025-01-02 06:45:38,6.474292473746636
2025-01-02 06:45:39,
2025-01-02 06:45:40,6.043992281410664
2025-01-02 06:45:41,6.505964516499009
2025-01-02 06:45:42,6.172811636934901
2025-01-02 06:45:43,6.418505631024889
2025-01-02 06:45:44,6.09651787455026
2025-01-02 06:45:45,6.219927193770889
2025-01-02 06:45:46,6.329558329864386
2025-01-02 06:45:47,6.595523300591928
2025-01-02 06:45:48,6.218481860935904
2025-01-02 06:45:49,6.695815533412336
2025-01-02 06:45:50,6.222257203341092
2025-01-02 06:45:51,6.753410186037517
2025-01-02 06:45:52,6.456198471519262
2025-01-02 06:45:53,6.277122860796369
2025-01-02 06:45:54,5.895757135781551
2025-01-02 06:45:55,6.130887107248803
2025-01-02 06:45:56,6.605910601631064
2025-01-02 06:45:57,6.532377381666467
2025-01-02 06:45:58,6.553908797101188
2025-01-02 06:45:59,6.954755435678758
2025-01-02 06:46:00,6.458493744852194
2025-01-02 06:46:01,6.666025044536092
2025-01-02 06:46:02,6.665468467623936
2025-01-02 06:46:03,6.336263703523266
2025-01-02 06:46:04,6.453473092857146
2025-01-02 06:46:05,6.322190327314229
2025-01-02 06:46:06,6.494936414831335
2025-01-02 06:46:07,6.383636809552919
2025-01-02 06:46:08,6.242515545423088
2025-01-02 06:46:09,6.508232879473049
2025-01-02 06:46:10,6.206114205220221
2025-01-02 06:46:11,6.413376478845371
2025-01-02 06:46:12,5.888911663630554
2025-01-02 06:46:13,5.925476251369377
2025-01-02 06:46:14,6.142071904524538
2025-01-02 06:46:15,6.017076107930608
2025-01-02 06:46:16,6.8183326093528365
2025-01-02 06:46:17,6.333304190885024
2025-01-02 06:46:18,7.036462145379732
2025-01-02 06:46:19,6.262094478805856
2025-01-02 06:46:20,5.823588716723521
2025-01-02 06:46:21,6.445343540698256
2025-01-02 06:46:22,6.328890715985004
2025-01-02 06:46:23,6.6360075990522445
2025-01-02 06:46:24,5.974136480462326
2025-01-02 06:46:25,6.068509924162403
2025-01-02 06:46:26,6.268002720571757
2025-01-02 06:46:27,6.0814663670994875
2025-01-02 06:46:28,6.349725299172249
2025-01-02 06:46:29,6.039498379073347
2025-01-02 06:46:30,6.581391718668924
2025-01-02 06:46:31,6.1297911560202625
2025-01-02 06:46:32,5.829950210099345
2025-01-02 06:46:33,6.422930255177289
2025-01-02 06:46:34,6.359010631182722
2025-01-02 06:46:35,5.835041572372872
2025-01-02 06:46:36,5.91806898925773
2025-01-02 06:46:37,5.986034987558691
2025-01-02 06:46:38,5.965783556135413
2025-01-02 06:46:39,5.6967953372802125
2025-01-02 06:46:40,6.734562795796946
2025-01-02 06:46:41,5.8363100847743254
2025-01-02 06:46:42,6.2561456456003235
2025-01-02 06:46:43,
2025-01-02 06:46:44,5.961972574352064
2025-01-02 06:46:45,6.083614731545918
2025-01-02 06:46:46,6.001558430293721
2025-01-02 06:46:47,5.898195592874171
2025-01-02 06:46:48,5.87310357896425
2025-01-02 06:46:49,5.892637019940469
2025-01-02 06:46:50,6.088931113694609
2025-01-02 06:46:51,6.8452529515747145
2025-01-02 06:46:52,6.04161286832769
2025-01-02 06:46:53,5.70111743251609
2025-01-02 06:46:54,6.426868190033892
2025-01-02 06:46:55,5.917166571391451
2025-01-02 06:46:56,6.54732308287659
2025-01-02 06:46:57,6.3977269658681015
2025-01-02 06:46:58,6.897733429581561
2025-01-02 06:46:59,6.6227533927522
2025-01-02 06:47:00,6.436909485729489
2025-01-02 06:47:01,6.199205234338223
2025-01-02 06:47:02,6.186033647682614
2025-01-02 06:47:03,6.315692226473764
2025-01-02 06:47:04,6.214601427874871
2025-01-02 06:47:05,5.902445142688436
2025-01-02 06:47:06,6.370371797061391
2025-01-02 06:47:07,6.2693121477764215
2025-01-02 06:47:08,6.792881846674417
2025-01-02 06:47:09,6.436338228475094
2025-01-02 06:47:10,
2025-01-02 06:47:11,6.333321695147555
2025-01-02 06:47:12,6.932649480450941
2025-01-02 06:47:13,6.097282235090529
2025-01-02 06:47:14,6.114193601587801
2025-01-02 06:47:15,6.334314559488984
2025-01-02 06:47:16,6.5609031120935475
2025-01-02 06:47:17,5.912798346081083
2025-01-02 06:47:18,6.342678674639329
2025-01-02 06:47:19,6.616618262693969
2025-01-02 06:47:20,6.853237523559699
2025-01-02 06:47:21,6.236464364450855
2025-01-02 06:47:22,6.04561876614987
2025-01-02 06:47:23,5.869360336183717
2025-01-02 06:47:24,6.2171096770430445
2025-01-02 06:47:25,
2025-01-02 06:47:26,6.170691274016113
2025-01-02 06:47:27,6.585967467552201
2025-01-02 06:47:28,6.474703252237276
2025-01-02 06:47:29,6.675045552462137
2025-01-02 06:47:30,6.119867478304054
2025-01-02 06:47:31,5.953532613008781
2025-01-02 06:47:32,5.938724160696374
2025-01-02 06:47:33,6.0211458337628025
2025-01-02 06:47:34,
2025-01-02 06:47:35,6.205290263855459
2025-01-02 06:47:36,5.9316249128562175
2025-01-02 06:47:37,6.068936316428305
2025-01-02 06:47:38,6.09941422634268
2025-01-02 06:47:39,5.691559789379875
2025-01-02 06:47:40,6.444227310626832
2025-01-02 06:47:41,6.371081192150989
2025-01-02 06:47:42,6.039950788376565
2025-01-02 06:47:43,6.330140335192506
2025-01-02 06:47:44,6.060940133005215
2025-01-02 06:47:45,6.081374593925151
2025-01-02 06:47:46,6.2068733967899865
2025-01-02 06:47:47,6.418754736205
2025-01-02 06:47:48,6.404468387561
2025-01-02 06:47:49,5.8796823861465
2025-01-02 06:47:50,6.527049769429049
2025-01-02 06:47:51,5.936395879734858
2025-01-02 06:47:52,6.194640039260487
2025-01-02 06:47:53,6.333264831328406
2025-01-02 06:47:54,6.5291551061504265
2025-01-02 06:47:55,6.223942971771848
2025-01-02 06:47:56,6.588333732750645
2025-01-02 06:47:57,6.280924857331679
2025-01-02 06:47:58,6.293927420770692
2025-01-02 06:47:59,6.534165748975555
2025-01-02 06:48:00,6.303946505267753
2025-01-02 06:48:01,6.758195892332119
2025-01-02 06:48:02,5.826681940697876
2025-01-02 06:48:03,6.279621188605404
2025-01-02 06:48:04,6.284247748481574
2025-01-02 06:48:05,6.440231236327913
2025-01-02 06:48:06,5.548763890020714
2025-01-02 06:48:07,6.4466187041114225
2025-01-02 06:48:08,6.277880098673761
2025-01-02 06:48:09,6.254545764234124
2025-01-02 06:48:10,6.262421639953485
2025-01-02 06:48:11,6.147414526659506
2025-01-02 06:48:12,6.367534152088294
2025-01-02 06:48:13,6.574830269211744
2025-01-02 06:48:14,6.211647230486487
2025-01-02 06:48:15,6.121312415734715
2025-01-02 06:48:16,5.942156853516279
2025-01-02 06:48:17,6.629845325181131
2025-01-02 06:48:18,6.169249577112789
2025-01-02 06:48:19,6.419943564291128
2025-01-02 06:48:20,6.342478117185629
2025-01-02 06:48:21,6.275922507894703
2025-01-02 06:48:22,6.433657083662389
2025-01-02 06:48:23,5.982075366318727
2025-01-02 06:48:24,6.244704340405411
2025-01-02 06:48:25,6.3082181369215045
2025-01-02 06:48:26,
2025-01-02 06:48:27,5.976296808636542
2025-01-02 06:48:28,5.932314091565303
2025-01-02 06:48:29,6.662375324170526
2025-01-02 06:48:30,6.093879833020449
2025-01-02 06:48:31,5.981943323634438
2025-01-02 06:48:32,6.376464101518499
2025-01-02 06:48:33,6.193285898860478
2025-01-02 06:48:34,5.978420117755772
2025-01-02 06:48:35,6.357676751131026
2025-01-02 06:48:36,5.859746980601762
2025-01-02 06:48:37,6.432344261193654
2025-01-02 06:48:38,6.278311706944738
2025-01-02 06:48:39,6.284524082727996
2025-01-02 06:48:40,6.264407007302356
2025-01-02 06:48:41,5.762462636947815
2025-01-02 06:48:42,5.986251091513614
2025-01-02 06:48:43,5.693530409899496
2025-01-02 06:48:44,6.510580466211202
2025-01-02 06:48:45,6.337836912952523
2025-01-02 06:48:46,6.1268884090388696
2025-01-02 06:48:47,6.353000058142622
2025-01-02 06:48:48,6.22014294890924
2025-01-02 06:48:49,6.911415893894918
2025-01-02 06:48:50,6.106313616781265
2025-01-02 06:48:51,6.790236368379457
2025-01-02 06:48:52,6.824918292190922
2025-01-02 06:48:53,6.525144757362944
2025-01-02 06:48:54,6.578265094524756
2025-01-02 06:48:55,5.881873330149819
2025-01-02 06:48:56,6.100008157471354
2025-01-02 06:48:57,6.511345159473818
2025-01-02 06:48:58,5.903780792481319
2025-01-02 06:48:59,6.728740200910812
2025-01-02 06:49:00,6.4277925998831265
2025-01-02 06:49:01,6.706655290421353
2025-01-02 06:49:02,6.207678526953536
2025-01-02 06:49:03,6.5932416148767725
2025-01-02 06:49:04,5.768509382449968
2025-01-02 06:49:05,6.114927082205643
2025-01-02 06:49:06,6.479322820715991
2025-01-02 06:49:07,7.063696037655619
2025-01-02 06:49:08,6.059122244692654
2025-01-02 06:49:09,6.033355457319196
2025-01-02 06:49:10,6.283135802840082
2025-01-02 06:49:11,6.423903537095585
2025-01-02 06:49:12,6.006099345660353
2025-01-02 06:49:13,6.51224306216661
2025-01-02 06:49:14,6.129152003160038
2025-01-02 06:49:15,5.807410871780237
2025-01-02 06:49:16,6.711224282632008
2025-01-02 06:49:17,6.48430159924874
2025-01-02 06:49:18,6.168968890139812
2025-01-02 06:49:19,6.003838396073009
2025-01-02 06:49:20,6.465691698330264
2025-01-02 06:49:21,6.306338045184816
2025-01-02 06:49:22,6.05014799276961
2025-01-02 06:49:23,6.380726927841756
2025-01-02 06:49:24,6.172443411112954
2025-01-02 06:49:25,6.499948563226772
2025-01-02 06:49:26,6.555879900276364
2025-01-02 06:49:27,6.561659315539856
2025-01-02 06:49:28,6.267015994438673
2025-01-02 06:49:29,5.664470433139804
2025-01-02 06:49:30,6.220035355164676
2025-01-02 06:49:31,6.016278274599475
2025-01-02 06:49:32,6.379489396792529
2025-01-02 06:49:33,6.418166997781074
2025-01-02 06:49:34,6.162091545750748
2025-01-02 06:49:35,6.498073661105621
2025-01-02 06:49:36,6.071334604902708
2025-01-02 06:49:37,6.091795777912685
2025-01-02 06:49:38,6.210598703783606
2025-01-02 06:49:39,6.474482034124297
2025-01-02 06:49:40,6.193036838193901
2025-01-02 06:49:41,6.684791447512605
2025-01-02 06:49:42,5.812994790549997
2025-01-02 06:49:43,6.156876431150103
2025-01-02 06:49:44,5.656920278338808
2025-01-02 06:49:45,6.105715956389723
2025-01-02 06:49:46,5.915434506953164
2025-01-02 06:49:47,6.43089236359458
2025-01-02 06:49:48,6.440272142073236
2025-01-02 06:49:49,6.018392291778907
2025-01-02 06:49:50,6.455877877377356
2025-01-02 06:49:51,6.236812297996495
2025-01-02 06:49:52,6.338889443293496
2025-01-02 06:49:53,6.508089967006005
2025-01-02 06:49:54,6.458352114773478
2025-01-02 06:49:55,6.677299168495858
2025-01-02 06:49:56,6.637509208297852
2025-01-02 06:49:57,6.302720427686384
2025-01-02 06:49:58,6.485089382234073
2025-01-02 06:49:59,6.111914781593409
2025-01-02 06:50:00,6.544739440862362
2025-01-02 06:50:01,6.2357933574588
2025-01-02 06:50:02,5.538504356084565
2025-01-02 06:50:03,6.192542271754188
2025-01-02 06:50:04,6.145444847126246
2025-01-02 06:50:05,6.716349993073861
2025-01-02 06:50:06,6.105394933438712
2025-01-02 06:50:07,6.237473487761399
2025-01-02 06:50:08,5.96471066745822
2025-01-02 06:50:09,6.3020156313932
2025-01-02 06:50:10,6.581609188574921
2025-01-02 06:50:11,6.764492625727025
2025-01-02 06:50:12,6.006847287514945
2025-01-02 06:50:13,6.6197437134979715
2025-01-02 06:50:14,6.172746579548117
2025-01-02 06:50:15,5.745873024796314
2025-01-02 06:50:16,6.206078261655877
2025-01-02 06:50:17,6.275847046532936
2025-01-02 06:50:18,6.1912234505302255
2025-01-02 06:50:19,6.688258686650691
2025-01-02 06:50:20,6.547890279374617
2025-01-02 06:50:21,5.870360423391648
2025-01-02 06:50:22,6.055627825797735
2025-01-02 06:50:23,6.87042606735024
2025-01-02 06:50:24,5.658319235399407
2025-01-02 06:50:25,6.230883018452029
2025-01-02 06:50:26,6.543004605888689
2025-01-02 06:50:27,6.552818768280463
2025-01-02 06:50:28,6.410118376465547
2025-01-02 06:50:29,6.131511164343291
2025-01-02 06:50:30,5.839928415189283
2025-01-02 06:50:31,6.15597501485753
2025-01-02 06:50:32,6.386025748467237
2025-01-02 06:50:33,6.069085615678429
2025-01-02 06:50:34,7.038229778719057
2025-01-02 06:50:35,6.516187446453861
2025-01-02 06:50:36,6.269618152955488
2025-01-02 06:50:37,6.5123708813175
2025-01-02 06:50:38,6.23142570970634
2025-01-02 06:50:39,6.529990403094037
2025-01-02 06:50:40,6.272212130649774
2025-01-02 06:50:41,5.942369536916387
2025-01-02 06:50:42,6.095276984999831
2025-01-02 06:50:43,5.837566118239879
2025-01-02 06:50:44,6.248276593281331
2025-01-02 06:50:45,6.119216791116693
2025-01-02 06:50:46,6.919410090076805
2025-01-02 06:50:47,6.06355710905003
2025-01-02 06:50:48,5.835772311676173
2025-01-02 06:50:49,5.9593094060262635
2025-01-02 06:50:50,6.136973451910698
2025-01-02 06:50:51,6.54397407128089
2025-01-02 06:50:52,6.159114579031416
2025-01-02 06:50:53,5.956172063509538
2025-01-02 06:50:54,6.311666253502005
2025-01-02 06:50:55,6.263199310471441
2025-01-02 06:50:56,5.973158122733019
2025-01-02 06:50:57,6.082018254342912
2025-01-02 06:50:58,6.642508457343753
2025-01-02 06:50:59,6.043564813077115
2025-01-02 06:51:00,6.585017333709244
2025-01-02 06:51:01,6.206544241103698
2025-01-02 06:51:02,6.149395194524542
2025-01-02 06:51:03,6.034180575412003
2025-01-02 06:51:04,6.247272998584014
2025-01-02 06:51:05,5.987101091246345
2025-01-02 06:51:06,6.101551000831062
2025-01-02 06:51:07,6.699746039194782
2025-01-02 06:51:08,
2025-01-02 06:51:09,6.692660468387545
2025-01-02 06:51:10,6.4637756157291735
2025-01-02 06:51:11,6.316438114184076
2025-01-02 06:51:12,6.070718108636224
2025-01-02 06:51:13,6.500545705372252
2025-01-02 06:51:14,6.4868232783741835
2025-01-02 06:51:15,6.154365689677675
2025-01-02 06:51:16,6.571565467674381
2025-01-02 06:51:17,6.772251296305527
2025-01-02 06:51:18,6.51990013004766
2025-01-02 06:51:19,6.372443714168145
2025-01-02 06:51:20,5.689109821452384
2025-01-02 06:51:21,6.328719132793348
2025-01-02 06:51:22,6.557872608507125
2025-01-02 06:51:23,6.648088438587462
2025-01-02 06:51:24,6.345342529618165
2025-01-02 06:51:25,6.247341252190853
2025-01-02 06:51:26,5.757536866205205
2025-01-02 06:51:27,5.621492879881048
2025-01-02 06:51:28,6.267739794722268
2025-01-02 06:51:29,6.15324942291461
2025-01-02 06:51:30,6.01883294180652
2025-01-02 06:51:31,6.478959961741602
2025-01-02 06:51:32,6.177454854421234
2025-01-02 06:51:33,6.822872903055227
2025-01-02 06:51:34,6.072990501539562
2025-01-02 06:51:35,5.625999802305582
2025-01-02 06:51:36,6.355535587506387
2025-01-02 06:51:37,
2025-01-02 06:51:38,6.448030236595909
2025-01-02 06:51:39,6.73855552180985
2025-01-02 06:51:40,6.2582511867639905
2025-01-02 06:51:41,6.594455071131202
2025-01-02 06:51:42,6.610066657923954
2025-01-02 06:51:43,6.472572584607901
2025-01-02 06:51:44,6.461140776190382
2025-01-02 06:51:45,5.949728707512648
2025-01-02 06:51:46,6.288913683290348
2025-01-02 06:51:47,6.373893387469309
2025-01-02 06:51:48,5.919008031396539
2025-01-02 06:51:49,6.086351965427299
2025-01-02 06:51:50,6.256772310129816
2025-01-02 06:51:51,6.546494352562126
2025-01-02 06:51:52,6.60302989315708
2025-01-02 06:51:53,6.583943160845512
2025-01-02 06:51:54,6.467194821971165
2025-01-02 06:51:55,6.167874922196325
2025-01-02 06:51:56,6.185036431706001
2025-01-02 06:51:57,6.098640518469259
2025-01-02 06:51:58,6.255107644458871
2025-01-02 06:51:59,6.266603391754425
2025-01-02 06:52:00,6.173648888314934
2025-01-02 06:52:01,
2025-01-02 06:52:02,6.221018564311032
2025-01-02 06:52:03,6.420629977949729
2025-01-02 06:52:04,5.81703951335475
2025-01-02 06:52:05,5.767872999899666
2025-01-02 06:52:06,6.5398856455175824
2025-01-02 06:52:07,6.023228819138228
2025-01-02 06:52:08,5.830530631574143
2025-01-02 06:52:09,5.653038304101952
2025-01-02 06:52:10,6.316507698737461
2025-01-02 06:52:11,6.6589770013291965
2025-01-02 06:52:12,6.07343721369008
2025-01-02 06:52:13,5.687629116486191
2025-01-02 06:52:14,6.453620712316617
2025-01-02 06:52:15,5.5427413886702235
2025-01-02 06:52:16,6.094513772567585
2025-01-02 06:52:17,5.881288263352697
2025-01-02 06:52:18,6.570726844295295
2025-01-02 06:52:19,6.349997914953336
2025-01-02 06:52:20,5.842334762875803
2025-01-02 06:52:21,6.370350301023485
2025-01-02 06:52:22,6.751693204416647
2025-01-02 06:52:23,6.472712714863909
2025-01-02 06:52:24,6.100953354930196
2025-01-02 06:52:25,5.834477145642409
2025-01-02 06:52:26,6.225403480582762
2025-01-02 06:52:27,6.051308544720589
2025-01-02 06:52:28,6.3006955050243425
2025-01-02 06:52:29,6.114177400336424
2025-01-02 06:52:30,6.409247963087902
2025-01-02 06:52:31,6.138110783992228
2025-01-02 06:52:32,6.908406114059465
2025-01-02 06:52:33,5.9373057615206255
2025-01-02 06:52:34,6.287972213571693
2025-01-02 06:52:35,5.926564436391109
2025-01-02 06:52:36,6.532907967822444
2025-01-02 06:52:37,5.760396876773867
2025-01-02 06:52:38,5.625504370379517
2025-01-02 06:52:39,6.194526516369117
2025-01-02 06:52:40,6.32666461032122
2025-01-02 06:52:41,6.546098624669557
2025-01-02 06:52:42,5.917632893878781
2025-01-02 06:52:43,5.656841021287934
2025-01-02 06:52:44,6.355746586934911
2025-01-02 06:52:45,6.272571145805251
2025-01-02 06:52:46,6.132758612921095
2025-01-02 06:52:47,6.486538017740062
2025-01-02 06:52:48,6.812016594144451
2025-01-02 06:52:49,6.165987842302703
2025-01-02 06:52:50,6.539272099558927
2025-01-02 06:52:51,6.052607746605211
2025-01-02 06:52:52,6.250142764732068
2025-01-02 06:52:53,6.4921196839778395
2025-01-02 06:52:54,
2025-01-02 06:52:55,5.54649715073128
2025-01-02 06:52:56,5.763883510349432
2025-01-02 06:52:57,5.771302019521651
2025-01-02 06:52:58,6.457813599597486
2025-01-02 06:52:59,6.55673460750233
2025-01-02 06:53:00,6.2919505776008595
2025-01-02 06:53:01,6.077678817214025
2025-01-02 06:53:02,5.741461968998404
2025-01-02 06:53:03,6.0776215984503
2025-01-02 06:53:04,6.3303613233461755
2025-01-02 06:53:05,6.153339947256517
2025-01-02 06:53:06,6.6627279749028325
2025-01-02 06:53:07,5.485384264259855
2025-01-02 06:53:08,6.170584813477551
2025-01-02 06:53:09,5.732945017320973
2025-01-02 06:53:10,6.052421910505439
2025-01-02 06:53:11,5.694378373650986
2025-01-02 06:53:12,6.727941694061116
2025-01-02 06:53:13,5.778226508923197
2025-01-02 06:53:14,5.746791986087579
2025-01-02 06:53:15,
2025-01-02 06:53:16,5.810689720303111
2025-01-02 06:53:17,6.562738401561941
2025-01-02 06:53:18,5.60662107594986
2025-01-02 06:53:19,5.648223922918019
2025-01-02 06:53:20,6.229956985140703
2025-01-02 06:53:21,6.291860711403534
2025-01-02 06:53:22,6.364878794953035
2025-01-02 06:53:23,6.016259462194684
2025-01-02 06:53:24,6.075523031658314
2025-01-02 06:53:25,6.21137192405054
2025-01-02 06:53:26,6.745279560702995
2025-01-02 06:53:27,5.9494030080568825
2025-01-02 06:53:28,6.284025845740281
2025-01-02 06:53:29,6.655340524346019
2025-01-02 06:53:30,5.892685106055168
2025-01-02 06:53:31,6.0701448934883455
2025-01-02 06:53:32,6.286433762011312
2025-01-02 06:53:33,6.511050553018831
2025-01-02 06:53:34,5.991521030871688
2025-01-02 06:53:35,5.975455472138747
2025-01-02 06:53:36,6.6536952451736875
2025-01-02 06:53:37,6.638724742073474
2025-01-02 06:53:38,5.87088159686366
2025-01-02 06:53:39,6.14696997792406
2025-01-02 06:53:40,6.2292050738647164
2025-01-02 06:53:41,6.2396841428337195
2025-01-02 06:53:42,6.3251300969052995
2025-01-02 06:53:43,6.285525053205693
2025-01-02 06:53:44,6.252907895861931
2025-01-02 06:53:45,5.982383365000431
2025-01-02 06:53:46,6.396343753580325
2025-01-02 06:53:47,6.015850898960544
2025-01-02 06:53:48,6.501052401141182
2025-01-02 06:53:49,6.018562520072763
2025-01-02 06:53:50,6.196337097496686
2025-01-02 06:53:51,6.250445233433487
2025-01-02 06:53:52,5.803737287420215
2025-01-02 06:53:53,5.786491812804363
2025-01-02 06:53:54,5.222326190156678
2025-01-02 06:53:55,5.742780096319004
2025-01-02 06:53:56,5.664645660733677
2025-01-02 06:53:57,6.0744727276620045
2025-01-02 06:53:58,6.4519118961473465
2025-01-02 06:53:59,6.656603545843074
2025-01-02 06:54:00,6.203795014595329
2025-01-02 06:54:01,
2025-01-02 06:54:02,6.011216003191676
2025-01-02 06:54:03,5.396492621034379
2025-01-02 06:54:04,6.502147097745535
2025-01-02 06:54:05,6.294300952609133
2025-01-02 06:54:06,6.37672237035447
2025-01-02 06:54:07,5.7047794180002604
2025-01-02 06:54:08,6.0883204043532455
2025-01-02 06:54:09,5.889297691886127
2025-01-02 06:54:10,6.557014197839139
2025-01-02 06:54:11,6.442863263358311
2025-01-02 06:54:12,6.329542962690504
2025-01-02 06:54:13,6.368242020307444
2025-01-02 06:54:14,6.39904178414368
2025-01-02 06:54:15,6.627625414014363
2025-01-02 06:54:16,6.36402983472093
2025-01-02 06:54:17,5.975191822519962
2025-01-02 06:54:18,6.169964620503269
2025-01-02 06:54:19,6.308263454263053
2025-01-02 06:54:20,6.477094307680237
2025-01-02 06:54:21,5.748981517035823
2025-01-02 06:54:22,6.026346702280788
2025-01-02 06:54:23,5.963086583552547
2025-01-02 06:54:24,6.110360063631753
2025-01-02 06:54:25,6.02471447988012
2025-01-02 06:54:26,6.294351177017761
2025-01-02 06:54:27,6.311688059591042
2025-01-02 06:54:28,6.33676440788304
2025-01-02 06:54:29,6.246164557741755
2025-01-02 06:54:30,6.248800130670417
2025-01-02 06:54:31,6.35747721516139
2025-01-02 06:54:32,6.050335193528354
2025-01-02 06:54:33,6.469113520826525
2025-01-02 06:54:34,6.355431537720719
2025-01-02 06:54:35,5.996602145419129
2025-01-02 06:54:36,6.429732688257851
2025-01-02 06:54:37,6.060047739989145
2025-01-02 06:54:38,5.960164835143874
2025-01-02 06:54:39,5.989140048509966
2025-01-02 06:54:40,5.627539728734537
2025-01-02 06:54:41,5.681006139725
2025-01-02 06:54:42,5.900089072660038
2025-01-02 06:54:43,6.838161722481052
2025-01-02 06:54:44,6.4716226939299775
2025-01-02 06:54:45,6.219216818858491
2025-01-02 06:54:46,6.28501803569906
2025-01-02 06:54:47,6.449867401288423
2025-01-02 06:54:48,5.882704062624572
2025-01-02 06:54:49,6.538313231631788
2025-01-02 06:54:50,6.403640212109153
2025-01-02 06:54:51,6.02373845393248
2025-01-02 06:54:52,6.22246694528506
2025-01-02 06:54:53,5.774639645200217
2025-01-02 06:54:54,5.9466625655304854
2025-01-02 06:54:55,6.152117851539936
2025-01-02 06:54:56,6.118219167882242
2025-01-02 06:54:57,6.045661684741288
2025-01-02 06:54:58,6.413584203707119
2025-01-02 06:54:59,5.66514773104209
2025-01-02 06:55:00,
2025-01-02 06:55:01,5.628787788645465
2025-01-02 06:55:02,6.002294420142813
2025-01-02 06:55:03,5.956043308922086
2025-01-02 06:55:04,5.971408031500645
2025-01-02 06:55:05,6.070262697226187
2025-01-02 06:55:06,6.7556775552439685
2025-01-02 06:55:07,6.046973252529305
2025-01-02 06:55:08,6.014689260598447
2025-01-02 06:55:09,6.093724086937101
2025-01-02 06:55:10,6.231472594936741
2025-01-02 06:55:11,6.500613863585011
2025-01-02 06:55:12,5.590774872756422
2025-01-02 06:55:13,5.905900756295155
2025-01-02 06:55:14,6.6508307970845095
2025-01-02 06:55:15,5.973928253759905
2025-01-02 06:55:16,6.553454851327523
2025-01-02 06:55:17,6.145025261628875
2025-01-02 06:55:18,6.225301797076342
2025-01-02 06:55:19,6.353803105650372
2025-01-02 06:55:20,6.421763218310295
2025-01-02 06:55:21,6.442098159455029
2025-01-02 06:55:22,6.035140095514243
2025-01-02 06:55:23,6.379093678922219
2025-01-02 06:55:24,6.271002064848641
2025-01-02 06:55:25,6.258350232438408
2025-01-02 06:55:26,6.371398083019433
2025-01-02 06:55:27,6.381115627637721
2025-01-02 06:55:28,6.087089483210201
2025-01-02 06:55:29,6.196541513556897
2025-01-02 06:55:30,6.289099086751032
2025-01-02 06:55:31,5.711311154261041
2025-01-02 06:55:32,6.149316179088764
2025-01-02 06:55:33,6.11077551400604
2025-01-02 06:55:34,5.623397635242274
2025-01-02 06:55:35,6.134894549499569
2025-01-02 06:55:36,5.717517236474822
2025-01-02 06:55:37,6.149567803204607
2025-01-02 06:55:38,6.298975478696038
2025-01-02 06:55:39,6.113453299506055
2025-01-02 06:55:40,5.663059467694146
2025-01-02 06:55:41,6.136619886221699
2025-01-02 06:55:42,6.25516926031579
2025-01-02 06:55:43,5.900323757753331
2025-01-02 06:55:44,6.1574929057203995
2025-01-02 06:55:45,
2025-01-02 06:55:46,6.201441166856973
2025-01-02 06:55:47,5.8366441865778445
2025-01-02 06:55:48,5.824957830680553
2025-01-02 06:55:49,5.711485240883826
2025-01-02 06:55:50,5.892038064584636
2025-01-02 06:55:51,6.355404742455827
2025-01-02 06:55:52,6.531375492830258
2025-01-02 06:55:53,5.727864200324769
2025-01-02 06:55:54,5.8407021432031145
2025-01-02 06:55:55,6.423130965417188
2025-01-02 06:55:56,6.186700529691888
2025-01-02 06:55:57,6.523745251916538
2025-01-02 06:55:58,6.126092295932321
2025-01-02 06:55:59,6.017883684865019
2025-01-02 06:56:00,6.24927058747719
2025-01-02 06:56:01,6.3476969338532
2025-01-02 06:56:02,6.349973850846655
2025-01-02 06:56:03,6.708716882788976
2025-01-02 06:56:04,6.1940065033145775
2025-01-02 06:56:05,6.0972609388715355
2025-01-02 06:56:06,5.875033810135866
2025-01-02 06:56:07,5.812308384475233
2025-01-02 06:56:08,6.0780916963912945
2025-01-02 06:56:09,6.205680551649479
2025-01-02 06:56:10,
2025-01-02 06:56:11,6.354644362557253
2025-01-02 06:56:12,6.2187654922894495
2025-01-02 06:56:13,6.225690729086368
2025-01-02 06:56:14,6.770570282142906
2025-01-02 06:56:15,6.4831187507844525
2025-01-02 06:56:16,6.048008164895933
2025-01-02 06:56:17,6.13172637732629
2025-01-02 06:56:18,6.251547332126393
2025-01-02 06:56:19,6.639669229057364
2025-01-02 06:56:20,5.85424754522206
2025-01-02 06:56:21,6.524463697512827
2025-01-02 06:56:22,5.091515906450133
2025-01-02 06:56:23,6.039860600866102
2025-01-02 06:56:24,6.27718060490365
2025-01-02 06:56:25,5.691475143382853
2025-01-02 06:56:26,6.1612499259507585
2025-01-02 06:56:27,6.333832851892205
2025-01-02 06:56:28,6.052867404278647
2025-01-02 06:56:29,6.11374489426606
2025-01-02 06:56:30,6.206212050460472
2025-01-02 06:56:31,6.389480690926468
2025-01-02 06:56:32,6.078719944076744
2025-01-02 06:56:33,5.557176392582227
2025-01-02 06:56:34,6.525960881063399
2025-01-02 06:56:35,6.121613084000286
2025-01-02 06:56:36,6.236996254237351
2025-01-02 06:56:37,6.1465560714559855
2025-01-02 06:56:38,6.457845520836397
2025-01-02 06:56:39,6.019579251306865
2025-01-02 06:56:40,6.482600499210603
2025-01-02 06:56:41,
2025-01-02 06:56:42,6.048426169706276
2025-01-02 06:56:43,6.203044220379482
2025-01-02 06:56:44,6.153352006889907
2025-01-02 06:56:45,6.3090155456317
2025-01-02 06:56:46,5.959641083418631
2025-01-02 06:56:47,6.376750987005096
2025-01-02 06:56:48,6.237911862300582
2025-01-02 06:56:49,6.329985861381603
2025-01-02 06:56:50,5.878759587316603
2025-01-02 06:56:51,6.294109918284566
2025-01-02 06:56:52,6.054234042566417
2025-01-02 06:56:53,6.297666531104239
2025-01-02 06:56:54,6.625415138072617
2025-01-02 06:56:55,6.131095710326331
2025-01-02 06:56:56,6.290606690358137
2025-01-02 06:56:57,5.860824814468883
2025-01-02 06:56:58,5.803965075832183
2025-01-02 06:56:59,6.070714941652979
2025-01-02 06:57:00,4.98203243354703
2025-01-02 06:57:01,6.92908363691312
2025-01-02 06:57:02,6.2038394255318785
2025-01-02 06:57:03,5.909292791329422
2025-01-02 06:57:04,6.881048762512812
2025-01-02 06:57:05,6.20416235079539
2025-01-02 06:57:06,6.418619987286134
2025-01-02 06:57:07,6.195663129455345
2025-01-02 06:57:08,6.695877652556432
2025-01-02 06:57:09,5.8745949484782605
2025-01-02 06:57:10,6.180964607494833
2025-01-02 06:57:11,5.557069432676913
2025-01-02 06:57:12,6.513197550739754
2025-01-02 06:57:13,6.485663734599681
2025-01-02 06:57:14,6.068312124151482
2025-01-02 06:57:15,5.916926526978649
2025-01-02 06:57:16,6.043611258082696
2025-01-02 06:57:17,5.883360339834473
2025-01-02 06:57:18,5.874052729649233
2025-01-02 06:57:19,6.31338507664973
2025-01-02 06:57:20,6.166326925847332
2025-01-02 06:57:21,6.09111687723536
2025-01-02 06:57:22,6.00948121511766
2025-01-02 06:57:23,5.761514164098015
2025-01-02 06:57:24,6.431737066149332
2025-01-02 06:57:25,6.368442599121474
2025-01-02 06:57:26,6.2220698960840375
2025-01-02 06:57:27,6.03132219477995
2025-01-02 06:57:28,6.097382696926358
2025-01-02 06:57:29,6.022061014115637
2025-01-02 06:57:30,5.978096464856526
2025-01-02 06:57:31,5.738760359279085
2025-01-02 06:57:32,5.9080401458995375
2025-01-02 06:57:33,6.362923757197018
2025-01-02 06:57:34,6.12642756987161
2025-01-02 06:57:35,5.052592373021496
2025-01-02 06:57:36,5.917320687308178
2025-01-02 06:57:37,5.713221936964465
2025-01-02 06:57:38,6.12599152026262
2025-01-02 06:57:39,6.036538812758906
2025-01-02 06:57:40,5.99079778858672
2025-01-02 06:57:41,6.443862363660216
2025-01-02 06:57:42,6.1949171556143785
2025-01-02 06:57:43,6.088874576249978
2025-01-02 06:57:44,6.450225635959069
2025-01-02 06:57:45,6.397266300401709
2025-01-02 06:57:46,6.415779266805306
2025-01-02 06:57:47,6.051426246639816
2025-01-02 06:57:48,6.480181617684877
2025-01-02 06:57:49,6.389615341752876
2025-01-02 06:57:50,5.805196310248328
2025-01-02 06:57:51,5.901197042789746
2025-01-02 06:57:52,5.9386454137363325
2025-01-02 06:57:53,
2025-01-02 06:57:54,6.366017671734372
2025-01-02 06:57:55,5.6670920015167905
2025-01-02 06:57:56,6.180337459490162
2025-01-02 06:57:57,6.097695448451219
2025-01-02 06:57:58,5.944536287273512
2025-01-02 06:57:59,6.135668363451421
2025-01-02 06:58:00,6.203033509260462
2025-01-02 06:58:01,5.394328976298352
2025-01-02 06:58:02,6.446448494353144
2025-01-02 06:58:03,6.112107113804576
2025-01-02 06:58:04,6.458963068897031
2025-01-02 06:58:05,6.110426441916978
2025-01-02 06:58:06,6.414837168896993
2025-01-02 06:58:07,6.087586273207222
2025-01-02 06:58:08,5.730200306698975
2025-01-02 06:58:09,5.777942333082486
2025-01-02 06:58:10,5.845113932303397
2025-01-02 06:58:11,6.281331914854542
2025-01-02 06:58:12,6.637429982615021
2025-01-02 06:58:13,6.732755415746072
2025-01-02 06:58:14,6.707057308229904
2025-01-02 06:58:15,6.283553639495457
2025-01-02 06:58:16,6.313282825376906
2025-01-02 06:58:17,6.828110247330134
2025-01-02 06:58:18,6.438815514280441
2025-01-02 06:58:19,6.127255343663967
2025-01-02 06:58:20,5.803973453229382
2025-01-02 06:58:21,6.190621863795182
2025-01-02 06:58:22,5.965041082396359
2025-01-02 06:58:23,6.181120460860909
2025-01-02 06:58:24,6.100229481679638
2025-01-02 06:58:25,6.153248371002963
2025-01-02 06:58:26,5.543717496090985
2025-01-02 06:58:27,6.1133720505169835
2025-01-02 06:58:28,6.24590235773766
2025-01-02 06:58:29,5.71565794644276
2025-01-02 06:58:30,5.757235268489056
2025-01-02 06:58:31,6.328347972152794
2025-01-02 06:58:32,6.051652686404558
2025-01-02 06:58:33,5.922203658655807
2025-01-02 06:58:34,5.833077283778156
2025-01-02 06:58:35,5.956002502288544
2025-01-02 06:58:36,6.101347396297799
2025-01-02 06:58:37,6.167702610530124
2025-01-02 06:58:38,6.219193639714936
2025-01-02 06:58:39,6.386556862619457
2025-01-02 06:58:40,5.874120193556184
2025-01-02 06:58:41,6.386483328679829
2025-01-02 06:58:42,5.827657129180842
2025-01-02 06:58:43,5.9524199155091795
2025-01-02 06:58:44,6.253252100486713
2025-01-02 06:58:45,6.3522670775011605
2025-01-02 06:58:46,6.139905708691066
2025-01-02 06:58:47,5.816642661367479
2025-01-02 06:58:48,6.381565664392062
2025-01-02 06:58:49,6.177695264971961
2025-01-02 06:58:50,6.047537464398511
2025-01-02 06:58:51,6.096491886053652
2025-01-02 06:58:52,6.1505776182308205
2025-01-02 06:58:53,5.868685169194887
2025-01-02 06:58:54,6.201629350339371
2025-01-02 06:58:55,6.458593039922283
2025-01-02 06:58:56,6.027911950496237
2025-01-02 06:58:57,5.931532483629299
2025-01-02 06:58:58,6.292211896533252
2025-01-02 06:58:59,5.774036675528881
2025-01-02 06:59:00,5.908814563496036
2025-01-02 06:59:01,6.488585723188894
2025-01-02 06:59:02,5.777110611164679
2025-01-02 06:59:03,6.2292799224132365
2025-01-02 06:59:04,6.607101711316917
2025-01-02 06:59:05,6.4267119408175075
2025-01-02 06:59:06,5.877751715811547
2025-01-02 06:59:07,5.397732654880774
2025-01-02 06:59:08,5.707848915239469
2025-01-02 06:59:09,6.129865263064514
2025-01-02 06:59:10,5.733642213932268
2025-01-02 06:59:11,6.344089982121084
2025-01-02 06:59:12,6.066444045428609
2025-01-02 06:59:13,6.2585351270079155
2025-01-02 06:59:14,6.0820536525480495
2025-01-02 06:59:15,6.123017473078596
2025-01-02 06:59:16,6.168182945096122
2025-01-02 06:59:17,6.109321855189888
2025-01-02 06:59:18,5.907109379248508
2025-01-02 06:59:19,6.454752824280561
2025-01-02 06:59:20,5.8796919369934475
2025-01-02 06:59:21,6.228840256509672
2025-01-02 06:59:22,6.037119785018335
2025-01-02 06:59:23,6.448765318812605
2025-01-02 06:59:24,6.302541699350287
2025-01-02 06:59:25,5.631355512718574
2025-01-02 06:59:26,5.839722632840517
2025-01-02 06:59:27,5.831156943968128
2025-01-02 06:59:28,6.210975936856892
2025-01-02 06:59:29,6.038790071004615
2025-01-02 06:59:30,6.022288541445516
2025-01-02 06:59:31,5.916157439114889
2025-01-02 06:59:32,6.303678848927685
2025-01-02 06:59:33,5.684155780761854
2025-01-02 06:59:34,5.784608732040658
2025-01-02 06:59:35,6.285195545092575
2025-01-02 06:59:36,5.8866101781035605
2025-01-02 06:59:37,5.808539412646219
2025-01-02 06:59:38,5.958864785858855
2025-01-02 06:59:39,6.3607652860049395
2025-01-02 06:59:40,6.582673444767248
2025-01-02 06:59:41,5.973486849412162
2025-01-02 06:59:42,5.767615103039162
2025-01-02 06:59:43,5.828408374934479
2025-01-02 06:59:44,6.185905790091564
2025-01-02 06:59:45,6.35619044144822
2025-01-02 06:59:46,6.196854781644997
2025-01-02 06:59:47,5.765233016444882
2025-01-02 06:59:48,
2025-01-02 06:59:49,6.331939399162615
2025-01-02 06:59:50,5.95768864756481
2025-01-02 06:59:51,
2025-01-02 06:59:52,6.122577034155444
2025-01-02 06:59:53,6.368875052609309
2025-01-02 06:59:54,6.001453792367919
2025-01-02 06:59:55,6.343357480355241
2025-01-02 06:59:56,6.188822173527031
2025-01-02 06:59:57,5.92155333320841
2025-01-02 06:59:58,6.137336136062823
2025-01-02 06:59:59,6.885857682538154
2025-01-02 07:00:00,6.426977346869145
2025-01-02 07:00:01,5.775979340554662
2025-01-02 07:00:02,6.300532598371622
2025-01-02 07:00:03,6.193339460684307
2025-01-02 07:00:04,5.925003221355553
2025-01-02 07:00:05,6.3995738819905625
2025-01-02 07:00:06,6.030483750634951
2025-01-02 07:00:07,6.50210124770604
2025-01-02 07:00:08,6.438940736482801
2025-01-02 07:00:09,5.788336527210045
2025-01-02 07:00:10,5.816260237124698
2025-01-02 07:00:11,6.635215058685524
2025-01-02 07:00:12,5.946944555432797
2025-01-02 07:00:13,6.365300620723311
2025-01-02 07:00:14,6.6846794785876495
2025-01-02 07:00:15,6.178294238076025
2025-01-02 07:00:16,6.56297969506928
2025-01-02 07:00:17,6.825539657259351
2025-01-02 07:00:18,5.692993209158473
2025-01-02 07:00:19,6.2954328421212145
2025-01-02 07:00:20,5.831800468003214
2025-01-02 07:00:21,6.880428252282845
2025-01-02 07:00:22,6.130446619577544
2025-01-02 07:00:23,6.356843887659727
2025-01-02 07:00:24,5.712808596322558
2025-01-02 07:00:25,6.368257436121918
2025-01-02 07:00:26,6.424194567052714
2025-01-02 07:00:27,6.5758108717306625
2025-01-02 07:00:28,5.897059961808898
2025-01-02 07:00:29,6.443999002591951
2025-01-02 07:00:30,6.318877655289143
2025-01-02 07:00:31,6.260872159190605
2025-01-02 07:00:32,6.14895466723958
2025-01-02 07:00:33,6.0923324181148555
2025-01-02 07:00:34,5.700309890731887
2025-01-02 07:00:35,5.945936089588765
2025-01-02 07:00:36,6.498128216132582
2025-01-02 07:00:37,5.9532436054764375
2025-01-02 07:00:38,6.2632974899375125
2025-01-02 07:00:39,6.144082442651384
2025-01-02 07:00:40,6.2895799375160655
2025-01-02 07:00:41,5.624407271764164
2025-01-02 07:00:42,
2025-01-02 07:00:43,5.726291078843119
2025-01-02 07:00:44,5.707465599446956
2025-01-02 07:00:45,5.7640913475422755
2025-01-02 07:00:46,5.993316603617744
2025-01-02 07:00:47,5.967683918963981
2025-01-02 07:00:48,6.1381974920456805
2025-01-02 07:00:49,5.55908686205
2025-01-02 07:00:50,6.368335748425067
2025-01-02 07:00:51,6.057829215468966
2025-01-02 07:00:52,6.635581387911611
2025-01-02 07:00:53,6.237277352253884
2025-01-02 07:00:54,6.6626493281283174
2025-01-02 07:00:55,6.398551177290174
2025-01-02 07:00:56,6.289335997100846
2025-01-02 07:00:57,6.091249088553186
2025-01-02 07:00:58,5.955229157453319
2025-01-02 07:00:59,5.868240008271355
2025-01-02 07:01:00,6.319616933323332
2025-01-02 07:01:01,5.783876271597421
2025-01-02 07:01:02,5.723188779609672
2025-01-02 07:01:03,6.422004954505092
2025-01-02 07:01:04,6.168592830748463
2025-01-02 07:01:05,6.645414232565823
2025-01-02 07:01:06,5.740736194319788
2025-01-02 07:01:07,5.696450634312571
2025-01-02 07:01:08,6.044495016364976
2025-01-02 07:01:09,6.195367757473256
2025-01-02 07:01:10,6.123222292085966
2025-01-02 07:01:11,5.76901057969753
2025-01-02 07:01:12,6.210342658612556
2025-01-02 07:01:13,6.002552976089382
2025-01-02 07:01:14,5.989561599208552
2025-01-02 07:01:15,5.87710539013511
2025-01-02 07:01:16,5.672423297446272
2025-01-02 07:01:17,6.510323989077625
2025-01-02 07:01:18,5.894938785580257
2025-01-02 07:01:19,6.348246259164805
2025-01-02 07:01:20,5.60255742754371
2025-01-02 07:01:21,6.2158567976266665
2025-01-02 07:01:22,6.198066216510701
2025-01-02 07:01:23,5.983091000636715
2025-01-02 07:01:24,6.298503906213696
2025-01-02 07:01:25,6.129048957657192
2025-01-02 07:01:26,6.494044857231505
2025-01-02 07:01:27,6.014493234264167
2025-01-02 07:01:28,6.286291790331455
2025-01-02 07:01:29,6.241226480189084
2025-01-02 07:01:30,6.2555806202106465
2025-01-02 07:01:31,6.75693238643277
2025-01-02 07:01:32,5.791337141688101
2025-01-02 07:01:33,6.157117823522819
2025-01-02 07:01:34,6.23908572831053
2025-01-02 07:01:35,6.044609466462568
2025-01-02 07:01:36,6.450692759289313
2025-01-02 07:01:37,5.584321610236425
2025-01-02 07:01:38,5.967987838620346
2025-01-02 07:01:39,
2025-01-02 07:01:40,6.113148672007893
2025-01-02 07:01:41,6.454409904427459
2025-01-02 07:01:42,5.620473563203926
2025-01-02 07:01:43,6.736605231025107
2025-01-02 07:01:44,5.780198329391295
2025-01-02 07:01:45,5.427293950952226
2025-01-02 07:01:46,5.913378170111941
2025-01-02 07:01:47,6.084360409607384
2025-01-02 07:01:48,6.310115742006937
2025-01-02 07:01:49,5.5214073488608975
2025-01-02 07:01:50,5.93295543321497
2025-01-02 07:01:51,6.082573278704924
2025-01-02 07:01:52,6.13282364933726
2025-01-02 07:01:53,
2025-01-02 07:01:54,6.151555789742019
2025-01-02 07:01:55,
2025-01-02 07:01:56,6.129918515695054
2025-01-02 07:01:57,5.834955875802574
2025-01-02 07:01:58,5.797586763994081
2025-01-02 07:01:59,5.774790586422366
2025-01-02 07:02:00,5.997216599061687
2025-01-02 07:02:01,6.433426190943552
2025-01-02 07:02:02,5.971303566572718
2025-01-02 07:02:03,5.872711540833051
2025-01-02 07:02:04,6.023492807755267
2025-01-02 07:02:05,5.494232650609825
2025-01-02 07:02:06,6.046999714472073
2025-01-02 07:02:07,6.36796779988126
2025-01-02 07:02:08,5.6663049155591425
2025-01-02 07:02:09,5.554286707551704
2025-01-02 07:02:10,5.985018634954516
2025-01-02 07:02:11,5.348234873701811
2025-01-02 07:02:12,5.906771453635428
2025-01-02 07:02:13,5.97911767937146
2025-01-02 07:02:14,5.75435353681818
2025-01-02 07:02:15,5.668499290924357
2025-01-02 07:02:16,5.780744693855014
2025-01-02 07:02:17,5.9825516877594165
2025-01-02 07:02:18,6.120687337736075
2025-01-02 07:02:19,5.858147267330604
2025-01-02 07:02:20,6.229208238096163
2025-01-02 07:02:21,6.382435044163137
2025-01-02 07:02:22,
2025-01-02 07:02:23,5.78801566480807
2025-01-02 07:02:24,5.882764810306987
2025-01-02 07:02:25,6.005946702092989
2025-01-02 07:02:26,6.115883623941262
2025-01-02 07:02:27,6.106004966794127
2025-01-02 07:02:28,5.9994150650138405
2025-01-02 07:02:29,6.418714186753413
2025-01-02 07:02:30,5.8015076073957905
2025-01-02 07:02:31,5.8213325413049235
2025-01-02 07:02:32,6.230216327459338
2025-01-02 07:02:33,5.815626470751706
2025-01-02 07:02:34,6.037120609926931
2025-01-02 07:02:35,6.271196275875273
2025-01-02 07:02:36,5.350127903552998
2025-01-02 07:02:37,6.01751610058135
2025-01-02 07:02:38,5.87769007423729
2025-01-02 07:02:39,5.919078036101685
2025-01-02 07:02:40,5.892203299597151
2025-01-02 07:02:41,6.348649326425237
2025-01-02 07:02:42,5.4172426366884645
2025-01-02 07:02:43,6.40778510116002
2025-01-02 07:02:44,5.777536568613616
2025-01-02 07:02:45,6.520937563654806
2025-01-02 07:02:46,5.930083356404125
2025-01-02 07:02:47,6.0545710033628515
2025-01-02 07:02:48,6.572550983551848
2025-01-02 07:02:49,6.64238517472888
2025-01-02 07:02:50,6.601958588224534
2025-01-02 07:02:51,6.471009358209246
2025-01-02 07:02:52,5.957477124699305
2025-01-02 07:02:53,5.886361408930568
2025-01-02 07:02:54,5.67877639801822
2025-01-02 07:02:55,5.6603030875718865
2025-01-02 07:02:56,5.881734243817169
2025-01-02 07:02:57,5.9943423382063
2025-01-02 07:02:58,6.0030503617875155
2025-01-02 07:02:59,5.542160955020477
2025-01-02 07:03:00,6.049923201695837
2025-01-02 07:03:01,5.784307616323232
2025-01-02 07:03:02,5.885876702320427
2025-01-02 07:03:03,5.2061477732958235
2025-01-02 07:03:04,6.264305158762805
2025-01-02 07:03:05,6.11658649962434
2025-01-02 07:03:06,5.769681767154707
2025-01-02 07:03:07,5.785747477072461
2025-01-02 07:03:08,5.520097616136952
2025-01-02 07:03:09,6.252995126442256
2025-01-02 07:03:10,5.879092733757739
2025-01-02 07:03:11,6.1087320678778445
2025-01-02 07:03:12,5.716994109696952
2025-01-02 07:03:13,5.7495977436732515
2025-01-02 07:03:14,6.196651499036822
2025-01-02 07:03:15,5.965050030617362
2025-01-02 07:03:16,6.031635694827439
2025-01-02 07:03:17,6.282095240463081
2025-01-02 07:03:18,6.046820106064385
2025-01-02 07:03:19,5.7446049834839075
2025-01-02 07:03:20,6.592423640890636
2025-01-02 07:03:21,6.199315503952486
2025-01-02 07:03:22,5.668115900727887
2025-01-02 07:03:23,6.2773191837305315
2025-01-02 07:03:24,5.606115132172663
2025-01-02 07:03:25,6.177327604883315
2025-01-02 07:03:26,6.1534381885938805
2025-01-02 07:03:27,5.802247430012981
2025-01-02 07:03:28,6.0132531775284885
2025-01-02 07:03:29,5.958178336459324
2025-01-02 07:03:30,6.078482231441106
2025-01-02 07:03:31,5.538239088501267
2025-01-02 07:03:32,5.804493956233475
2025-01-02 07:03:33,6.639480819688983
2025-01-02 07:03:34,6.021908540504395
2025-01-02 07:03:35,5.697833085638132
2025-01-02 07:03:36,5.962079945074159
2025-01-02 07:03:37,5.9862739386025545
2025-01-02 07:03:38,5.815008398845783
2025-01-02 07:03:39,6.006379946241556
2025-01-02 07:03:40,6.5545574479008275
2025-01-02 07:03:41,6.264345415259186
2025-01-02 07:03:42,6.22894090523897
2025-01-02 07:03:43,6.17311719758377
2025-01-02 07:03:44,6.002069364205289
2025-01-02 07:03:45,6.2046390494890575
2025-01-02 07:03:46,6.039138978302815
2025-01-02 07:03:47,5.611129706031092
2025-01-02 07:03:48,6.410681938197327
2025-01-02 07:03:49,5.814554657758099
2025-01-02 07:03:50,6.084636048111012
2025-01-02 07:03:51,6.451206351559018
2025-01-02 07:03:52,6.307173253289396
2025-01-02 07:03:53,6.144535899469601
2025-01-02 07:03:54,5.992970946121383
2025-01-02 07:03:55,6.424302067037526
2025-01-02 07:03:56,5.643741230461226
2025-01-02 07:03:57,5.917902122361886
2025-01-02 07:03:58,5.616760612011923
2025-01-02 07:03:59,5.999603258468585
2025-01-02 07:04:00,5.998252334459608
2025-01-02 07:04:01,5.627774652014552
2025-01-02 07:04:02,5.7583789778197865
2025-01-02 07:04:03,6.227686567902481
2025-01-02 07:04:04,6.184570590086651
2025-01-02 07:04:05,6.388440359834055
2025-01-02 07:04:06,5.963948807245302
2025-01-02 07:04:07,5.91111216838033
2025-01-02 07:04:08,5.665865376756879
2025-01-02 07:04:09,6.26873438047802
2025-01-02 07:04:10,5.857849932000097
2025-01-02 07:04:11,6.321959029928352
2025-01-02 07:04:12,6.131652271317899
2025-01-02 07:04:13,5.755240910874628
2025-01-02 07:04:14,6.512878221236106
2025-01-02 07:04:15,5.8706225634612155
2025-01-02 07:04:16,6.298715290830024
2025-01-02 07:04:17,5.512235095753889
2025-01-02 07:04:18,5.5971379919583
2025-01-02 07:04:19,5.5925810829943545
2025-01-02 07:04:20,6.355840516344304
2025-01-02 07:04:21,5.706487639684843
2025-01-02 07:04:22,5.991222905488533
2025-01-02 07:04:23,5.778849617501114
2025-01-02 07:04:24,6.061550451946422
2025-01-02 07:04:25,
2025-01-02 07:04:26,6.1221714102888365
2025-01-02 07:04:27,5.734914885760073
2025-01-02 07:04:28,6.369292956751034
2025-01-02 07:04:29,6.284500417600209
2025-01-02 07:04:30,5.84102346486986
2025-01-02 07:04:31,6.023785545441882
2025-01-02 07:04:32,5.673185903590314
2025-01-02 07:04:33,5.2681140500068135
2025-01-02 07:04:34,5.913158680837955
2025-01-02 07:04:35,5.690549768872036
2025-01-02 07:04:36,6.124240687714054
2025-01-02 07:04:37,5.87487192182719
2025-01-02 07:04:38,5.7833049651969315
2025-01-02 07:04:39,6.067622866904519
2025-01-02 07:04:40,5.6583845645632005
2025-01-02 07:04:41,6.128289803951677
2025-01-02 07:04:42,
2025-01-02 07:04:43,5.952477138193675
2025-01-02 07:04:44,5.7122487195022575
2025-01-02 07:04:45,5.73469891923557
2025-01-02 07:04:46,5.622153263471328
2025-01-02 07:04:47,5.941781446622151
2025-01-02 07:04:48,5.922241175890879
2025-01-02 07:04:49,5.720386431413829
2025-01-02 07:04:50,5.944084392990418
2025-01-02 07:04:51,5.617215033235399
2025-01-02 07:04:52,6.6098612578786575
2025-01-02 07:04:53,5.471841619819175
2025-01-02 07:04:54,6.0567874004737385
2025-01-02 07:04:55,5.895197725093713
2025-01-02 07:04:56,5.849963712358419
2025-01-02 07:04:57,6.308341798769265
2025-01-02 07:04:58,5.841871585192939
2025-01-02 07:04:59,5.995929102718476
2025-01-02 07:05:00,6.139391172033742
2025-01-02 07:05:01,6.04861229856439
2025-01-02 07:05:02,5.861025579023348
2025-01-02 07:05:03,5.78970904770749
2025-01-02 07:05:04,6.402548703863267
2025-01-02 07:05:05,6.251447032379576
2025-01-02 07:05:06,5.131225214247489
2025-01-02 07:05:07,5.835588815945775
2025-01-02 07:05:08,6.032993604150264
2025-01-02 07:05:09,6.082575686695784
2025-01-02 07:05:10,5.805173477367187
2025-01-02 07:05:11,5.93577319855211
2025-01-02 07:05:12,6.210525145240209
2025-01-02 07:05:13,6.271268929566742
2025-01-02 07:05:14,6.092531475911441
2025-01-02 07:05:15,6.200406456299185
2025-01-02 07:05:16,5.81775984374281
2025-01-02 07:05:17,6.091991641160289
2025-01-02 07:05:18,5.635628645762894
2025-01-02 07:05:19,6.0612824188032794
2025-01-02 07:05:20,6.431272109457005
2025-01-02 07:05:21,5.610113107238046
2025-01-02 07:05:22,6.314930250555736
2025-01-02 07:05:23,5.9798279313754685
2025-01-02 07:05:24,6.4806361660455245
2025-01-02 07:05:25,6.382297718194163
2025-01-02 07:05:26,5.973274153708071
2025-01-02 07:05:27,6.436316489332792
2025-01-02 07:05:28,5.819881328561053
2025-01-02 07:05:29,6.231744420100765
2025-01-02 07:05:30,6.396810396534322
2025-01-02 07:05:31,6.048003418102914
2025-01-02 07:05:32,6.0769312547425836
2025-01-02 07:05:33,6.184929687318017
2025-01-02 07:05:34,5.873521596148408
2025-01-02 07:05:35,6.133345255119361
2025-01-02 07:05:36,5.874616641304914
2025-01-02 07:05:37,5.710712248833175
2025-01-02 07:05:38,5.505666789529229
2025-01-02 07:05:39,5.683626965586598
2025-01-02 07:05:40,6.054893040422228
2025-01-02 07:05:41,5.838317680603241
2025-01-02 07:05:42,6.204388039632899
2025-01-02 07:05:43,6.374363457443851
2025-01-02 07:05:44,5.789877348038321
2025-01-02 07:05:45,5.973061777605505
2025-01-02 07:05:46,5.733511032753159
2025-01-02 07:05:47,5.7198792876477516
2025-01-02 07:05:48,
2025-01-02 07:05:49,5.916154178556593
2025-01-02 07:05:50,6.525205682686894
2025-01-02 07:05:51,5.818835839512019
2025-01-02 07:05:52,5.7411982294776145
2025-01-02 07:05:53,5.831312504803821
2025-01-02 07:05:54,5.763774711324136
2025-01-02 07:05:55,6.072398489807803
2025-01-02 07:05:56,5.6785227930275335
2025-01-02 07:05:57,5.958371918394154
2025-01-02 07:05:58,5.932455514264227
2025-01-02 07:05:59,5.375969090862983
2025-01-02 07:06:00,5.510752613231259
2025-01-02 07:06:01,6.170040033890236
2025-01-02 07:06:02,6.183248929300117
2025-01-02 07:06:03,5.721419860576061
2025-01-02 07:06:04,6.067434227126504
2025-01-02 07:06:05,5.369659127798287
2025-01-02 07:06:06,5.446315802668615
2025-01-02 07:06:07,5.5680623133419385
2025-01-02 07:06:08,
2025-01-02 07:06:09,5.685533281379752
2025-01-02 07:06:10,6.025038266612914
2025-01-02 07:06:11,5.7344369913430535
2025-01-02 07:06:12,6.454951847643876
2025-01-02 07:06:13,5.990147481797371
2025-01-02 07:06:14,5.655354730603752
2025-01-02 07:06:15,5.957836892846993
2025-01-02 07:06:16,6.325347835317797
2025-01-02 07:06:17,6.18832026064776
2025-01-02 07:06:18,5.900373016227937
2025-01-02 07:06:19,
2025-01-02 07:06:20,6.3238543689619116
2025-01-02 07:06:21,5.577299601016689
2025-01-02 07:06:22,5.646080396188809
2025-01-02 07:06:23,6.3298543973621655
2025-01-02 07:06:24,6.115036962651743
2025-01-02 07:06:25,5.923701630457811
2025-01-02 07:06:26,6.114538717710191
2025-01-02 07:06:27,6.3303238643773385
2025-01-02 07:06:28,6.157407056788609
2025-01-02 07:06:29,6.307714241170314
2025-01-02 07:06:30,5.821042314872119
2025-01-02 07:06:31,5.694816912130255
2025-01-02 07:06:32,5.675815052551191
2025-01-02 07:06:33,5.501214217300367
2025-01-02 07:06:34,6.2623369696752915
2025-01-02 07:06:35,5.814166777849919
2025-01-02 07:06:36,6.269619927452594
2025-01-02 07:06:37,5.545560047165188
2025-01-02 07:06:38,6.312383123726147
2025-01-02 07:06:39,6.210876642254913
2025-01-02 07:06:40,5.96339386960322
2025-01-02 07:06:41,6.318521009235624
2025-01-02 07:06:42,5.6231406257872285
2025-01-02 07:06:43,5.916343660361168
2025-01-02 07:06:44,6.099831162318515
2025-01-02 07:06:45,5.753602221071538
2025-01-02 07:06:46,6.060388366946007
2025-01-02 07:06:47,5.814630412375872
2025-01-02 07:06:48,5.721471080710054
2025-01-02 07:06:49,5.965127035396009
2025-01-02 07:06:50,6.340815982326288
2025-01-02 07:06:51,6.22673787630008
2025-01-02 07:06:52,6.230362408271507
2025-01-02 07:06:53,6.394944382115649
2025-01-02 07:06:54,6.108887868815794
2025-01-02 07:06:55,6.5693877750209015
2025-01-02 07:06:56,5.651297724654849
2025-01-02 07:06:57,5.916997808407496
2025-01-02 07:06:58,6.133310971889414
2025-01-02 07:06:59,6.101179129978892
2025-01-02 07:07:00,5.767016225780923
2025-01-02 07:07:01,5.7241207571098975
2025-01-02 07:07:02,5.95689709689333
2025-01-02 07:07:03,6.095579611431561
2025-01-02 07:07:04,5.532872044869873
2025-01-02 07:07:05,5.886058605480513
2025-01-02 07:07:06,6.152865774029551
2025-01-02 07:07:07,5.864811885839435
2025-01-02 07:07:08,6.027190008950285
2025-01-02 07:07:09,6.293478675579414
2025-01-02 07:07:10,6.033344688295243
2025-01-02 07:07:11,5.692653517239122
2025-01-02 07:07:12,6.233499145155895
2025-01-02 07:07:13,5.661884662647329
2025-01-02 07:07:14,5.453008447144494
2025-01-02 07:07:15,5.915796739204503
2025-01-02 07:07:16,5.829791322802755
2025-01-02 07:07:17,6.204167923617491
2025-01-02 07:07:18,6.103008420443813
2025-01-02 07:07:19,
2025-01-02 07:07:20,5.6252300456227005
2025-01-02 07:07:21,5.274655922847094
2025-01-02 07:07:22,5.847356110199241
2025-01-02 07:07:23,5.728274319597053
2025-01-02 07:07:24,5.665454463811539
2025-01-02 07:07:25,5.772994284245912
2025-01-02 07:07:26,5.78538163683035
2025-01-02 07:07:27,6.279112057787397
2025-01-02 07:07:28,6.054292213236748
2025-01-02 07:07:29,6.00972346379476
2025-01-02 07:07:30,6.27317772068007
2025-01-02 07:07:31,5.895959911604964
2025-01-02 07:07:32,6.4766444889634975
2025-01-02 07:07:33,6.043205452691042
2025-01-02 07:07:34,5.970301336626078
2025-01-02 07:07:35,5.5576348238690025
2025-01-02 07:07:36,5.962372558822997
2025-01-02 07:07:37,5.7363723802026465
2025-01-02 07:07:38,5.781057811232099
2025-01-02 07:07:39,5.299399639808628
2025-01-02 07:07:40,5.978289670509576
2025-01-02 07:07:41,5.49867008740834
2025-01-02 07:07:42,6.007797409060633
2025-01-02 07:07:43,5.853915204610348
2025-01-02 07:07:44,5.247645442927128
2025-01-02 07:07:45,6.197534755359329
2025-01-02 07:07:46,6.109766708607322
2025-01-02 07:07:47,6.028058489710798
2025-01-02 07:07:48,5.701116945717933
2025-01-02 07:07:49,5.8575788825586885
2025-01-02 07:07:50,5.881929079907701
2025-01-02 07:07:51,5.369071899962308
2025-01-02 07:07:52,6.153109781628047
2025-01-02 07:07:53,5.769699895009099
2025-01-02 07:07:54,5.912528779982116
2025-01-02 07:07:55,6.062226589028405
2025-01-02 07:07:56,5.923650517973413
2025-01-02 07:07:57,6.084545754653777
2025-01-02 07:07:58,
2025-01-02 07:07:59,5.8994066455232295
2025-01-02 07:08:00,6.223184119977679
2025-01-02 07:08:01,6.216735461133944
2025-01-02 07:08:02,6.039510036135355
2025-01-02 07:08:03,6.609229124076208
2025-01-02 07:08:04,6.193713370549567
2025-01-02 07:08:05,
2025-01-02 07:08:06,6.225700444272464
2025-01-02 07:08:07,6.076943121909744
2025-01-02 07:08:08,6.018334441038462
2025-01-02 07:08:09,5.763280437905394
2025-01-02 07:08:10,5.835796937964949
2025-01-02 07:08:11,5.9859623569688685
2025-01-02 07:08:12,5.8702236283304705
2025-01-02 07:08:13,5.606809866817933
2025-01-02 07:08:14,6.061050930815678
2025-01-02 07:08:15,6.3794362028659455
2025-01-02 07:08:16,5.824600122662108
2025-01-02 07:08:17,5.672415342537535
2025-01-02 07:08:18,5.847556287352807
2025-01-02 07:08:19,5.848701763011504
2025-01-02 07:08:20,5.674314364650405
2025-01-02 07:08:21,6.171500389839742
2025-01-02 07:08:22,5.25425411447032
2025-01-02 07:08:23,5.059711193832315
2025-01-02 07:08:24,5.869132536386521
2025-01-02 07:08:25,6.160479059513748
2025-01-02 07:08:26,
2025-01-02 07:08:27,5.937848375853329
2025-01-02 07:08:28,5.850759550075875
2025-01-02 07:08:29,5.287455171083122
2025-01-02 07:08:30,5.986885011341767
2025-01-02 07:08:31,5.255364922741218
2025-01-02 07:08:32,5.886977031949603
2025-01-02 07:08:33,5.921706427103034
2025-01-02 07:08:34,5.994854640917412
2025-01-02 07:08:35,6.390257985906197
2025-01-02 07:08:36,5.506914016574424
2025-01-02 07:08:37,6.416487947928791
2025-01-02 07:08:38,6.042788525123297
2025-01-02 07:08:39,5.883723976416315
2025-01-02 07:08:40,6.578919677758424
2025-01-02 07:08:41,6.444416330418475
2025-01-02 07:08:42,6.199980474936972
2025-01-02 07:08:43,6.323444365431327
2025-01-02 07:08:44,5.6818070047864735
2025-01-02 07:08:45,5.997447604241969
2025-01-02 07:08:46,5.721262647403781
2025-01-02 07:08:47,5.990320597880526
2025-01-02 07:08:48,6.399974890958412
2025-01-02 07:08:49,6.011085696894931
2025-01-02 07:08:50,5.332055943398258
2025-01-02 07:08:51,6.2260879330635825
2025-01-02 07:08:52,6.103465465858323
2025-01-02 07:08:53,5.884499001430335
2025-01-02 07:08:54,5.902606563720296
2025-01-02 07:08:55,6.363852460357312
2025-01-02 07:08:56,6.0071324460176445
2025-01-02 07:08:57,5.894594793671484
2025-01-02 07:08:58,6.19144935228153
2025-01-02 07:08:59,5.6823991542279755
2025-01-02 07:09:00,5.851206545484401
2025-01-02 07:09:01,6.015880984905358
2025-01-02 07:09:02,5.6825635781395345
2025-01-02 07:09:03,6.211610307011194
2025-01-02 07:09:04,5.99203258374513
2025-01-02 07:09:05,5.797241324148182
2025-01-02 07:09:06,5.778614542759996
2025-01-02 07:09:07,5.818322478092036
2025-01-02 07:09:08,5.678909552631959
2025-01-02 07:09:09,5.406648133737072
2025-01-02 07:09:10,6.539910572948405
2025-01-02 07:09:11,5.998286164878283
2025-01-02 07:09:12,5.568531670385669
2025-01-02 07:09:13,6.077509780336592
2025-01-02 07:09:14,6.101043492239051
2025-01-02 07:09:15,6.229077049440872
2025-01-02 07:09:16,5.821451244826578
2025-01-02 07:09:17,5.918486963882829
2025-01-02 07:09:18,6.025460458999746
2025-01-02 07:09:19,6.028980108320098
2025-01-02 07:09:20,6.072621786429068
2025-01-02 07:09:21,5.769463543222088
2025-01-02 07:09:22,5.81484852114674
2025-01-02 07:09:23,5.557009172388123
2025-01-02 07:09:24,5.919357364724484
2025-01-02 07:09:25,6.049480109749586
2025-01-02 07:09:26,5.997681606532991
2025-01-02 07:09:27,5.643884043129329
2025-01-02 07:09:28,5.346655034440462
2025-01-02 07:09:29,5.727915553991565
2025-01-02 07:09:30,5.544451889009849
2025-01-02 07:09:31,5.843960233161405
2025-01-02 07:09:32,6.098303711418692
2025-01-02 07:09:33,
2025-01-02 07:09:34,5.99549700655345
2025-01-02 07:09:35,5.759757766188853
2025-01-02 07:09:36,6.1808809351426
2025-01-02 07:09:37,5.561822522546881
2025-01-02 07:09:38,6.204561227484697
2025-01-02 07:09:39,6.2757987546652
2025-01-02 07:09:40,5.861889128666168
2025-01-02 07:09:41,5.427487267590438
2025-01-02 07:09:42,5.770514581720035
2025-01-02 07:09:43,5.57665358577211
2025-01-02 07:09:44,
2025-01-02 07:09:45,6.171095741613671
2025-01-02 07:09:46,6.035608472251811
2025-01-02 07:09:47,5.9085826620004465
2025-01-02 07:09:48,6.050643086612355
2025-01-02 07:09:49,5.579566676601509
2025-01-02 07:09:50,5.605147706137737
2025-01-02 07:09:51,5.714758240037236
2025-01-02 07:09:52,5.833021480649639
2025-01-02 07:09:53,6.144862661896562
2025-01-02 07:09:54,
2025-01-02 07:09:55,5.949350339788678
2025-01-02 07:09:56,5.777970963140264
2025-01-02 07:09:57,5.925301338012591
2025-01-02 07:09:58,6.287470243663935
2025-01-02 07:09:59,5.505306818240802
2025-01-02 07:10:00,5.709595338249547
2025-01-02 07:10:01,5.910398709555711
2025-01-02 07:10:02,5.809021917473602
2025-01-02 07:10:03,5.687102517845336
2025-01-02 07:10:04,5.6950749302339725
2025-01-02 07:10:05,6.37783216491843
2025-01-02 07:10:06,5.8463102781718
2025-01-02 07:10:07,5.49162064160087
2025-01-02 07:10:08,6.085614513545847
2025-01-02 07:10:09,5.754966325383273
2025-01-02 07:10:10,6.113373508560469
2025-01-02 07:10:11,5.697174117338831
2025-01-02 07:10:12,5.8402520200670685
2025-01-02 07:10:13,5.853970478368588
2025-01-02 07:10:14,5.307286710601212
2025-01-02 07:10:15,5.9470932851217775
2025-01-02 07:10:16,6.064439503343823
2025-01-02 07:10:17,5.6681855301803505
2025-01-02 07:10:18,
2025-01-02 07:10:19,5.798486204683674
2025-01-02 07:10:20,5.706894279882815
2025-01-02 07:10:21,6.312558951140905
2025-01-02 07:10:22,6.337079220602914
2025-01-02 07:10:23,6.0549806930958505
2025-01-02 07:10:24,6.09163183761916
2025-01-02 07:10:25,6.049991992080245
2025-01-02 07:10:26,6.145417961394025
2025-01-02 07:10:27,6.370099470054917
2025-01-02 07:10:28,5.193210936833458
2025-01-02 07:10:29,5.844850814374466
2025-01-02 07:10:30,6.2213318511227245
2025-01-02 07:10:31,5.563306996192757
2025-01-02 07:10:32,5.811014018481342
2025-01-02 07:10:33,6.540473395544463
2025-01-02 07:10:34,6.375786182368201
2025-01-02 07:10:35,5.772801401692062
2025-01-02 07:10:36,5.772502157035354
2025-01-02 07:10:37,5.655680348470971
2025-01-02 07:10:38,6.123566073722339
2025-01-02 07:10:39,5.813180298763705
2025-01-02 07:10:40,6.1322326573549395
2025-01-02 07:10:41,5.023707529802702
2025-01-02 07:10:42,6.005061650792684
2025-01-02 07:10:43,5.756606881608393
2025-01-02 07:10:44,
2025-01-02 07:10:45,5.999627517397563
2025-01-02 07:10:46,5.7338246239209845
2025-01-02 07:10:47,6.07825363442259
2025-01-02 07:10:48,6.049374282370917
2025-01-02 07:10:49,5.667270025115957
2025-01-02 07:10:50,5.860919646832186
2025-01-02 07:10:51,6.213605757088998
2025-01-02 07:10:52,6.161817794678772
2025-01-02 07:10:53,5.848337459834356
2025-01-02 07:10:54,5.633560901093697
2025-01-02 07:10:55,5.383067086155573
2025-01-02 07:10:56,5.834313783654089
2025-01-02 07:10:57,5.731148029887172
2025-01-02 07:10:58,6.099654215797185
2025-01-02 07:10:59,5.7869137116074105
2025-01-02 07:11:00,5.406355591310127
2025-01-02 07:11:01,5.684517709474778
2025-01-02 07:11:02,5.44727067203121
2025-01-02 07:11:03,5.789027290432809
2025-01-02 07:11:04,5.57994197591068
2025-01-02 07:11:05,5.667734031962218
2025-01-02 07:11:06,5.842758069413879
2025-01-02 07:11:07,5.412888727112376
2025-01-02 07:11:08,6.230998187903881
2025-01-02 07:11:09,5.910545950458317
2025-01-02 07:11:10,5.843490578585326
2025-01-02 07:11:11,5.320458936444969
2025-01-02 07:11:12,5.50728883931292
2025-01-02 07:11:13,6.373184267269161
2025-01-02 07:11:14,6.087337194631117
2025-01-02 07:11:15,6.0267154490820065
2025-01-02 07:11:16,5.952690175803845
2025-01-02 07:11:17,5.7642612227644605
2025-01-02 07:11:18,5.952272673652921
2025-01-02 07:11:19,5.776443310618002
2025-01-02 07:11:20,5.402814510266381
2025-01-02 07:11:21,5.54174264429259
2025-01-02 07:11:22,6.030311874460821
2025-01-02 07:11:23,6.147299062501103
2025-01-02 07:11:24,5.6974627764674874
2025-01-02 07:11:25,5.699109460453784
2025-01-02 07:11:26,5.775162567335703
2025-01-02 07:11:27,5.518860192049282
2025-01-02 07:11:28,6.220800902161998
2025-01-02 07:11:29,6.109843754572326
2025-01-02 07:11:30,5.671737044421685
2025-01-02 07:11:31,5.6621720146101
2025-01-02 07:11:32,5.769808861120989
2025-01-02 07:11:33,5.746242902577565
2025-01-02 07:11:34,6.021239051138316
2025-01-02 07:11:35,5.716805078284958
2025-01-02 07:11:36,6.143765429452738
2025-01-02 07:11:37,5.951376689727572
2025-01-02 07:11:38,6.272656007571283
2025-01-02 07:11:39,5.4522025598833626
2025-01-02 07:11:40,6.1780537041351575
2025-01-02 07:11:41,6.138523961693886
2025-01-02 07:11:42,5.742069284673817
2025-01-02 07:11:43,5.1562505467635065
2025-01-02 07:11:44,
2025-01-02 07:11:45,5.939999619730219
2025-01-02 07:11:46,5.560167203520982
2025-01-02 07:11:47,6.117903187550621
2025-01-02 07:11:48,6.329066483080127
2025-01-02 07:11:49,6.314944942269965
2025-01-02 07:11:50,5.514862216670558
2025-01-02 07:11:51,5.8617277183229435
2025-01-02 07:11:52,6.058259247214447
2025-01-02 07:11:53,5.545894954994407
2025-01-02 07:11:54,5.9977645095965295
2025-01-02 07:11:55,5.873994342611904
2025-01-02 07:11:56,5.837218055992618
2025-01-02 07:11:57,5.691940717337359
2025-01-02 07:11:58,5.763068532967841
2025-01-02 07:11:59,5.36114937191909
2025-01-02 07:12:00,5.680164459863681
2025-01-02 07:12:01,5.055969632878703
2025-01-02 07:12:02,5.992394677662248
2025-01-02 07:12:03,6.186238497312236
2025-01-02 07:12:04,6.190328653099728
2025-01-02 07:12:05,5.97335254960742
2025-01-02 07:12:06,5.3029434611144355
2025-01-02 07:12:07,6.2631428660642445
2025-01-02 07:12:08,6.157607026294758
2025-01-02 07:12:09,5.774339909437089
2025-01-02 07:12:10,6.214085382846541
2025-01-02 07:12:11,6.1366060011803265
2025-01-02 07:12:12,5.331031440237586
2025-01-02 07:12:13,5.198834723330693
2025-01-02 07:12:14,5.56588525725769
2025-01-02 07:12:15,5.802098322308476
2025-01-02 07:12:16,5.806317345270244
2025-01-02 07:12:17,5.751373275851083
2025-01-02 07:12:18,5.733615514671179
2025-01-02 07:12:19,5.6925317037843985
2025-01-02 07:12:20,5.739339561215952
2025-01-02 07:12:21,5.303285948103199
2025-01-02 07:12:22,6.319482069781377
2025-01-02 07:12:23,5.914063855735636
2025-01-02 07:12:24,6.271338897461263
2025-01-02 07:12:25,5.576400720847694
2025-01-02 07:12:26,5.819445128879196
2025-01-02 07:12:27,5.486058850612691
2025-01-02 07:12:28,6.032390362413686
2025-01-02 07:12:29,6.443410626179025
2025-01-02 07:12:30,5.751281117058882
2025-01-02 07:12:31,5.95941420685733
2025-01-02 07:12:32,6.096608589003508
2025-01-02 07:12:33,6.055718080021957
2025-01-02 07:12:34,5.941362762994552
2025-01-02 07:12:35,6.2989015746715
2025-01-02 07:12:36,5.797786636104712
2025-01-02 07:12:37,6.673808409049919
2025-01-02 07:12:38,5.892461832112607
2025-01-02 07:12:39,5.863157608026784
2025-01-02 07:12:40,5.599814756083276
2025-01-02 07:12:41,5.922706958116646
2025-01-02 07:12:42,5.657003628504358
2025-01-02 07:12:43,5.396153754376048
2025-01-02 07:12:44,5.723832215059167
2025-01-02 07:12:45,6.2670612686404805
2025-01-02 07:12:46,5.808692215073187
2025-01-02 07:12:47,5.79059013160751
2025-01-02 07:12:48,6.001638668552122
2025-01-02 07:12:49,5.245972562907982
2025-01-02 07:12:50,5.834207542248269
2025-01-02 07:12:51,5.646808116143611
2025-01-02 07:12:52,5.845575142074706
2025-01-02 07:12:53,5.577199555814745
2025-01-02 07:12:54,5.9334129914248575
2025-01-02 07:12:55,6.01193534767771
2025-01-02 07:12:56,6.081853726025754
2025-01-02 07:12:57,6.240821295467501
2025-01-02 07:12:58,5.81686927354173
2025-01-02 07:12:59,5.482077093652257
2025-01-02 07:13:00,6.091613649855709
2025-01-02 07:13:01,6.459181997255211
2025-01-02 07:13:02,5.625719695597978
2025-01-02 07:13:03,5.281796838670306
2025-01-02 07:13:04,5.715324799155997
2025-01-02 07:13:05,6.078865421522338
2025-01-02 07:13:06,5.952444645612735
2025-01-02 07:13:07,5.916812947706636
2025-01-02 07:13:08,5.338431298739982
2025-01-02 07:13:09,5.525689861333107
2025-01-02 07:13:10,5.4730744614785065
2025-01-02 07:13:11,6.3937382225199375
2025-01-02 07:13:12,6.3070445000435305
2025-01-02 07:13:13,5.528403312802435
2025-01-02 07:13:14,5.6947354828689605
2025-01-02 07:13:15,
2025-01-02 07:13:16,5.882688793201766
2025-01-02 07:13:17,5.71886059420881
2025-01-02 07:13:18,5.551134787348149
2025-01-02 07:13:19,5.9957240083048156
2025-01-02 07:13:20,5.4663856383271385
2025-01-02 07:13:21,6.104051571409063
2025-01-02 07:13:22,5.654751911410658
2025-01-02 07:13:23,6.085543486140906
2025-01-02 07:13:24,6.230884558924733
2025-01-02 07:13:25,5.794688743173303
2025-01-02 07:13:26,5.61423054797909
2025-01-02 07:13:27,5.534379980698764
2025-01-02 07:13:28,6.1935282278849035
2025-01-02 07:13:29,6.059311244511133
2025-01-02 07:13:30,5.485915255568666
2025-01-02 07:13:31,
2025-01-02 07:13:32,5.959841604011039
2025-01-02 07:13:33,5.588796332061461
2025-01-02 07:13:34,5.859589316396741
2025-01-02 07:13:35,5.882646597227949
2025-01-02 07:13:36,5.741590366189586
2025-01-02 07:13:37,5.470130826112778
2025-01-02 07:13:38,5.634057338419647
2025-01-02 07:13:39,5.680684767810986
2025-01-02 07:13:40,5.319426486875027
2025-01-02 07:13:41,5.840246305086184
2025-01-02 07:13:42,5.897113903569396
2025-01-02 07:13:43,5.837711177782009
2025-01-02 07:13:44,6.495068331232645
2025-01-02 07:13:45,5.315211184637742
2025-01-02 07:13:46,6.306541314985821
2025-01-02 07:13:47,5.881834041059204
2025-01-02 07:13:48,5.798057134631727
2025-01-02 07:13:49,5.742018486799454
2025-01-02 07:13:50,5.520748050884595
2025-01-02 07:13:51,6.390070568858706
2025-01-02 07:13:52,5.57508456722214
2025-01-02 07:13:53,5.837735162212973
2025-01-02 07:13:54,5.463494023663382
2025-01-02 07:13:55,6.1216162849481925
2025-01-02 07:13:56,5.681412639277668
2025-01-02 07:13:57,5.714171422343855
2025-01-02 07:13:58,5.9598607259401275
2025-01-02 07:13:59,5.805926418622957
2025-01-02 07:14:00,5.652690130810778
2025-01-02 07:14:01,5.626507191146063
2025-01-02 07:14:02,5.657676959407789
2025-01-02 07:14:03,5.960810894125341
2025-01-02 07:14:04,
2025-01-02 07:14:05,5.939979141173248
2025-01-02 07:14:06,5.6225044803767465
2025-01-02 07:14:07,5.503058185444944
2025-01-02 07:14:08,5.639226342497411
2025-01-02 07:14:09,5.674756842023909
2025-01-02 07:14:10,5.821528375294069
2025-01-02 07:14:11,5.598673863365737
2025-01-02 07:14:12,6.25800631655293
2025-01-02 07:14:13,5.970963376371696
2025-01-02 07:14:14,6.049313568132045
2025-01-02 07:14:15,5.9159961943976604
2025-01-02 07:14:16,5.809216378446548
2025-01-02 07:14:17,5.599493294213294
2025-01-02 07:14:18,5.791938988248107
2025-01-02 07:14:19,5.762081868774719
2025-01-02 07:14:20,5.461888542434631
2025-01-02 07:14:21,5.088895502227875
2025-01-02 07:14:22,6.126066689165913
2025-01-02 07:14:23,5.939301079396728
2025-01-02 07:14:24,5.819158949923423
2025-01-02 07:14:25,6.140601527427182
2025-01-02 07:14:26,5.854702075568843
2025-01-02 07:14:27,6.127251763769462
2025-01-02 07:14:28,5.8721350513525294
2025-01-02 07:14:29,5.740306173803598
2025-01-02 07:14:30,5.837659253481437
2025-01-02 07:14:31,5.363260224722978
2025-01-02 07:14:32,5.876550644441805
2025-01-02 07:14:33,5.30839113418631
2025-01-02 07:14:34,5.683143114900328
2025-01-02 07:14:35,5.302996896629659
2025-01-02 07:14:36,6.585570936483324
2025-01-02 07:14:37,5.9529730447403635
2025-01-02 07:14:38,5.211536318480069
2025-01-02 07:14:39,5.776883839093775
2025-01-02 07:14:40,5.647066435425045
2025-01-02 07:14:41,5.947908133443032
2025-01-02 07:14:42,6.236143888519107
2025-01-02 07:14:43,6.2144084583812145
2025-01-02 07:14:44,5.911979396710455
2025-01-02 07:14:45,
2025-01-02 07:14:46,5.902668960928502
2025-01-02 07:14:47,5.739747403511536
2025-01-02 07:14:48,5.87340036282981
2025-01-02 07:14:49,5.80517425686663
2025-01-02 07:14:50,6.445989131990765
2025-01-02 07:14:51,5.291078800303282
2025-01-02 07:14:52,5.713688145508868
2025-01-02 07:14:53,5.921460230210109
2025-01-02 07:14:54,6.06893721066331
2025-01-02 07:14:55,5.937988623434653
2025-01-02 07:14:56,6.049642501337666
2025-01-02 07:14:57,5.517359755196133
2025-01-02 07:14:58,6.034218879800904
2025-01-02 07:14:59,5.58685069806374
2025-01-02 07:15:00,5.510179310538799
2025-01-02 07:15:01,6.193297879056117
2025-01-02 07:15:02,6.5123587297584615
2025-01-02 07:15:03,5.9586740303806485
2025-01-02 07:15:04,5.92862462828657
2025-01-02 07:15:05,5.722807005479516
2025-01-02 07:15:06,5.659671370288108
2025-01-02 07:15:07,5.9983718522534994
2025-01-02 07:15:08,6.221877125675802
2025-01-02 07:15:09,6.321140899056274
2025-01-02 07:15:10,5.409582425264569
2025-01-02 07:15:11,5.558768841716013
2025-01-02 07:15:12,5.327336947467682
2025-01-02 07:15:13,5.64591884697705
2025-01-02 07:15:14,
2025-01-02 07:15:15,5.571188816303097
2025-01-02 07:15:16,6.56050923305041
2025-01-02 07:15:17,5.184707220577294
2025-01-02 07:15:18,5.450445167651857
2025-01-02 07:15:19,5.622723254623296
2025-01-02 07:15:20,6.000868574228603
2025-01-02 07:15:21,5.869182525935381
2025-01-02 07:15:22,5.753791642981833
2025-01-02 07:15:23,5.863578116923575
2025-01-02 07:15:24,5.369332456905777
2025-01-02 07:15:25,5.534678128659244
2025-01-02 07:15:26,6.277521878239756
2025-01-02 07:15:27,6.1400251842358555
2025-01-02 07:15:28,5.481253598498059
2025-01-02 07:15:29,5.979732655964337
2025-01-02 07:15:30,6.185001071058632
2025-01-02 07:15:31,5.984246915200247
2025-01-02 07:15:32,6.357808377129108
2025-01-02 07:15:33,5.2892459340288
2025-01-02 07:15:34,6.072220693549831
2025-01-02 07:15:35,5.939317342824044
2025-01-02 07:15:36,5.696016560720149
2025-01-02 07:15:37,5.655375685283472
2025-01-02 07:15:38,5.77366281983697
2025-01-02 07:15:39,6.036592693502884
2025-01-02 07:15:40,5.836460919912275
2025-01-02 07:15:41,5.69243967167788
2025-01-02 07:15:42,5.487150252548026
2025-01-02 07:15:43,5.9353360142908205
2025-01-02 07:15:44,6.041722916742979
2025-01-02 07:15:45,5.594566366810873
2025-01-02 07:15:46,5.764875758733954
2025-01-02 07:15:47,5.476014610715961
2025-01-02 07:15:48,6.050868934956233
2025-01-02 07:15:49,5.853239381636479
2025-01-02 07:15:50,5.577246459100303
2025-01-02 07:15:51,5.9019276529903815
2025-01-02 07:15:52,5.075904839773581
2025-01-02 07:15:53,6.178013726434124
2025-01-02 07:15:54,6.335832105007648
2025-01-02 07:15:55,5.587168246291801
2025-01-02 07:15:56,5.819147831081319
2025-01-02 07:15:57,6.117535258066098
2025-01-02 07:15:58,5.736661506416724
2025-01-02 07:15:59,5.39695310678716
2025-01-02 07:16:00,6.014126016266931
2025-01-02 07:16:01,5.829591998549929
2025-01-02 07:16:02,5.574013048322573
2025-01-02 07:16:03,6.124220380370836
2025-01-02 07:16:04,5.849019799842762
2025-01-02 07:16:05,5.682411985239926
2025-01-02 07:16:06,5.828886828676372
2025-01-02 07:16:07,6.352791837194316
2025-01-02 07:16:08,5.815504201075615
2025-01-02 07:16:09,6.0442800872223845
2025-01-02 07:16:10,5.908641139732059
2025-01-02 07:16:11,6.015258524277559
2025-01-02 07:16:12,6.1631840470976185
2025-01-02 07:16:13,6.047514216178408
2025-01-02 07:16:14,5.8496159291337655
2025-01-02 07:16:15,5.6025664279954155
2025-01-02 07:16:16,5.625709011748294
2025-01-02 07:16:17,5.7134757469319695
2025-01-02 07:16:18,5.845896665834658
2025-01-02 07:16:19,5.870506480774817
2025-01-02 07:16:20,5.400436061265641
2025-01-02 07:16:21,5.4845597042740915
2025-01-02 07:16:22,5.476351310953648
2025-01-02 07:16:23,5.811997925531516
2025-01-02 07:16:24,5.921712938129783
2025-01-02 07:16:25,5.952103525711363
2025-01-02 07:16:26,5.392356520006221
2025-01-02 07:16:27,5.811895411502144
2025-01-02 07:16:28,5.925996315332718
2025-01-02 07:16:29,6.033310807982703
2025-01-02 07:16:30,6.07935143854999
2025-01-02 07:16:31,6.069559153343081
2025-01-02 07:16:32,6.194560887930415
2025-01-02 07:16:33,5.341335144203382
2025-01-02 07:16:34,5.450896611378883
2025-01-02 07:16:35,
2025-01-02 07:16:36,5.633651260694451
2025-01-02 07:16:37,5.923117308183161
2025-01-02 07:16:38,6.080945027448879
2025-01-02 07:16:39,6.063295345393021
2025-01-02 07:16:40,5.678941248470053
2025-01-02 07:16:41,6.124408839130359
2025-01-02 07:16:42,5.868132747909827
2025-01-02 07:16:43,5.606737125626051
2025-01-02 07:16:44,6.3049977298964475
2025-01-02 07:16:45,5.7175421541120475
2025-01-02 07:16:46,5.949168329315997
2025-01-02 07:16:47,5.863881553825023
2025-01-02 07:16:48,5.4966525123828704
2025-01-02 07:16:49,5.852255306225337
2025-01-02 07:16:50,5.903911788712321
2025-01-02 07:16:51,5.436491102149044
2025-01-02 07:16:52,5.28348542672582
2025-01-02 07:16:53,5.649701533003197
2025-01-02 07:16:54,6.049308220073494
2025-01-02 07:16:55,5.693386270278046
2025-01-02 07:16:56,6.030887289025242
2025-01-02 07:16:57,5.800591391190036
2025-01-02 07:16:58,5.796668365535054
2025-01-02 07:16:59,5.814443657474844
2025-01-02 07:17:00,5.890786454749066
2025-01-02 07:17:01,5.66886010311675
2025-01-02 07:17:02,5.922796351215223
2025-01-02 07:17:03,5.275422935385875
2025-01-02 07:17:04,5.906106187681481
2025-01-02 07:17:05,5.856665385218569
2025-01-02 07:17:06,5.911596435532434
2025-01-02 07:17:07,5.857765342403662
2025-01-02 07:17:08,5.851243508983247
2025-01-02 07:17:09,5.588890215692097
2025-01-02 07:17:10,6.110435779977025
2025-01-02 07:17:11,6.046505195319732
2025-01-02 07:17:12,5.697111984189827
2025-01-02 07:17:13,5.6788575663878476
2025-01-02 07:17:14,5.571390147641553
2025-01-02 07:17:15,6.129931090323825
2025-01-02 07:17:16,5.811756588577173
2025-01-02 07:17:17,5.50023849366547
2025-01-02 07:17:18,6.166124098626578
2025-01-02 07:17:19,5.205493945945696
2025-01-02 07:17:20,5.519733996597987
2025-01-02 07:17:21,
2025-01-02 07:17:22,5.736594001276355
2025-01-02 07:17:23,5.329795315688784
2025-01-02 07:17:24,5.711409622492293
2025-01-02 07:17:25,5.407662409713416
2025-01-02 07:17:26,5.3764659906809245
2025-01-02 07:17:27,5.449861539924282
2025-01-02 07:17:28,5.538787149462928
2025-01-02 07:17:29,5.947400204877827
2025-01-02 07:17:30,5.582053457080085
2025-01-02 07:17:31,5.263623690394026
2025-01-02 07:17:32,5.358994846569685
2025-01-02 07:17:33,5.839488658884034
2025-01-02 07:17:34,5.637425794876282
2025-01-02 07:17:35,5.905843627801868
2025-01-02 07:17:36,5.453627505263055
2025-01-02 07:17:37,5.252196780781389
2025-01-02 07:17:38,5.9934062899296405
2025-01-02 07:17:39,5.9715405853831305
2025-01-02 07:17:40,6.188896598353689
2025-01-02 07:17:41,5.85496337617588
2025-01-02 07:17:42,5.491415556541415
2025-01-02 07:17:43,5.650218752003772
2025-01-02 07:17:44,5.97986310932692
2025-01-02 07:17:45,5.463257085176083
2025-01-02 07:17:46,5.658797627992442
2025-01-02 07:17:47,5.7915384420619445
2025-01-02 07:17:48,5.343638248563256
2025-01-02 07:17:49,5.6943041786325
2025-01-02 07:17:50,5.506665580373924
2025-01-02 07:17:51,
2025-01-02 07:17:52,5.548857596711566
2025-01-02 07:17:53,6.23101298792484
2025-01-02 07:17:54,5.741302669159828
2025-01-02 07:17:55,5.653899475728423
2025-01-02 07:17:56,5.641063498223385
2025-01-02 07:17:57,5.552669926267462
2025-01-02 07:17:58,5.552977296726157
2025-01-02 07:17:59,5.64495568741651
2025-01-02 07:18:00,5.440295506732623
2025-01-02 07:18:01,5.811183469740887
2025-01-02 07:18:02,5.855528933031252
2025-01-02 07:18:03,5.844353472175282
2025-01-02 07:18:04,6.171509958749691
2025-01-02 07:18:05,5.764122827024699
2025-01-02 07:18:06,6.009304302635066
2025-01-02 07:18:07,5.789214748984949
2025-01-02 07:18:08,6.017087333417831
2025-01-02 07:18:09,6.007835444906887
2025-01-02 07:18:10,5.489937271545731
2025-01-02 07:18:11,5.088876901467267
2025-01-02 07:18:12,5.624129017616723
2025-01-02 07:18:13,4.848703925164083
2025-01-02 07:18:14,5.7276695102492035
2025-01-02 07:18:15,5.512790456671172
2025-01-02 07:18:16,5.779392477244684
2025-01-02 07:18:17,5.607242432433402
2025-01-02 07:18:18,5.12994059424998
2025-01-02 07:18:19,5.160530814868526
2025-01-02 07:18:20,5.870482569783673
2025-01-02 07:18:21,5.809022831262108
2025-01-02 07:18:22,6.172086776446243
2025-01-02 07:18:23,5.699816463135671
2025-01-02 07:18:24,5.702983000551215
2025-01-02 07:18:25,5.83842522359161
2025-01-02 07:18:26,5.9856369094173925
2025-01-02 07:18:27,
2025-01-02 07:18:28,5.601119641216421
2025-01-02 07:18:29,5.880691311968403
2025-01-02 07:18:30,5.975926358727008
2025-01-02 07:18:31,5.696508397216598
2025-01-02 07:18:32,5.490880930387906
2025-01-02 07:18:33,5.19606487065419
2025-01-02 07:18:34,5.683925771171209
2025-01-02 07:18:35,5.69041848350739
2025-01-02 07:18:36,5.428667788215461
2025-01-02 07:18:37,6.059360034712829
2025-01-02 07:18:38,5.974609188876398
2025-01-02 07:18:39,5.455723322896533
2025-01-02 07:18:40,5.809347643235668
2025-01-02 07:18:41,4.758842870115506
2025-01-02 07:18:42,5.623549884619755
2025-01-02 07:18:43,5.641462286443244
2025-01-02 07:18:44,5.7228241228775465
2025-01-02 07:18:45,5.702303695899451
2025-01-02 07:18:46,6.037254653221535
2025-01-02 07:18:47,5.079387417059532
2025-01-02 07:18:48,5.359978497674595
2025-01-02 07:18:49,5.950562368668405
2025-01-02 07:18:50,5.7852741566411305
2025-01-02 07:18:51,6.008815215881615
2025-01-02 07:18:52,5.840370547158424
2025-01-02 07:18:53,6.046884751382619
2025-01-02 07:18:54,5.727817219779576
2025-01-02 07:18:55,5.605733910065874
2025-01-02 07:18:56,5.714662373347026
2025-01-02 07:18:57,6.246871136519666
2025-01-02 07:18:58,5.551540160429819
2025-01-02 07:18:59,5.9603510557882515
2025-01-02 07:19:00,5.9223495043401355
2025-01-02 07:19:01,5.5187851825674095
2025-01-02 07:19:02,5.488732001935809
2025-01-02 07:19:03,5.558796647933995
2025-01-02 07:19:04,5.39324699616843
2025-01-02 07:19:05,5.750181605365803
2025-01-02 07:19:06,5.408261638094417
2025-01-02 07:19:07,6.120285796921628
2025-01-02 07:19:08,5.710810746696528
2025-01-02 07:19:09,5.269178837031937
2025-01-02 07:19:10,6.049436814795083
2025-01-02 07:19:11,5.202128648193956
2025-01-02 07:19:12,5.4132500370723085
2025-01-02 07:19:13,5.656537531736492
2025-01-02 07:19:14,5.74806270182083
2025-01-02 07:19:15,6.223588706803376
2025-01-02 07:19:16,5.5289885534742895
2025-01-02 07:19:17,5.5213445857316925
2025-01-02 07:19:18,5.72123391174014
2025-01-02 07:19:19,5.68345609550767
2025-01-02 07:19:20,6.0467259648720635
2025-01-02 07:19:21,5.723823931926238
2025-01-02 07:19:22,5.2708120417898
2025-01-02 07:19:23,5.861241502276162
2025-01-02 07:19:24,6.273853698344029
2025-01-02 07:19:25,5.311930795116739
2025-01-02 07:19:26,5.388070177700418
2025-01-02 07:19:27,5.621207979864613
2025-01-02 07:19:28,6.025002002062602
2025-01-02 07:19:29,6.177057065896863
2025-01-02 07:19:30,5.808594678481219
2025-01-02 07:19:31,6.2889682239095785
2025-01-02 07:19:32,5.425342983092075
2025-01-02 07:19:33,5.848164424852304
2025-01-02 07:19:34,5.503614133037164
2025-01-02 07:19:35,6.1732491566292005
2025-01-02 07:19:36,5.3119391863498455
2025-01-02 07:19:37,5.1824902111606335
2025-01-02 07:19:38,5.663039615348316
2025-01-02 07:19:39,5.959523684757168
2025-01-02 07:19:40,5.401536232290621
2025-01-02 07:19:41,6.297432289892999
2025-01-02 07:19:42,5.843502421437288
2025-01-02 07:19:43,6.018500296517264
2025-01-02 07:19:44,5.805849180596706
2025-01-02 07:19:45,5.523196095275986
2025-01-02 07:19:46,5.6438254790709
2025-01-02 07:19:47,5.70807368517317
2025-01-02 07:19:48,5.344297649220073
2025-01-02 07:19:49,5.814372525264171
2025-01-02 07:19:50,4.944450990405001
2025-01-02 07:19:51,5.959437858476188
2025-01-02 07:19:52,5.224876511925812
2025-01-02 07:19:53,5.4290126385040365
2025-01-02 07:19:54,5.909146764415547
2025-01-02 07:19:55,5.892618462713079
2025-01-02 07:19:56,5.3424175011665564
2025-01-02 07:19:57,5.336583019571179
2025-01-02 07:19:58,5.532058270890526
2025-01-02 07:19:59,5.723031338842287
2025-01-02 07:20:00,6.240349342312153
2025-01-02 07:20:01,5.5968598015799556
2025-01-02 07:20:02,6.282687118793197
2025-01-02 07:20:03,5.592816415646214
2025-01-02 07:20:04,5.515430179219259
2025-01-02 07:20:05,6.175752968168583
2025-01-02 07:20:06,5.753424318070236
2025-01-02 07:20:07,6.018067463745969
2025-01-02 07:20:08,5.834423751395935
2025-01-02 07:20:09,5.466760728181061
2025-01-02 07:20:10,5.716881816658413
2025-01-02 07:20:11,5.870050020758184
2025-01-02 07:20:12,5.3703741956396485
2025-01-02 07:20:13,5.693234435659351
2025-01-02 07:20:14,6.028014797517524
2025-01-02 07:20:15,5.8970225523979405
2025-01-02 07:20:16,5.511881504875364
2025-01-02 07:20:17,5.521237358912804
2025-01-02 07:20:18,
2025-01-02 07:20:19,5.733607810281134
2025-01-02 07:20:20,
2025-01-02 07:20:21,5.299730983926846
2025-01-02 07:20:22,5.677995456605535
2025-01-02 07:20:23,5.208001991517062
2025-01-02 07:20:24,5.449041792207303
2025-01-02 07:20:25,5.308176577004177
2025-01-02 07:20:26,5.621382366951512
2025-01-02 07:20:27,5.718993804872115
2025-01-02 07:20:28,6.32797890257216
2025-01-02 07:20:29,5.852193702430616
2025-01-02 07:20:30,5.5742268506568555
2025-01-02 07:20:31,5.939224243242215
2025-01-02 07:20:32,5.701844056197952
2025-01-02 07:20:33,5.996398728340776
2025-01-02 07:20:34,5.627350720640773
2025-01-02 07:20:35,5.673323309345463
2025-01-02 07:20:36,5.360510551996472
2025-01-02 07:20:37,5.46863089845843
2025-01-02 07:20:38,6.190355428257367
2025-01-02 07:20:39,5.461205038130578
2025-01-02 07:20:40,5.914060171486574
2025-01-02 07:20:41,5.60826273638911
2025-01-02 07:20:42,5.720460594520904
2025-01-02 07:20:43,5.687339919848559
2025-01-02 07:20:44,6.247638720572072
2025-01-02 07:20:45,5.6397890766410255
2025-01-02 07:20:46,5.222301520759688
2025-01-02 07:20:47,5.393640250760457
2025-01-02 07:20:48,5.715572919376819
2025-01-02 07:20:49,5.756614497799916
2025-01-02 07:20:50,5.346790397646714
2025-01-02 07:20:51,5.506707297396782
2025-01-02 07:20:52,5.1864689025182935
2025-01-02 07:20:53,5.926846189217974
2025-01-02 07:20:54,5.878646690340667
2025-01-02 07:20:55,5.646825356568382
2025-01-02 07:20:56,5.871528565174936
2025-01-02 07:20:57,5.629386951214734
2025-01-02 07:20:58,5.690953410147315
2025-01-02 07:20:59,5.290878472354836
2025-01-02 07:21:00,5.491689487526891
2025-01-02 07:21:01,5.749542691865392
2025-01-02 07:21:02,5.398352344440452
2025-01-02 07:21:03,5.995767266349625
2025-01-02 07:21:04,5.252820565212251
2025-01-02 07:21:05,5.36861930695212
2025-01-02 07:21:06,5.6777841384520595
2025-01-02 07:21:07,5.673087366478976
2025-01-02 07:21:08,5.467204934310158
2025-01-02 07:21:09,6.467659058886874
2025-01-02 07:21:10,5.411188939619493
2025-01-02 07:21:11,5.616006781021811
2025-01-02 07:21:12,6.004134928969827
2025-01-02 07:21:13,5.798842730935192
2025-01-02 07:21:14,6.03650209920657
2025-01-02 07:21:15,6.097762579568867
2025-01-02 07:21:16,5.532650005422548
2025-01-02 07:21:17,5.418991026001025
2025-01-02 07:21:18,5.085834893753109
2025-01-02 07:21:19,5.490032741393275
2025-01-02 07:21:20,5.586266116320098
2025-01-02 07:21:21,5.556415552630821
2025-01-02 07:21:22,5.310571176136397
2025-01-02 07:21:23,5.466804140398799
2025-01-02 07:21:24,5.789553185006295
2025-01-02 07:21:25,5.273111021037214
2025-01-02 07:21:26,5.237284906672967
2025-01-02 07:21:27,5.409331025702122
2025-01-02 07:21:28,5.052394134128837
2025-01-02 07:21:29,5.370264995469107
2025-01-02 07:21:30,5.203693500974971
2025-01-02 07:21:31,6.0712602901551005
2025-01-02 07:21:32,5.362082206149505
2025-01-02 07:21:33,5.4932415055307535
2025-01-02 07:21:34,5.686008036658168
2025-01-02 07:21:35,5.705178385937238
2025-01-02 07:21:36,5.789908821879282
2025-01-02 07:21:37,5.828806822702595
2025-01-02 07:21:38,5.595583899127184
2025-01-02 07:21:39,5.68892916774795
2025-01-02 07:21:40,5.801140786222586
2025-01-02 07:21:41,5.833357861142479
2025-01-02 07:21:42,6.281616725286874
2025-01-02 07:21:43,5.929024234417945
2025-01-02 07:21:44,5.33665809592657
2025-01-02 07:21:45,5.931199770059659
2025-01-02 07:21:46,5.291727917792817
2025-01-02 07:21:47,5.457750335853568
2025-01-02 07:21:48,5.536988714051339
2025-01-02 07:21:49,5.7729009319662365
2025-01-02 07:21:50,5.97142914789542
2025-01-02 07:21:51,5.246970011127896
2025-01-02 07:21:52,5.898798818805751
2025-01-02 07:21:53,5.490843100071254
2025-01-02 07:21:54,6.143692409413227
2025-01-02 07:21:55,5.730880249824403
2025-01-02 07:21:56,5.300743237294419
2025-01-02 07:21:57,5.509214899462808
2025-01-02 07:21:58,5.306212820062138
2025-01-02 07:21:59,5.912529520170725
2025-01-02 07:22:00,5.522618984257562
2025-01-02 07:22:01,5.34221206596467
2025-01-02 07:22:02,
2025-01-02 07:22:03,5.709278562288911
2025-01-02 07:22:04,5.787570164605803
2025-01-02 07:22:05,5.523369373389545
2025-01-02 07:22:06,6.093367461552451
2025-01-02 07:22:07,6.374437436557726
2025-01-02 07:22:08,5.476268440956911
2025-01-02 07:22:09,5.701440782440628
2025-01-02 07:22:10,5.48738950439997
2025-01-02 07:22:11,5.9954472091670965
2025-01-02 07:22:12,5.459586451955445
2025-01-02 07:22:13,5.762440590858839
2025-01-02 07:22:14,6.244141981747651
2025-01-02 07:22:15,5.483465136101998
2025-01-02 07:22:16,5.372856375533859
2025-01-02 07:22:17,5.494263513515961
2025-01-02 07:22:18,6.0190309604817145
2025-01-02 07:22:19,5.744866403360658
2025-01-02 07:22:20,5.527964030458909
2025-01-02 07:22:21,5.330321041514597
2025-01-02 07:22:22,5.610133536379407
2025-01-02 07:22:23,5.894391295398219
2025-01-02 07:22:24,5.184829978849498
2025-01-02 07:22:25,5.268622826557077
2025-01-02 07:22:26,5.665455894916001
2025-01-02 07:22:27,5.628957367454654
2025-01-02 07:22:28,5.850766561903443
2025-01-02 07:22:29,5.818223074818498
2025-01-02 07:22:30,5.603031547728932
2025-01-02 07:22:31,5.983195475739475
2025-01-02 07:22:32,5.3984366775987604
2025-01-02 07:22:33,5.99559942362529
2025-01-02 07:22:34,5.704033099956738
2025-01-02 07:22:35,6.0055996362177
2025-01-02 07:22:36,5.590441306067199
2025-01-02 07:22:37,5.996679790246373
2025-01-02 07:22:38,5.706677941361224
2025-01-02 07:22:39,5.82316167046376
2025-01-02 07:22:40,5.906305234395409
2025-01-02 07:22:41,5.6467847083181475
2025-01-02 07:22:42,6.065867280894365
2025-01-02 07:22:43,4.985242797880396
2025-01-02 07:22:44,6.092839328521582
2025-01-02 07:22:45,5.362481010982939
2025-01-02 07:22:46,5.557057289664155
2025-01-02 07:22:47,5.348098512319119
2025-01-02 07:22:48,5.1951514617251915
2025-01-02 07:22:49,5.7351824081731655
2025-01-02 07:22:50,5.590282458048497
2025-01-02 07:22:51,5.816393035743624
2025-01-02 07:22:52,5.471061141989113
2025-01-02 07:22:53,5.8739225029714035
2025-01-02 07:22:54,5.932407125769382
2025-01-02 07:22:55,5.254903404039395
2025-01-02 07:22:56,5.946887910346955
2025-01-02 07:22:57,5.5667577072571195
2025-01-02 07:22:58,6.089210615398153
2025-01-02 07:22:59,6.075341648038766
2025-01-02 07:23:00,6.079937955095831
2025-01-02 07:23:01,5.997954901743484
2025-01-02 07:23:02,5.5560075896686145
2025-01-02 07:23:03,6.162704048367047
2025-01-02 07:23:04,5.787307421350172
2025-01-02 07:23:05,6.16571864434812
2025-01-02 07:23:06,5.8974697393367785
2025-01-02 07:23:07,5.290592056606981
2025-01-02 07:23:08,6.095739797743886
2025-01-02 07:23:09,5.881276505125412
2025-01-02 07:23:10,5.323430590954214
2025-01-02 07:23:11,6.034247945379325
2025-01-02 07:23:12,5.602314024956963
2025-01-02 07:23:13,5.657172496481737
2025-01-02 07:23:14,5.296779956118209
2025-01-02 07:23:15,5.581154835768283
2025-01-02 07:23:16,
2025-01-02 07:23:17,5.6838771172137745
2025-01-02 07:23:18,5.604544620600805
2025-01-02 07:23:19,5.987016397197725
2025-01-02 07:23:20,5.79825197404156
2025-01-02 07:23:21,5.847339928883488
2025-01-02 07:23:22,5.94034755794635
2025-01-02 07:23:23,5.584221540342109
2025-01-02 07:23:24,5.650782835933722
2025-01-02 07:23:25,5.63851902644918
2025-01-02 07:23:26,5.233628715168326
2025-01-02 07:23:27,5.849733548450863
2025-01-02 07:23:28,5.368225762740333
2025-01-02 07:23:29,5.741434870205676
2025-01-02 07:23:30,5.423611453629677
2025-01-02 07:23:31,5.415985167342283
2025-01-02 07:23:32,5.729262667261707
2025-01-02 07:23:33,5.773731656406142
2025-01-02 07:23:34,5.773461264628496
2025-01-02 07:23:35,5.797777890215263
2025-01-02 07:23:36,5.883344543969252
2025-01-02 07:23:37,5.523732661003645
2025-01-02 07:23:38,5.509710784141993
2025-01-02 07:23:39,4.985189618551363
2025-01-02 07:23:40,5.548202766550968
2025-01-02 07:23:41,4.968487664267494
2025-01-02 07:23:42,6.717717053073857
2025-01-02 07:23:43,5.7856904500009865
2025-01-02 07:23:44,5.553033014335983
2025-01-02 07:23:45,5.381899529918023
2025-01-02 07:23:46,6.088880597297859
2025-01-02 07:23:47,5.4295354561894165
2025-01-02 07:23:48,5.847034074688382
2025-01-02 07:23:49,6.224853565222138
2025-01-02 07:23:50,5.405485662658414
2025-01-02 07:23:51,5.7068394962808044
2025-01-02 07:23:52,5.3567479535563844
2025-01-02 07:23:53,5.862636515330806
2025-01-02 07:23:54,5.48232003159954
2025-01-02 07:23:55,6.052199409901962
2025-01-02 07:23:56,5.868376954453557
2025-01-02 07:23:57,
2025-01-02 07:23:58,5.309183657235799
2025-01-02 07:23:59,5.765907267065247
2025-01-02 07:24:00,5.373632835749924
2025-01-02 07:24:01,5.596487674831345
2025-01-02 07:24:02,5.091408609535782
2025-01-02 07:24:03,5.873703976432749
2025-01-02 07:24:04,5.229916591222698
2025-01-02 07:24:05,5.6342280458005645
2025-01-02 07:24:06,5.169094169811316
2025-01-02 07:24:07,5.43904640528424
2025-01-02 07:24:08,5.487735919761139
2025-01-02 07:24:09,5.5918388769700655
2025-01-02 07:24:10,5.508027442757405
2025-01-02 07:24:11,5.724100280817044
2025-01-02 07:24:12,5.088877677159158
2025-01-02 07:24:13,5.5897318481267115
2025-01-02 07:24:14,5.908912016940081
2025-01-02 07:24:15,5.817283363943651
2025-01-02 07:24:16,5.043417812367373
2025-01-02 07:24:17,4.975604385570281
2025-01-02 07:24:18,5.917034134523445
2025-01-02 07:24:19,5.281477126583702
2025-01-02 07:24:20,5.40145554244542
2025-01-02 07:24:21,5.494907212316268
2025-01-02 07:24:22,5.238392317383002
2025-01-02 07:24:23,5.429441040392313
2025-01-02 07:24:24,5.645120844439805
2025-01-02 07:24:25,5.662671002456658
2025-01-02 07:24:26,4.987017073207799
2025-01-02 07:24:27,5.830372035560665
2025-01-02 07:24:28,5.891730951138866
2025-01-02 07:24:29,5.481940943806211
2025-01-02 07:24:30,4.994097735078215
2025-01-02 07:24:31,6.0543231787486045
2025-01-02 07:24:32,5.45285742230884
2025-01-02 07:24:33,6.007376298964417
2025-01-02 07:24:34,6.50172139788665
2025-01-02 07:24:35,5.367132283924875
2025-01-02 07:24:36,6.061517769551295
2025-01-02 07:24:37,5.819961475191731
2025-01-02 07:24:38,5.526185961784917
2025-01-02 07:24:39,5.6537189003856065
2025-01-02 07:24:40,5.394346095632318
2025-01-02 07:24:41,5.610853557993623
2025-01-02 07:24:42,5.435019551862562
2025-01-02 07:24:43,5.389823245629312
2025-01-02 07:24:44,5.626736865809122
2025-01-02 07:24:45,5.605927084640849
2025-01-02 07:24:46,5.544753956591283
2025-01-02 07:24:47,5.355928359513138
2025-01-02 07:24:48,5.421566376890759
2025-01-02 07:24:49,5.546103421857773
2025-01-02 07:24:50,5.533883394167816
2025-01-02 07:24:51,5.591014450638987
2025-01-02 07:24:52,5.99554013605166
2025-01-02 07:24:53,5.348955408155508
2025-01-02 07:24:54,5.478971456214828
2025-01-02 07:24:55,5.324527895446921
2025-01-02 07:24:56,5.671976833451112
2025-01-02 07:24:57,5.694808434182748
2025-01-02 07:24:58,5.569227166741039
2025-01-02 07:24:59,5.613700824678997
2025-01-02 07:25:00,5.107933582763182
2025-01-02 07:25:01,5.4042459071838
2025-01-02 07:25:02,5.6899329377872325
2025-01-02 07:25:03,6.031997074660287
2025-01-02 07:25:04,5.869791460827987
2025-01-02 07:25:05,5.4547517303869135
2025-01-02 07:25:06,6.165897079424864
2025-01-02 07:25:07,5.23477870307919
2025-01-02 07:25:08,5.846848975926831
2025-01-02 07:25:09,5.600421060435154
2025-01-02 07:25:10,5.6933018370096375
2025-01-02 07:25:11,6.430774276651196
2025-01-02 07:25:12,4.948153107815868
2025-01-02 07:25:13,5.661921246341883
2025-01-02 07:25:14,5.778850166119253
2025-01-02 07:25:15,5.287661002726397
2025-01-02 07:25:16,5.117059470969998
2025-01-02 07:25:17,5.796896647273571
2025-01-02 07:25:18,5.199802601949951
2025-01-02 07:25:19,5.456470607146885
2025-01-02 07:25:20,5.400950221917358
2025-01-02 07:25:21,5.085059259530688
2025-01-02 07:25:22,5.496918482509639
2025-01-02 07:25:23,5.109632086322501
2025-01-02 07:25:24,5.496338589322901
2025-01-02 07:25:25,6.147111292946627
2025-01-02 07:25:26,5.906825590725216
2025-01-02 07:25:27,4.8949947176039625
2025-01-02 07:25:28,5.871992975799484
2025-01-02 07:25:29,5.013621635184257
2025-01-02 07:25:30,5.780802260251696
2025-01-02 07:25:31,5.387398037656442
2025-01-02 07:25:32,5.86579076207517
2025-01-02 07:25:33,5.500765363682043
2025-01-02 07:25:34,5.094474334235768
2025-01-02 07:25:35,4.601544101848207
2025-01-02 07:25:36,5.089716989638725
2025-01-02 07:25:37,5.296443142702111
2025-01-02 07:25:38,5.114541989618158
2025-01-02 07:25:39,5.655388479954654
2025-01-02 07:25:40,5.767321770669539
2025-01-02 07:25:41,5.884561257792403
2025-01-02 07:25:42,5.160207818229731
2025-01-02 07:25:43,5.5261080296108185
2025-01-02 07:25:44,5.620052112251262
2025-01-02 07:25:45,4.890906482613231
2025-01-02 07:25:46,5.572899835723246
2025-01-02 07:25:47,5.86250407532149
2025-01-02 07:25:48,5.392145739565498
2025-01-02 07:25:49,5.286841759366925
2025-01-02 07:25:50,5.435716567226828
2025-01-02 07:25:51,5.231636499337396
2025-01-02 07:25:52,6.0193429531081355
2025-01-02 07:25:53,5.820742276730049
2025-01-02 07:25:54,5.603854259022198
2025-01-02 07:25:55,5.1437794158024515
2025-01-02 07:25:56,
2025-01-02 07:25:57,5.524329947804641
2025-01-02 07:25:58,5.7573087042915265
2025-01-02 07:25:59,5.6356450044570225
2025-01-02 07:26:00,5.539303373910287
2025-01-02 07:26:01,5.899625013943181
2025-01-02 07:26:02,5.934003996289166
2025-01-02 07:26:03,5.343510657101362
2025-01-02 07:26:04,5.418934385283713
2025-01-02 07:26:05,5.089251051045122
2025-01-02 07:26:06,5.69717604907921
2025-01-02 07:26:07,6.0312526597091285
2025-01-02 07:26:08,5.2310300857977365
2025-01-02 07:26:09,
2025-01-02 07:26:10,5.399842283941927
2025-01-02 07:26:11,5.691873979321516
2025-01-02 07:26:12,5.455267343790055
2025-01-02 07:26:13,5.2582644611176335
2025-01-02 07:26:14,5.713757982873399
2025-01-02 07:26:15,5.419372180262307
2025-01-02 07:26:16,5.427891623116978
2025-01-02 07:26:17,5.474151107169847
2025-01-02 07:26:18,5.568761984483635
2025-01-02 07:26:19,5.312796560143129
2025-01-02 07:26:20,5.794206754517508
2025-01-02 07:26:21,5.738046186989763
2025-01-02 07:26:22,5.5338951907668275
2025-01-02 07:26:23,5.558484426776332
2025-01-02 07:26:24,5.755444169751697
2025-01-02 07:26:25,5.667568705031165
2025-01-02 07:26:26,5.443619743949312
2025-01-02 07:26:27,5.7227014720145775
2025-01-02 07:26:28,6.110427580516862
2025-01-02 07:26:29,5.1781179159219315
2025-01-02 07:26:30,5.8109268590449386
2025-01-02 07:26:31,5.449803760192617
2025-01-02 07:26:32,5.600263858170401
2025-01-02 07:26:33,5.52782897529082
2025-01-02 07:26:34,4.982446324396701
2025-01-02 07:26:35,5.769641094848466
2025-01-02 07:26:36,5.194615499564854
2025-01-02 07:26:37,5.793301421175801
2025-01-02 07:26:38,5.282367348298284
2025-01-02 07:26:39,5.454516258144981
2025-01-02 07:26:40,5.716770269133569
2025-01-02 07:26:41,5.8707396495536655
2025-01-02 07:26:42,5.37482254987825
2025-01-02 07:26:43,5.611502553867848
2025-01-02 07:26:44,5.607475555857995
2025-01-02 07:26:45,5.525622241245907
2025-01-02 07:26:46,5.514369122153284
2025-01-02 07:26:47,5.586074332301375
2025-01-02 07:26:48,4.964483117914961
2025-01-02 07:26:49,5.124777774767914
2025-01-02 07:26:50,5.901111738398559
2025-01-02 07:26:51,5.595242569173846
2025-01-02 07:26:52,5.130317105107634
2025-01-02 07:26:53,5.344727588537857
2025-01-02 07:26:54,5.488691353024463
2025-01-02 07:26:55,5.6645357505571905
2025-01-02 07:26:56,
2025-01-02 07:26:57,5.700097789888194
2025-01-02 07:26:58,5.706997853634903
2025-01-02 07:26:59,5.065201120048495
2025-01-02 07:27:00,5.824055037311908
2025-01-02 07:27:01,5.88556125945842
2025-01-02 07:27:02,5.50619358231214
2025-01-02 07:27:03,5.299913701611771
2025-01-02 07:27:04,5.6096205494379685
2025-01-02 07:27:05,6.0202381601143635
2025-01-02 07:27:06,
2025-01-02 07:27:07,5.390488059573966
2025-01-02 07:27:08,4.922992705176585
2025-01-02 07:27:09,5.608026620434002
2025-01-02 07:27:10,5.652618457868502
2025-01-02 07:27:11,5.630677970204861
2025-01-02 07:27:12,5.5489450953781505
2025-01-02 07:27:13,5.480675202421754
2025-01-02 07:27:14,5.667009107883929
2025-01-02 07:27:15,5.494434595735162
2025-01-02 07:27:16,5.083244075053159
2025-01-02 07:27:17,
2025-01-02 07:27:18,5.881435617972233
2025-01-02 07:27:19,5.244008293354109
2025-01-02 07:27:20,5.382756395658438
2025-01-02 07:27:21,5.638648157663377
2025-01-02 07:27:22,5.2942598576375035
2025-01-02 07:27:23,5.760666523148869
2025-01-02 07:27:24,5.269621486023021
2025-01-02 07:27:25,5.337248746711196
2025-01-02 07:27:26,5.802712301818936
2025-01-02 07:27:27,5.415318419582447
2025-01-02 07:27:28,5.274901089245521
2025-01-02 07:27:29,5.596750311383393
2025-01-02 07:27:30,6.131015874353831
2025-01-02 07:27:31,5.357877200045299
2025-01-02 07:27:32,5.905252884889499
2025-01-02 07:27:33,5.058158984442162
2025-01-02 07:27:34,5.602884276072976
2025-01-02 07:27:35,5.981459781834126
2025-01-02 07:27:36,5.971511451585062
2025-01-02 07:27:37,5.518765535245917
2025-01-02 07:27:38,5.4075061183678566
2025-01-02 07:27:39,5.748979931246947
2025-01-02 07:27:40,5.686983487829807
2025-01-02 07:27:41,5.223950899678226
2025-01-02 07:27:42,5.608537102706998
2025-01-02 07:27:43,5.250507222900768
2025-01-02 07:27:44,5.678058733558489
2025-01-02 07:27:45,5.1757922504399225
2025-01-02 07:27:46,5.193552197751504
2025-01-02 07:27:47,5.709399511153919
2025-01-02 07:27:48,5.568557863949249
2025-01-02 07:27:49,5.187514389988005
2025-01-02 07:27:50,5.6056056478278045
2025-01-02 07:27:51,5.38066045453463
2025-01-02 07:27:52,5.76059344433149
2025-01-02 07:27:53,5.938465608820323
2025-01-02 07:27:54,5.252084157710317
2025-01-02 07:27:55,5.791189845471746
2025-01-02 07:27:56,5.576619504502943
2025-01-02 07:27:57,5.773302406793034
2025-01-02 07:27:58,5.361220358216467
2025-01-02 07:27:59,5.131592972254431
2025-01-02 07:28:00,6.046530671253513
2025-01-02 07:28:01,5.513355087283365
2025-01-02 07:28:02,5.388890056706358
2025-01-02 07:28:03,6.0297608835540615
2025-01-02 07:28:04,6.045096065921876
2025-01-02 07:28:05,5.711172959079522
2025-01-02 07:28:06,5.599693023597628
2025-01-02 07:28:07,5.476975723907891
2025-01-02 07:28:08,5.647347647790382
2025-01-02 07:28:09,5.396227300231059
2025-01-02 07:28:10,5.2853486941642585
2025-01-02 07:28:11,5.941753938838911
2025-01-02 07:28:12,5.142725556350862
2025-01-02 07:28:13,5.220848553000944
2025-01-02 07:28:14,5.467295238004641
2025-01-02 07:28:15,5.586157386540142
2025-01-02 07:28:16,5.4589185957503705
2025-01-02 07:28:17,4.877687348670193
2025-01-02 07:28:18,5.252837240737717
2025-01-02 07:28:19,5.471837743598601
2025-01-02 07:28:20,4.638091165165018
2025-01-02 07:28:21,5.439824392812601
2025-01-02 07:28:22,5.081339850211039
2025-01-02 07:28:23,6.199721315541898
2025-01-02 07:28:24,5.061009871967427
2025-01-02 07:28:25,6.0216729844015235
2025-01-02 07:28:26,5.152888086284424
2025-01-02 07:28:27,4.914053761429592
2025-01-02 07:28:28,5.286320842426409
2025-01-02 07:28:29,5.629385915655185
2025-01-02 07:28:30,5.243364202183688
2025-01-02 07:28:31,
2025-01-02 07:28:32,5.512363010542462
2025-01-02 07:28:33,5.764827594821666
2025-01-02 07:28:34,5.5413776931458285
2025-01-02 07:28:35,5.1451002060801105
2025-01-02 07:28:36,5.285351686337852
2025-01-02 07:28:37,4.821194746131191
2025-01-02 07:28:38,5.313518957473603
2025-01-02 07:28:39,5.913251503790747
2025-01-02 07:28:40,5.889222488465596
2025-01-02 07:28:41,5.615987251636032
2025-01-02 07:28:42,5.391180930308953
2025-01-02 07:28:43,5.574618174232229
2025-01-02 07:28:44,5.774654269036308
2025-01-02 07:28:45,4.851035984963169
2025-01-02 07:28:46,5.625381003067131
2025-01-02 07:28:47,5.836532127826311
2025-01-02 07:28:48,5.860312716610651
2025-01-02 07:28:49,5.356589829037965
2025-01-02 07:28:50,5.502984959016117
2025-01-02 07:28:51,5.1568702898432965
2025-01-02 07:28:52,5.710692115264783
2025-01-02 07:28:53,5.619674892861002
2025-01-02 07:28:54,5.536168474708715
2025-01-02 07:28:55,5.179080879720025
2025-01-02 07:28:56,5.33728115354247
2025-01-02 07:28:57,5.491199054983044
2025-01-02 07:28:58,5.398614970677375
2025-01-02 07:28:59,5.135366847133016
2025-01-02 07:29:00,4.900359682529598
2025-01-02 07:29:01,5.269437409297759
2025-01-02 07:29:02,5.659508528011797
2025-01-02 07:29:03,5.308832788083298
2025-01-02 07:29:04,5.5053628195825794
2025-01-02 07:29:05,5.77662986114268
2025-01-02 07:29:06,5.347891014102937
2025-01-02 07:29:07,5.466019012840073
2025-01-02 07:29:08,5.681282385719834
2025-01-02 07:29:09,5.085605524828188
2025-01-02 07:29:10,5.82468079145877
2025-01-02 07:29:11,5.761636454835495
2025-01-02 07:29:12,5.726920626486868
2025-01-02 07:29:13,5.816839605259737
2025-01-02 07:29:14,5.513871992752209
2025-01-02 07:29:15,5.920477988095682
2025-01-02 07:29:16,5.981944042686247
2025-01-02 07:29:17,5.525604920068435
2025-01-02 07:29:18,5.308655447028605
2025-01-02 07:29:19,6.044673225798483
2025-01-02 07:29:20,5.678050985332952
2025-01-02 07:29:21,5.649322320062865
2025-01-02 07:29:22,6.199268430434438
2025-01-02 07:29:23,5.742349584486998
2025-01-02 07:29:24,4.879202324446639
2025-01-02 07:29:25,5.971917851451249
2025-01-02 07:29:26,5.717524846143554
2025-01-02 07:29:27,6.052374873180508
2025-01-02 07:29:28,5.886996780426378
2025-01-02 07:29:29,5.635801778947765
2025-01-02 07:29:30,5.41625701642106
2025-01-02 07:29:31,5.109806072682941
2025-01-02 07:29:32,5.138208773360985
2025-01-02 07:29:33,5.895417561759543
2025-01-02 07:29:34,5.341190099372134
2025-01-02 07:29:35,5.341562626133629
2025-01-02 07:29:36,5.497353164559915
2025-01-02 07:29:37,5.218912279924723
2025-01-02 07:29:38,5.150054291575373
2025-01-02 07:29:39,5.534817366149232
2025-01-02 07:29:40,5.314943267201289
2025-01-02 07:29:41,5.15503506601696
2025-01-02 07:29:42,5.305717310642812
2025-01-02 07:29:43,5.864704635370483
2025-01-02 07:29:44,5.413550838022385
2025-01-02 07:29:45,5.1766672290468385
2025-01-02 07:29:46,5.7979240625599155
2025-01-02 07:29:47,5.401678595217956
2025-01-02 07:29:48,4.610547333604924
2025-01-02 07:29:49,5.218955539016486
2025-01-02 07:29:50,5.727052881776945
2025-01-02 07:29:51,5.262251639475042
2025-01-02 07:29:52,5.355733050055809
2025-01-02 07:29:53,5.414819067698199
2025-01-02 07:29:54,5.9476881368133
2025-01-02 07:29:55,5.467190180560979
2025-01-02 07:29:56,
2025-01-02 07:29:57,5.962014933624968
2025-01-02 07:29:58,5.243213454172913
2025-01-02 07:29:59,5.132091824065442
2025-01-02 07:30:00,5.068419646491004
2025-01-02 07:30:01,5.427107544181188
2025-01-02 07:30:02,5.774691166212343
2025-01-02 07:30:03,5.744259295877364
2025-01-02 07:30:04,5.842197316340674
2025-01-02 07:30:05,5.562620440035728
2025-01-02 07:30:06,5.546891129931656
2025-01-02 07:30:07,5.557730897475821
2025-01-02 07:30:08,5.903883952085801
2025-01-02 07:30:09,5.296427435730485
2025-01-02 07:30:10,5.74440112252443
2025-01-02 07:30:11,5.494901063607702
2025-01-02 07:30:12,5.274425727349061
2025-01-02 07:30:13,5.841801501993993
2025-01-02 07:30:14,5.472348054194584
2025-01-02 07:30:15,5.35837113478079
2025-01-02 07:30:16,5.40244475489875
2025-01-02 07:30:17,5.386833218503274
2025-01-02 07:30:18,5.449915069873718
2025-01-02 07:30:19,5.419098299875611
2025-01-02 07:30:20,5.364228692857711
2025-01-02 07:30:21,5.946288678379905
2025-01-02 07:30:22,5.156617609348542
2025-01-02 07:30:23,5.028169156049787
2025-01-02 07:30:24,
2025-01-02 07:30:25,5.215304853289364
2025-01-02 07:30:26,5.4933129396126645
2025-01-02 07:30:27,5.3427679410094635
2025-01-02 07:30:28,5.098086475761288
2025-01-02 07:30:29,
2025-01-02 07:30:30,5.120198902682113
2025-01-02 07:30:31,4.8218912196368855
2025-01-02 07:30:32,
2025-01-02 07:30:33,5.242546158086709
2025-01-02 07:30:34,5.143119987817909
2025-01-02 07:30:35,5.429182376885048
2025-01-02 07:30:36,5.415382386229141
2025-01-02 07:30:37,5.667880107823854
2025-01-02 07:30:38,5.826691235212747
2025-01-02 07:30:39,5.210926573093362
2025-01-02 07:30:40,5.377106436942328
2025-01-02 07:30:41,5.36732392742612
2025-01-02 07:30:42,5.224129898232414
2025-01-02 07:30:43,5.728311724875494
2025-01-02 07:30:44,4.910319834802388
2025-01-02 07:30:45,5.462913221399482
2025-01-02 07:30:46,5.9235970771551685
2025-01-02 07:30:47,5.449597902891856
2025-01-02 07:30:48,5.556934892265659
2025-01-02 07:30:49,5.156433559617924
2025-01-02 07:30:50,5.554851980330542
2025-01-02 07:30:51,5.564853398651861
2025-01-02 07:30:52,5.701701066891927
2025-01-02 07:30:53,5.179973381747229
2025-01-02 07:30:54,5.2048852834178785
2025-01-02 07:30:55,4.86539746716108
2025-01-02 07:30:56,5.040278089547999
2025-01-02 07:30:57,5.517801719346459
2025-01-02 07:30:58,5.475924130011334
2025-01-02 07:30:59,4.858526790836793
2025-01-02 07:31:00,5.2747723293832225
2025-01-02 07:31:01,5.929540598117625
2025-01-02 07:31:02,5.685966090278801
2025-01-02 07:31:03,5.368628529487962
2025-01-02 07:31:04,5.165255673267628
2025-01-02 07:31:05,5.061791847890628
2025-01-02 07:31:06,5.690957152460972
2025-01-02 07:31:07,5.511377165130317
2025-01-02 07:31:08,5.651791571052286
2025-01-02 07:31:09,5.415364011178757
2025-01-02 07:31:10,5.8108828720701435
2025-01-02 07:31:11,5.251567083072082
2025-01-02 07:31:12,5.046229240737338
2025-01-02 07:31:13,4.923752383817407
2025-01-02 07:31:14,5.358881019685587
2025-01-02 07:31:15,5.321614433315929
2025-01-02 07:31:16,5.666057484909618
2025-01-02 07:31:17,5.381841915523454
2025-01-02 07:31:18,5.287139742928369
2025-01-02 07:31:19,5.51399259386294
2025-01-02 07:31:20,5.310266050499522
2025-01-02 07:31:21,5.178147854944878
2025-01-02 07:31:22,5.524612673884158
2025-01-02 07:31:23,5.857023000451634
2025-01-02 07:31:24,4.965587073515818
2025-01-02 07:31:25,5.655056528422169
2025-01-02 07:31:26,5.302927294405933
2025-01-02 07:31:27,5.49235107316126
2025-01-02 07:31:28,5.055821305622499
2025-01-02 07:31:29,5.518955775390425
2025-01-02 07:31:30,5.225625337112825
2025-01-02 07:31:31,5.086917773316323
2025-01-02 07:31:32,5.116926188733841
2025-01-02 07:31:33,5.445364004977133
2025-01-02 07:31:34,5.416095164832881
2025-01-02 07:31:35,5.407696919811908
2025-01-02 07:31:36,5.286933189835179
2025-01-02 07:31:37,5.476180383442249
2025-01-02 07:31:38,5.620274383168558
2025-01-02 07:31:39,5.562065045168504
2025-01-02 07:31:40,5.433361710165803
2025-01-02 07:31:41,5.2110220821926685
2025-01-02 07:31:42,5.098878847672376
2025-01-02 07:31:43,5.409225246774005
2025-01-02 07:31:44,5.590552241111672
2025-01-02 07:31:45,
2025-01-02 07:31:46,5.595025675658079
2025-01-02 07:31:47,5.560267081139618
2025-01-02 07:31:48,5.761387798027291
2025-01-02 07:31:49,5.399964444492911
2025-01-02 07:31:50,5.449516251620547
2025-01-02 07:31:51,5.60955969150005
2025-01-02 07:31:52,5.503204302135434
2025-01-02 07:31:53,5.711372388070055
2025-01-02 07:31:54,5.145663786388675
2025-01-02 07:31:55,5.374064338581672
2025-01-02 07:31:56,6.224626703349344
2025-01-02 07:31:57,5.615441239979197
2025-01-02 07:31:58,5.179657767394543
2025-01-02 07:31:59,5.7116511676823345
2025-01-02 07:32:00,5.3752941417539555
2025-01-02 07:32:01,5.721854338018821
2025-01-02 07:32:02,5.694513194202571
2025-01-02 07:32:03,5.446716270667124
2025-01-02 07:32:04,5.669184073192044
2025-01-02 07:32:05,5.129004043992323
2025-01-02 07:32:06,5.309230809635277
2025-01-02 07:32:07,4.74874474022598
2025-01-02 07:32:08,5.65821449298527
2025-01-02 07:32:09,5.142570098874708
2025-01-02 07:32:10,5.309069146240683
2025-01-02 07:32:11,5.6665213286380665
2025-01-02 07:32:12,5.407055965809671
2025-01-02 07:32:13,5.481579898849158
2025-01-02 07:32:14,5.343541374183851
2025-01-02 07:32:15,5.396271086929422
2025-01-02 07:32:16,5.108619892088951
2025-01-02 07:32:17,5.6672532999397225
2025-01-02 07:32:18,5.193946399535449
2025-01-02 07:32:19,5.0913491160660165
2025-01-02 07:32:20,5.278378056646864
2025-01-02 07:32:21,5.593385948399316
2025-01-02 07:32:22,5.723155727775028
2025-01-02 07:32:23,4.845179643641248
2025-01-02 07:32:24,5.286441325807485
2025-01-02 07:32:25,5.020287873666179
2025-01-02 07:32:26,5.217093569589776
2025-01-02 07:32:27,5.243912674142044
2025-01-02 07:32:28,5.870720071343244
2025-01-02 07:32:29,5.459240555100013
2025-01-02 07:32:30,5.361494032138955
2025-01-02 07:32:31,5.651098092773646
2025-01-02 07:32:32,4.996374613899273
2025-01-02 07:32:33,5.352373993117996
2025-01-02 07:32:34,5.556787860063243
2025-01-02 07:32:35,5.456548334992194
2025-01-02 07:32:36,5.845150122325166
2025-01-02 07:32:37,5.489701023983394
2025-01-02 07:32:38,4.840366778510137
2025-01-02 07:32:39,5.333341312130082
2025-01-02 07:32:40,5.597827795526459
2025-01-02 07:32:41,5.483239521225448
2025-01-02 07:32:42,5.629888751141063
2025-01-02 07:32:43,5.553360704700604
2025-01-02 07:32:44,5.161536829800994
2025-01-02 07:32:45,5.3670301875693704
2025-01-02 07:32:46,5.323141301514244
2025-01-02 07:32:47,5.469843860944138
2025-01-02 07:32:48,5.598692079961181
2025-01-02 07:32:49,5.779498148521739
2025-01-02 07:32:50,5.423960806019505
2025-01-02 07:32:51,6.1449287298252715
2025-01-02 07:32:52,5.599562604243703
2025-01-02 07:32:53,5.389137142994423
2025-01-02 07:32:54,5.427262668826351
2025-01-02 07:32:55,5.726393126765416
2025-01-02 07:32:56,5.6816765966671925
2025-01-02 07:32:57,5.306930781062192
2025-01-02 07:32:58,4.857502046514053
2025-01-02 07:32:59,5.788652036002419
2025-01-02 07:33:00,5.2621434328733905
2025-01-02 07:33:01,5.459702818325884
2025-01-02 07:33:02,5.052747163077832
2025-01-02 07:33:03,5.785611771881728
2025-01-02 07:33:04,5.227063929002569
2025-01-02 07:33:05,5.561602234608362
2025-01-02 07:33:06,5.632032199529209
2025-01-02 07:33:07,5.0991046282561046
2025-01-02 07:33:08,5.29210147507058
2025-01-02 07:33:09,5.430957585488781
2025-01-02 07:33:10,5.4977618785016675
2025-01-02 07:33:11,5.4981499678636885
2025-01-02 07:33:12,5.546091716681181
2025-01-02 07:33:13,4.746060888089977
2025-01-02 07:33:14,5.099543201586341
2025-01-02 07:33:15,5.032425664545956
2025-01-02 07:33:16,5.9111914985457075
2025-01-02 07:33:17,5.27280764027304
2025-01-02 07:33:18,5.163705714723356
2025-01-02 07:33:19,5.148960969825322
2025-01-02 07:33:20,5.367984186074469
2025-01-02 07:33:21,5.0437452006736105
2025-01-02 07:33:22,5.5363654887083795
2025-01-02 07:33:23,5.153234464914063
2025-01-02 07:33:24,5.143548636776111
2025-01-02 07:33:25,5.711371946151097
2025-01-02 07:33:26,5.4717705834968235
2025-01-02 07:33:27,5.684946399349842
2025-01-02 07:33:28,5.379410830025371
2025-01-02 07:33:29,5.34897825272257
2025-01-02 07:33:30,5.052557474765519
2025-01-02 07:33:31,5.448517930967366
2025-01-02 07:33:32,4.842038855986926
2025-01-02 07:33:33,5.148912632295038
2025-01-02 07:33:34,5.945252106179956
2025-01-02 07:33:35,5.254640118492387
2025-01-02 07:33:36,5.44082114054486
2025-01-02 07:33:37,5.304613862824451
2025-01-02 07:33:38,4.711861937405773
2025-01-02 07:33:39,4.931134700783337
2025-01-02 07:33:40,5.52411714935712
2025-01-02 07:33:41,5.563679738724586
2025-01-02 07:33:42,5.4619916756462015
2025-01-02 07:33:43,5.520232194371621
2025-01-02 07:33:44,5.126203027920148
2025-01-02 07:33:45,5.34722731872463
2025-01-02 07:33:46,5.2721894306129675
2025-01-02 07:33:47,5.538085973742169
2025-01-02 07:33:48,5.557073872806278
2025-01-02 07:33:49,5.412393309523634
2025-01-02 07:33:50,5.727541173949059
2025-01-02 07:33:51,5.467015366569754
2025-01-02 07:33:52,5.11729814062134
2025-01-02 07:33:53,5.138221536016237
2025-01-02 07:33:54,5.073753136140256
2025-01-02 07:33:55,5.625029494207262
2025-01-02 07:33:56,5.364336714753352
2025-01-02 07:33:57,5.587786337815733
2025-01-02 07:33:58,6.040579187378341
2025-01-02 07:33:59,5.55275081846505
2025-01-02 07:34:00,4.8399947086533315
2025-01-02 07:34:01,5.559610567024696
2025-01-02 07:34:02,5.521903467876631
2025-01-02 07:34:03,5.983114159403593
2025-01-02 07:34:04,5.50304432487963
2025-01-02 07:34:05,5.223705127662375
2025-01-02 07:34:06,5.331691870874078
2025-01-02 07:34:07,
2025-01-02 07:34:08,4.994578731939753
2025-01-02 07:34:09,5.456900078811541
2025-01-02 07:34:10,5.426767500314317
2025-01-02 07:34:11,4.974802796473985
2025-01-02 07:34:12,5.879659137085056
2025-01-02 07:34:13,6.102020740151963
2025-01-02 07:34:14,4.982029270422581
2025-01-02 07:34:15,5.060804154238727
2025-01-02 07:34:16,5.309638077842662
2025-01-02 07:34:17,5.995601883220819
2025-01-02 07:34:18,5.428025526458213
2025-01-02 07:34:19,5.366085875108087
2025-01-02 07:34:20,5.34857319290754
2025-01-02 07:34:21,4.990600027212584
2025-01-02 07:34:22,5.7162095038402025
2025-01-02 07:34:23,5.593594756043639
2025-01-02 07:34:24,
2025-01-02 07:34:25,5.504355087946166
2025-01-02 07:34:26,4.620258853479409
2025-01-02 07:34:27,4.908445879328819
2025-01-02 07:34:28,5.332280714629215
2025-01-02 07:34:29,5.323902260562097
2025-01-02 07:34:30,4.847024914930287
2025-01-02 07:34:31,5.155900810992524
2025-01-02 07:34:32,5.468956631813673
2025-01-02 07:34:33,4.978819624906634
2025-01-02 07:34:34,4.885370009744948
2025-01-02 07:34:35,5.445040348694595
2025-01-02 07:34:36,5.442019434510919
2025-01-02 07:34:37,5.060981546016819
2025-01-02 07:34:38,5.395286981320628
2025-01-02 07:34:39,5.212720352967201
2025-01-02 07:34:40,5.434515902659133
2025-01-02 07:34:41,5.401756835696893
2025-01-02 07:34:42,5.276908820262039
2025-01-02 07:34:43,5.22500946369027
2025-01-02 07:34:44,4.9814475348409655
2025-01-02 07:34:45,5.279312470902038
2025-01-02 07:34:46,5.558153957143364
2025-01-02 07:34:47,5.309352644978437
2025-01-02 07:34:48,5.027659220931388
2025-01-02 07:34:49,5.199299851682657
2025-01-02 07:34:50,5.302130212374524
2025-01-02 07:34:51,5.362990479612706
2025-01-02 07:34:52,5.533809449484585
2025-01-02 07:34:53,5.745438882563882
2025-01-02 07:34:54,4.770533959249362
2025-01-02 07:34:55,5.647130897346256
2025-01-02 07:34:56,5.505966866538163
2025-01-02 07:34:57,5.05535784477159
2025-01-02 07:34:58,4.781965063649219
2025-01-02 07:34:59,5.004887949229885
2025-01-02 07:35:00,4.569427434859068
2025-01-02 07:35:01,5.470984965830906
2025-01-02 07:35:02,5.23704342784735
2025-01-02 07:35:03,5.340791457315656
2025-01-02 07:35:04,5.326535276629234
2025-01-02 07:35:05,5.12534740744059
2025-01-02 07:35:06,5.309222571760143
2025-01-02 07:35:07,5.185539505128679
2025-01-02 07:35:08,5.2360674732044306
2025-01-02 07:35:09,5.722569336833056
2025-01-02 07:35:10,4.712316344972509
2025-01-02 07:35:11,5.114340443568141
2025-01-02 07:35:12,4.963170683664651
2025-01-02 07:35:13,5.193199167573273
2025-01-02 07:35:14,4.889513895679942
2025-01-02 07:35:15,5.184489349118554
2025-01-02 07:35:16,4.802996854026232
2025-01-02 07:35:17,5.539830603247191
2025-01-02 07:35:18,6.075197950840813
2025-01-02 07:35:19,4.847762205277048
2025-01-02 07:35:20,5.33420534143565
2025-01-02 07:35:21,5.045506894736258
2025-01-02 07:35:22,5.608554377652145
2025-01-02 07:35:23,5.086131452188563
2025-01-02 07:35:24,5.751131543486601
2025-01-02 07:35:25,5.2418450258409806
2025-01-02 07:35:26,4.886761031078251
2025-01-02 07:35:27,5.87121660470433
2025-01-02 07:35:28,5.581135341535336
2025-01-02 07:35:29,5.2334532373504254
2025-01-02 07:35:30,5.1695060332990295
2025-01-02 07:35:31,5.3916603836610175
2025-01-02 07:35:32,5.627682805060312
2025-01-02 07:35:33,5.7818728233873715
2025-01-02 07:35:34,5.052045254208815
2025-01-02 07:35:35,5.300472819039668
2025-01-02 07:35:36,5.452142728145811
2025-01-02 07:35:37,5.674182193362623
2025-01-02 07:35:38,5.241455249677122
2025-01-02 07:35:39,5.431402837331797
2025-01-02 07:35:40,5.511712644118262
2025-01-02 07:35:41,4.627835703782681
2025-01-02 07:35:42,5.484712319012308
2025-01-02 07:35:43,5.511985872784868
2025-01-02 07:35:44,5.433779324593854
2025-01-02 07:35:45,5.238406537206656
2025-01-02 07:35:46,5.291254202859348
2025-01-02 07:35:47,5.4115352775072445
2025-01-02 07:35:48,5.3284992926208545
2025-01-02 07:35:49,5.200491904317088
2025-01-02 07:35:50,5.232936357471539
2025-01-02 07:35:51,5.287416079793344
2025-01-02 07:35:52,5.1221853609161325
2025-01-02 07:35:53,
2025-01-02 07:35:54,5.5579409934854
2025-01-02 07:35:55,4.814034145823424
2025-01-02 07:35:56,5.473599461403183
2025-01-02 07:35:57,5.12135128293332
2025-01-02 07:35:58,5.30023662210524
2025-01-02 07:35:59,4.9530137644087
2025-01-02 07:36:00,5.277012060103145
2025-01-02 07:36:01,5.164035065146287
2025-01-02 07:36:02,5.446803806295086
2025-01-02 07:36:03,5.028276780122068
2025-01-02 07:36:04,
2025-01-02 07:36:05,5.315238036694933
2025-01-02 07:36:06,5.498962245491587
2025-01-02 07:36:07,5.06041874926408
2025-01-02 07:36:08,5.179011497855955
2025-01-02 07:36:09,4.7694788555630465
2025-01-02 07:36:10,5.370812319463979
2025-01-02 07:36:11,5.544612671597399
2025-01-02 07:36:12,5.09421373257873
2025-01-02 07:36:13,5.508921138269396
2025-01-02 07:36:14,5.20187291971475
2025-01-02 07:36:15,5.19669822779467
2025-01-02 07:36:16,5.393057405424627
2025-01-02 07:36:17,5.321520703211909
2025-01-02 07:36:18,
2025-01-02 07:36:19,5.6990063198719465
2025-01-02 07:36:20,5.115696450427972
2025-01-02 07:36:21,5.649618916723789
2025-01-02 07:36:22,5.4378458615555525
2025-01-02 07:36:23,5.588977679941918
2025-01-02 07:36:24,5.314197303198833
2025-01-02 07:36:25,5.36076169621579
2025-01-02 07:36:26,5.496063840761774
2025-01-02 07:36:27,5.239149557298865
2025-01-02 07:36:28,5.476177055863293
2025-01-02 07:36:29,5.139509783695007
2025-01-02 07:36:30,5.325590235334114
2025-01-02 07:36:31,5.239737102041686
2025-01-02 07:36:32,5.93752300994834
2025-01-02 07:36:33,4.7173281704869305
2025-01-02 07:36:34,5.150605456719809
2025-01-02 07:36:35,5.0924641572248674
2025-01-02 07:36:36,5.625209186921419
2025-01-02 07:36:37,5.351076578504584
2025-01-02 07:36:38,
2025-01-02 07:36:39,5.0398148211592995
2025-01-02 07:36:40,4.834468673146386
2025-01-02 07:36:41,5.590751200799669
2025-01-02 07:36:42,5.786588714095001
2025-01-02 07:36:43,5.003263850122884
2025-01-02 07:36:44,5.301196303650466
2025-01-02 07:36:45,4.945830293214232
2025-01-02 07:36:46,5.668594462471444
2025-01-02 07:36:47,5.999696556343712
2025-01-02 07:36:48,5.25564133604798
2025-01-02 07:36:49,5.492092043623156
2025-01-02 07:36:50,5.604880351665276
2025-01-02 07:36:51,5.213716246345084
2025-01-02 07:36:52,5.852130582317047
2025-01-02 07:36:53,5.177477894284464
2025-01-02 07:36:54,5.076839503312594
2025-01-02 07:36:55,5.510964624674957
2025-01-02 07:36:56,5.341895781870766
2025-01-02 07:36:57,5.048656289984176
2025-01-02 07:36:58,5.598411949735573
2025-01-02 07:36:59,5.903235969769149
2025-01-02 07:37:00,5.223263094065281
2025-01-02 07:37:01,5.410937057722927
2025-01-02 07:37:02,5.176167437243825
2025-01-02 07:37:03,5.486428384699255
2025-01-02 07:37:04,5.342398160140139
2025-01-02 07:37:05,5.130263851050143
2025-01-02 07:37:06,4.9812605972981405
2025-01-02 07:37:07,5.224455872892575
2025-01-02 07:37:08,4.904726345365026
2025-01-02 07:37:09,4.948368625041513
2025-01-02 07:37:10,4.750468706411944
2025-01-02 07:37:11,5.090348788560208
2025-01-02 07:37:12,4.892931007823132
2025-01-02 07:37:13,5.489522919896131
2025-01-02 07:37:14,4.796861434796697
2025-01-02 07:37:15,5.967941278019984
2025-01-02 07:37:16,5.20141120728461
2025-01-02 07:37:17,5.308181006816682
2025-01-02 07:37:18,5.327533063732324
2025-01-02 07:37:19,5.751589274571585
2025-01-02 07:37:20,5.73196140040657
2025-01-02 07:37:21,5.561931303653178
2025-01-02 07:37:22,4.750272031747735
2025-01-02 07:37:23,5.515575048168348
2025-01-02 07:37:24,5.514212002912966
2025-01-02 07:37:25,4.89698566431238
2025-01-02 07:37:26,5.267775791590471
2025-01-02 07:37:27,5.017286646072407
2025-01-02 07:37:28,5.324567982129443
2025-01-02 07:37:29,4.9744072842579055
2025-01-02 07:37:30,5.052910580152338
2025-01-02 07:37:31,5.035180521084383
2025-01-02 07:37:32,4.867960794223201
2025-01-02 07:37:33,5.115692175409275
2025-01-02 07:37:34,5.487198841635088
2025-01-02 07:37:35,5.027437081331421
2025-01-02 07:37:36,5.271333886919605
2025-01-02 07:37:37,4.910916014471051
2025-01-02 07:37:38,4.764355024550047
2025-01-02 07:37:39,4.719956345085531
2025-01-02 07:37:40,4.849538790196093
2025-01-02 07:37:41,5.258428157868119
2025-01-02 07:37:42,4.5811066925613675
2025-01-02 07:37:43,5.439648479273548
2025-01-02 07:37:44,5.102509771920533
2025-01-02 07:37:45,5.206325372886984
2025-01-02 07:37:46,5.203168038049373
2025-01-02 07:37:47,5.582322978335477
2025-01-02 07:37:48,4.810399745979988
2025-01-02 07:37:49,5.379453235916819
2025-01-02 07:37:50,4.854375472509979
2025-01-02 07:37:51,5.27497947536733
2025-01-02 07:37:52,5.280222680204196
2025-01-02 07:37:53,5.409757806881536
2025-01-02 07:37:54,4.714076064496468
2025-01-02 07:37:55,5.496803688880848
2025-01-02 07:37:56,4.92618656131547
2025-01-02 07:37:57,5.070358608216009
2025-01-02 07:37:58,6.182340252921117
2025-01-02 07:37:59,5.278797507007979
2025-01-02 07:38:00,4.950932430806154
2025-01-02 07:38:01,4.813166587103486
2025-01-02 07:38:02,5.648994315172944
2025-01-02 07:38:03,5.708690026685236
2025-01-02 07:38:04,5.305727279906783
2025-01-02 07:38:05,5.376822493235675
2025-01-02 07:38:06,5.191202079620644
2025-01-02 07:38:07,5.331286666773448
2025-01-02 07:38:08,5.391472595868118
2025-01-02 07:38:09,5.233153514796715
2025-01-02 07:38:10,5.725769074584411
2025-01-02 07:38:11,5.595332511851895
2025-01-02 07:38:12,5.1660770037673815
2025-01-02 07:38:13,4.662227034342528
2025-01-02 07:38:14,4.893111736149122
2025-01-02 07:38:15,5.300418857268075
2025-01-02 07:38:16,5.362106004617901
2025-01-02 07:38:17,5.105842148822168
2025-01-02 07:38:18,4.700371009255164
2025-01-02 07:38:19,5.394135878061378
2025-01-02 07:38:20,5.031374951575397
2025-01-02 07:38:21,5.158584498281541
2025-01-02 07:38:22,5.50513106635424
2025-01-02 07:38:23,4.621209873679656
2025-01-02 07:38:24,5.468276805084247
2025-01-02 07:38:25,4.909486213432768
2025-01-02 07:38:26,5.572897949488401
2025-01-02 07:38:27,5.031948423118487
2025-01-02 07:38:28,4.9295160692710045
2025-01-02 07:38:29,4.962789910805126
2025-01-02 07:38:30,5.246689625034098
2025-01-02 07:38:31,5.545111952980516
2025-01-02 07:38:32,5.344471450632691
2025-01-02 07:38:33,5.261966249584334
2025-01-02 07:38:34,5.5179280599132134
2025-01-02 07:38:35,5.34564367437977
2025-01-02 07:38:36,4.688472997249993
2025-01-02 07:38:37,5.470891788359548
2025-01-02 07:38:38,5.630481482003178
2025-01-02 07:38:39,4.7330744348603435
2025-01-02 07:38:40,5.252003477214544
2025-01-02 07:38:41,5.56670628990768
2025-01-02 07:38:42,4.91305425518654
2025-01-02 07:38:43,5.737672719391606
2025-01-02 07:38:44,5.3991695767042245
2025-01-02 07:38:45,5.57141467031362
2025-01-02 07:38:46,5.3243890110177965
2025-01-02 07:38:47,5.132417663405964
2025-01-02 07:38:48,5.681175151591364
2025-01-02 07:38:49,5.3526680198399665
2025-01-02 07:38:50,5.0912239699043145
2025-01-02 07:38:51,4.985048183878237
2025-01-02 07:38:52,5.130020710057956
2025-01-02 07:38:53,5.190027721096683
2025-01-02 07:38:54,5.0064549044217515
2025-01-02 07:38:55,5.202396916210297
2025-01-02 07:38:56,5.695208136991892
2025-01-02 07:38:57,5.181552551126678
2025-01-02 07:38:58,5.111182620456244
2025-01-02 07:38:59,5.111346402199962
2025-01-02 07:39:00,5.6597959010047685
2025-01-02 07:39:01,5.025154036755678
2025-01-02 07:39:02,5.178792679333222
2025-01-02 07:39:03,4.597953176704168
2025-01-02 07:39:04,5.533867305836896
2025-01-02 07:39:05,4.762143466456691
2025-01-02 07:39:06,5.43688392913757
2025-01-02 07:39:07,5.971586109647245
2025-01-02 07:39:08,4.947199735605284
2025-01-02 07:39:09,4.7953532963650884
2025-01-02 07:39:10,5.826326026696925
2025-01-02 07:39:11,5.177147472660695
2025-01-02 07:39:12,
2025-01-02 07:39:13,5.541948697446408
2025-01-02 07:39:14,5.74271464398354
2025-01-02 07:39:15,5.108264211385307
2025-01-02 07:39:16,4.741929699368689
2025-01-02 07:39:17,5.431854321414107
2025-01-02 07:39:18,4.813923483050083
2025-01-02 07:39:19,4.762735961980089
2025-01-02 07:39:20,5.392760998968362
2025-01-02 07:39:21,
2025-01-02 07:39:22,5.2779410602725125
2025-01-02 07:39:23,5.156059120310464
2025-01-02 07:39:24,5.058244814700459
2025-01-02 07:39:25,5.19949773267202
2025-01-02 07:39:26,5.611932892082469
2025-01-02 07:39:27,5.233830124091805
2025-01-02 07:39:28,5.422141629997353
2025-01-02 07:39:29,5.692647594728115
2025-01-02 07:39:30,5.844679134718337
2025-01-02 07:39:31,5.9039087395105705
2025-01-02 07:39:32,5.476032717095377
2025-01-02 07:39:33,5.968556164632194
2025-01-02 07:39:34,4.791250138488802
2025-01-02 07:39:35,4.926403352211776
2025-01-02 07:39:36,4.9272404120362685
2025-01-02 07:39:37,5.365423280987139
2025-01-02 07:39:38,4.690208659677729
2025-01-02 07:39:39,5.2818906572748
2025-01-02 07:39:40,5.201292055607554
2025-01-02 07:39:41,5.254506619392478
2025-01-02 07:39:42,5.280190375492161
2025-01-02 07:39:43,5.0065325010954425
2025-01-02 07:39:44,5.17944095518531
2025-01-02 07:39:45,5.579923523527848
2025-01-02 07:39:46,5.078397883331021
2025-01-02 07:39:47,5.287719685647642
2025-01-02 07:39:48,5.012523356158884
2025-01-02 07:39:49,5.915763585960208
2025-01-02 07:39:50,5.166868538903841
2025-01-02 07:39:51,5.699124075161113
2025-01-02 07:39:52,5.1589330104250095
2025-01-02 07:39:53,5.108027935660024
2025-01-02 07:39:54,
2025-01-02 07:39:55,5.0428495220191945
2025-01-02 07:39:56,4.917295702760844
2025-01-02 07:39:57,5.137336142768857
2025-01-02 07:39:58,5.421232661774546
2025-01-02 07:39:59,4.968094677741909
2025-01-02 07:40:00,
2025-01-02 07:40:01,5.178816517388798
2025-01-02 07:40:02,5.342267333235042
2025-01-02 07:40:03,5.181464888653812
2025-01-02 07:40:04,5.240899861067706
2025-01-02 07:40:05,
2025-01-02 07:40:06,5.067306220944522
2025-01-02 07:40:07,5.310917192546066
2025-01-02 07:40:08,5.46280136224662
2025-01-02 07:40:09,5.20455338609603
2025-01-02 07:40:10,5.078946772936666
2025-01-02 07:40:11,5.2405873607604425
2025-01-02 07:40:12,5.314595648987917
2025-01-02 07:40:13,5.092369667849131
2025-01-02 07:40:14,5.668971045435593
2025-01-02 07:40:15,5.9078565322826595
2025-01-02 07:40:16,5.197958469381201
2025-01-02 07:40:17,5.110140969710128
2025-01-02 07:40:18,5.028486501532833
2025-01-02 07:40:19,5.306874721618971
2025-01-02 07:40:20,5.469050983925429
2025-01-02 07:40:21,5.530364868687422
2025-01-02 07:40:22,5.478454105496828
2025-01-02 07:40:23,4.765589726552477
2025-01-02 07:40:24,4.8480720050015575
2025-01-02 07:40:25,5.58656586982018
2025-01-02 07:40:26,5.325200702974507
2025-01-02 07:40:27,5.255978654091586
2025-01-02 07:40:28,5.583003460881221
2025-01-02 07:40:29,5.379325479914168
2025-01-02 07:40:30,5.216270375583525
2025-01-02 07:40:31,5.285751913184014
2025-01-02 07:40:32,5.697715915591642
2025-01-02 07:40:33,5.06216587717997
2025-01-02 07:40:34,5.421193492523492
2025-01-02 07:40:35,5.136175882679791
2025-01-02 07:40:36,5.165414310266003
2025-01-02 07:40:37,5.112958812570783
2025-01-02 07:40:38,5.427447241407396
2025-01-02 07:40:39,5.633158197001411
2025-01-02 07:40:40,5.302857781490439
2025-01-02 07:40:41,5.375306682885904
2025-01-02 07:40:42,5.604461253769689
2025-01-02 07:40:43,4.994512880140503
2025-01-02 07:40:44,5.085071754725156
2025-01-02 07:40:45,5.161673563674504
2025-01-02 07:40:46,4.845465815798439
2025-01-02 07:40:47,5.458829358349922
2025-01-02 07:40:48,5.400662837642794
2025-01-02 07:40:49,5.78441342705346
2025-01-02 07:40:50,5.390687577423912
2025-01-02 07:40:51,5.020091047133067
2025-01-02 07:40:52,5.285979988833068
2025-01-02 07:40:53,5.305472524076583
2025-01-02 07:40:54,5.144821771176783
2025-01-02 07:40:55,4.842017512763234
2025-01-02 07:40:56,4.9059496134948155
2025-01-02 07:40:57,5.468202490306378
2025-01-02 07:40:58,5.486996402568839
2025-01-02 07:40:59,5.268301651855192
2025-01-02 07:41:00,5.8052650902883
2025-01-02 07:41:01,5.4664342310226965
2025-01-02 07:41:02,5.521045784560852
2025-01-02 07:41:03,5.038769921968493
2025-01-02 07:41:04,4.790349316949791
2025-01-02 07:41:05,5.50906922956372
2025-01-02 07:41:06,5.693354944894943
2025-01-02 07:41:07,4.948483028161473
2025-01-02 07:41:08,5.3347871153625315
2025-01-02 07:41:09,5.207525151813072
2025-01-02 07:41:10,5.146278556423099
2025-01-02 07:41:11,5.249901762705125
2025-01-02 07:41:12,5.59273011424814
2025-01-02 07:41:13,5.173674740820191
2025-01-02 07:41:14,
2025-01-02 07:41:15,5.3379819952921
2025-01-02 07:41:16,4.981336975039856
2025-01-02 07:41:17,5.207920862737414
2025-01-02 07:41:18,5.004444153811255
2025-01-02 07:41:19,5.165374514494215
2025-01-02 07:41:20,5.710660521023216
2025-01-02 07:41:21,5.819755135385964
2025-01-02 07:41:22,4.861849551307799
2025-01-02 07:41:23,5.1050405768096585
2025-01-02 07:41:24,5.182141968838102
2025-01-02 07:41:25,4.355192593070917
2025-01-02 07:41:26,5.448998600553106
2025-01-02 07:41:27,5.282327313201438
2025-01-02 07:41:28,4.75968239015192
2025-01-02 07:41:29,5.302472220034328
2025-01-02 07:41:30,5.46750574834111
2025-01-02 07:41:31,4.717340193529862
2025-01-02 07:41:32,5.384075501613757
2025-01-02 07:41:33,5.205627534038168
2025-01-02 07:41:34,5.098847234872032
2025-01-02 07:41:35,5.112831895447535
2025-01-02 07:41:36,4.960068564662833
2025-01-02 07:41:37,5.146047035372018
2025-01-02 07:41:38,5.370302766339647
2025-01-02 07:41:39,5.298275446199578
2025-01-02 07:41:40,5.055329399087871
2025-01-02 07:41:41,5.284412166568068
2025-01-02 07:41:42,5.252539839301382
2025-01-02 07:41:43,5.59683206043097
2025-01-02 07:41:44,5.41339336209581
2025-01-02 07:41:45,5.503517109393588
2025-01-02 07:41:46,5.584459987101823
2025-01-02 07:41:47,5.126915357764646
2025-01-02 07:41:48,4.909248478280857
2025-01-02 07:41:49,5.1607528355202845
2025-01-02 07:41:50,4.749654984548135
2025-01-02 07:41:51,5.0605747740653655
2025-01-02 07:41:52,5.065336860428215
2025-01-02 07:41:53,4.9863872550225805
2025-01-02 07:41:54,5.259635395187913
2025-01-02 07:41:55,5.3235365835065815
2025-01-02 07:41:56,5.83384897101911
2025-01-02 07:41:57,5.851488594021735
2025-01-02 07:41:58,4.739816593715859
2025-01-02 07:41:59,5.235672752496101
2025-01-02 07:42:00,5.026409280416321
2025-01-02 07:42:01,5.080000310867476
2025-01-02 07:42:02,4.731336215174248
2025-01-02 07:42:03,5.267713942527602
2025-01-02 07:42:04,4.862726691535725
2025-01-02 07:42:05,5.3057842793964
2025-01-02 07:42:06,5.041085894041182
2025-01-02 07:42:07,5.324892130391325
2025-01-02 07:42:08,5.238565392538855
2025-01-02 07:42:09,5.48078805026212
2025-01-02 07:42:10,4.668734059846743
2025-01-02 07:42:11,5.000413278293686
2025-01-02 07:42:12,5.1686522907111465
2025-01-02 07:42:13,4.861863966213313
2025-01-02 07:42:14,5.738311976497562
2025-01-02 07:42:15,5.008871781509779
2025-01-02 07:42:16,4.692127046280714
2025-01-02 07:42:17,5.510477766998523
2025-01-02 07:42:18,4.748401580675166
2025-01-02 07:42:19,5.244328971745917
2025-01-02 07:42:20,4.481731402571667
2025-01-02 07:42:21,5.281838511113903
2025-01-02 07:42:22,5.640954551528434
2025-01-02 07:42:23,4.628555952645477
2025-01-02 07:42:24,5.160036817908854
2025-01-02 07:42:25,5.1210718639805695
2025-01-02 07:42:26,4.937326931922329
2025-01-02 07:42:27,4.416674163391925
2025-01-02 07:42:28,5.31843408607173
2025-01-02 07:42:29,5.185932857405408
2025-01-02 07:42:30,5.186823063769881
2025-01-02 07:42:31,5.128379481076032
2025-01-02 07:42:32,5.040710578293623
2025-01-02 07:42:33,4.702301890411611
2025-01-02 07:42:34,5.409724412833882
2025-01-02 07:42:35,5.29802749421603
2025-01-02 07:42:36,5.452500974156478
2025-01-02 07:42:37,5.694554308331483
2025-01-02 07:42:38,4.952732235471121
2025-01-02 07:42:39,5.494216627640492
2025-01-02 07:42:40,4.975599485503751
2025-01-02 07:42:41,5.325159348570381
2025-01-02 07:42:42,4.961918666287508
2025-01-02 07:42:43,5.3585554428702045
2025-01-02 07:42:44,5.414453575783443
2025-01-02 07:42:45,5.1005348465043445
2025-01-02 07:42:46,5.418391618481338
2025-01-02 07:42:47,4.990261519086395
2025-01-02 07:42:48,5.183139164610488
2025-01-02 07:42:49,5.251812962378451
2025-01-02 07:42:50,5.040482781451207
2025-01-02 07:42:51,5.132721571145032
2025-01-02 07:42:52,5.221096496992595
2025-01-02 07:42:53,5.739416489209934
2025-01-02 07:42:54,4.635642185180844
2025-01-02 07:42:55,5.5110999240857765
2025-01-02 07:42:56,5.216605511375452
2025-01-02 07:42:57,4.906631770954812
2025-01-02 07:42:58,5.064260826214524
2025-01-02 07:42:59,5.32658356526663
2025-01-02 07:43:00,5.2038286931241
2025-01-02 07:43:01,5.2390733188858025
2025-01-02 07:43:02,5.073964563764473
2025-01-02 07:43:03,4.71089299576883
2025-01-02 07:43:04,4.637040748041939
2025-01-02 07:43:05,5.2321033838384166
2025-01-02 07:43:06,4.788756197392439
2025-01-02 07:43:07,4.297739476985512
2025-01-02 07:43:08,5.12491612558549
2025-01-02 07:43:09,5.059779633679277
2025-01-02 07:43:10,5.119184734528452
2025-01-02 07:43:11,4.935705483634879
2025-01-02 07:43:12,4.852184226275013
2025-01-02 07:43:13,5.264126488131551
2025-01-02 07:43:14,4.917781914268091
2025-01-02 07:43:15,5.124610539471854
2025-01-02 07:43:16,5.26959596018259
2025-01-02 07:43:17,5.418844712944374
2025-01-02 07:43:18,5.571456948561009
2025-01-02 07:43:19,5.177984979893159
2025-01-02 07:43:20,5.433238864831406
2025-01-02 07:43:21,5.104886057918632
2025-01-02 07:43:22,4.6377642686945695
2025-01-02 07:43:23,5.340931284959873
2025-01-02 07:43:24,4.930963696750161
2025-01-02 07:43:25,4.819795649526683
2025-01-02 07:43:26,5.353925035363796
2025-01-02 07:43:27,5.3047760067365
2025-01-02 07:43:28,4.930065672626637
2025-01-02 07:43:29,5.422337813603116
2025-01-02 07:43:30,5.492390203802831
2025-01-02 07:43:31,5.8939564548540835
2025-01-02 07:43:32,5.2731318168821915
2025-01-02 07:43:33,
2025-01-02 07:43:34,4.693701644234017
2025-01-02 07:43:35,5.0648854100465055
2025-01-02 07:43:36,4.776262993728466
2025-01-02 07:43:37,4.592157051477638
2025-01-02 07:43:38,4.771899322051999
2025-01-02 07:43:39,4.807677052048038
2025-01-02 07:43:40,5.085389647333269
2025-01-02 07:43:41,4.903704723278846
2025-01-02 07:43:42,5.219787493770314
2025-01-02 07:43:43,5.126410561164105
2025-01-02 07:43:44,5.378593439920955
2025-01-02 07:43:45,5.097850278514305
2025-01-02 07:43:46,5.311270419368704
2025-01-02 07:43:47,5.494667947185977
2025-01-02 07:43:48,4.982174067410199
2025-01-02 07:43:49,5.306874769244305
2025-01-02 07:43:50,5.545142837764565
2025-01-02 07:43:51,5.14481558165517
2025-01-02 07:43:52,5.312484209898996
2025-01-02 07:43:53,4.870096528386135
2025-01-02 07:43:54,4.659713951526132
2025-01-02 07:43:55,4.889394054522462
2025-01-02 07:43:56,4.835522934094648
2025-01-02 07:43:57,5.781304442968565
2025-01-02 07:43:58,5.06549406130317
2025-01-02 07:43:59,5.045044697951408
2025-01-02 07:44:00,5.390506862582836
2025-01-02 07:44:01,5.503188249035572
2025-01-02 07:44:02,5.601641711949
2025-01-02 07:44:03,5.068261840969149
2025-01-02 07:44:04,4.706681365092999
2025-01-02 07:44:05,4.773337579430238
2025-01-02 07:44:06,5.099220507167242
2025-01-02 07:44:07,5.07979070685246
2025-01-02 07:44:08,5.104478570946518
2025-01-02 07:44:09,5.188507858687483
2025-01-02 07:44:10,5.260349044436565
2025-01-02 07:44:11,5.088161202914746
2025-01-02 07:44:12,5.1435949663222456
2025-01-02 07:44:13,5.202298091784556
2025-01-02 07:44:14,4.4508332120949206
2025-01-02 07:44:15,4.775384977201833
2025-01-02 07:44:16,5.348412569492039
2025-01-02 07:44:17,4.897291031584208
2025-01-02 07:44:18,5.073491236473278
2025-01-02 07:44:19,5.144942062967895
2025-01-02 07:44:20,5.595509109201982
2025-01-02 07:44:21,5.399800400619594
2025-01-02 07:44:22,5.123238473730307
2025-01-02 07:44:23,4.949210913407288
2025-01-02 07:44:24,5.0151328337696635
2025-01-02 07:44:25,5.073815807035687
2025-01-02 07:44:26,4.905372272574376
2025-01-02 07:44:27,5.131804341407396
2025-01-02 07:44:28,
2025-01-02 07:44:29,4.859645590392138
2025-01-02 07:44:30,4.960949485706167
2025-01-02 07:44:31,4.856161731967202
2025-01-02 07:44:32,5.063343209806017
2025-01-02 07:44:33,5.37915442713622
2025-01-02 07:44:34,4.80077013438477
2025-01-02 07:44:35,5.1910315700597
2025-01-02 07:44:36,5.233855456709346
2025-01-02 07:44:37,5.260180383976147
2025-01-02 07:44:38,5.360244606112306
2025-01-02 07:44:39,5.324514056578387
2025-01-02 07:44:40,5.303539439502552
2025-01-02 07:44:41,5.286387564501837
2025-01-02 07:44:42,5.386220208614924
2025-01-02 07:44:43,5.165602082599639
2025-01-02 07:44:44,5.134579153835784
2025-01-02 07:44:45,5.260042885848372
2025-01-02 07:44:46,5.200832458654712
2025-01-02 07:44:47,5.206378399044678
2025-01-02 07:44:48,5.592991256172313
2025-01-02 07:44:49,5.124158396662505
2025-01-02 07:44:50,5.290162492740083
2025-01-02 07:44:51,5.225894045082409
2025-01-02 07:44:52,4.899295886732217
2025-01-02 07:44:53,5.267084754880643
2025-01-02 07:44:54,4.8827475121848005
2025-01-02 07:44:55,5.350670401749745
2025-01-02 07:44:56,5.017956276475402
2025-01-02 07:44:57,5.13180301675075
2025-01-02 07:44:58,5.499780673505371
2025-01-02 07:44:59,5.215798508470729
2025-01-02 07:45:00,5.434567214852571
2025-01-02 07:45:01,5.435339106509947
2025-01-02 07:45:02,5.56890482273894
2025-01-02 07:45:03,4.917214614387624
2025-01-02 07:45:04,4.990475087787354
2025-01-02 07:45:05,4.629504816172431
2025-01-02 07:45:06,5.295994629236502
2025-01-02 07:45:07,5.188377734340804
2025-01-02 07:45:08,4.779022104020473
2025-01-02 07:45:09,5.5461235766811985
2025-01-02 07:45:10,5.3595029888123875
2025-01-02 07:45:11,5.47510904314255
2025-01-02 07:45:12,4.794869099670147
2025-01-02 07:45:13,5.227158082455334
2025-01-02 07:45:14,5.155619820323386
2025-01-02 07:45:15,4.972116566156203
2025-01-02 07:45:16,4.752318484934208
2025-01-02 07:45:17,4.7460895134525
2025-01-02 07:45:18,5.288693677418276
2025-01-02 07:45:19,5.203819590767216
2025-01-02 07:45:20,4.770170185215169
2025-01-02 07:45:21,4.725810826667385
2025-01-02 07:45:22,5.214068202758062
2025-01-02 07:45:23,4.835720341570192
2025-01-02 07:45:24,4.829844472439959
2025-01-02 07:45:25,5.028483403192338
2025-01-02 07:45:26,4.602040296401542
2025-01-02 07:45:27,4.945727004107686
2025-01-02 07:45:28,4.986865445972123
2025-01-02 07:45:29,5.057680858712491
2025-01-02 07:45:30,5.3091127719319235
2025-01-02 07:45:31,4.753759694517261
2025-01-02 07:45:32,4.86835986428977
2025-01-02 07:45:33,4.668030281679184
2025-01-02 07:45:34,4.430824343290588
2025-01-02 07:45:35,5.247735897890514
2025-01-02 07:45:36,5.19336131836618
2025-01-02 07:45:37,4.84541400581519
2025-01-02 07:45:38,4.974189086874934
2025-01-02 07:45:39,5.587739552176408
2025-01-02 07:45:40,4.893823128422094
2025-01-02 07:45:41,5.164640457102029
2025-01-02 07:45:42,4.777509194544489
2025-01-02 07:45:43,4.79355399511881
2025-01-02 07:45:44,5.086146866096122
2025-01-02 07:45:45,5.522831506045432
2025-01-02 07:45:46,4.835845184841564
2025-01-02 07:45:47,5.090743994164166
2025-01-02 07:45:48,4.835232725251461
2025-01-02 07:45:49,5.29409799316195
2025-01-02 07:45:50,5.36757393090015
2025-01-02 07:45:51,5.366757842803041
2025-01-02 07:45:52,4.682218293766699
2025-01-02 07:45:53,5.033623528338691
2025-01-02 07:45:54,5.065440498750061
2025-01-02 07:45:55,5.110495451209634
2025-01-02 07:45:56,5.507508590825697
2025-01-02 07:45:57,4.826271457618351
2025-01-02 07:45:58,4.4620103183741655
2025-01-02 07:45:59,4.683178691176187
2025-01-02 07:46:00,4.487639456452489
2025-01-02 07:46:01,4.950058141874615
2025-01-02 07:46:02,5.032576220622143
2025-01-02 07:46:03,5.145773398034001
2025-01-02 07:46:04,5.174673096576502
2025-01-02 07:46:05,5.5151442311261825
2025-01-02 07:46:06,5.072037430550423
2025-01-02 07:46:07,4.938543601241352
2025-01-02 07:46:08,4.501929055967219
2025-01-02 07:46:09,4.917935294552946
2025-01-02 07:46:10,5.127585234270303
2025-01-02 07:46:11,5.0729642086501485
2025-01-02 07:46:12,5.331526385099897
2025-01-02 07:46:13,5.046129148858039
2025-01-02 07:46:14,5.5752675346799005
2025-01-02 07:46:15,4.921064540216163
2025-01-02 07:46:16,5.296481943738736
2025-01-02 07:46:17,4.904265095262639
2025-01-02 07:46:18,5.017398790876328
2025-01-02 07:46:19,5.032596121626073
2025-01-02 07:46:20,5.162863227848716
2025-01-02 07:46:21,4.60722664511703
2025-01-02 07:46:22,5.119897798580304
2025-01-02 07:46:23,4.7980125057336
2025-01-02 07:46:24,5.188364678724988
2025-01-02 07:46:25,5.462648945204611
2025-01-02 07:46:26,
2025-01-02 07:46:27,5.016648780818353
2025-01-02 07:46:28,5.212659983056563
2025-01-02 07:46:29,5.050092318049847
2025-01-02 07:46:30,5.273041923657805
2025-01-02 07:46:31,5.343876844304673
2025-01-02 07:46:32,5.184477233734778
2025-01-02 07:46:33,5.132289586629177
2025-01-02 07:46:34,4.928245996659498
2025-01-02 07:46:35,5.212993241402553
2025-01-02 07:46:36,5.33863068986258
2025-01-02 07:46:37,5.222827298009299
2025-01-02 07:46:38,4.991736565722792
2025-01-02 07:46:39,4.7947063613293235
2025-01-02 07:46:40,5.517266279972954
2025-01-02 07:46:41,5.387064827728279
2025-01-02 07:46:42,4.7272606058814315
2025-01-02 07:46:43,5.327128460704652
2025-01-02 07:46:44,5.056482842065123
2025-01-02 07:46:45,4.710825614390848
2025-01-02 07:46:46,4.5155123107935236
2025-01-02 07:46:47,4.963303820725558
2025-01-02 07:46:48,5.307173762249223
2025-01-02 07:46:49,4.887076063841887
2025-01-02 07:46:50,5.348580005468615
2025-01-02 07:46:51,4.715708446405123
2025-01-02 07:46:52,5.073313106261655
2025-01-02 07:46:53,5.279174974451776
2025-01-02 07:46:54,5.161955592575031
2025-01-02 07:46:55,4.924645193086787
2025-01-02 07:46:56,4.976010814097932
2025-01-02 07:46:57,5.369168111944232
2025-01-02 07:46:58,4.785330701845261
2025-01-02 07:46:59,4.910878101237168
2025-01-02 07:47:00,4.988441625253394
2025-01-02 07:47:01,5.6094906356269805
2025-01-02 07:47:02,5.15751225999135
2025-01-02 07:47:03,4.6831724697292065
2025-01-02 07:47:04,4.840751113337171
2025-01-02 07:47:05,
2025-01-02 07:47:06,4.7923299890806526
2025-01-02 07:47:07,5.43982739916867
2025-01-02 07:47:08,5.02339454428502
2025-01-02 07:47:09,4.985706223563947
2025-01-02 07:47:10,5.117953511031564
2025-01-02 07:47:11,4.586927391415741
2025-01-02 07:47:12,5.2719498489267345
2025-01-02 07:47:13,4.5162915846585046
2025-01-02 07:47:14,5.360625749100879
2025-01-02 07:47:15,4.958087113099763
2025-01-02 07:47:16,4.944665938103817
2025-01-02 07:47:17,5.029926118497041
2025-01-02 07:47:18,4.938761130930015
2025-01-02 07:47:19,4.928075659724118
2025-01-02 07:47:20,5.277977346938364
2025-01-02 07:47:21,5.371862120808397
2025-01-02 07:47:22,4.861862781597782
2025-01-02 07:47:23,5.437202237902781
2025-01-02 07:47:24,
2025-01-02 07:47:25,5.179250781465945
2025-01-02 07:47:26,5.270575913744942
2025-01-02 07:47:27,5.247115840091315
2025-01-02 07:47:28,4.572504132578776
2025-01-02 07:47:29,5.043521503870754
2025-01-02 07:47:30,4.986735040607295
2025-01-02 07:47:31,4.390970864397934
2025-01-02 07:47:32,5.093640449052814
2025-01-02 07:47:33,5.142119080086988
2025-01-02 07:47:34,4.979800963474791
2025-01-02 07:47:35,4.74005246777838
2025-01-02 07:47:36,5.365398783268806
2025-01-02 07:47:37,5.205081227812383
2025-01-02 07:47:38,4.971218952432927
2025-01-02 07:47:39,4.951845116891913
2025-01-02 07:47:40,4.55563783911417
2025-01-02 07:47:41,5.362755596568674
2025-01-02 07:47:42,4.904871119199327
2025-01-02 07:47:43,5.192275478654254
2025-01-02 07:47:44,4.741210717973142
2025-01-02 07:47:45,5.033068765936398
2025-01-02 07:47:46,5.070199278744355
2025-01-02 07:47:47,5.308670850960835
2025-01-02 07:47:48,4.698787350502854
2025-01-02 07:47:49,4.686761142244904
2025-01-02 07:47:50,4.904502276568342
2025-01-02 07:47:51,5.417151208878141
2025-01-02 07:47:52,4.953584627125381
2025-01-02 07:47:53,4.897570896102248
2025-01-02 07:47:54,4.413851364723956
2025-01-02 07:47:55,5.292392032957943
2025-01-02 07:47:56,5.070742957955102
2025-01-02 07:47:57,4.9493819000277055
2025-01-02 07:47:58,4.952128923069525
2025-01-02 07:47:59,4.427946782587137
2025-01-02 07:48:00,5.0171915370117235
2025-01-02 07:48:01,4.848099700314953
2025-01-02 07:48:02,5.537618825830425
2025-01-02 07:48:03,4.943719836188501
2025-01-02 07:48:04,5.346705747431518
2025-01-02 07:48:05,5.480061014752581
2025-01-02 07:48:06,5.084056708982362
2025-01-02 07:48:07,4.527457996809905
2025-01-02 07:48:08,5.287371338050795
2025-01-02 07:48:09,5.303814760795282
2025-01-02 07:48:10,5.138735826507664
2025-01-02 07:48:11,5.248730441072762
2025-01-02 07:48:12,5.430489934002762
2025-01-02 07:48:13,5.1684059056291956
2025-01-02 07:48:14,5.678526017244594
2025-01-02 07:48:15,5.260114473804232
2025-01-02 07:48:16,5.199074144371797
2025-01-02 07:48:17,4.772719515942853
2025-01-02 07:48:18,5.292592726140698
2025-01-02 07:48:19,4.839927292037944
2025-01-02 07:48:20,4.989782176543891
2025-01-02 07:48:21,5.190400839678285
2025-01-02 07:48:22,5.344866674754606
2025-01-02 07:48:23,5.023884783335013
2025-01-02 07:48:24,5.142033705871032
2025-01-02 07:48:25,4.78840414964632
2025-01-02 07:48:26,5.171334297151388
2025-01-02 07:48:27,4.883306176481614
2025-01-02 07:48:28,4.7293335112330865
2025-01-02 07:48:29,5.154498323670428
2025-01-02 07:48:30,5.475196108420157
2025-01-02 07:48:31,5.5389347390038735
2025-01-02 07:48:32,4.719814765847991
2025-01-02 07:48:33,4.580070097820836
2025-01-02 07:48:34,4.9481010723464625
2025-01-02 07:48:35,4.999260252723054
2025-01-02 07:48:36,4.876982579940284
2025-01-02 07:48:37,4.570933980035366
2025-01-02 07:48:38,5.138081524912979
2025-01-02 07:48:39,5.269960021927644
2025-01-02 07:48:40,4.426161643412507
2025-01-02 07:48:41,5.219007680312184
2025-01-02 07:48:42,5.273757563730071
2025-01-02 07:48:43,5.2723922137456025
2025-01-02 07:48:44,4.786078845586423
2025-01-02 07:48:45,5.025655796606796
2025-01-02 07:48:46,5.0936855482539345
2025-01-02 07:48:47,5.3141845613575995
2025-01-02 07:48:48,4.873971798912133
2025-01-02 07:48:49,5.442858472727348
2025-01-02 07:48:50,5.2488459426379865
2025-01-02 07:48:51,4.896242416101173
2025-01-02 07:48:52,4.775514870445304
2025-01-02 07:48:53,4.907388105404672
2025-01-02 07:48:54,4.678055606064318
2025-01-02 07:48:55,4.631162788428692
2025-01-02 07:48:56,4.324418889120614
2025-01-02 07:48:57,4.801102594909186
2025-01-02 07:48:58,4.94491161358971
2025-01-02 07:48:59,4.740588526949322
2025-01-02 07:49:00,5.036989448052483
2025-01-02 07:49:01,5.042886993257662
2025-01-02 07:49:02,5.040978258168333
2025-01-02 07:49:03,5.060587259554345
2025-01-02 07:49:04,5.268025573412445
2025-01-02 07:49:05,4.715071758839429
2025-01-02 07:49:06,5.03914376951848
2025-01-02 07:49:07,5.37494423583572
2025-01-02 07:49:08,5.881448592160557
2025-01-02 07:49:09,4.675128099835785
2025-01-02 07:49:10,4.622008773347618
2025-01-02 07:49:11,4.878638762567325
2025-01-02 07:49:12,4.52010592731727
2025-01-02 07:49:13,5.47852191403566
2025-01-02 07:49:14,4.584420080514486
2025-01-02 07:49:15,5.277647275607837
2025-01-02 07:49:16,4.868281338740718
2025-01-02 07:49:17,5.506770117813705
2025-01-02 07:49:18,5.000849531051796
2025-01-02 07:49:19,5.284496888416796
2025-01-02 07:49:20,5.671367858662503
2025-01-02 07:49:21,5.340507108643537
2025-01-02 07:49:22,5.330553189453783
2025-01-02 07:49:23,4.971130046806098
2025-01-02 07:49:24,4.795567217265521
2025-01-02 07:49:25,5.35119484083318
2025-01-02 07:49:26,4.473350314645376
2025-01-02 07:49:27,5.069506896282769
2025-01-02 07:49:28,5.401591339289906
2025-01-02 07:49:29,4.750297219689865
2025-01-02 07:49:30,5.149260988418462
2025-01-02 07:49:31,4.925677510601571
2025-01-02 07:49:32,5.394697699147442
2025-01-02 07:49:33,5.297381642175585
2025-01-02 07:49:34,4.800352104341667
2025-01-02 07:49:35,4.826908852768217
2025-01-02 07:49:36,5.138540748113806
2025-01-02 07:49:37,4.772193149987756
2025-01-02 07:49:38,4.853256403692036
2025-01-02 07:49:39,4.435632484976772
2025-01-02 07:49:40,5.545261461746565
2025-01-02 07:49:41,4.829021465914955
2025-01-02 07:49:42,4.800909689219697
2025-01-02 07:49:43,4.960526435619672
2025-01-02 07:49:44,5.213224903088009
2025-01-02 07:49:45,5.208789102106686
2025-01-02 07:49:46,4.763113335829621
2025-01-02 07:49:47,4.767024616913456
2025-01-02 07:49:48,4.738367139954913
2025-01-02 07:49:49,4.785889477558839
2025-01-02 07:49:50,5.2925060816781775
2025-01-02 07:49:51,5.235060225443373
2025-01-02 07:49:52,4.830831303047679
2025-01-02 07:49:53,4.664679107702649
2025-01-02 07:49:54,4.901626444352283
2025-01-02 07:49:55,5.130260350181266
2025-01-02 07:49:56,5.163904391240916
2025-01-02 07:49:57,4.696710908125092
2025-01-02 07:49:58,4.6188212762566545
2025-01-02 07:49:59,4.991864031837715
2025-01-02 07:50:00,5.273698336993957
2025-01-02 07:50:01,5.1226590452834495
2025-01-02 07:50:02,4.823184406028577
2025-01-02 07:50:03,5.184599946971626
2025-01-02 07:50:04,5.209949051204367
2025-01-02 07:50:05,5.461914216519292
2025-01-02 07:50:06,5.1164873328048
2025-01-02 07:50:07,5.319266589069716
2025-01-02 07:50:08,5.158973075356101
2025-01-02 07:50:09,5.779241344336653
2025-01-02 07:50:10,5.631042387990574
2025-01-02 07:50:11,5.280266466941484
2025-01-02 07:50:12,4.944361578603667
2025-01-02 07:50:13,4.1634896762819755
2025-01-02 07:50:14,5.0291857987580455
2025-01-02 07:50:15,4.407483215754245
2025-01-02 07:50:16,5.200936034512463
2025-01-02 07:50:17,4.840406518917643
2025-01-02 07:50:18,5.339779027762744
2025-01-02 07:50:19,4.811560683193379
2025-01-02 07:50:20,4.926021043010821
2025-01-02 07:50:21,5.01234225193259
2025-01-02 07:50:22,4.336649409950539
2025-01-02 07:50:23,4.888183670670191
2025-01-02 07:50:24,5.1978961543981
2025-01-02 07:50:25,4.463494555624494
2025-01-02 07:50:26,5.335952591551967
2025-01-02 07:50:27,5.117634561461911
2025-01-02 07:50:28,5.07381273766355
2025-01-02 07:50:29,5.173882365006775
2025-01-02 07:50:30,4.9491104451794365
2025-01-02 07:50:31,5.38483568233755
2025-01-02 07:50:32,4.5707533139852705
2025-01-02 07:50:33,5.135440482642164
2025-01-02 07:50:34,5.055491578894465
2025-01-02 07:50:35,4.706125681852649
2025-01-02 07:50:36,
2025-01-02 07:50:37,5.269907521912749
2025-01-02 07:50:38,4.881653403785532
2025-01-02 07:50:39,4.781944614564604
2025-01-02 07:50:40,
2025-01-02 07:50:41,4.9906770095248625
2025-01-02 07:50:42,5.633932600024708
2025-01-02 07:50:43,4.019054700752593
2025-01-02 07:50:44,5.069276089830067
2025-01-02 07:50:45,4.734603863896416
2025-01-02 07:50:46,5.165436998305086
2025-01-02 07:50:47,4.817226197213181
2025-01-02 07:50:48,4.916145332632603
2025-01-02 07:50:49,4.8701163663503495
2025-01-02 07:50:50,4.662889236651355
2025-01-02 07:50:51,5.152972149287245
2025-01-02 07:50:52,4.4907443704204235
2025-01-02 07:50:53,4.854097567533298
2025-01-02 07:50:54,4.981831765962175
2025-01-02 07:50:55,5.06029728522624
2025-01-02 07:50:56,4.534201591690929
2025-01-02 07:50:57,4.9592530106275845
2025-01-02 07:50:58,
2025-01-02 07:50:59,5.337831672081816
2025-01-02 07:51:00,5.126055228040478
2025-01-02 07:51:01,5.716754924710678
2025-01-02 07:51:02,4.984324400541968
2025-01-02 07:51:03,5.257861297881527
2025-01-02 07:51:04,4.580995090648044
2025-01-02 07:51:05,4.19511254451857
2025-01-02 07:51:06,4.604788620378427
2025-01-02 07:51:07,4.564515590353348
2025-01-02 07:51:08,5.003745402491657
2025-01-02 07:51:09,4.58212904304502
2025-01-02 07:51:10,4.930498013177775
2025-01-02 07:51:11,4.907726843559145
2025-01-02 07:51:12,4.84501065109782
2025-01-02 07:51:13,4.9937706615394415
2025-01-02 07:51:14,5.135407293621158
2025-01-02 07:51:15,5.017615852411918
2025-01-02 07:51:16,5.360068053391609
2025-01-02 07:51:17,5.3719176200624
2025-01-02 07:51:18,5.192680294755055
2025-01-02 07:51:19,4.526668155915179
2025-01-02 07:51:20,4.796623727448115
2025-01-02 07:51:21,5.201970828169734
2025-01-02 07:51:22,4.684756840122259
2025-01-02 07:51:23,5.21574985208316
2025-01-02 07:51:24,4.62538468021787
2025-01-02 07:51:25,5.142672142024364
2025-01-02 07:51:26,4.7120250640144175
2025-01-02 07:51:27,5.009756802381575
2025-01-02 07:51:28,
2025-01-02 07:51:29,4.926615461496944
2025-01-02 07:51:30,4.970355047857742
2025-01-02 07:51:31,5.334512094707597
2025-01-02 07:51:32,5.072775184035054
2025-01-02 07:51:33,5.192136076661031
2025-01-02 07:51:34,4.83670339068572
2025-01-02 07:51:35,4.800393786665122
2025-01-02 07:51:36,5.510625377099326
2025-01-02 07:51:37,5.281710584329969
2025-01-02 07:51:38,4.8294739782456615
2025-01-02 07:51:39,4.784460909006452
2025-01-02 07:51:40,4.810395282931358
2025-01-02 07:51:41,4.545176714578221
2025-01-02 07:51:42,4.743120569137099
2025-01-02 07:51:43,5.403317624343945
2025-01-02 07:51:44,5.095512202852302
2025-01-02 07:51:45,4.637928396715417
2025-01-02 07:51:46,4.3120148643272245
2025-01-02 07:51:47,5.110076148266692
2025-01-02 07:51:48,5.153040408549462
2025-01-02 07:51:49,4.698314836321227
2025-01-02 07:51:50,4.77676584400734
2025-01-02 07:51:51,3.738306433997993
2025-01-02 07:51:52,4.744010471489103
2025-01-02 07:51:53,4.876134935617607
2025-01-02 07:51:54,4.6503798584899245
2025-01-02 07:51:55,4.937742712550416
2025-01-02 07:51:56,5.500193144451957
2025-01-02 07:51:57,5.452317459103536
2025-01-02 07:51:58,4.568742362618184
2025-01-02 07:51:59,4.436760261628947
2025-01-02 07:52:00,4.808051019611422
2025-01-02 07:52:01,4.981394686487318
2025-01-02 07:52:02,4.969712482076732
2025-01-02 07:52:03,4.9348199250484495
2025-01-02 07:52:04,5.007999808777976
2025-01-02 07:52:05,4.596777691088861
2025-01-02 07:52:06,4.81859908629586
2025-01-02 07:52:07,4.669667039691494
2025-01-02 07:52:08,5.213179972051074
2025-01-02 07:52:09,5.3554337920792126
2025-01-02 07:52:10,4.927703918837133
2025-01-02 07:52:11,4.873451093319205
2025-01-02 07:52:12,4.4527554828317335
2025-01-02 07:52:13,5.111200682355116
2025-01-02 07:52:14,4.942423874359095
2025-01-02 07:52:15,5.365069326331661
2025-01-02 07:52:16,4.615124317874443
2025-01-02 07:52:17,4.993396114961718
2025-01-02 07:52:18,4.614319149917369
2025-01-02 07:52:19,4.6339782039428705
2025-01-02 07:52:20,4.859466188349719
2025-01-02 07:52:21,5.015160484816739
2025-01-02 07:52:22,4.258309443261875
2025-01-02 07:52:23,4.849318334202164
2025-01-02 07:52:24,4.8131411240813415
2025-01-02 07:52:25,
2025-01-02 07:52:26,4.79300494995885
2025-01-02 07:52:27,4.570202102601188
2025-01-02 07:52:28,5.259205704157619
2025-01-02 07:52:29,5.043292654433518
2025-01-02 07:52:30,4.822701725606601
2025-01-02 07:52:31,4.579079461651894
2025-01-02 07:52:32,5.394362947918644
2025-01-02 07:52:33,4.835005421025242
2025-01-02 07:52:34,4.993190384015368
2025-01-02 07:52:35,5.019235004765926
2025-01-02 07:52:36,5.1550363862402
2025-01-02 07:52:37,4.6656655147910655
2025-01-02 07:52:38,5.372318870525148
2025-01-02 07:52:39,4.878589398099937
2025-01-02 07:52:40,4.767814305638327
2025-01-02 07:52:41,4.7309091485908406
2025-01-02 07:52:42,4.49638698224618
2025-01-02 07:52:43,4.42169999798429
2025-01-02 07:52:44,
2025-01-02 07:52:45,4.7425709758860695
2025-01-02 07:52:46,5.074550179947548
2025-01-02 07:52:47,4.899384158391574
2025-01-02 07:52:48,5.063417171913999
2025-01-02 07:52:49,5.033168612948841
2025-01-02 07:52:50,4.817048207244267
2025-01-02 07:52:51,4.96944277141532
2025-01-02 07:52:52,4.926558531813119
2025-01-02 07:52:53,4.735631903222796
2025-01-02 07:52:54,5.058538533056315
2025-01-02 07:52:55,4.728985649070277
2025-01-02 07:52:56,4.553620407057684
2025-01-02 07:52:57,4.381647405551534
2025-01-02 07:52:58,4.8979716021040405
2025-01-02 07:52:59,4.9767404208529715
2025-01-02 07:53:00,5.249250968399339
2025-01-02 07:53:01,4.931767261261524
2025-01-02 07:53:02,4.716517943607689
2025-01-02 07:53:03,5.027023120581181
2025-01-02 07:53:04,4.764696061764383
2025-01-02 07:53:05,4.936980670957868
2025-01-02 07:53:06,4.9270637205555605
2025-01-02 07:53:07,4.610654946136841
2025-01-02 07:53:08,5.084851516926543
2025-01-02 07:53:09,4.948634106541306
2025-01-02 07:53:10,4.88213896353682
2025-01-02 07:53:11,4.725721958302391
2025-01-02 07:53:12,4.690823460664261
2025-01-02 07:53:13,5.078695349995778
2025-01-02 07:53:14,4.958434014078866
2025-01-02 07:53:15,5.296368920863257
2025-01-02 07:53:16,4.9598247734805545
2025-01-02 07:53:17,4.0710726681031275
2025-01-02 07:53:18,4.980318349087278
2025-01-02 07:53:19,4.978522062665942
2025-01-02 07:53:20,4.935490434880654
2025-01-02 07:53:21,4.619333678001036
2025-01-02 07:53:22,4.4930737101436815
2025-01-02 07:53:23,4.4998116298780255
2025-01-02 07:53:24,4.711994561490456
2025-01-02 07:53:25,4.936454509192749
2025-01-02 07:53:26,4.883611026114128
2025-01-02 07:53:27,4.66948990309009
2025-01-02 07:53:28,4.710604851077475
2025-01-02 07:53:29,4.49094462307503
2025-01-02 07:53:30,4.709016021702856
2025-01-02 07:53:31,4.712923353232966
2025-01-02 07:53:32,4.405921070398496
2025-01-02 07:53:33,4.94233726611876
2025-01-02 07:53:34,5.169267933778591
2025-01-02 07:53:35,4.972755885044352
2025-01-02 07:53:36,5.308912606216291
2025-01-02 07:53:37,5.100953499936438
2025-01-02 07:53:38,5.040624487738977
2025-01-02 07:53:39,4.836572976097141
2025-01-02 07:53:40,4.7299100630453506
2025-01-02 07:53:41,4.768036649317338
2025-01-02 07:53:42,5.421072141506796
2025-01-02 07:53:43,4.806053886428753
2025-01-02 07:53:44,4.96061659578146
2025-01-02 07:53:45,5.057663341590166
2025-01-02 07:53:46,5.04366861542327
2025-01-02 07:53:47,4.713534985342941
2025-01-02 07:53:48,4.264598317153003
2025-01-02 07:53:49,4.676874118920258
2025-01-02 07:53:50,5.61987642388032
2025-01-02 07:53:51,4.834486405400986
2025-01-02 07:53:52,
2025-01-02 07:53:53,5.369095648390404
2025-01-02 07:53:54,4.739368584897086
2025-01-02 07:53:55,4.614848774128014
2025-01-02 07:53:56,4.607393111238214
2025-01-02 07:53:57,5.138427576415509
2025-01-02 07:53:58,4.643719708489039
2025-01-02 07:53:59,4.721312001545677
2025-01-02 07:54:00,4.57974176031171
2025-01-02 07:54:01,4.782161371682075
2025-01-02 07:54:02,4.7582872762780966
2025-01-02 07:54:03,4.601763445664171
2025-01-02 07:54:04,4.634281239684301
2025-01-02 07:54:05,4.573463533032211
2025-01-02 07:54:06,4.54510084096615
2025-01-02 07:54:07,4.916726646322425
2025-01-02 07:54:08,4.968199561502834
2025-01-02 07:54:09,4.647962673034297
2025-01-02 07:54:10,4.689396439823125
2025-01-02 07:54:11,4.407745894119859
2025-01-02 07:54:12,4.96127866286737
2025-01-02 07:54:13,4.407482941464757
2025-01-02 07:54:14,4.696920188521479
2025-01-02 07:54:15,4.563125250429985
2025-01-02 07:54:16,4.977548470229956
2025-01-02 07:54:17,4.689008895896453
2025-01-02 07:54:18,5.027202470478246
2025-01-02 07:54:19,5.046606112000255
2025-01-02 07:54:20,4.504647139084464
2025-01-02 07:54:21,4.921689405692116
2025-01-02 07:54:22,4.6736839565378485
2025-01-02 07:54:23,5.480164705000059
2025-01-02 07:54:24,4.710922731768623
2025-01-02 07:54:25,4.965004348136505
2025-01-02 07:54:26,4.862148962550453
2025-01-02 07:54:27,4.5664727850522855
2025-01-02 07:54:28,4.644254196398605
2025-01-02 07:54:29,4.771115049843954
2025-01-02 07:54:30,4.863610044866682
2025-01-02 07:54:31,5.392673978412223
2025-01-02 07:54:32,5.104908113026643
2025-01-02 07:54:33,4.852696752041743
2025-01-02 07:54:34,5.037661778381156
2025-01-02 07:54:35,4.7637630156956625
2025-01-02 07:54:36,4.507083486381419
2025-01-02 07:54:37,4.234450733451788
2025-01-02 07:54:38,5.468106109613946
2025-01-02 07:54:39,4.553686396346063
2025-01-02 07:54:40,5.318064214859269
2025-01-02 07:54:41,5.174962818615911
2025-01-02 07:54:42,5.214995629135295
2025-01-02 07:54:43,4.5058578397327445
2025-01-02 07:54:44,4.638005589728553
2025-01-02 07:54:45,4.731254178488624
2025-01-02 07:54:46,4.818681861291369
2025-01-02 07:54:47,4.66879560957021
2025-01-02 07:54:48,4.421161800455519
2025-01-02 07:54:49,4.913035577743652
2025-01-02 07:54:50,4.586908834182324
2025-01-02 07:54:51,4.805301463226815
2025-01-02 07:54:52,4.6363060639725475
2025-01-02 07:54:53,4.304426650061874
2025-01-02 07:54:54,4.675418622166945
2025-01-02 07:54:55,4.624627616284284
2025-01-02 07:54:56,5.034731002796971
2025-01-02 07:54:57,4.559110964684539
2025-01-02 07:54:58,4.82995675825283
2025-01-02 07:54:59,4.744334450804405
2025-01-02 07:55:00,5.273966495772215
2025-01-02 07:55:01,4.355875576812449
2025-01-02 07:55:02,4.524716722576165
2025-01-02 07:55:03,5.019411184739254
2025-01-02 07:55:04,5.103165750443904
2025-01-02 07:55:05,4.667393823237017
2025-01-02 07:55:06,4.859647167727869
2025-01-02 07:55:07,4.479348357159141
2025-01-02 07:55:08,4.260993044242405
2025-01-02 07:55:09,4.807356702967909
2025-01-02 07:55:10,4.750391906722794
2025-01-02 07:55:11,5.349532477525013
2025-01-02 07:55:12,4.674919214034871
2025-01-02 07:55:13,5.624905945544064
2025-01-02 07:55:14,5.015399184725365
2025-01-02 07:55:15,4.555759032894486
2025-01-02 07:55:16,4.494565748938152
2025-01-02 07:55:17,4.918434541835608
2025-01-02 07:55:18,4.894250673973085
2025-01-02 07:55:19,4.663792531067934
2025-01-02 07:55:20,5.055786932578962
2025-01-02 07:55:21,4.933291047870868
2025-01-02 07:55:22,4.54934682792478
2025-01-02 07:55:23,5.0689673139031
2025-01-02 07:55:24,4.613823017646837
2025-01-02 07:55:25,4.65756889703773
2025-01-02 07:55:26,4.686320720937099
2025-01-02 07:55:27,4.6264792930643575
2025-01-02 07:55:28,4.41137202884988
2025-01-02 07:55:29,4.722071786042734
2025-01-02 07:55:30,5.167018698138866
2025-01-02 07:55:31,4.658403956841185
2025-01-02 07:55:32,5.067743406731579
2025-01-02 07:55:33,4.6541942803389675
2025-01-02 07:55:34,4.926847928994167
2025-01-02 07:55:35,4.803542334914723
2025-01-02 07:55:36,4.459772012088324
2025-01-02 07:55:37,4.771562524318469
2025-01-02 07:55:38,5.101247806987136
2025-01-02 07:55:39,5.038866218420644
2025-01-02 07:55:40,4.973349483109632
2025-01-02 07:55:41,4.885574477189165
2025-01-02 07:55:42,4.809782619722505
2025-01-02 07:55:43,
2025-01-02 07:55:44,5.259155612122651
2025-01-02 07:55:45,4.959468575427856
2025-01-02 07:55:46,4.7613066623766604
2025-01-02 07:55:47,4.593380331979232
2025-01-02 07:55:48,4.621731384197437
2025-01-02 07:55:49,4.838159723874423
2025-01-02 07:55:50,4.6604862093498065
2025-01-02 07:55:51,4.818299209001359
2025-01-02 07:55:52,5.306689401159464
2025-01-02 07:55:53,4.37232346742146
2025-01-02 07:55:54,
2025-01-02 07:55:55,4.8260097280218135
2025-01-02 07:55:56,4.971654467553656
2025-01-02 07:55:57,5.505289011498989
2025-01-02 07:55:58,5.005335509423067
2025-01-02 07:55:59,4.662177747873662
2025-01-02 07:56:00,4.8412863676477125
2025-01-02 07:56:01,5.359423803119145
2025-01-02 07:56:02,4.765845151619156
2025-01-02 07:56:03,4.7592800837079885
2025-01-02 07:56:04,
2025-01-02 07:56:05,4.755585365023072
2025-01-02 07:56:06,4.864872454459152
2025-01-02 07:56:07,4.998917903898611
2025-01-02 07:56:08,4.582646863162763
2025-01-02 07:56:09,4.331130676207668
2025-01-02 07:56:10,
2025-01-02 07:56:11,4.900963975865725
2025-01-02 07:56:12,4.829233544447192
2025-01-02 07:56:13,4.479913475052108
2025-01-02 07:56:14,5.176199350331285
2025-01-02 07:56:15,4.716439145283494
2025-01-02 07:56:16,4.459772731527953
2025-01-02 07:56:17,4.8754535091668565
2025-01-02 07:56:18,4.71808216696213
2025-01-02 07:56:19,4.699954654771999
2025-01-02 07:56:20,4.724412370237763
2025-01-02 07:56:21,4.54368152737945
2025-01-02 07:56:22,4.941279014479144
2025-01-02 07:56:23,4.67799727698517
2025-01-02 07:56:24,4.293411611071965
2025-01-02 07:56:25,5.048497465706364
2025-01-02 07:56:26,4.470908060592585
2025-01-02 07:56:27,4.113883575006642
2025-01-02 07:56:28,4.915110133038745
2025-01-02 07:56:29,4.400497765939478
2025-01-02 07:56:30,4.765894770033039
2025-01-02 07:56:31,5.214987236930425
2025-01-02 07:56:32,4.82814009903994
2025-01-02 07:56:33,4.870745833761453
2025-01-02 07:56:34,5.002335538616738
2025-01-02 07:56:35,4.790328863945378
2025-01-02 07:56:36,5.3018918409931866
2025-01-02 07:56:37,4.664884238932329
2025-01-02 07:56:38,5.242478391078416
2025-01-02 07:56:39,4.485189525906735
2025-01-02 07:56:40,4.942672237761379
2025-01-02 07:56:41,5.246777410541296
2025-01-02 07:56:42,4.9898292378075935
2025-01-02 07:56:43,4.602786404899273
2025-01-02 07:56:44,4.757133265209567
2025-01-02 07:56:45,4.986962696617686
2025-01-02 07:56:46,4.625304419014102
2025-01-02 07:56:47,5.039830347316446
2025-01-02 07:56:48,5.107862954561875
2025-01-02 07:56:49,5.25084867553189
2025-01-02 07:56:50,4.624476593219225
2025-01-02 07:56:51,5.065322015418324
2025-01-02 07:56:52,4.850843452809792
2025-01-02 07:56:53,4.622123847145388
2025-01-02 07:56:54,5.118917395405924
2025-01-02 07:56:55,5.112551158614353
2025-01-02 07:56:56,4.509369529403222
2025-01-02 07:56:57,4.347876306565828
2025-01-02 07:56:58,5.041845537046966
2025-01-02 07:56:59,4.737634385841788
2025-01-02 07:57:00,4.6122788484011155
2025-01-02 07:57:01,4.938433070916308
2025-01-02 07:57:02,5.224706123667991
2025-01-02 07:57:03,5.1732950489627765
2025-01-02 07:57:04,5.184296552246176
2025-01-02 07:57:05,5.003863796350194
2025-01-02 07:57:06,4.93347855237806
2025-01-02 07:57:07,4.567802691059157
2025-01-02 07:57:08,4.7318643778858265
2025-01-02 07:57:09,4.919228171651957
2025-01-02 07:57:10,4.508949360789285
2025-01-02 07:57:11,4.713983798565625
2025-01-02 07:57:12,4.777963079194965
2025-01-02 07:57:13,5.367648643786962
2025-01-02 07:57:14,4.987972520289936
2025-01-02 07:57:15,4.7420024219879355
2025-01-02 07:57:16,4.195035620542898
2025-01-02 07:57:17,5.090738343598734
2025-01-02 07:57:18,4.545768546179498
2025-01-02 07:57:19,5.194701494533356
2025-01-02 07:57:20,5.081885326568529
2025-01-02 07:57:21,4.571401305059992
2025-01-02 07:57:22,4.540987698927727
2025-01-02 07:57:23,4.364387719542769
2025-01-02 07:57:24,4.710677078059118
2025-01-02 07:57:25,4.924882109291528
2025-01-02 07:57:26,4.886202281008992
2025-01-02 07:57:27,4.271047921860316
2025-01-02 07:57:28,4.7555784195633874
2025-01-02 07:57:29,5.18891357326216
2025-01-02 07:57:30,5.065384582866195
2025-01-02 07:57:31,5.066757669529702
2025-01-02 07:57:32,5.16293748417136
2025-01-02 07:57:33,4.565664241827565
2025-01-02 07:57:34,4.636911747421264
2025-01-02 07:57:35,4.191613831941067
2025-01-02 07:57:36,4.929061940977347
2025-01-02 07:57:37,4.6119429061453
2025-01-02 07:57:38,5.038079118380105
2025-01-02 07:57:39,4.753079779348248
2025-01-02 07:57:40,4.8912502376975215
2025-01-02 07:57:41,4.679661608689365
2025-01-02 07:57:42,4.849960808439411
2025-01-02 07:57:43,4.669092952936071
2025-01-02 07:57:44,4.652461136009545
2025-01-02 07:57:45,4.41494268847673
2025-01-02 07:57:46,4.473621599973006
2025-01-02 07:57:47,5.658873775130874
2025-01-02 07:57:48,4.482256041640406
2025-01-02 07:57:49,4.797208921016189
2025-01-02 07:57:50,5.0400125655537105
2025-01-02 07:57:51,4.829021226222061
2025-01-02 07:57:52,4.285514102370462
2025-01-02 07:57:53,4.748897676526916
2025-01-02 07:57:54,4.204804224066373
2025-01-02 07:57:55,4.506216567187538
2025-01-02 07:57:56,4.729790191286356
2025-01-02 07:57:57,5.131631164020489
2025-01-02 07:57:58,4.756513368492982
2025-01-02 07:57:59,4.879234825578868
2025-01-02 07:58:00,4.4484052909230485
2025-01-02 07:58:01,4.481400468832728
2025-01-02 07:58:02,4.839973835213984
2025-01-02 07:58:03,4.666650160624359
2025-01-02 07:58:04,5.025482045988257
2025-01-02 07:58:05,5.148052759802741
2025-01-02 07:58:06,4.942643562802749
2025-01-02 07:58:07,4.636389030757582
2025-01-02 07:58:08,4.733758023618811
2025-01-02 07:58:09,4.678266358741807
2025-01-02 07:58:10,4.797257377474299
2025-01-02 07:58:11,4.988734029834475
2025-01-02 07:58:12,4.557844321215803
2025-01-02 07:58:13,4.688046145685875
2025-01-02 07:58:14,5.2739303805887605
2025-01-02 07:58:15,5.096554539064739
2025-01-02 07:58:16,4.664810409561805
2025-01-02 07:58:17,4.583054119235111
2025-01-02 07:58:18,4.603336240220136
2025-01-02 07:58:19,4.403889852304669
2025-01-02 07:58:20,4.903703937765308
2025-01-02 07:58:21,4.7432354809833965
2025-01-02 07:58:22,4.658622849911643
2025-01-02 07:58:23,4.769442234335867
2025-01-02 07:58:24,4.694958398428333
2025-01-02 07:58:25,4.4545143833420475
2025-01-02 07:58:26,4.3187437161917215
2025-01-02 07:58:27,4.556321997781077
2025-01-02 07:58:28,4.707139087453925
2025-01-02 07:58:29,4.6839359470020945
2025-01-02 07:58:30,4.696222600665161
2025-01-02 07:58:31,4.714892037129572
2025-01-02 07:58:32,4.569194958193295
2025-01-02 07:58:33,5.027515062830524
2025-01-02 07:58:34,4.816954873049867
2025-01-02 07:58:35,4.96037772805753
2025-01-02 07:58:36,4.6678922701760746
2025-01-02 07:58:37,4.117970602962102
2025-01-02 07:58:38,4.618855894678391
2025-01-02 07:58:39,
2025-01-02 07:58:40,4.766516056064765
2025-01-02 07:58:41,4.399268436824302
2025-01-02 07:58:42,4.618156270246225
2025-01-02 07:58:43,
2025-01-02 07:58:44,5.0498960802289155
2025-01-02 07:58:45,5.044770979923957
2025-01-02 07:58:46,4.711498663968955
2025-01-02 07:58:47,5.719177426169663
2025-01-02 07:58:48,4.572937723521238
2025-01-02 07:58:49,4.684947430396428
2025-01-02 07:58:50,4.405759591448276
2025-01-02 07:58:51,5.109150231463208
2025-01-02 07:58:52,4.824795296508995
2025-01-02 07:58:53,5.066365514998573
2025-01-02 07:58:54,4.953245121540687
2025-01-02 07:58:55,5.125344177077136
2025-01-02 07:58:56,4.855562419471727
2025-01-02 07:58:57,4.864646079969295
2025-01-02 07:58:58,4.765271091775191
2025-01-02 07:58:59,4.616394936114103
2025-01-02 07:59:00,4.992019618644838
2025-01-02 07:59:01,4.815216753365526
2025-01-02 07:59:02,4.848095272961049
2025-01-02 07:59:03,5.1044948548961475
2025-01-02 07:59:04,4.426370365161083
2025-01-02 07:59:05,5.011180832475872
2025-01-02 07:59:06,4.756612114528279
2025-01-02 07:59:07,4.73370993271419
2025-01-02 07:59:08,4.55744770712673
2025-01-02 07:59:09,4.561128449465625
2025-01-02 07:59:10,4.407536419670523
2025-01-02 07:59:11,4.661435033516654
2025-01-02 07:59:12,4.894010736335338
2025-01-02 07:59:13,5.182705641812854
2025-01-02 07:59:14,5.12917527648564
2025-01-02 07:59:15,4.996451739304609
2025-01-02 07:59:16,4.867891705154985
2025-01-02 07:59:17,4.746505410105888
2025-01-02 07:59:18,4.934115430860218
2025-01-02 07:59:19,4.2420294932471965
2025-01-02 07:59:20,4.653947076364552
2025-01-02 07:59:21,4.638513032352395
2025-01-02 07:59:22,4.626242812359988
2025-01-02 07:59:23,4.909898337836645
2025-01-02 07:59:24,4.664304857343118
2025-01-02 07:59:25,4.747600698401448
2025-01-02 07:59:26,4.724354783505053
2025-01-02 07:59:27,4.89775545667267
2025-01-02 07:59:28,4.783813972567154
2025-01-02 07:59:29,4.67465731528263
2025-01-02 07:59:30,4.837214469254445
2025-01-02 07:59:31,5.459766391595498
2025-01-02 07:59:32,4.2681901339372
2025-01-02 07:59:33,4.978373394017002
2025-01-02 07:59:34,4.779943446722008
2025-01-02 07:59:35,4.610541986695176
2025-01-02 07:59:36,4.774475537214315
2025-01-02 07:59:37,5.221679305857764
2025-01-02 07:59:38,4.4729580190324825
2025-01-02 07:59:39,4.695763009364209
2025-01-02 07:59:40,4.622929435377766
2025-01-02 07:59:41,5.229701401279639
2025-01-02 07:59:42,5.198993847614237
2025-01-02 07:59:43,4.73966736150112
2025-01-02 07:59:44,4.654252300283143
2025-01-02 07:59:45,4.334676168761052
2025-01-02 07:59:46,5.223102195060798
2025-01-02 07:59:47,4.646297269901499
2025-01-02 07:59:48,4.4338181154863285
2025-01-02 07:59:49,5.0378135298161535
2025-01-02 07:59:50,4.589407821542977
2025-01-02 07:59:51,5.094025711597882
2025-01-02 07:59:52,5.296154198809417
2025-01-02 07:59:53,4.8512138145508015
2025-01-02 07:59:54,4.721739661147845
2025-01-02 07:59:55,4.618618410085784
2025-01-02 07:59:56,4.833491877801194
2025-01-02 07:59:57,4.399598349441726
2025-01-02 07:59:58,4.3528312989599405
2025-01-02 07:59:59,4.500481568215911
2025-01-02 08:00:00,4.938727372669897
2025-01-02 08:00:01,5.019748666767722
2025-01-02 08:00:02,4.6757310615720264
2025-01-02 08:00:03,4.383538570867958
2025-01-02 08:00:04,4.693363693027739
2025-01-02 08:00:05,4.4789278688391825
2025-01-02 08:00:06,4.539114710394331
2025-01-02 08:00:07,4.775631478805677
2025-01-02 08:00:08,5.168456640725329
2025-01-02 08:00:09,4.507393799559711
2025-01-02 08:00:10,5.11693621381315
2025-01-02 08:00:11,4.62341854404909
2025-01-02 08:00:12,3.9654650817007715
2025-01-02 08:00:13,4.424359561258299
2025-01-02 08:00:14,
2025-01-02 08:00:15,5.008379056290122
2025-01-02 08:00:16,5.1231046010909385
2025-01-02 08:00:17,4.756124800348853
2025-01-02 08:00:18,4.632169896391971
2025-01-02 08:00:19,4.406166073706105
2025-01-02 08:00:20,4.871702022157116
2025-01-02 08:00:21,4.791192763530392
2025-01-02 08:00:22,4.460448441399692
2025-01-02 08:00:23,4.87729402241524
2025-01-02 08:00:24,4.632466276402134
2025-01-02 08:00:25,4.5416905572748885
2025-01-02 08:00:26,4.77064489449285
2025-01-02 08:00:27,4.971981495128482
2025-01-02 08:00:28,4.747230677226509
2025-01-02 08:00:29,4.535467162942888
2025-01-02 08:00:30,
2025-01-02 08:00:31,4.480757060196659
2025-01-02 08:00:32,4.481064499770847
2025-01-02 08:00:33,4.834753046342449
2025-01-02 08:00:34,4.637967023615403
2025-01-02 08:00:35,4.762722877227919
2025-01-02 08:00:36,4.520067126320561
2025-01-02 08:00:37,4.019576365318724
2025-01-02 08:00:38,4.838078485089369
2025-01-02 08:00:39,4.9750728299758835
2025-01-02 08:00:40,4.2161614124049445
2025-01-02 08:00:41,4.776199368557611
2025-01-02 08:00:42,4.919590984728505
2025-01-02 08:00:43,4.673018764829574
2025-01-02 08:00:44,4.583733664048789
2025-01-02 08:00:45,4.932982318674743
2025-01-02 08:00:46,4.589877679328612
2025-01-02 08:00:47,4.665023433811012
2025-01-02 08:00:48,5.004481815240598
2025-01-02 08:00:49,4.371144779483322
2025-01-02 08:00:50,4.389016379892772
2025-01-02 08:00:51,4.225942030394338
2025-01-02 08:00:52,4.76471108824921
2025-01-02 08:00:53,5.386467035206333
2025-01-02 08:00:54,4.656421411939681
2025-01-02 08:00:55,4.626953763213488
2025-01-02 08:00:56,4.525905212827489
2025-01-02 08:00:57,5.45412570491776
2025-01-02 08:00:58,4.826128116432135
2025-01-02 08:00:59,4.372450425848408
2025-01-02 08:01:00,4.830362844609856
2025-01-02 08:01:01,4.657735095549428
2025-01-02 08:01:02,4.396055329721566
2025-01-02 08:01:03,4.9715207394514485
2025-01-02 08:01:04,5.035121765965815
2025-01-02 08:01:05,4.694694381688898
2025-01-02 08:01:06,4.459742929752245
2025-01-02 08:01:07,4.649376226633179
2025-01-02 08:01:08,4.822322437848631
2025-01-02 08:01:09,4.634758871123723
2025-01-02 08:01:10,4.46185492052193
2025-01-02 08:01:11,4.618503096028821
2025-01-02 08:01:12,4.688801048396878
2025-01-02 08:01:13,4.603850398419324
2025-01-02 08:01:14,4.340878775923855
2025-01-02 08:01:15,4.998959558569695
2025-01-02 08:01:16,4.722819107212344
2025-01-02 08:01:17,
2025-01-02 08:01:18,4.605270563386837
2025-01-02 08:01:19,4.508666277225367
2025-01-02 08:01:20,4.618279449954659
2025-01-02 08:01:21,4.93680098985742
2025-01-02 08:01:22,4.279538369603917
2025-01-02 08:01:23,4.359049539483786
2025-01-02 08:01:24,5.102755736446132
2025-01-02 08:01:25,4.546892417604007
2025-01-02 08:01:26,4.452612266298178
2025-01-02 08:01:27,4.692077037548104
2025-01-02 08:01:28,5.1098208177001645
2025-01-02 08:01:29,5.10991287769577
2025-01-02 08:01:30,4.533414656531462
2025-01-02 08:01:31,4.8224622828038886
2025-01-02 08:01:32,4.0270199483282125
2025-01-02 08:01:33,4.96827985851284
2025-01-02 08:01:34,5.288545969476855
2025-01-02 08:01:35,4.733194753637433
2025-01-02 08:01:36,4.861962230827596
2025-01-02 08:01:37,4.857624078061597
2025-01-02 08:01:38,4.265769361621433
2025-01-02 08:01:39,4.611470299065239
2025-01-02 08:01:40,5.109734408582282
2025-01-02 08:01:41,4.112029639521862
2025-01-02 08:01:42,4.845957567353795
2025-01-02 08:01:43,4.5356580888210845
2025-01-02 08:01:44,4.659167977043737
2025-01-02 08:01:45,4.729316259087609
2025-01-02 08:01:46,5.384013552595096
2025-01-02 08:01:47,4.613571531349803
2025-01-02 08:01:48,4.7529764109672685
2025-01-02 08:01:49,4.907521327537874
2025-01-02 08:01:50,4.960387905689201
2025-01-02 08:01:51,4.374451941738008
2025-01-02 08:01:52,4.860069439604121
2025-01-02 08:01:53,4.390253084625543
2025-01-02 08:01:54,4.659922098499004
2025-01-02 08:01:55,4.586937296148012
2025-01-02 08:01:56,4.739315823173652
2025-01-02 08:01:57,4.821066336313424
2025-01-02 08:01:58,
2025-01-02 08:01:59,4.302862255972483
2025-01-02 08:02:00,4.154269539763218
2025-01-02 08:02:01,4.953352816374059
2025-01-02 08:02:02,4.517075027840918
2025-01-02 08:02:03,4.519523554637584
2025-01-02 08:02:04,4.791831033791379
2025-01-02 08:02:05,4.709147612159589
2025-01-02 08:02:06,5.434798947752151
2025-01-02 08:02:07,4.604572433850201
2025-01-02 08:02:08,4.578531511520468
2025-01-02 08:02:09,4.715250370318838
2025-01-02 08:02:10,4.665717098668857
2025-01-02 08:02:11,4.4376653252080605
2025-01-02 08:02:12,4.581217718531835
2025-01-02 08:02:13,4.554736697794394
2025-01-02 08:02:14,4.926224196840553
2025-01-02 08:02:15,4.869905791697683
2025-01-02 08:02:16,4.298540647027476
2025-01-02 08:02:17,4.823624054760829
2025-01-02 08:02:18,4.490144144438034
2025-01-02 08:02:19,4.18189715211012
2025-01-02 08:02:20,4.35785213451518
2025-01-02 08:02:21,4.7078930523138345
2025-01-02 08:02:22,4.6345064788272925
2025-01-02 08:02:23,4.543337598575333
2025-01-02 08:02:24,4.58770698843431
2025-01-02 08:02:25,4.351014497324004
2025-01-02 08:02:26,4.180878289931629
2025-01-02 08:02:27,4.795358890546772
2025-01-02 08:02:28,4.384375256215515
2025-01-02 08:02:29,
2025-01-02 08:02:30,4.241040489218018
2025-01-02 08:02:31,5.019793584088534
2025-01-02 08:02:32,5.129690399415886
2025-01-02 08:02:33,4.22763376723643
2025-01-02 08:02:34,4.8837879205694055
2025-01-02 08:02:35,5.01656865949065
2025-01-02 08:02:36,4.539681522345028
2025-01-02 08:02:37,4.897651040833845
2025-01-02 08:02:38,4.268343620337049
2025-01-02 08:02:39,4.489912888063955
2025-01-02 08:02:40,4.384269231740971
2025-01-02 08:02:41,4.6810165652980835
2025-01-02 08:02:42,4.283531844386148
2025-01-02 08:02:43,4.451184331981326
2025-01-02 08:02:44,4.893461442957757
2025-01-02 08:02:45,4.771620594716406
2025-01-02 08:02:46,4.687943559198064
2025-01-02 08:02:47,4.555855227975054
2025-01-02 08:02:48,4.889422968061108
2025-01-02 08:02:49,4.302247457804774
2025-01-02 08:02:50,5.001472286112605
2025-01-02 08:02:51,4.324265281680149
2025-01-02 08:02:52,4.560324745318784
2025-01-02 08:02:53,4.278834346697145
2025-01-02 08:02:54,4.321515497529072
2025-01-02 08:02:55,4.865351290561316
2025-01-02 08:02:56,4.433914147440299
2025-01-02 08:02:57,4.689069680937935
2025-01-02 08:02:58,4.421281693391017
2025-01-02 08:02:59,5.114878246104206
2025-01-02 08:03:00,4.347139085114225
2025-01-02 08:03:01,4.800052290636408
2025-01-02 08:03:02,4.807373432713188
2025-01-02 08:03:03,5.009098764094933
2025-01-02 08:03:04,3.7160682574729615
2025-01-02 08:03:05,4.381241725965365
2025-01-02 08:03:06,5.2591732172678505
2025-01-02 08:03:07,4.301945913515373
2025-01-02 08:03:08,4.479854418916327
2025-01-02 08:03:09,5.338797042850771
2025-01-02 08:03:10,4.343816811955498
2025-01-02 08:03:11,5.025278478150359
2025-01-02 08:03:12,4.436465382984759
2025-01-02 08:03:13,4.792450285465066
2025-01-02 08:03:14,4.655345987742178
2025-01-02 08:03:15,4.742892145398203
2025-01-02 08:03:16,4.568983887974909
2025-01-02 08:03:17,4.311501195747699
2025-01-02 08:03:18,4.649505284124672
2025-01-02 08:03:19,4.534703840406772
2025-01-02 08:03:20,4.781017537962
2025-01-02 08:03:21,4.962965880002719
2025-01-02 08:03:22,4.653256616960457
2025-01-02 08:03:23,4.991638532959486
2025-01-02 08:03:24,4.711993432216148
2025-01-02 08:03:25,4.826105510478973
2025-01-02 08:03:26,4.003629753745345
2025-01-02 08:03:27,4.851388587981502
2025-01-02 08:03:28,4.650466869781264
2025-01-02 08:03:29,4.166412772976816
2025-01-02 08:03:30,4.746948481640903
2025-01-02 08:03:31,4.491433587798954
2025-01-02 08:03:32,4.627268483975065
2025-01-02 08:03:33,4.912282824068432
2025-01-02 08:03:34,4.112570821728681
2025-01-02 08:03:35,4.650321797406478
2025-01-02 08:03:36,4.056738213711823
2025-01-02 08:03:37,4.90194459365927
2025-01-02 08:03:38,5.185845254822691
2025-01-02 08:03:39,4.996555263367694
2025-01-02 08:03:40,4.933717211099939
2025-01-02 08:03:41,4.595197700958071
2025-01-02 08:03:42,4.249837781243682
2025-01-02 08:03:43,4.849464184018262
2025-01-02 08:03:44,4.572272451411641
2025-01-02 08:03:45,4.503237576444417
2025-01-02 08:03:46,4.691463986991132
2025-01-02 08:03:47,4.137025322380309
2025-01-02 08:03:48,4.660863522730584
2025-01-02 08:03:49,5.092240066715321
2025-01-02 08:03:50,4.452202799707987
2025-01-02 08:03:51,4.71836662187971
2025-01-02 08:03:52,4.564400351056
2025-01-02 08:03:53,4.825056836091846
2025-01-02 08:03:54,4.637502910061685
2025-01-02 08:03:55,4.76125449166753
2025-01-02 08:03:56,4.491402898419334
2025-01-02 08:03:57,4.579716066524407
2025-01-02 08:03:58,4.503958623384211
2025-01-02 08:03:59,5.122093118642982
2025-01-02 08:04:00,4.700742933251751
2025-01-02 08:04:01,4.534874961187877
2025-01-02 08:04:02,5.120223500972127
2025-01-02 08:04:03,4.437133358464838
2025-01-02 08:04:04,4.306311337137832
2025-01-02 08:04:05,4.607026351744794
2025-01-02 08:04:06,4.866440592665042
2025-01-02 08:04:07,4.484021588956158
2025-01-02 08:04:08,
2025-01-02 08:04:09,4.28781658960756
2025-01-02 08:04:10,4.6811982651788195
2025-01-02 08:04:11,4.822105613335423
2025-01-02 08:04:12,5.112380695567352
2025-01-02 08:04:13,4.515677476740769
2025-01-02 08:04:14,4.370340182653554
2025-01-02 08:04:15,5.1156239808540445
2025-01-02 08:04:16,4.614203298794008
2025-01-02 08:04:17,4.523350549564909
2025-01-02 08:04:18,4.841395368328122
2025-01-02 08:04:19,4.514638455131632
2025-01-02 08:04:20,4.259447174280354
2025-01-02 08:04:21,4.620874561328936
2025-01-02 08:04:22,4.369230442462886
2025-01-02 08:04:23,5.013543942253461
2025-01-02 08:04:24,4.9659012315913085
2025-01-02 08:04:25,5.113878998119143
2025-01-02 08:04:26,5.137989356623155
2025-01-02 08:04:27,4.470848470788865
2025-01-02 08:04:28,4.788462697249825
2025-01-02 08:04:29,5.005221788915082
2025-01-02 08:04:30,4.508694697363894
2025-01-02 08:04:31,
2025-01-02 08:04:32,5.02105822291064
2025-01-02 08:04:33,5.315347383257855
2025-01-02 08:04:34,4.307100348451642
2025-01-02 08:04:35,4.646113608039217
2025-01-02 08:04:36,4.35119931257979
2025-01-02 08:04:37,4.376899088584009
2025-01-02 08:04:38,4.5292275192983995
2025-01-02 08:04:39,4.6957473112810195
2025-01-02 08:04:40,4.82569634862958
2025-01-02 08:04:41,4.532128260632775
2025-01-02 08:04:42,3.857417959906223
2025-01-02 08:04:43,4.708735002814392
2025-01-02 08:04:44,4.875764039095327
2025-01-02 08:04:45,4.917243446466486
2025-01-02 08:04:46,4.483783163925985
2025-01-02 08:04:47,4.250842484908997
2025-01-02 08:04:48,4.278064088034454
2025-01-02 08:04:49,4.846384036897337
2025-01-02 08:04:50,3.8754872687097146
2025-01-02 08:04:51,4.683838750416378
2025-01-02 08:04:52,4.275947565936246
2025-01-02 08:04:53,4.2803210700790695
2025-01-02 08:04:54,4.929084623234021
2025-01-02 08:04:55,3.9807496894085346
2025-01-02 08:04:56,4.7155788462609145
2025-01-02 08:04:57,4.686944885337586
2025-01-02 08:04:58,4.977017821899965
2025-01-02 08:04:59,4.652037061352696
2025-01-02 08:05:00,4.638741306903801
2025-01-02 08:05:01,4.688865991246803
2025-01-02 08:05:02,4.165232306129073
2025-01-02 08:05:03,4.445630333465239
2025-01-02 08:05:04,4.4228031249448545
2025-01-02 08:05:05,4.825115945023606
2025-01-02 08:05:06,4.7566658631656065
2025-01-02 08:05:07,4.552165774482169
2025-01-02 08:05:08,4.663920644435561
2025-01-02 08:05:09,4.705390461996473
2025-01-02 08:05:10,4.118402271416852
2025-01-02 08:05:11,4.750707059973855
2025-01-02 08:05:12,4.32873204130502
2025-01-02 08:05:13,4.980890400805036
2025-01-02 08:05:14,5.037626480628923
2025-01-02 08:05:15,4.8664762625411955
2025-01-02 08:05:16,4.248934124416386
2025-01-02 08:05:17,4.464619760182871
2025-01-02 08:05:18,4.247631680202412
2025-01-02 08:05:19,4.019917575619788
2025-01-02 08:05:20,4.796281428126401
2025-01-02 08:05:21,5.159086523520676
2025-01-02 08:05:22,4.640719801090794
2025-01-02 08:05:23,4.891254275856631
2025-01-02 08:05:24,4.760842164360869
2025-01-02 08:05:25,4.32936884793891
2025-01-02 08:05:26,4.6628455440095395
2025-01-02 08:05:27,4.979239254574717
2025-01-02 08:05:28,4.645850700845644
2025-01-02 08:05:29,4.626240049487954
2025-01-02 08:05:30,4.833507516295971
2025-01-02 08:05:31,4.929530571632678
2025-01-02 08:05:32,4.8413180008200225
2025-01-02 08:05:33,
2025-01-02 08:05:34,5.1169986011191755
2025-01-02 08:05:35,4.604845028180559
2025-01-02 08:05:36,4.532752132058744
2025-01-02 08:05:37,4.393821586612734
2025-01-02 08:05:38,4.459058057336667
2025-01-02 08:05:39,4.269467046938409
2025-01-02 08:05:40,4.19900236202356
2025-01-02 08:05:41,4.102483477737954
2025-01-02 08:05:42,4.867570728898299
2025-01-02 08:05:43,4.851134507766078
2025-01-02 08:05:44,4.814060759132716
2025-01-02 08:05:45,4.368594052041606
2025-01-02 08:05:46,4.296494379742021
2025-01-02 08:05:47,4.567793126230139
2025-01-02 08:05:48,4.910854768921629
2025-01-02 08:05:49,4.772554867367086
2025-01-02 08:05:50,4.289037022051519
2025-01-02 08:05:51,4.71714913411992
2025-01-02 08:05:52,4.506340107019341
2025-01-02 08:05:53,5.189103530466905
2025-01-02 08:05:54,4.7879317985525
2025-01-02 08:05:55,4.4188263739385505
2025-01-02 08:05:56,4.696608940434423
2025-01-02 08:05:57,4.905758981989368
2025-01-02 08:05:58,4.417439525957949
2025-01-02 08:05:59,4.864973239916492
2025-01-02 08:06:00,4.835832786197164
2025-01-02 08:06:01,4.364558452374275
2025-01-02 08:06:02,4.515776499186276
2025-01-02 08:06:03,4.171268349277814
2025-01-02 08:06:04,4.223010596501965
2025-01-02 08:06:05,4.624430587707375
2025-01-02 08:06:06,4.733063611516636
2025-01-02 08:06:07,4.448558032406424
2025-01-02 08:06:08,4.51822144141413
2025-01-02 08:06:09,4.660114856704294
2025-01-02 08:06:10,4.313291930549699
2025-01-02 08:06:11,4.283387069848003
2025-01-02 08:06:12,4.8745784353664074
2025-01-02 08:06:13,4.283711986811323
2025-01-02 08:06:14,4.823091596319246
2025-01-02 08:06:15,4.828604094280003
2025-01-02 08:06:16,4.16106286580788
2025-01-02 08:06:17,4.7383972630136295
2025-01-02 08:06:18,4.469926377478714
2025-01-02 08:06:19,4.04172047221315
2025-01-02 08:06:20,4.576165728073639
2025-01-02 08:06:21,4.7873864184914465
2025-01-02 08:06:22,4.104736491327902
2025-01-02 08:06:23,4.447386825385578
2025-01-02 08:06:24,4.508815882540161
2025-01-02 08:06:25,4.300518232420217
2025-01-02 08:06:26,4.229944015893394
2025-01-02 08:06:27,4.445078908457259
2025-01-02 08:06:28,4.531583872679773
2025-01-02 08:06:29,4.338970844914654
2025-01-02 08:06:30,4.368853672543945
2025-01-02 08:06:31,5.042158321281852
2025-01-02 08:06:32,4.905389599483396
2025-01-02 08:06:33,4.371854847351059
2025-01-02 08:06:34,4.578219835829232
2025-01-02 08:06:35,4.568174440744488
2025-01-02 08:06:36,4.897953371289913
2025-01-02 08:06:37,4.936097767692312
2025-01-02 08:06:38,4.34616434846519
2025-01-02 08:06:39,
2025-01-02 08:06:40,5.023941621079108
2025-01-02 08:06:41,4.99866070668261
2025-01-02 08:06:42,3.8761003544376385
2025-01-02 08:06:43,4.244330460182791
2025-01-02 08:06:44,4.582646776928947
2025-01-02 08:06:45,
2025-01-02 08:06:46,4.89297724621821
2025-01-02 08:06:47,4.918325872195024
2025-01-02 08:06:48,4.49452742601306
2025-01-02 08:06:49,5.090618252355875
2025-01-02 08:06:50,4.293861572512193
2025-01-02 08:06:51,4.79161219291115
2025-01-02 08:06:52,4.681888264860298
2025-01-02 08:06:53,4.596740972947044
2025-01-02 08:06:54,4.405132996640232
2025-01-02 08:06:55,4.514743016629814
2025-01-02 08:06:56,4.549388899676135
2025-01-02 08:06:57,4.907876818370715
2025-01-02 08:06:58,4.845580751797058
2025-01-02 08:06:59,4.800848788982
2025-01-02 08:07:00,4.517865006865989
2025-01-02 08:07:01,4.215700016990355
2025-01-02 08:07:02,4.941004209323207
2025-01-02 08:07:03,4.339598949119232
2025-01-02 08:07:04,4.543119055950755
2025-01-02 08:07:05,
2025-01-02 08:07:06,4.526832530899966
2025-01-02 08:07:07,4.2704076631029615
2025-01-02 08:07:08,5.157446221332499
2025-01-02 08:07:09,4.471732671260864
2025-01-02 08:07:10,4.532094169842679
2025-01-02 08:07:11,3.998917280121021
2025-01-02 08:07:12,4.574628419896051
2025-01-02 08:07:13,4.6346141491630215
2025-01-02 08:07:14,4.24215353734643
2025-01-02 08:07:15,4.313092708184817
2025-01-02 08:07:16,4.377573811758053
2025-01-02 08:07:17,4.490859483840918
2025-01-02 08:07:18,4.467600249746131
2025-01-02 08:07:19,5.1982394175163416
2025-01-02 08:07:20,4.143325212117902
2025-01-02 08:07:21,4.341915185386122
2025-01-02 08:07:22,4.4451495910098675
2025-01-02 08:07:23,4.067005473832069
2025-01-02 08:07:24,4.529343252031426
2025-01-02 08:07:25,4.402525023450939
2025-01-02 08:07:26,4.344817443305305
2025-01-02 08:07:27,4.920610477666311
2025-01-02 08:07:28,4.276586820122204
2025-01-02 08:07:29,
2025-01-02 08:07:30,4.1608478613955775
2025-01-02 08:07:31,4.638143624390204
2025-01-02 08:07:32,4.655698770490201
2025-01-02 08:07:33,4.434652611722027
2025-01-02 08:07:34,5.002210093105609
2025-01-02 08:07:35,4.754327276192623
2025-01-02 08:07:36,4.668239627765366
2025-01-02 08:07:37,3.747229300655504
2025-01-02 08:07:38,4.487829159168742
2025-01-02 08:07:39,4.938743173338374
2025-01-02 08:07:40,4.816023774176484
2025-01-02 08:07:41,4.770464710202608
2025-01-02 08:07:42,4.026831765705549
2025-01-02 08:07:43,4.171400167465896
2025-01-02 08:07:44,4.6619675923109
2025-01-02 08:07:45,4.292529418180185
2025-01-02 08:07:46,4.3903230824544215
2025-01-02 08:07:47,4.444353844333487
2025-01-02 08:07:48,4.530369524626022
2025-01-02 08:07:49,4.568209087917509
2025-01-02 08:07:50,4.3716971107544715
2025-01-02 08:07:51,4.4218679691391
2025-01-02 08:07:52,4.568685738225198
2025-01-02 08:07:53,4.291591381451994
2025-01-02 08:07:54,4.780106552597226
2025-01-02 08:07:55,4.74055890910458
2025-01-02 08:07:56,4.39248371762463
2025-01-02 08:07:57,4.6873732343874615
2025-01-02 08:07:58,5.1902454616499085
2025-01-02 08:07:59,4.501085047362137
2025-01-02 08:08:00,4.304317688941026
2025-01-02 08:08:01,5.004349567058759
2025-01-02 08:08:02,4.475624882740071
2025-01-02 08:08:03,3.9907183234256145
2025-01-02 08:08:04,4.881640004177185
2025-01-02 08:08:05,4.660674985791612
2025-01-02 08:08:06,4.241432102093794
2025-01-02 08:08:07,4.4898128569929945
2025-01-02 08:08:08,4.331033931613534
2025-01-02 08:08:09,4.497169328355094
2025-01-02 08:08:10,4.773091174001551
2025-01-02 08:08:11,4.510591437799002
2025-01-02 08:08:12,5.086893161038325
2025-01-02 08:08:13,4.189191380799589
2025-01-02 08:08:14,4.887355624379068
2025-01-02 08:08:15,4.457663743717793
2025-01-02 08:08:16,4.569919893188712
2025-01-02 08:08:17,4.617082976772708
2025-01-02 08:08:18,4.237292283562569
2025-01-02 08:08:19,4.634318255334661
2025-01-02 08:08:20,4.654748581606189
2025-01-02 08:08:21,4.507490237578646
2025-01-02 08:08:22,4.665502527582515
2025-01-02 08:08:23,4.479579124586365
2025-01-02 08:08:24,4.187548093415329
2025-01-02 08:08:25,4.29558023565186
2025-01-02 08:08:26,4.541147333403719
2025-01-02 08:08:27,4.637493008292556
2025-01-02 08:08:28,4.113669545419387
2025-01-02 08:08:29,4.60352478048192
2025-01-02 08:08:30,4.207475380412475
2025-01-02 08:08:31,4.597957041421612
2025-01-02 08:08:32,4.653824591812914
2025-01-02 08:08:33,4.963947279816278
2025-01-02 08:08:34,5.33265704435024
2025-01-02 08:08:35,4.646358965674699
2025-01-02 08:08:36,4.863473528344394
2025-01-02 08:08:37,5.095863880231727
2025-01-02 08:08:38,4.768265253703813
2025-01-02 08:08:39,4.345841605098227
2025-01-02 08:08:40,5.018126108308415
2025-01-02 08:08:41,4.494003100508999
2025-01-02 08:08:42,5.222810804711805
2025-01-02 08:08:43,4.890497071945149
2025-01-02 08:08:44,4.370188467227256
2025-01-02 08:08:45,4.441631536190593
2025-01-02 08:08:46,4.496415200938452
2025-01-02 08:08:47,4.829608169589695
2025-01-02 08:08:48,4.588430135704325
2025-01-02 08:08:49,4.8454784798872605
2025-01-02 08:08:50,4.72006248406548
2025-01-02 08:08:51,4.741472934501061
2025-01-02 08:08:52,
2025-01-02 08:08:53,4.904007440644899
2025-01-02 08:08:54,4.596875268199722
2025-01-02 08:08:55,4.58922712500698
2025-01-02 08:08:56,4.716879744757878
2025-01-02 08:08:57,4.377324048322988
2025-01-02 08:08:58,4.495599066287783
2025-01-02 08:08:59,4.33965691983049
2025-01-02 08:09:00,4.481252998387867
2025-01-02 08:09:01,4.137543352171225
2025-01-02 08:09:02,4.638682192506415
2025-01-02 08:09:03,5.133762827995667
2025-01-02 08:09:04,4.755767683443335
2025-01-02 08:09:05,4.302662929792211
2025-01-02 08:09:06,
2025-01-02 08:09:07,5.006239766009874
2025-01-02 08:09:08,4.275257912791307
2025-01-02 08:09:09,5.026478813414176
2025-01-02 08:09:10,4.728506411371783
2025-01-02 08:09:11,4.58709210575978
2025-01-02 08:09:12,4.609919265271703
2025-01-02 08:09:13,4.03000678357238
2025-01-02 08:09:14,5.2484028777944784
2025-01-02 08:09:15,4.290835849024306
2025-01-02 08:09:16,4.357375807180644
2025-01-02 08:09:17,4.819286405296238
2025-01-02 08:09:18,4.065791923892558
2025-01-02 08:09:19,4.029549365106564
2025-01-02 08:09:20,4.472852743397548
2025-01-02 08:09:21,4.508625155864039
2025-01-02 08:09:22,4.964263739558632
2025-01-02 08:09:23,4.363015753864417
2025-01-02 08:09:24,4.411104539676156
2025-01-02 08:09:25,4.103222262441061
2025-01-02 08:09:26,4.5742701467450715
2025-01-02 08:09:27,4.475899662188808
2025-01-02 08:09:28,4.526927928862242
2025-01-02 08:09:29,4.416287104138407
2025-01-02 08:09:30,4.486885067050189
2025-01-02 08:09:31,4.767591563727332
2025-01-02 08:09:32,4.218579288693329
2025-01-02 08:09:33,4.501816107220732
2025-01-02 08:09:34,4.056196038990058
2025-01-02 08:09:35,4.598404485357817
2025-01-02 08:09:36,4.286504562870285
2025-01-02 08:09:37,4.416036353403624
2025-01-02 08:09:38,4.675316482297011
2025-01-02 08:09:39,4.531388075436392
2025-01-02 08:09:40,4.703047890964975
2025-01-02 08:09:41,4.1439533795892824
2025-01-02 08:09:42,5.054413390280362
2025-01-02 08:09:43,4.555885804321139
2025-01-02 08:09:44,4.603348629569402
2025-01-02 08:09:45,4.342950334833102
2025-01-02 08:09:46,4.240597322632491
2025-01-02 08:09:47,4.8344999639599004
2025-01-02 08:09:48,4.547899963777588
2025-01-02 08:09:49,4.096644070857181
2025-01-02 08:09:50,4.401650319908854
2025-01-02 08:09:51,4.3591262183723725
2025-01-02 08:09:52,4.570118610016292
2025-01-02 08:09:53,4.30308986344951
2025-01-02 08:09:54,5.208700858918234
2025-01-02 08:09:55,4.678173493900672
2025-01-02 08:09:56,4.480102847268315
2025-01-02 08:09:57,4.464507272694437
2025-01-02 08:09:58,4.0246424010304676
2025-01-02 08:09:59,4.560572033097676
2025-01-02 08:10:00,4.082660197825465
2025-01-02 08:10:01,4.571982855238682
2025-01-02 08:10:02,4.6339446365336405
2025-01-02 08:10:03,
2025-01-02 08:10:04,4.328164785358146
2025-01-02 08:10:05,4.212944503343059
2025-01-02 08:10:06,4.454551064034738
2025-01-02 08:10:07,4.4568402934797104
2025-01-02 08:10:08,4.049051171715631
2025-01-02 08:10:09,4.198580721936546
2025-01-02 08:10:10,4.295205337984532
2025-01-02 08:10:11,3.9125366197880966
2025-01-02 08:10:12,4.474148988180133
2025-01-02 08:10:13,4.441670842048577
2025-01-02 08:10:14,4.166649198940428
2025-01-02 08:10:15,4.376448882816484
2025-01-02 08:10:16,3.9837765987502385
2025-01-02 08:10:17,3.8718595600630437
2025-01-02 08:10:18,4.405039591829539
2025-01-02 08:10:19,4.710543069401458
2025-01-02 08:10:20,4.797576678152021
2025-01-02 08:10:21,4.274290351293974
2025-01-02 08:10:22,4.632262107350654
2025-01-02 08:10:23,3.955436407249924
2025-01-02 08:10:24,3.9296733085965894
2025-01-02 08:10:25,4.53040843471571
2025-01-02 08:10:26,4.6452878879107224
2025-01-02 08:10:27,4.640299673790492
2025-01-02 08:10:28,4.6920738582197234
2025-01-02 08:10:29,4.40902596449802
2025-01-02 08:10:30,4.262896920373893
2025-01-02 08:10:31,4.45919074760289
2025-01-02 08:10:32,
2025-01-02 08:10:33,4.641018600467993
2025-01-02 08:10:34,4.50391224052423
2025-01-02 08:10:35,4.35444049565224
2025-01-02 08:10:36,3.7963846215551116
2025-01-02 08:10:37,3.902371231842055
2025-01-02 08:10:38,4.41673144614537
2025-01-02 08:10:39,4.050950296649773
2025-01-02 08:10:40,4.204956806663402
2025-01-02 08:10:41,4.621815520993916
2025-01-02 08:10:42,4.7402808161526915
2025-01-02 08:10:43,4.063689728648102
2025-01-02 08:10:44,4.155984643216872
2025-01-02 08:10:45,4.257233800368393
2025-01-02 08:10:46,4.633688140407396
2025-01-02 08:10:47,4.3537025016722035
2025-01-02 08:10:48,3.8771382250535447
2025-01-02 08:10:49,4.578501747485152
2025-01-02 08:10:50,4.51330747456427
2025-01-02 08:10:51,
2025-01-02 08:10:52,4.840734770885106
2025-01-02 08:10:53,4.4622854598788395
2025-01-02 08:10:54,4.698360015154504
2025-01-02 08:10:55,4.510308578780847
2025-01-02 08:10:56,4.553927604518018
2025-01-02 08:10:57,
2025-01-02 08:10:58,4.385455987039682
2025-01-02 08:10:59,4.439769768561078
2025-01-02 08:11:00,4.499428800308642
2025-01-02 08:11:01,4.759093740632526
2025-01-02 08:11:02,4.670200079360386
2025-01-02 08:11:03,4.52663981977582
2025-01-02 08:11:04,5.034979167813132
2025-01-02 08:11:05,3.9056384733482847
2025-01-02 08:11:06,4.633676839742387
2025-01-02 08:11:07,4.189330356322879
2025-01-02 08:11:08,4.479981542096998
2025-01-02 08:11:09,4.816411117272054
2025-01-02 08:11:10,4.445857453527535
2025-01-02 08:11:11,4.600539301426425
2025-01-02 08:11:12,4.5086361356426305
2025-01-02 08:11:13,4.627545676088266
2025-01-02 08:11:14,4.686314806382731
2025-01-02 08:11:15,4.331615219757278
2025-01-02 08:11:16,4.274756690038095
2025-01-02 08:11:17,4.30438533433189
2025-01-02 08:11:18,4.388873342651029
2025-01-02 08:11:19,4.371951081107737
2025-01-02 08:11:20,4.319858330486507
2025-01-02 08:11:21,4.371203281610824
2025-01-02 08:11:22,4.125362227173373
2025-01-02 08:11:23,4.971969693746355
2025-01-02 08:11:24,4.6017771515793084
2025-01-02 08:11:25,4.214559371682644
2025-01-02 08:11:26,4.6989722392074045
2025-01-02 08:11:27,4.781251616672795
2025-01-02 08:11:28,4.535962482556475
2025-01-02 08:11:29,4.003054409979774
2025-01-02 08:11:30,4.8092795742132965
2025-01-02 08:11:31,4.672545409104455
2025-01-02 08:11:32,4.496311479551538
2025-01-02 08:11:33,4.264139274700663
2025-01-02 08:11:34,4.611529192586959
2025-01-02 08:11:35,4.303147205011006
2025-01-02 08:11:36,4.008768408561372
2025-01-02 08:11:37,4.279307647469025
2025-01-02 08:11:38,4.388599229463871
2025-01-02 08:11:39,4.104156752565507
2025-01-02 08:11:40,3.928103927828708
2025-01-02 08:11:41,4.656297003564873
2025-01-02 08:11:42,4.45775589642709
2025-01-02 08:11:43,3.867787928085487
2025-01-02 08:11:44,4.5493235048437315
2025-01-02 08:11:45,5.274384849360505
2025-01-02 08:11:46,4.164826589496166
2025-01-02 08:11:47,4.272227638223322
2025-01-02 08:11:48,4.498721145840833
2025-01-02 08:11:49,4.687657278467307
2025-01-02 08:11:50,3.760264676783728
2025-01-02 08:11:51,4.5511055444806825
2025-01-02 08:11:52,4.796576746524495
2025-01-02 08:11:53,4.837084595782247
2025-01-02 08:11:54,3.980102235126993
2025-01-02 08:11:55,4.496803365939161
2025-01-02 08:11:56,4.598799726975558
2025-01-02 08:11:57,4.497451281193378
2025-01-02 08:11:58,4.28188787712146
2025-01-02 08:11:59,4.717719922509275
2025-01-02 08:12:00,4.8328340473667675
2025-01-02 08:12:01,4.757273992771966
2025-01-02 08:12:02,3.997070492970674
2025-01-02 08:12:03,4.467521506855609
2025-01-02 08:12:04,4.625221147078272
2025-01-02 08:12:05,4.408069050859804
2025-01-02 08:12:06,3.787855199550565
2025-01-02 08:12:07,4.193240970961012
2025-01-02 08:12:08,4.243535987547954
2025-01-02 08:12:09,3.8937085184777436
2025-01-02 08:12:10,4.823130458639042
2025-01-02 08:12:11,4.752314626251639
2025-01-02 08:12:12,4.716968243209345
2025-01-02 08:12:13,5.125657171853972
2025-01-02 08:12:14,4.609719550034647
2025-01-02 08:12:15,4.402490013906593
2025-01-02 08:12:16,4.9232528462070615
2025-01-02 08:12:17,4.561799585189641
2025-01-02 08:12:18,4.384909912441214
2025-01-02 08:12:19,5.087576380028498
2025-01-02 08:12:20,4.481154049469242
2025-01-02 08:12:21,4.857517771969355
2025-01-02 08:12:22,4.329269001719845
2025-01-02 08:12:23,4.169677332191076
2025-01-02 08:12:24,4.543501958138236
2025-01-02 08:12:25,4.39882394804427
2025-01-02 08:12:26,4.176538348736157
2025-01-02 08:12:27,3.8408496285380154
2025-01-02 08:12:28,4.53898317022976
2025-01-02 08:12:29,4.849929957282537
2025-01-02 08:12:30,4.605884491537791
2025-01-02 08:12:31,4.081054092228013
2025-01-02 08:12:32,4.448326365653742
2025-01-02 08:12:33,4.510839428405878
2025-01-02 08:12:34,4.167524820350923
2025-01-02 08:12:35,4.293786118313023
2025-01-02 08:12:36,4.566302705722347
2025-01-02 08:12:37,4.365685709214484
2025-01-02 08:12:38,4.054874884439456
2025-01-02 08:12:39,4.4477707213815405
2025-01-02 08:12:40,4.534472780832134
2025-01-02 08:12:41,
2025-01-02 08:12:42,4.382111173952691
2025-01-02 08:12:43,4.957946093395055
2025-01-02 08:12:44,4.7192833237962555
2025-01-02 08:12:45,3.9992521747300596
2025-01-02 08:12:46,4.422387278138117
2025-01-02 08:12:47,4.330849528714826
2025-01-02 08:12:48,4.641379437604333
2025-01-02 08:12:49,4.486117103285342
2025-01-02 08:12:50,4.145836991557112
2025-01-02 08:12:51,4.530622853071299
2025-01-02 08:12:52,4.2641148791391705
2025-01-02 08:12:53,4.800654756939415
2025-01-02 08:12:54,4.108511900734409
2025-01-02 08:12:55,4.554421404592703
2025-01-02 08:12:56,4.482653436445906
2025-01-02 08:12:57,4.369920815340119
2025-01-02 08:12:58,4.616467967194559
2025-01-02 08:12:59,4.121573882186475
2025-01-02 08:13:00,5.277677944377972
2025-01-02 08:13:01,4.667863198963926
2025-01-02 08:13:02,4.3053681718052506
2025-01-02 08:13:03,4.382136953129945
2025-01-02 08:13:04,4.432695896138036
2025-01-02 08:13:05,4.621373514985077
2025-01-02 08:13:06,4.713642646550392
2025-01-02 08:13:07,4.72543569778027
2025-01-02 08:13:08,4.169365648656158
2025-01-02 08:13:09,
2025-01-02 08:13:10,4.707395273669662
2025-01-02 08:13:11,4.202778820874573
2025-01-02 08:13:12,4.4044136593315235
2025-01-02 08:13:13,4.724041035929182
2025-01-02 08:13:14,4.287554063784729
2025-01-02 08:13:15,4.420973261252554
2025-01-02 08:13:16,4.441222439580863
2025-01-02 08:13:17,4.4301055804280605
2025-01-02 08:13:18,3.9713930371170547
2025-01-02 08:13:19,4.59230339591143
2025-01-02 08:13:20,5.02717603517806
2025-01-02 08:13:21,3.9791627011926076
2025-01-02 08:13:22,4.396990495537671
2025-01-02 08:13:23,3.6724442981246055
2025-01-02 08:13:24,4.224539708532095
2025-01-02 08:13:25,4.754049940489276
2025-01-02 08:13:26,4.312793291759561
2025-01-02 08:13:27,4.620940251936585
2025-01-02 08:13:28,4.798677371572037
2025-01-02 08:13:29,
2025-01-02 08:13:30,4.775493700930477
2025-01-02 08:13:31,4.9148871244388195
2025-01-02 08:13:32,4.656072281360237
2025-01-02 08:13:33,3.9153685913068124
2025-01-02 08:13:34,4.423784653702646
2025-01-02 08:13:35,4.448334600558384
2025-01-02 08:13:36,4.2792565296988645
2025-01-02 08:13:37,4.673035746515054
2025-01-02 08:13:38,3.966998872271306
2025-01-02 08:13:39,4.0016226135818105
2025-01-02 08:13:40,4.435989204178582
2025-01-02 08:13:41,4.714882440710337
2025-01-02 08:13:42,4.598636893711236
2025-01-02 08:13:43,4.01492567640874
2025-01-02 08:13:44,4.454461441167198
2025-01-02 08:13:45,4.507133183095445
2025-01-02 08:13:46,5.0098629715183165
2025-01-02 08:13:47,4.532570404302455
2025-01-02 08:13:48,4.595349404894281
2025-01-02 08:13:49,4.0014980117884456
2025-01-02 08:13:50,4.12688733149489
2025-01-02 08:13:51,4.126481036934714
2025-01-02 08:13:52,4.5977137037452565
2025-01-02 08:13:53,3.3832629326923036
2025-01-02 08:13:54,4.870145094478168
2025-01-02 08:13:55,
2025-01-02 08:13:56,4.658029989904973
2025-01-02 08:13:57,4.301416349033873
2025-01-02 08:13:58,4.145883400099408
2025-01-02 08:13:59,3.7851479835772723
2025-01-02 08:14:00,4.594165734221831
2025-01-02 08:14:01,4.4237372983868894
2025-01-02 08:14:02,4.947467953398409
2025-01-02 08:14:03,4.22220933061492
2025-01-02 08:14:04,4.339246383622897
2025-01-02 08:14:05,4.2716927689855035
2025-01-02 08:14:06,4.719693920484912
2025-01-02 08:14:07,4.1560883922095915
2025-01-02 08:14:08,4.444509565612937
2025-01-02 08:14:09,3.925906577428029
2025-01-02 08:14:10,4.661357344317071
2025-01-02 08:14:11,4.461107517168844
2025-01-02 08:14:12,4.3915215869601045
2025-01-02 08:14:13,4.039607872882145
2025-01-02 08:14:14,4.189375073931612
2025-01-02 08:14:15,4.707317252480945
2025-01-02 08:14:16,4.190598620845375
2025-01-02 08:14:17,4.647134685532224
2025-01-02 08:14:18,3.9803262357541094
2025-01-02 08:14:19,4.768918780047327
2025-01-02 08:14:20,4.217613030370325
2025-01-02 08:14:21,4.620699047681391
2025-01-02 08:14:22,4.8216532455378704
2025-01-02 08:14:23,3.8407642303843335
2025-01-02 08:14:24,4.2095316235745415
2025-01-02 08:14:25,4.3959480975932745
2025-01-02 08:14:26,4.617222557366051
2025-01-02 08:14:27,3.911973364579499
2025-01-02 08:14:28,4.007433064820152
2025-01-02 08:14:29,3.913167285917737
2025-01-02 08:14:30,3.7164829521445273
2025-01-02 08:14:31,4.195987314182482
2025-01-02 08:14:32,4.636175214945359
2025-01-02 08:14:33,4.810862047208841
2025-01-02 08:14:34,4.501806391896496
2025-01-02 08:14:35,4.8595668571222115
2025-01-02 08:14:36,4.617658926379906
2025-01-02 08:14:37,4.859762867125817
2025-01-02 08:14:38,4.671679806137954
2025-01-02 08:14:39,4.112860271791194
2025-01-02 08:14:40,4.956036333863433
2025-01-02 08:14:41,4.554135553717307
2025-01-02 08:14:42,4.374572607259148
2025-01-02 08:14:43,3.6150823128301175
2025-01-02 08:14:44,4.24214621720227
2025-01-02 08:14:45,4.7185464010757645
2025-01-02 08:14:46,4.280814760933941
2025-01-02 08:14:47,4.610919247724803
2025-01-02 08:14:48,4.025526863641241
2025-01-02 08:14:49,4.318304628348364
2025-01-02 08:14:50,3.9850143644036584
2025-01-02 08:14:51,4.333364186460907
2025-01-02 08:14:52,4.473374870858471
2025-01-02 08:14:53,4.170472706704608
2025-01-02 08:14:54,
2025-01-02 08:14:55,4.2515925520697335
2025-01-02 08:14:56,4.728235807123583
2025-01-02 08:14:57,4.281074527764689
2025-01-02 08:14:58,4.3273320312747074
2025-01-02 08:14:59,4.060258434545571
2025-01-02 08:15:00,4.667133371232508
2025-01-02 08:15:01,4.551836525315939
2025-01-02 08:15:02,4.185011632583848
2025-01-02 08:15:03,4.141970337169532
2025-01-02 08:15:04,4.8422078562248405
2025-01-02 08:15:05,3.8512710478882415
2025-01-02 08:15:06,
2025-01-02 08:15:07,4.58604479796465
2025-01-02 08:15:08,3.9811593728392185
2025-01-02 08:15:09,4.153195185567223
2025-01-02 08:15:10,4.471844063100407
2025-01-02 08:15:11,4.4643987479857214
2025-01-02 08:15:12,4.568042204666074
2025-01-02 08:15:13,4.738470493371186
2025-01-02 08:15:14,4.40670922613533
2025-01-02 08:15:15,4.226789407536064
2025-01-02 08:15:16,4.2739004886564205
2025-01-02 08:15:17,4.1799142955112885
2025-01-02 08:15:18,4.0929650793429735
2025-01-02 08:15:19,4.337713005174412
2025-01-02 08:15:20,4.362807757276307
2025-01-02 08:15:21,4.077547881041262
2025-01-02 08:15:22,4.2213400726254475
2025-01-02 08:15:23,4.076670311470906
2025-01-02 08:15:24,4.6341037446796625
2025-01-02 08:15:25,4.768678326827798
2025-01-02 08:15:26,4.234201497794003
2025-01-02 08:15:27,4.774108682252798
2025-01-02 08:15:28,4.011743434104272
2025-01-02 08:15:29,4.172092559369929
2025-01-02 08:15:30,4.362794578720312
2025-01-02 08:15:31,4.9364890087636795
2025-01-02 08:15:32,3.747582907334552
2025-01-02 08:15:33,4.226345796910358
2025-01-02 08:15:34,3.6270590246540544
2025-01-02 08:15:35,4.334257125449139
2025-01-02 08:15:36,4.667440898653369
2025-01-02 08:15:37,4.067298069912597
2025-01-02 08:15:38,5.219835958422574
2025-01-02 08:15:39,3.923851576424261
2025-01-02 08:15:40,4.502936295545588
2025-01-02 08:15:41,4.46063341035954
2025-01-02 08:15:42,4.815341773844365
2025-01-02 08:15:43,4.483252428232009
2025-01-02 08:15:44,4.344914835248224
2025-01-02 08:15:45,4.388434956297852
2025-01-02 08:15:46,3.907752941285606
2025-01-02 08:15:47,4.685213680507219
2025-01-02 08:15:48,4.607310128122478
2025-01-02 08:15:49,4.514573859983728
2025-01-02 08:15:50,4.366563664077305
2025-01-02 08:15:51,4.087823058190046
2025-01-02 08:15:52,4.848983594764293
2025-01-02 08:15:53,4.358803502957585
2025-01-02 08:15:54,3.975833007785069
2025-01-02 08:15:55,4.455010136117892
2025-01-02 08:15:56,4.468604116689427
2025-01-02 08:15:57,4.798496359768407
2025-01-02 08:15:58,4.374260876386576
2025-01-02 08:15:59,4.6766243378455
2025-01-02 08:16:00,4.799733648541221
2025-01-02 08:16:01,4.196741471252136
2025-01-02 08:16:02,4.062689096488906
2025-01-02 08:16:03,4.507004635762866
2025-01-02 08:16:04,4.1073196494815605
2025-01-02 08:16:05,4.6489030277617065
2025-01-02 08:16:06,4.133905026755816
2025-01-02 08:16:07,4.53638762997402
2025-01-02 08:16:08,4.081886895299196
2025-01-02 08:16:09,4.392742241414002
2025-01-02 08:16:10,4.035345349513395
2025-01-02 08:16:11,
2025-01-02 08:16:12,4.176834844730329
2025-01-02 08:16:13,4.159840568796428
2025-01-02 08:16:14,4.326628414141292
2025-01-02 08:16:15,4.773063828155215
2025-01-02 08:16:16,4.724270669064772
2025-01-02 08:16:17,4.514526453751934
2025-01-02 08:16:18,4.17304950503788
2025-01-02 08:16:19,4.291404114873281
2025-01-02 08:16:20,4.931768278845202
2025-01-02 08:16:21,4.386211195160979
2025-01-02 08:16:22,3.8834772006881937
2025-01-02 08:16:23,4.24721314310312
2025-01-02 08:16:24,4.293893917976515
2025-01-02 08:16:25,4.877981904469366
2025-01-02 08:16:26,4.609995033406169
2025-01-02 08:16:27,4.5889907587507315
2025-01-02 08:16:28,4.869210667183734
2025-01-02 08:16:29,5.002308618761339
2025-01-02 08:16:30,4.508420468213155
2025-01-02 08:16:31,4.6026581588787305
2025-01-02 08:16:32,4.403941451367829
2025-01-02 08:16:33,3.530453707631957
2025-01-02 08:16:34,4.774248334094306
2025-01-02 08:16:35,3.986725361242408
2025-01-02 08:16:36,3.971006422787591
2025-01-02 08:16:37,4.474449452934215
2025-01-02 08:16:38,4.771191825645762
2025-01-02 08:16:39,4.301592009374017
2025-01-02 08:16:40,4.433520815614195
2025-01-02 08:16:41,4.349306351987495
2025-01-02 08:16:42,4.253949255324301
2025-01-02 08:16:43,4.035038504430967
2025-01-02 08:16:44,4.139854324492373
2025-01-02 08:16:45,4.726145403454052
2025-01-02 08:16:46,4.231515374057835
2025-01-02 08:16:47,4.274779546993745
2025-01-02 08:16:48,3.976166446927578
2025-01-02 08:16:49,4.201016234787579
2025-01-02 08:16:50,4.08144084880494
2025-01-02 08:16:51,4.490338226369622
2025-01-02 08:16:52,4.133291015602819
2025-01-02 08:16:53,4.704812551267881
2025-01-02 08:16:54,4.462263214659798
2025-01-02 08:16:55,4.8144270638974405
2025-01-02 08:16:56,4.857797440855803
2025-01-02 08:16:57,4.246745712228341
2025-01-02 08:16:58,4.7235123719407
2025-01-02 08:16:59,4.5166844557176535
2025-01-02 08:17:00,4.832190337618386
2025-01-02 08:17:01,3.659933979850271
2025-01-02 08:17:02,4.632105348052266
2025-01-02 08:17:03,3.4889896800259272
2025-01-02 08:17:04,4.72850552182034
2025-01-02 08:17:05,
2025-01-02 08:17:06,4.128522183439429
2025-01-02 08:17:07,4.732122872486778
2025-01-02 08:17:08,4.213958524088729
2025-01-02 08:17:09,4.4840158056234545
2025-01-02 08:17:10,4.147022780335857
2025-01-02 08:17:11,4.209446175358868
2025-01-02 08:17:12,3.7073019332397865
2025-01-02 08:17:13,4.228050894080907
2025-01-02 08:17:14,4.086932725231462
2025-01-02 08:17:15,4.4490670117106585
2025-01-02 08:17:16,4.836693633434479
2025-01-02 08:17:17,4.8240911693853095
2025-01-02 08:17:18,4.641889744598957
2025-01-02 08:17:19,3.8362401245435875
2025-01-02 08:17:20,4.064074306793996
2025-01-02 08:17:21,4.0354096851955275
2025-01-02 08:17:22,4.51273417494183
2025-01-02 08:17:23,4.362888771005232
2025-01-02 08:17:24,3.9090708705322603
2025-01-02 08:17:25,4.3049461073533175
2025-01-02 08:17:26,3.68142341309105
2025-01-02 08:17:27,4.448336181229271
2025-01-02 08:17:28,4.438149352438152
2025-01-02 08:17:29,4.404139127254109
2025-01-02 08:17:30,4.4215419355333
2025-01-02 08:17:31,4.131519898776973
2025-01-02 08:17:32,3.85944478523607
2025-01-02 08:17:33,4.916649659101401
2025-01-02 08:17:34,4.147865150627191
2025-01-02 08:17:35,4.215565822024633
2025-01-02 08:17:36,4.518616311396197
2025-01-02 08:17:37,3.9785398636227436
2025-01-02 08:17:38,3.9801591816914277
2025-01-02 08:17:39,4.01195990344232
2025-01-02 08:17:40,3.6876889891109745
2025-01-02 08:17:41,4.422181133999715
2025-01-02 08:17:42,4.1733147371789014
2025-01-02 08:17:43,4.219260378554437
2025-01-02 08:17:44,4.1840981556637935
2025-01-02 08:17:45,
2025-01-02 08:17:46,4.554425211546509
2025-01-02 08:17:47,4.197370202443167
2025-01-02 08:17:48,4.559118203572621
2025-01-02 08:17:49,4.258788787430677
2025-01-02 08:17:50,4.30348953671084
2025-01-02 08:17:51,4.30932356939308
2025-01-02 08:17:52,3.9559187572900614
2025-01-02 08:17:53,3.969186837221628
2025-01-02 08:17:54,4.41629528319425
2025-01-02 08:17:55,4.461325783960866
2025-01-02 08:17:56,4.11617307168937
2025-01-02 08:17:57,4.299052622473446
2025-01-02 08:17:58,4.566267033256284
2025-01-02 08:17:59,4.2732409540077105
2025-01-02 08:18:00,5.0816133766924025
2025-01-02 08:18:01,4.155510038777934
2025-01-02 08:18:02,4.215957203363937
2025-01-02 08:18:03,4.728043988160342
2025-01-02 08:18:04,4.5633369696538475
2025-01-02 08:18:05,3.4607977645623134
2025-01-02 08:18:06,4.615410545980359
2025-01-02 08:18:07,4.166159875504463
2025-01-02 08:18:08,4.325656274300872
2025-01-02 08:18:09,4.879657102179453
2025-01-02 08:18:10,4.192011762463762
2025-01-02 08:18:11,4.1584317623120235
2025-01-02 08:18:12,4.0855333153015705
2025-01-02 08:18:13,4.133238953048677
2025-01-02 08:18:14,4.7164165660770285
2025-01-02 08:18:15,4.382715035101543
2025-01-02 08:18:16,3.8356798661905773
2025-01-02 08:18:17,3.9813544651468864
2025-01-02 08:18:18,4.358021136168454
2025-01-02 08:18:19,4.4796207603830736
2025-01-02 08:18:20,4.482080534434155
2025-01-02 08:18:21,4.168909778422904
2025-01-02 08:18:22,4.631696846633136
2025-01-02 08:18:23,3.8345900699911577
2025-01-02 08:18:24,3.6268682338386578
2025-01-02 08:18:25,4.78670281323094
2025-01-02 08:18:26,4.360263979507106
2025-01-02 08:18:27,4.316797914634721
2025-01-02 08:18:28,4.685304424211994
2025-01-02 08:18:29,4.365373536014753
2025-01-02 08:18:30,3.5296587100048944
2025-01-02 08:18:31,4.507571628519766
2025-01-02 08:18:32,4.2373410557385105
2025-01-02 08:18:33,4.860279368547773
2025-01-02 08:18:34,3.892854935774331
2025-01-02 08:18:35,3.9628061462946054
2025-01-02 08:18:36,
2025-01-02 08:18:37,4.239971186895009
2025-01-02 08:18:38,4.4535040008861095
2025-01-02 08:18:39,4.429781559171806
2025-01-02 08:18:40,3.9950815572438256
2025-01-02 08:18:41,4.436151884419515
2025-01-02 08:18:42,4.428314364068245
2025-01-02 08:18:43,3.738321455058319
2025-01-02 08:18:44,3.8284990374317447
2025-01-02 08:18:45,3.8796114549222183
2025-01-02 08:18:46,4.249928037585422
2025-01-02 08:18:47,4.6188144032076845
2025-01-02 08:18:48,4.493989748333691
2025-01-02 08:18:49,4.242256497934483
2025-01-02 08:18:50,4.467422033305421
2025-01-02 08:18:51,4.17317241325227
2025-01-02 08:18:52,4.622260591181073
2025-01-02 08:18:53,4.601872495937614
2025-01-02 08:18:54,4.221859136420648
2025-01-02 08:18:55,4.741659522911377
2025-01-02 08:18:56,4.649154581449537
2025-01-02 08:18:57,4.469711443310433
2025-01-02 08:18:58,4.317259104073545
2025-01-02 08:18:59,4.380068892747212
2025-01-02 08:19:00,5.282563099385752
2025-01-02 08:19:01,4.228143006490734
2025-01-02 08:19:02,4.246308474639683
2025-01-02 08:19:03,4.487415572625102
2025-01-02 08:19:04,4.581913982830991
2025-01-02 08:19:05,
2025-01-02 08:19:06,4.144561294593178
2025-01-02 08:19:07,4.573526394108334
2025-01-02 08:19:08,3.9330523241814435
2025-01-02 08:19:09,4.754633431242214
2025-01-02 08:19:10,4.3632156325505935
2025-01-02 08:19:11,4.085876827515369
2025-01-02 08:19:12,3.9329409248082667
2025-01-02 08:19:13,3.720613799657924
2025-01-02 08:19:14,3.9982305332883685
2025-01-02 08:19:15,4.829307677359243
2025-01-02 08:19:16,4.099710335742952
2025-01-02 08:19:17,4.268128476592586
2025-01-02 08:19:18,4.085620566594846
2025-01-02 08:19:19,3.479335285242846
2025-01-02 08:19:20,3.713912941165191
2025-01-02 08:19:21,4.366788405373439
2025-01-02 08:19:22,3.914011747780744
2025-01-02 08:19:23,4.348695968283224
2025-01-02 08:19:24,4.740831440850005
2025-01-02 08:19:25,4.34445121637264
2025-01-02 08:19:26,3.828091488629092
2025-01-02 08:19:27,4.521884673253385
2025-01-02 08:19:28,4.264885906752761
2025-01-02 08:19:29,3.9524100387311165
2025-01-02 08:19:30,4.192118038680679
2025-01-02 08:19:31,3.9275931367589187
2025-01-02 08:19:32,4.448173249948618
2025-01-02 08:19:33,4.368039583391765
2025-01-02 08:19:34,4.1476607671478485
2025-01-02 08:19:35,3.6859334122290144
2025-01-02 08:19:36,4.078077051180764
2025-01-02 08:19:37,4.6365573726485305
2025-01-02 08:19:38,4.012618909272585
2025-01-02 08:19:39,3.76482597736244
2025-01-02 08:19:40,4.126769325985695
2025-01-02 08:19:41,3.558790466860377
2025-01-02 08:19:42,4.511254435403515
2025-01-02 08:19:43,4.497917336882534
2025-01-02 08:19:44,4.656832107509759
2025-01-02 08:19:45,3.8971996713894517
2025-01-02 08:19:46,4.523517333569406
2025-01-02 08:19:47,4.357826094453186
2025-01-02 08:19:48,4.491930682175753
2025-01-02 08:19:49,4.85081841764077
2025-01-02 08:19:50,4.577778602458378
2025-01-02 08:19:51,3.780115792042382
2025-01-02 08:19:52,4.186514509049164
2025-01-02 08:19:53,4.122671555458255
2025-01-02 08:19:54,4.136043795257667
2025-01-02 08:19:55,4.109822974278638
2025-01-02 08:19:56,4.5143490946787574
2025-01-02 08:19:57,4.347860103835233
2025-01-02 08:19:58,4.105196578131217
2025-01-02 08:19:59,3.6139940404219657
2025-01-02 08:20:00,4.445790941786992
2025-01-02 08:20:01,4.146047470810828
2025-01-02 08:20:02,3.9553543886065268
2025-01-02 08:20:03,3.9126360045133364
2025-01-02 08:20:04,4.036655355501887
2025-01-02 08:20:05,4.331255416232449
2025-01-02 08:20:06,4.339553821427245
2025-01-02 08:20:07,4.388970571914933
2025-01-02 08:20:08,4.786371478430824
2025-01-02 08:20:09,4.038517796382929
2025-01-02 08:20:10,4.477175363581057
2025-01-02 08:20:11,3.9226884909096857
2025-01-02 08:20:12,4.207019811297604
2025-01-02 08:20:13,4.150594643997334
2025-01-02 08:20:14,4.80590597228308
2025-01-02 08:20:15,3.774954013207406
2025-01-02 08:20:16,4.257464606336529
2025-01-02 08:20:17,4.25925560976975
2025-01-02 08:20:18,4.528560743012679
2025-01-02 08:20:19,4.310565799802122
2025-01-02 08:20:20,4.084799911765398
2025-01-02 08:20:21,4.263400035396395
2025-01-02 08:20:22,4.182912443750654
2025-01-02 08:20:23,4.44057785131364
2025-01-02 08:20:24,4.743714509917483
2025-01-02 08:20:25,4.004086811218935
2025-01-02 08:20:26,4.310665555120236
2025-01-02 08:20:27,4.9537561515082675
2025-01-02 08:20:28,3.8701520054326872
2025-01-02 08:20:29,4.12151687087765
2025-01-02 08:20:30,4.149958368427771
2025-01-02 08:20:31,3.706194282762712
2025-01-02 08:20:32,3.678465503165487
2025-01-02 08:20:33,4.1413360458402355
2025-01-02 08:20:34,3.7642242005759545
2025-01-02 08:20:35,4.927892852834301
2025-01-02 08:20:36,3.7262231278575824
2025-01-02 08:20:37,3.6821670986305315
2025-01-02 08:20:38,4.537364325124148
2025-01-02 08:20:39,4.174108768955935
2025-01-02 08:20:40,3.895640212879447
2025-01-02 08:20:41,4.314979324387744
2025-01-02 08:20:42,4.455453368697231
2025-01-02 08:20:43,4.090159605064894
2025-01-02 08:20:44,4.516446264701461
2025-01-02 08:20:45,4.339559110157974
2025-01-02 08:20:46,4.171918550461156
2025-01-02 08:20:47,4.5960304478805325
2025-01-02 08:20:48,4.776185975550204
2025-01-02 08:20:49,3.9748631771790035
2025-01-02 08:20:50,4.361471992128433
2025-01-02 08:20:51,4.45650667359182
2025-01-02 08:20:52,4.140527429950073
2025-01-02 08:20:53,3.9889475584695844
2025-01-02 08:20:54,3.7064755849964497
2025-01-02 08:20:55,4.5727480941766885
2025-01-02 08:20:56,4.082021367162953
2025-01-02 08:20:57,4.027514834245883
2025-01-02 08:20:58,5.072704980782911
2025-01-02 08:20:59,4.323893289839919
2025-01-02 08:21:00,4.643499095677491
2025-01-02 08:21:01,3.5894032149667865
2025-01-02 08:21:02,4.057039526686569
2025-01-02 08:21:03,4.454967255785727
2025-01-02 08:21:04,4.24466123470137
2025-01-02 08:21:05,4.317564665390902
2025-01-02 08:21:06,4.434768166266668
2025-01-02 08:21:07,4.549727587052698
2025-01-02 08:21:08,4.144205817946996
2025-01-02 08:21:09,3.7987883912032334
2025-01-02 08:21:10,4.210075537334371
2025-01-02 08:21:11,4.454767962106705
2025-01-02 08:21:12,3.896828163430414
2025-01-02 08:21:13,3.9912960085320726
2025-01-02 08:21:14,4.409820327062914
2025-01-02 08:21:15,3.7738020687718477
2025-01-02 08:21:16,3.6123319273857266
2025-01-02 08:21:17,4.748226397469292
2025-01-02 08:21:18,4.78859297186515
2025-01-02 08:21:19,4.424775403564704
2025-01-02 08:21:20,4.490352157191972
2025-01-02 08:21:21,3.2721620465685355
2025-01-02 08:21:22,4.233352735602521
2025-01-02 08:21:23,3.9411597622632084
2025-01-02 08:21:24,4.103022514522773
2025-01-02 08:21:25,4.620146632085203
2025-01-02 08:21:26,4.605934959586712
2025-01-02 08:21:27,4.1765708947264955
2025-01-02 08:21:28,4.290987821976344
2025-01-02 08:21:29,4.502339119685069
2025-01-02 08:21:30,4.288070041895615
2025-01-02 08:21:31,4.220504866081079
2025-01-02 08:21:32,4.2828324325096245
2025-01-02 08:21:33,4.041573708003324
2025-01-02 08:21:34,3.857982131096255
2025-01-02 08:21:35,4.103090939508791
2025-01-02 08:21:36,4.601465168100871
2025-01-02 08:21:37,4.650296042005993
2025-01-02 08:21:38,3.6091607423782106
2025-01-02 08:21:39,3.7379423487241965
2025-01-02 08:21:40,
2025-01-02 08:21:41,
2025-01-02 08:21:42,4.1859828983848395
2025-01-02 08:21:43,4.076529880610927
2025-01-02 08:21:44,4.598619604659708
2025-01-02 08:21:45,4.031860752757385
2025-01-02 08:21:46,4.549257192936058
2025-01-02 08:21:47,4.449743405541622
2025-01-02 08:21:48,4.606914435686666
2025-01-02 08:21:49,4.560188104166234
2025-01-02 08:21:50,4.843442692709048
2025-01-02 08:21:51,4.185811648107982
2025-01-02 08:21:52,4.0401148542965295
2025-01-02 08:21:53,4.596080436614817
2025-01-02 08:21:54,3.9749041980088418
2025-01-02 08:21:55,4.127129112318719
2025-01-02 08:21:56,3.970009016025282
2025-01-02 08:21:57,4.525582235721904
2025-01-02 08:21:58,4.244991703413289
2025-01-02 08:21:59,4.315400341632909
2025-01-02 08:22:00,4.497025388216041
2025-01-02 08:22:01,4.261752055710065
2025-01-02 08:22:02,4.127658032313213
2025-01-02 08:22:03,3.8242526702932964
2025-01-02 08:22:04,4.456275899682445
2025-01-02 08:22:05,3.8947066170993065
2025-01-02 08:22:06,4.356274966052968
2025-01-02 08:22:07,3.915884214860378
2025-01-02 08:22:08,3.9987182414979676
2025-01-02 08:22:09,3.8804915894903957
2025-01-02 08:22:10,4.3453043298083545
2025-01-02 08:22:11,4.0320923627242635
2025-01-02 08:22:12,4.5030956202608685
2025-01-02 08:22:13,3.820744946633815
2025-01-02 08:22:14,4.470267157147137
2025-01-02 08:22:15,4.573785651655079
2025-01-02 08:22:16,4.9537922297477985
2025-01-02 08:22:17,3.9997162210989776
2025-01-02 08:22:18,4.0442871370979345
2025-01-02 08:22:19,4.328484662438722
2025-01-02 08:22:20,4.350193730395779
2025-01-02 08:22:21,4.4776167460015355
2025-01-02 08:22:22,4.06011039079756
2025-01-02 08:22:23,4.28662124612449
2025-01-02 08:22:24,4.013505695186959
2025-01-02 08:22:25,4.728474737257692
2025-01-02 08:22:26,3.567786356422044
2025-01-02 08:22:27,4.339397960632684
2025-01-02 08:22:28,3.774270055420626
2025-01-02 08:22:29,4.300654330449898
2025-01-02 08:22:30,4.678047189008534
2025-01-02 08:22:31,4.797774193476583
2025-01-02 08:22:32,4.203532020319384
2025-01-02 08:22:33,4.780296693189736
2025-01-02 08:22:34,4.5874416582755515
2025-01-02 08:22:35,4.120888496011057
2025-01-02 08:22:36,4.274068159964337
2025-01-02 08:22:37,4.648295885981954
2025-01-02 08:22:38,4.613223908195983
2025-01-02 08:22:39,4.293418052078304
2025-01-02 08:22:40,4.4390844837654635
2025-01-02 08:22:41,4.040145100458499
2025-01-02 08:22:42,3.7699024618973835
2025-01-02 08:22:43,4.117901535614502
2025-01-02 08:22:44,3.949415978542309
2025-01-02 08:22:45,4.388451857246336
2025-01-02 08:22:46,4.186079192046529
2025-01-02 08:22:47,4.234293567404012
2025-01-02 08:22:48,4.660522496408086
2025-01-02 08:22:49,4.528457423926895
2025-01-02 08:22:50,3.706435251122594
2025-01-02 08:22:51,4.2143891624517416
2025-01-02 08:22:52,4.4454706748727535
2025-01-02 08:22:53,4.150987358408159
2025-01-02 08:22:54,3.827207713001758
2025-01-02 08:22:55,4.638684216368884
2025-01-02 08:22:56,4.211055727766334
2025-01-02 08:22:57,4.309872739877193
2025-01-02 08:22:58,4.048058536670841
2025-01-02 08:22:59,4.39817422520657
2025-01-02 08:23:00,3.674666903960876
2025-01-02 08:23:01,3.645604197074934
2025-01-02 08:23:02,4.051915343759153
2025-01-02 08:23:03,4.9429642501084174
2025-01-02 08:23:04,4.626029547576608
2025-01-02 08:23:05,3.846682516606843
2025-01-02 08:23:06,4.558049675638462
2025-01-02 08:23:07,3.848251452573842
2025-01-02 08:23:08,3.965300853622438
2025-01-02 08:23:09,4.320276312479617
2025-01-02 08:23:10,3.9648824595376646
2025-01-02 08:23:11,4.5238552823581575
2025-01-02 08:23:12,3.704548326996327
2025-01-02 08:23:13,4.621131643021651
2025-01-02 08:23:14,3.861227285683637
2025-01-02 08:23:15,3.9628088098538385
2025-01-02 08:23:16,4.406610043039965
2025-01-02 08:23:17,4.277981448751332
2025-01-02 08:23:18,3.9097838716153173
2025-01-02 08:23:19,4.150869180113153
2025-01-02 08:23:20,4.781170373788736
2025-01-02 08:23:21,4.2896199444151435
2025-01-02 08:23:22,3.803486955719386
2025-01-02 08:23:23,4.25036893121732
2025-01-02 08:23:24,3.9202415330187548
2025-01-02 08:23:25,3.8850549929729157
2025-01-02 08:23:26,3.7996606057175386
2025-01-02 08:23:27,4.2136068710404
2025-01-02 08:23:28,3.9269438705425967
2025-01-02 08:23:29,4.370883610259355
2025-01-02 08:23:30,4.479381843512544
2025-01-02 08:23:31,4.482035284785088
2025-01-02 08:23:32,4.11032214830434
2025-01-02 08:23:33,4.553281811748826
2025-01-02 08:23:34,3.6014855714201404
2025-01-02 08:23:35,4.010173741862218
2025-01-02 08:23:36,4.3690362769031745
2025-01-02 08:23:37,4.120768117301207
2025-01-02 08:23:38,4.379613932849614
2025-01-02 08:23:39,3.6317048254181086
2025-01-02 08:23:40,3.8817876325595937
2025-01-02 08:23:41,4.413347660635737
2025-01-02 08:23:42,4.440591567753653
2025-01-02 08:23:43,4.432784737345908
2025-01-02 08:23:44,4.170551393600014
2025-01-02 08:23:45,4.378021681258604
2025-01-02 08:23:46,3.943062747615401
2025-01-02 08:23:47,4.114910889620911
2025-01-02 08:23:48,5.088582120397629
2025-01-02 08:23:49,4.306275823212957
2025-01-02 08:23:50,3.6129598442714874
2025-01-02 08:23:51,4.355745723085525
2025-01-02 08:23:52,4.481544164217604
2025-01-02 08:23:53,4.418087418789618
2025-01-02 08:23:54,4.3269259609465305
2025-01-02 08:23:55,4.2407896841251596
2025-01-02 08:23:56,3.8413479324277455
2025-01-02 08:23:57,5.1130705834221635
2025-01-02 08:23:58,4.065282505712567
2025-01-02 08:23:59,4.584714706534592
2025-01-02 08:24:00,4.1213376571600735
2025-01-02 08:24:01,4.442844093505752
2025-01-02 08:24:02,4.217712775617132
2025-01-02 08:24:03,3.950648687656606
2025-01-02 08:24:04,3.948716378132493
2025-01-02 08:24:05,4.1445173340088965
2025-01-02 08:24:06,4.912628133081913
2025-01-02 08:24:07,3.748533417256454
2025-01-02 08:24:08,4.1644748087053305
2025-01-02 08:24:09,4.125871988965074
2025-01-02 08:24:10,3.6065382870334264
2025-01-02 08:24:11,4.606980656802137
2025-01-02 08:24:12,4.036800160473511
2025-01-02 08:24:13,3.9510130543763173
2025-01-02 08:24:14,4.589433525491467
2025-01-02 08:24:15,4.696907120531872
2025-01-02 08:24:16,4.098540283210521
2025-01-02 08:24:17,4.4386355426135236
2025-01-02 08:24:18,4.245903415730786
2025-01-02 08:24:19,4.059000462523077
2025-01-02 08:24:20,3.970219200264187
2025-01-02 08:24:21,4.5068717256910995
2025-01-02 08:24:22,4.197561765094094
2025-01-02 08:24:23,3.9438182096255727
2025-01-02 08:24:24,3.7303731269412377
2025-01-02 08:24:25,3.9104339402723363
2025-01-02 08:24:26,4.161119028525407
2025-01-02 08:24:27,3.5087988257066223
2025-01-02 08:24:28,4.0328508672666015
2025-01-02 08:24:29,4.465032396482016
2025-01-02 08:24:30,3.8897608988522205
2025-01-02 08:24:31,3.9527756817759054
2025-01-02 08:24:32,4.574851724887388
2025-01-02 08:24:33,4.387428438403069
2025-01-02 08:24:34,4.148294371607101
2025-01-02 08:24:35,3.927157680959031
2025-01-02 08:24:36,4.248613656412051
2025-01-02 08:24:37,4.166084654030654
2025-01-02 08:24:38,3.9156827872487416
2025-01-02 08:24:39,4.1257419651904295
2025-01-02 08:24:40,3.630501671439712
2025-01-02 08:24:41,4.043577045889223
2025-01-02 08:24:42,3.915250718040024
2025-01-02 08:24:43,4.673648484002984
2025-01-02 08:24:44,4.331721531513758
2025-01-02 08:24:45,3.621550575535723
2025-01-02 08:24:46,4.38898815188272
2025-01-02 08:24:47,4.275410764803156
2025-01-02 08:24:48,4.314343974772767
2025-01-02 08:24:49,4.147452518263263
2025-01-02 08:24:50,4.0238453831226355
2025-01-02 08:24:51,4.279313251769135
2025-01-02 08:24:52,4.280810789005262
2025-01-02 08:24:53,3.992300209104054
2025-01-02 08:24:54,3.506587528582449
2025-01-02 08:24:55,4.009319357015902
2025-01-02 08:24:56,4.433313673327764
2025-01-02 08:24:57,4.312153152620553
2025-01-02 08:24:58,3.7609474549978774
2025-01-02 08:24:59,4.387761716669894
2025-01-02 08:25:00,4.545415932580745
2025-01-02 08:25:01,3.8758479436597852
2025-01-02 08:25:02,4.249719107490411
2025-01-02 08:25:03,4.177180915094251
2025-01-02 08:25:04,4.245377077775375
2025-01-02 08:25:05,4.16683736087777
2025-01-02 08:25:06,4.3016262062771045
2025-01-02 08:25:07,4.265261798434119
2025-01-02 08:25:08,4.160420263701112
2025-01-02 08:25:09,4.201052372755246
2025-01-02 08:25:10,4.041120779662285
2025-01-02 08:25:11,3.9395298376947
2025-01-02 08:25:12,4.499432936767382
2025-01-02 08:25:13,4.643779683229263
2025-01-02 08:25:14,4.076514118657543
2025-01-02 08:25:15,4.502351866548632
2025-01-02 08:25:16,3.8407007455864326
2025-01-02 08:25:17,3.756927393670039
2025-01-02 08:25:18,4.048212965965225
2025-01-02 08:25:19,4.311723185814471
2025-01-02 08:25:20,4.343338306136229
2025-01-02 08:25:21,4.2388339274595275
2025-01-02 08:25:22,3.8834956839341728
2025-01-02 08:25:23,4.307616191163532
2025-01-02 08:25:24,4.219345671010689
2025-01-02 08:25:25,4.834357678214302
2025-01-02 08:25:26,3.758512979466263
2025-01-02 08:25:27,4.03727664215043
2025-01-02 08:25:28,3.763642283080087
2025-01-02 08:25:29,4.412559159968648
2025-01-02 08:25:30,4.042342177233525
2025-01-02 08:25:31,4.241564765294646
2025-01-02 08:25:32,4.112583204445722
2025-01-02 08:25:33,3.9736341080721442
2025-01-02 08:25:34,3.8931178391324526
2025-01-02 08:25:35,4.160295123225573
2025-01-02 08:25:36,4.263855721547694
2025-01-02 08:25:37,4.206305392916091
2025-01-02 08:25:38,4.633409878940393
2025-01-02 08:25:39,3.625123878679094
2025-01-02 08:25:40,4.127993534578582
2025-01-02 08:25:41,4.15266830924037
2025-01-02 08:25:42,4.139700532540876
2025-01-02 08:25:43,3.824628523932928
2025-01-02 08:25:44,4.042238213662038
2025-01-02 08:25:45,4.381268794653502
2025-01-02 08:25:46,4.607884926138742
2025-01-02 08:25:47,4.140762540414633
2025-01-02 08:25:48,4.1055079623314406
2025-01-02 08:25:49,4.195929649325418
2025-01-02 08:25:50,3.6792939673190936
2025-01-02 08:25:51,4.126387528904329
2025-01-02 08:25:52,4.252973970817826
2025-01-02 08:25:53,3.8126043765533395
2025-01-02 08:25:54,4.626759447632068
2025-01-02 08:25:55,4.513924144778966
2025-01-02 08:25:56,3.722158540579527
2025-01-02 08:25:57,4.151666880926172
2025-01-02 08:25:58,4.068284417009983
2025-01-02 08:25:59,4.350744108490222
2025-01-02 08:26:00,3.673015937323437
2025-01-02 08:26:01,4.480723667874479
2025-01-02 08:26:02,4.279479838859558
2025-01-02 08:26:03,3.931969935445551
2025-01-02 08:26:04,3.713528884200322
2025-01-02 08:26:05,4.442917086341073
2025-01-02 08:26:06,4.024685512627644
2025-01-02 08:26:07,4.221360877315313
2025-01-02 08:26:08,4.598470627965899
2025-01-02 08:26:09,3.794969909031827
2025-01-02 08:26:10,3.955414458646054
2025-01-02 08:26:11,3.9875239123589163
2025-01-02 08:26:12,4.170254348079558
2025-01-02 08:26:13,3.4289953565966607
2025-01-02 08:26:14,3.798141546886798
2025-01-02 08:26:15,4.1450986819493485
2025-01-02 08:26:16,4.4749858000890965
2025-01-02 08:26:17,3.7402741084999684
2025-01-02 08:26:18,3.7708027162148436
2025-01-02 08:26:19,3.886443557766507
2025-01-02 08:26:20,4.199625896653777
2025-01-02 08:26:21,3.8281479728970016
2025-01-02 08:26:22,3.782818039503205
2025-01-02 08:26:23,4.115686984293709
2025-01-02 08:26:24,4.134471658746407
2025-01-02 08:26:25,4.018370744477231
2025-01-02 08:26:26,3.858168173103551
2025-01-02 08:26:27,3.889719201424246
2025-01-02 08:26:28,4.061678758644434
2025-01-02 08:26:29,4.245312557521925
2025-01-02 08:26:30,4.124506814566192
2025-01-02 08:26:31,4.045979978189272
2025-01-02 08:26:32,4.244966505086261
2025-01-02 08:26:33,4.539051623567573
2025-01-02 08:26:34,4.294422784768611
2025-01-02 08:26:35,4.121510943013397
2025-01-02 08:26:36,3.7237101489191318
2025-01-02 08:26:37,4.065621898845041
2025-01-02 08:26:38,4.494346881761007
2025-01-02 08:26:39,4.581319526217547
2025-01-02 08:26:40,3.849554027586836
2025-01-02 08:26:41,3.8771744308800185
2025-01-02 08:26:42,3.8562286810068964
2025-01-02 08:26:43,4.144293931744957
2025-01-02 08:26:44,4.429440510102938
2025-01-02 08:26:45,3.7685740106115815
2025-01-02 08:26:46,4.205724197114474
2025-01-02 08:26:47,4.1895789556215535
2025-01-02 08:26:48,4.0391074857601135
2025-01-02 08:26:49,4.075458297712774
2025-01-02 08:26:50,3.935258475345472
2025-01-02 08:26:51,4.02940049024995
2025-01-02 08:26:52,4.035973140020431
2025-01-02 08:26:53,4.488473142621842
2025-01-02 08:26:54,4.233892509945486
2025-01-02 08:26:55,4.136528896952035
2025-01-02 08:26:56,4.102940254174982
2025-01-02 08:26:57,4.253039508961902
2025-01-02 08:26:58,4.504387935500047
2025-01-02 08:26:59,4.213150688537358
2025-01-02 08:27:00,3.7848763919336297
2025-01-02 08:27:01,3.9389935183891107
2025-01-02 08:27:02,3.8360026719026967
2025-01-02 08:27:03,4.172073384149941
2025-01-02 08:27:04,4.101859145834644
2025-01-02 08:27:05,4.5072384222344635
2025-01-02 08:27:06,3.8109606647494774
2025-01-02 08:27:07,4.526712254743607
2025-01-02 08:27:08,4.282866197684011
2025-01-02 08:27:09,4.058447411646739
2025-01-02 08:27:10,4.0035239480014235
2025-01-02 08:27:11,4.119768020872088
2025-01-02 08:27:12,3.986983428592276
2025-01-02 08:27:13,3.9771224392697087
2025-01-02 08:27:14,3.7220832412808322
2025-01-02 08:27:15,4.257140103448073
2025-01-02 08:27:16,4.178544558634114
2025-01-02 08:27:17,4.310788758165071
2025-01-02 08:27:18,4.2443101998960495
2025-01-02 08:27:19,3.9533787816516863
2025-01-02 08:27:20,4.324484078980256
2025-01-02 08:27:21,4.151863098541772
2025-01-02 08:27:22,4.3998887346465745
2025-01-02 08:27:23,4.377776754836215
2025-01-02 08:27:24,3.81150223229184
2025-01-02 08:27:25,3.8391153264555387
2025-01-02 08:27:26,3.916845687627394
2025-01-02 08:27:27,4.428321161538362
2025-01-02 08:27:28,4.149636506183415
2025-01-02 08:27:29,3.76474648956515
2025-01-02 08:27:30,3.9679511979411815
2025-01-02 08:27:31,3.8090312060744673
2025-01-02 08:27:32,3.902901017040786
2025-01-02 08:27:33,4.532152646413011
2025-01-02 08:27:34,4.499185173658299
2025-01-02 08:27:35,4.46385753385467
2025-01-02 08:27:36,4.22351413551027
2025-01-02 08:27:37,3.9194387758398874
2025-01-02 08:27:38,3.9079072648180215
2025-01-02 08:27:39,4.0853315257813
2025-01-02 08:27:40,4.134264027104026
2025-01-02 08:27:41,3.757085228518656
2025-01-02 08:27:42,3.960599684767815
2025-01-02 08:27:43,4.15923453132525
2025-01-02 08:27:44,4.282276908007102
2025-01-02 08:27:45,3.9889825250638937
2025-01-02 08:27:46,3.9866644548556875
2025-01-02 08:27:47,4.348593608223446
2025-01-02 08:27:48,3.7225897665157213
2025-01-02 08:27:49,3.639866571477832
2025-01-02 08:27:50,4.148763090100648
2025-01-02 08:27:51,3.926982578240376
2025-01-02 08:27:52,3.432258017453939
2025-01-02 08:27:53,3.910794366336656
2025-01-02 08:27:54,4.195922065465627
2025-01-02 08:27:55,4.212470322955989
2025-01-02 08:27:56,3.594952818027785
2025-01-02 08:27:57,3.9747718616738483
2025-01-02 08:27:58,3.8418990873908925
2025-01-02 08:27:59,4.091229731555684
2025-01-02 08:28:00,3.8747562266649216
2025-01-02 08:28:01,3.963678473953382
2025-01-02 08:28:02,4.780636576826902
2025-01-02 08:28:03,4.2889892387848
2025-01-02 08:28:04,4.288418730363354
2025-01-02 08:28:05,4.054100926592744
2025-01-02 08:28:06,3.8353137384350378
2025-01-02 08:28:07,4.046443741502125
2025-01-02 08:28:08,3.9072739722867316
2025-01-02 08:28:09,4.0105265592717965
2025-01-02 08:28:10,4.379564996736989
2025-01-02 08:28:11,3.6176698438145714
2025-01-02 08:28:12,3.9568813630092188
2025-01-02 08:28:13,
2025-01-02 08:28:14,4.170834080473154
2025-01-02 08:28:15,3.772712427821842
2025-01-02 08:28:16,4.051969787685548
2025-01-02 08:28:17,
2025-01-02 08:28:18,3.7262702502647973
2025-01-02 08:28:19,3.7818191640977017
2025-01-02 08:28:20,4.605156896714951
2025-01-02 08:28:21,4.276498848801302
2025-01-02 08:28:22,3.707971305284369
2025-01-02 08:28:23,4.004797663078982
2025-01-02 08:28:24,4.064418221961744
2025-01-02 08:28:25,4.110374047861704
2025-01-02 08:28:26,4.333785964796023
2025-01-02 08:28:27,4.134244750688841
2025-01-02 08:28:28,3.5026317967195753
2025-01-02 08:28:29,3.5747555774051443
2025-01-02 08:28:30,3.9256047890803054
2025-01-02 08:28:31,3.9320182269354036
2025-01-02 08:28:32,4.0763910746099095
2025-01-02 08:28:33,4.256269209317722
2025-01-02 08:28:34,4.050178254881559
2025-01-02 08:28:35,3.9934548272467216
2025-01-02 08:28:36,4.050930558264994
2025-01-02 08:28:37,4.458791747102031
2025-01-02 08:28:38,3.874695361119423
2025-01-02 08:28:39,4.25001104253727
2025-01-02 08:28:40,3.9160653113487713
2025-01-02 08:28:41,4.113162276879914
2025-01-02 08:28:42,4.175982584510268
2025-01-02 08:28:43,3.9705222389288437
2025-01-02 08:28:44,4.109705734027328
2025-01-02 08:28:45,3.9290126010050024
2025-01-02 08:28:46,4.3241315053159
2025-01-02 08:28:47,3.8715181533076928
2025-01-02 08:28:48,3.792017788970565
2025-01-02 08:28:49,3.695870184123745
2025-01-02 08:28:50,4.181462980910194
2025-01-02 08:28:51,3.531469697607797
2025-01-02 08:28:52,3.9206507918942846
2025-01-02 08:28:53,4.628155251224424
2025-01-02 08:28:54,3.5341709448465926
2025-01-02 08:28:55,
2025-01-02 08:28:56,4.41891905757516
2025-01-02 08:28:57,3.9183640368306376
2025-01-02 08:28:58,3.915847129631304
2025-01-02 08:28:59,
2025-01-02 08:29:00,3.863777993928094
2025-01-02 08:29:01,4.093289847197436
2025-01-02 08:29:02,4.189723519663695
2025-01-02 08:29:03,4.023484438420102
2025-01-02 08:29:04,3.5145690001817034
2025-01-02 08:29:05,3.8064910651239225
2025-01-02 08:29:06,3.9079190882737347
2025-01-02 08:29:07,3.9562313326923393
2025-01-02 08:29:08,3.9571571157651486
2025-01-02 08:29:09,4.473865836245847
2025-01-02 08:29:10,3.5776277015009077
2025-01-02 08:29:11,4.288851480718189
2025-01-02 08:29:12,4.751367587352946
2025-01-02 08:29:13,3.6964715998770497
2025-01-02 08:29:14,4.1369684619915175
2025-01-02 08:29:15,4.149921191542913
2025-01-02 08:29:16,3.649913589080895
2025-01-02 08:29:17,3.7035828986753883
2025-01-02 08:29:18,3.959224184234875
2025-01-02 08:29:19,3.968844432966111
2025-01-02 08:29:20,4.141653106314426
2025-01-02 08:29:21,3.968883696308085
2025-01-02 08:29:22,3.9161005781263474
2025-01-02 08:29:23,4.506598963206718
2025-01-02 08:29:24,4.252861029687876
2025-01-02 08:29:25,4.27690133464156
2025-01-02 08:29:26,
2025-01-02 08:29:27,3.4483745443058917
2025-01-02 08:29:28,3.95428566170336
2025-01-02 08:29:29,3.7991738437797675
2025-01-02 08:29:30,4.833844354125199
2025-01-02 08:29:31,3.686167447069607
2025-01-02 08:29:32,4.0233410884877125
2025-01-02 08:29:33,3.6187117561090685
2025-01-02 08:29:34,3.7047982449952537
2025-01-02 08:29:35,4.7975845616664
2025-01-02 08:29:36,3.8051682147908403
2025-01-02 08:29:37,3.7927252455789833
2025-01-02 08:29:38,4.594421000556792
2025-01-02 08:29:39,3.9001982729043085
2025-01-02 08:29:40,4.182431697847648
2025-01-02 08:29:41,4.109331908541927
2025-01-02 08:29:42,4.116809664762943
2025-01-02 08:29:43,3.6387635292542586
2025-01-02 08:29:44,3.8129911196046335
2025-01-02 08:29:45,3.9382380774076076
2025-01-02 08:29:46,4.630458354717188
2025-01-02 08:29:47,3.371205166366421
2025-01-02 08:29:48,4.079251073322684
2025-01-02 08:29:49,4.180021193887529
2025-01-02 08:29:50,4.052714679687446
2025-01-02 08:29:51,4.357859853991315
2025-01-02 08:29:52,3.893211284434875
2025-01-02 08:29:53,4.031456455411611
2025-01-02 08:29:54,4.01619100338977
2025-01-02 08:29:55,4.413544052510244
2025-01-02 08:29:56,4.008092784651054
2025-01-02 08:29:57,4.4192764165624885
2025-01-02 08:29:58,3.806739566527819
2025-01-02 08:29:59,3.7933908623412287
2025-01-02 08:30:00,3.9846027956484047
2025-01-02 08:30:01,3.681052591343825
2025-01-02 08:30:02,4.075197198225862
2025-01-02 08:30:03,3.865061239575634
2025-01-02 08:30:04,4.349447050726352
2025-01-02 08:30:05,3.1344331862273314
2025-01-02 08:30:06,3.5765412100800527
2025-01-02 08:30:07,3.68497661177791
2025-01-02 08:30:08,3.877146908811909
2025-01-02 08:30:09,3.6356427633975157
2025-01-02 08:30:10,4.212852070099426
2025-01-02 08:30:11,3.9255907107718357
2025-01-02 08:30:12,4.715189613296643
2025-01-02 08:30:13,4.168359005984422
2025-01-02 08:30:14,3.9793082740130488
2025-01-02 08:30:15,3.8537288783430297
2025-01-02 08:30:16,4.278989073020817
2025-01-02 08:30:17,3.8538728519406487
2025-01-02 08:30:18,3.969360678209236
2025-01-02 08:30:19,4.3379276132474685
2025-01-02 08:30:20,3.928566035333977
2025-01-02 08:30:21,4.4674420592531945
2025-01-02 08:30:22,3.9331656716384065
2025-01-02 08:30:23,4.910252730050784
2025-01-02 08:30:24,3.525659236600797
2025-01-02 08:30:25,4.011621599059487
2025-01-02 08:30:26,4.052990854133197
2025-01-02 08:30:27,4.165093383608555
2025-01-02 08:30:28,3.907033764380372
2025-01-02 08:30:29,4.3827936786865855
2025-01-02 08:30:30,4.231107414244986
2025-01-02 08:30:31,4.379096101134841
2025-01-02 08:30:32,4.386709348588084
2025-01-02 08:30:33,3.861598190094143
2025-01-02 08:30:34,3.9796072081609952
2025-01-02 08:30:35,3.7284132093962046
2025-01-02 08:30:36,3.553053449471226
2025-01-02 08:30:37,4.242634546113332
2025-01-02 08:30:38,3.810674573716431
2025-01-02 08:30:39,3.5704906132507266
2025-01-02 08:30:40,3.776696519011467
2025-01-02 08:30:41,3.879007424656077
2025-01-02 08:30:42,4.5128989852606285
2025-01-02 08:30:43,4.269510485726589
2025-01-02 08:30:44,4.160006727334904
2025-01-02 08:30:45,3.916089579658101
2025-01-02 08:30:46,3.6257160865873503
2025-01-02 08:30:47,4.076880278050871
2025-01-02 08:30:48,3.8089779275703624
2025-01-02 08:30:49,
2025-01-02 08:30:50,4.135249388285059
2025-01-02 08:30:51,4.436387766144565
2025-01-02 08:30:52,4.1562465894559715
2025-01-02 08:30:53,3.878503535809908
2025-01-02 08:30:54,3.634672523779941
2025-01-02 08:30:55,3.855178776331269
2025-01-02 08:30:56,4.130082553923674
2025-01-02 08:30:57,3.6327521839277734
2025-01-02 08:30:58,3.798203042589059
2025-01-02 08:30:59,3.982819520465051
2025-01-02 08:31:00,4.515820555343602
2025-01-02 08:31:01,4.055095316445716
2025-01-02 08:31:02,3.75873778636294
2025-01-02 08:31:03,4.373271062944304
2025-01-02 08:31:04,3.974637175728453
2025-01-02 08:31:05,3.7110153491268045
2025-01-02 08:31:06,4.103898941045859
2025-01-02 08:31:07,4.139248161256823
2025-01-02 08:31:08,3.6621291949131733
2025-01-02 08:31:09,3.777537064829628
2025-01-02 08:31:10,4.01944237968576
2025-01-02 08:31:11,4.162247675959423
2025-01-02 08:31:12,4.44246069682546
2025-01-02 08:31:13,4.14660754176527
2025-01-02 08:31:14,4.010427627159882
2025-01-02 08:31:15,4.467766179036515
2025-01-02 08:31:16,4.2385714735810005
2025-01-02 08:31:17,3.615128830720623
2025-01-02 08:31:18,4.195480906454533
2025-01-02 08:31:19,4.224940007052841
2025-01-02 08:31:20,3.7395173386128056
2025-01-02 08:31:21,3.7204705912111162
2025-01-02 08:31:22,4.073704328724975
2025-01-02 08:31:23,3.840100884241425
2025-01-02 08:31:24,4.180417737259975
2025-01-02 08:31:25,4.285694462711198
2025-01-02 08:31:26,4.153951545684422
2025-01-02 08:31:27,4.008038312932789
2025-01-02 08:31:28,3.8244620848780855
2025-01-02 08:31:29,3.919506784590238
2025-01-02 08:31:30,3.8491652204091564
2025-01-02 08:31:31,4.135706325432395
2025-01-02 08:31:32,4.382604416289853
2025-01-02 08:31:33,4.218972714484145
2025-01-02 08:31:34,4.0162173791396905
2025-01-02 08:31:35,4.363050057790952
2025-01-02 08:31:36,4.064893081318936
2025-01-02 08:31:37,4.411243133807317
2025-01-02 08:31:38,3.8992552903727273
2025-01-02 08:31:39,3.9329218986560504
2025-01-02 08:31:40,4.311439682775194
2025-01-02 08:31:41,4.286066053618819
2025-01-02 08:31:42,
2025-01-02 08:31:43,3.5566191015365227
2025-01-02 08:31:44,4.527929161056104
2025-01-02 08:31:45,4.476171671094047
2025-01-02 08:31:46,3.86791692424473
2025-01-02 08:31:47,4.054610790987182
2025-01-02 08:31:48,4.643314915029857
2025-01-02 08:31:49,4.165064852704578
2025-01-02 08:31:50,4.3933284579671525
2025-01-02 08:31:51,3.6425246057034495
2025-01-02 08:31:52,3.7536971008508866
2025-01-02 08:31:53,4.361182481719809
2025-01-02 08:31:54,4.222761396775159
2025-01-02 08:31:55,3.5017297603230486
2025-01-02 08:31:56,4.091731834860538
2025-01-02 08:31:57,3.470314906511108
2025-01-02 08:31:58,4.277294999736068
2025-01-02 08:31:59,4.3550303440537075
2025-01-02 08:32:00,4.299373296964448
2025-01-02 08:32:01,3.8765096130899837
2025-01-02 08:32:02,4.5012362861531185
2025-01-02 08:32:03,3.7968987020493903
2025-01-02 08:32:04,4.286179807006614
2025-01-02 08:32:05,3.938854466906258
2025-01-02 08:32:06,3.8265684711068184
2025-01-02 08:32:07,3.6529979674634596
2025-01-02 08:32:08,4.141851728654204
2025-01-02 08:32:09,3.9243054553808987
2025-01-02 08:32:10,3.7156093653727247
2025-01-02 08:32:11,4.307838655181409
2025-01-02 08:32:12,4.206160099274523
2025-01-02 08:32:13,3.619567612264474
2025-01-02 08:32:14,3.813143421724286
2025-01-02 08:32:15,4.140335446677827
2025-01-02 08:32:16,4.039214162057452
2025-01-02 08:32:17,4.070028454383056
2025-01-02 08:32:18,3.8993155297980016
2025-01-02 08:32:19,3.610715277238884
2025-01-02 08:32:20,3.8793958722188346
2025-01-02 08:32:21,3.995763443310245
2025-01-02 08:32:22,3.7630211197692085
2025-01-02 08:32:23,4.307529925036369
2025-01-02 08:32:24,4.078678999032213
2025-01-02 08:32:25,4.464769820801688
2025-01-02 08:32:26,3.8701801970895904
2025-01-02 08:32:27,4.14487225709875
2025-01-02 08:32:28,3.454843170733582
2025-01-02 08:32:29,3.9059038096781435
2025-01-02 08:32:30,3.596241942153628
2025-01-02 08:32:31,4.153676812420797
2025-01-02 08:32:32,3.8427712824047764
2025-01-02 08:32:33,3.8885763700364495
2025-01-02 08:32:34,3.731824134572544
2025-01-02 08:32:35,3.338678546523282
2025-01-02 08:32:36,4.1036197407280905
2025-01-02 08:32:37,4.07681989676492
2025-01-02 08:32:38,4.298057879430802
2025-01-02 08:32:39,3.7980791670028857
2025-01-02 08:32:40,3.7697282812481685
2025-01-02 08:32:41,3.7922843779978703
2025-01-02 08:32:42,3.3940653275844976
2025-01-02 08:32:43,3.6662717506698903
2025-01-02 08:32:44,4.062056376033881
2025-01-02 08:32:45,4.4328459490796455
2025-01-02 08:32:46,3.6141779305763424
2025-01-02 08:32:47,3.8010699441853633
2025-01-02 08:32:48,3.6198821761823776
2025-01-02 08:32:49,3.680417318199064
2025-01-02 08:32:50,3.7555981847919497
2025-01-02 08:32:51,3.7336676319836126
2025-01-02 08:32:52,4.166158370483657
2025-01-02 08:32:53,4.0386557632521525
2025-01-02 08:32:54,4.206882093872602
2025-01-02 08:32:55,3.5427985144923384
2025-01-02 08:32:56,4.21397875919379
2025-01-02 08:32:57,4.098765514406836
2025-01-02 08:32:58,3.8475556980706136
2025-01-02 08:32:59,3.5413925090240075
2025-01-02 08:33:00,3.929751456203787
2025-01-02 08:33:01,3.8254265971172874
2025-01-02 08:33:02,3.852821787733107
2025-01-02 08:33:03,4.651553963633122
2025-01-02 08:33:04,4.386342459362923
2025-01-02 08:33:05,3.659129817545396
2025-01-02 08:33:06,3.3895183677732703
2025-01-02 08:33:07,4.270219059568211
2025-01-02 08:33:08,3.838553580112134
2025-01-02 08:33:09,3.4753754596769606
2025-01-02 08:33:10,3.587150123321763
2025-01-02 08:33:11,3.9125300004636
2025-01-02 08:33:12,4.028598503642796
2025-01-02 08:33:13,3.307310443864287
2025-01-02 08:33:14,3.9268079532198246
2025-01-02 08:33:15,4.514788024829688
2025-01-02 08:33:16,3.7539692135496185
2025-01-02 08:33:17,3.936722401673824
2025-01-02 08:33:18,3.9419422674408566
2025-01-02 08:33:19,4.125363168259698
2025-01-02 08:33:20,3.6558908438253392
2025-01-02 08:33:21,4.277165610541102
2025-01-02 08:33:22,3.8806148812604833
2025-01-02 08:33:23,3.8776693559563276
2025-01-02 08:33:24,4.689511380841373
2025-01-02 08:33:25,3.9167598394379293
2025-01-02 08:33:26,4.136008360478451
2025-01-02 08:33:27,4.102419649207007
2025-01-02 08:33:28,3.949597100150163
2025-01-02 08:33:29,4.28765765304535
2025-01-02 08:33:30,4.220131557747212
2025-01-02 08:33:31,3.8813079664354495
2025-01-02 08:33:32,3.6366302652253206
2025-01-02 08:33:33,3.9655231519044585
2025-01-02 08:33:34,3.9989131913862725
2025-01-02 08:33:35,4.500922776688612
2025-01-02 08:33:36,3.611719285239696
2025-01-02 08:33:37,3.710208470044432
2025-01-02 08:33:38,3.711165531818986
2025-01-02 08:33:39,3.8169847055997734
2025-01-02 08:33:40,4.2212687843450345
2025-01-02 08:33:41,3.8193326752233445
2025-01-02 08:33:42,3.881979162655482
2025-01-02 08:33:43,3.781726971218335
2025-01-02 08:33:44,3.4122760792080764
2025-01-02 08:33:45,3.4546762893504317
2025-01-02 08:33:46,4.000274726913601
2025-01-02 08:33:47,4.064452596095261
2025-01-02 08:33:48,4.369142360417019
2025-01-02 08:33:49,3.858477189666296
2025-01-02 08:33:50,4.055479030356599
2025-01-02 08:33:51,3.799451099137006
2025-01-02 08:33:52,3.747469616260083
2025-01-02 08:33:53,3.893309394093595
2025-01-02 08:33:54,3.973276172844936
2025-01-02 08:33:55,3.958581968905514
2025-01-02 08:33:56,4.584896188849152
2025-01-02 08:33:57,3.7319613931097453
2025-01-02 08:33:58,3.7891374761095897
2025-01-02 08:33:59,3.8466095463596965
2025-01-02 08:34:00,3.665830887180766
2025-01-02 08:34:01,4.05036455656862
2025-01-02 08:34:02,4.363846920752425
2025-01-02 08:34:03,4.03963236778667
2025-01-02 08:34:04,4.084268420573676
2025-01-02 08:34:05,4.085468602535574
2025-01-02 08:34:06,3.9873394809548817
2025-01-02 08:34:07,3.8529564930694002
2025-01-02 08:34:08,3.972998377615255
2025-01-02 08:34:09,4.159998000167958
2025-01-02 08:34:10,3.6946609765532323
2025-01-02 08:34:11,4.351122381103709
2025-01-02 08:34:12,4.274585647815205
2025-01-02 08:34:13,4.217966721601478
2025-01-02 08:34:14,3.9425365206890315
2025-01-02 08:34:15,4.007931850860981
2025-01-02 08:34:16,3.9647582202409506
2025-01-02 08:34:17,4.515478993669738
2025-01-02 08:34:18,3.712113650709861
2025-01-02 08:34:19,4.505958493486909
2025-01-02 08:34:20,3.9472267720097314
2025-01-02 08:34:21,
2025-01-02 08:34:22,3.9708546467829957
2025-01-02 08:34:23,3.618109804714282
2025-01-02 08:34:24,3.3550757829080426
2025-01-02 08:34:25,3.991264141952805
2025-01-02 08:34:26,3.196858815717045
2025-01-02 08:34:27,4.011118585486183
2025-01-02 08:34:28,3.9669323793515745
2025-01-02 08:34:29,3.3793717241779846
2025-01-02 08:34:30,3.867390585347834
2025-01-02 08:34:31,3.7697293593772643
2025-01-02 08:34:32,
2025-01-02 08:34:33,4.0633305609311945
2025-01-02 08:34:34,3.6579537356181975
2025-01-02 08:34:35,4.048807448315672
2025-01-02 08:34:36,3.743076729392317
2025-01-02 08:34:37,3.9042881193133194
2025-01-02 08:34:38,4.626137560965395
2025-01-02 08:34:39,3.874922705840258
2025-01-02 08:34:40,3.529903126708784
2025-01-02 08:34:41,3.822721928978154
2025-01-02 08:34:42,4.390534586879727
2025-01-02 08:34:43,3.624864178710538
2025-01-02 08:34:44,3.550545621230059
2025-01-02 08:34:45,4.170998189405444
2025-01-02 08:34:46,4.103205961994964
2025-01-02 08:34:47,4.004907766203302
2025-01-02 08:34:48,4.391980130787426
2025-01-02 08:34:49,3.7960709332396085
2025-01-02 08:34:50,3.5569035246885705
2025-01-02 08:34:51,3.6013905240945845
2025-01-02 08:34:52,3.6620253498624775
2025-01-02 08:34:53,4.161626030811528
2025-01-02 08:34:54,2.91973168866673
2025-01-02 08:34:55,4.580684937096978
2025-01-02 08:34:56,3.670175532930599
2025-01-02 08:34:57,4.3430944573249395
2025-01-02 08:34:58,4.085420670986892
2025-01-02 08:34:59,4.092723594397242
2025-01-02 08:35:00,3.7270026039963486
2025-01-02 08:35:01,3.617765758218177
2025-01-02 08:35:02,4.596607208960789
2025-01-02 08:35:03,3.759669739073621
2025-01-02 08:35:04,
2025-01-02 08:35:05,4.370696489962651
2025-01-02 08:35:06,4.116000509067457
2025-01-02 08:35:07,3.965941937889839
2025-01-02 08:35:08,3.8135302573195164
2025-01-02 08:35:09,3.898905963886959
2025-01-02 08:35:10,3.398406603925718
2025-01-02 08:35:11,3.9817257965859527
2025-01-02 08:35:12,4.1714373274287455
2025-01-02 08:35:13,3.7270409414839754
2025-01-02 08:35:14,3.9392191589961962
2025-01-02 08:35:15,
2025-01-02 08:35:16,3.6874642137844793
2025-01-02 08:35:17,4.454173114438451
2025-01-02 08:35:18,3.2623838946803403
2025-01-02 08:35:19,3.8330633349337284
2025-01-02 08:35:20,3.609489993508433
2025-01-02 08:35:21,
2025-01-02 08:35:22,3.422334800929077
2025-01-02 08:35:23,4.158916601723703
2025-01-02 08:35:24,3.8590759525265668
2025-01-02 08:35:25,3.4965184657547184
2025-01-02 08:35:26,3.9271229533162093
2025-01-02 08:35:27,3.7385437948225126
2025-01-02 08:35:28,3.5276261390007217
2025-01-02 08:35:29,3.8064415522886854
2025-01-02 08:35:30,4.229569584848412
2025-01-02 08:35:31,3.691798183844661
2025-01-02 08:35:32,3.385781047049907
2025-01-02 08:35:33,4.227140706967108
2025-01-02 08:35:34,3.810325305149568
2025-01-02 08:35:35,3.737251324598677
2025-01-02 08:35:36,4.301137176324522
2025-01-02 08:35:37,4.369912862570133
2025-01-02 08:35:38,3.6280579647868563
2025-01-02 08:35:39,4.3393489123831035
2025-01-02 08:35:40,4.053715503209822
2025-01-02 08:35:41,4.164596262807296
2025-01-02 08:35:42,4.154209753990279
2025-01-02 08:35:43,3.7652564306440754
2025-01-02 08:35:44,3.6792914335401266
2025-01-02 08:35:45,3.6832107729968966
2025-01-02 08:35:46,3.6262210123436747
2025-01-02 08:35:47,3.822550804614457
2025-01-02 08:35:48,4.16268188177643
2025-01-02 08:35:49,3.7366393348146927
2025-01-02 08:35:50,4.222797567343875
2025-01-02 08:35:51,4.104728492296814
2025-01-02 08:35:52,
2025-01-02 08:35:53,3.5597431592346895
2025-01-02 08:35:54,3.6806478149741086
2025-01-02 08:35:55,4.048055024236852
2025-01-02 08:35:56,3.521727839129899
2025-01-02 08:35:57,4.072424489708442
2025-01-02 08:35:58,3.9806934953464386
2025-01-02 08:35:59,4.211878333645893
2025-01-02 08:36:00,3.960972379787456
2025-01-02 08:36:01,4.0243273025505495
2025-01-02 08:36:02,3.8650797622087896
2025-01-02 08:36:03,3.2724195323652197
2025-01-02 08:36:04,3.5120840028929754
2025-01-02 08:36:05,4.207522158085142
2025-01-02 08:36:06,3.7049683716419364
2025-01-02 08:36:07,3.858477960207676
2025-01-02 08:36:08,4.140094334691392
2025-01-02 08:36:09,3.996363831835827
2025-01-02 08:36:10,4.138627863497657
2025-01-02 08:36:11,3.7573729651985617
2025-01-02 08:36:12,3.94051960614272
2025-01-02 08:36:13,3.7358848455901557
2025-01-02 08:36:14,4.250183547513627
2025-01-02 08:36:15,4.00983272677491
2025-01-02 08:36:16,4.272349055588557
2025-01-02 08:36:17,3.5064915543192576
2025-01-02 08:36:18,3.883463623705062
2025-01-02 08:36:19,4.097247578169769
2025-01-02 08:36:20,4.195816585935239
2025-01-02 08:36:21,4.217143030381796
2025-01-02 08:36:22,4.239354913271041
2025-01-02 08:36:23,3.9567564253318612
2025-01-02 08:36:24,4.309719861180733
2025-01-02 08:36:25,4.253628394409867
2025-01-02 08:36:26,3.8674638310161
2025-01-02 08:36:27,3.3320376593517578
2025-01-02 08:36:28,4.182408545817657
2025-01-02 08:36:29,3.8485938348101505
2025-01-02 08:36:30,3.9920232814534944
2025-01-02 08:36:31,4.332913448839186
2025-01-02 08:36:32,3.91655371543765
2025-01-02 08:36:33,4.057318535512187
2025-01-02 08:36:34,3.6286604263377296
2025-01-02 08:36:35,3.490298947003918
2025-01-02 08:36:36,3.8648648144797386
2025-01-02 08:36:37,4.162804493682021
2025-01-02 08:36:38,3.5801824702845053
2025-01-02 08:36:39,3.7412323179073987
2025-01-02 08:36:40,3.50111711895557
2025-01-02 08:36:41,4.3862983277693
2025-01-02 08:36:42,4.504642147394892
2025-01-02 08:36:43,3.9486164795158722
2025-01-02 08:36:44,4.117905307216579
2025-01-02 08:36:45,4.415594901380519
2025-01-02 08:36:46,3.927715544021407
2025-01-02 08:36:47,3.8704635022265643
2025-01-02 08:36:48,
2025-01-02 08:36:49,3.966156319463626
2025-01-02 08:36:50,4.002573856094186
2025-01-02 08:36:51,4.162982346418858
2025-01-02 08:36:52,3.644847539652169
2025-01-02 08:36:53,4.365989307375149
2025-01-02 08:36:54,4.105512038338525
2025-01-02 08:36:55,3.880737095504711
2025-01-02 08:36:56,4.193972797398712
2025-01-02 08:36:57,4.5115371992453985
2025-01-02 08:36:58,3.8837318116769115
2025-01-02 08:36:59,3.178234122638047
2025-01-02 08:37:00,4.572612133942812
2025-01-02 08:37:01,4.269056145285436
2025-01-02 08:37:02,3.591312824261491
2025-01-02 08:37:03,3.6098620683034777
2025-01-02 08:37:04,3.9282752329859436
2025-01-02 08:37:05,3.647822572800639
2025-01-02 08:37:06,3.5224142334107116
2025-01-02 08:37:07,4.154462084356125
2025-01-02 08:37:08,3.9231316933404212
2025-01-02 08:37:09,3.4902925123304693
2025-01-02 08:37:10,3.6830842037259304
2025-01-02 08:37:11,4.389927819025914
2025-01-02 08:37:12,3.8232221370811477
2025-01-02 08:37:13,3.7242141688083814
2025-01-02 08:37:14,3.3194070305936814
2025-01-02 08:37:15,3.673675774758936
2025-01-02 08:37:16,3.9714459897694008
2025-01-02 08:37:17,3.3966395155434412
2025-01-02 08:37:18,3.948702813951447
2025-01-02 08:37:19,3.7926608126465657
2025-01-02 08:37:20,3.9088403446199957
2025-01-02 08:37:21,3.868389081848607
2025-01-02 08:37:22,3.794747009422286
2025-01-02 08:37:23,3.528928325601648
2025-01-02 08:37:24,3.7113643662026283
2025-01-02 08:37:25,3.804694260527212
2025-01-02 08:37:26,3.7427795061704794
2025-01-02 08:37:27,3.82872933529738
2025-01-02 08:37:28,4.107404109998046
2025-01-02 08:37:29,3.6227904739829615
2025-01-02 08:37:30,4.075917503413815
2025-01-02 08:37:31,3.776500287949538
2025-01-02 08:37:32,3.2904630369839656
2025-01-02 08:37:33,3.705619384331489
2025-01-02 08:37:34,3.932438459702228
2025-01-02 08:37:35,3.8978553369778206
2025-01-02 08:37:36,4.253725144154004
2025-01-02 08:37:37,3.5130865804500875
2025-01-02 08:37:38,4.080737334409163
2025-01-02 08:37:39,3.7263515208490103
2025-01-02 08:37:40,4.1831199318914285
2025-01-02 08:37:41,3.60580429564582
2025-01-02 08:37:42,4.065891482055227
2025-01-02 08:37:43,4.2225312185563535
2025-01-02 08:37:44,4.004097185794792
2025-01-02 08:37:45,4.00630055623857
2025-01-02 08:37:46,3.660732964075502
2025-01-02 08:37:47,3.7700605792522217
2025-01-02 08:37:48,4.203044361179347
2025-01-02 08:37:49,3.888653760735174
2025-01-02 08:37:50,4.331926660328606
2025-01-02 08:37:51,3.83846210628106
2025-01-02 08:37:52,4.2156339167002
2025-01-02 08:37:53,3.6945315782259858
2025-01-02 08:37:54,3.982591710457841
2025-01-02 08:37:55,4.160924825344791
2025-01-02 08:37:56,3.7269973949797404
2025-01-02 08:37:57,4.086717337199374
2025-01-02 08:37:58,3.702213518375859
2025-01-02 08:37:59,4.131852099230595
2025-01-02 08:38:00,3.8388491465755634
2025-01-02 08:38:01,3.9051609713252766
2025-01-02 08:38:02,4.208664215777214
2025-01-02 08:38:03,3.603006451000886
2025-01-02 08:38:04,4.436290309875864
2025-01-02 08:38:05,4.109670286061957
2025-01-02 08:38:06,3.9933155080211336
2025-01-02 08:38:07,4.050276396729138
2025-01-02 08:38:08,3.9006234755086227
2025-01-02 08:38:09,4.446814614900104
2025-01-02 08:38:10,4.109226355556252
2025-01-02 08:38:11,4.429834815555462
2025-01-02 08:38:12,3.648812536576673
2025-01-02 08:38:13,3.668635118634486
2025-01-02 08:38:14,4.167718482677284
2025-01-02 08:38:15,3.8940896736243276
2025-01-02 08:38:16,4.339714896002795
2025-01-02 08:38:17,3.9260221539141984
2025-01-02 08:38:18,3.6278204281590276
2025-01-02 08:38:19,4.11159900098858
2025-01-02 08:38:20,4.0737664531288305
2025-01-02 08:38:21,3.5828992993084015
2025-01-02 08:38:22,4.368078443844191
2025-01-02 08:38:23,4.290295149224761
2025-01-02 08:38:24,3.3354854877891276
2025-01-02 08:38:25,3.915182100888988
2025-01-02 08:38:26,3.69030000822042
2025-01-02 08:38:27,
2025-01-02 08:38:28,3.5261500513798705
2025-01-02 08:38:29,3.6692209312103556
2025-01-02 08:38:30,3.6043369288753997
2025-01-02 08:38:31,4.269399667265365
2025-01-02 08:38:32,3.063208409925293
2025-01-02 08:38:33,3.5699741226505273
2025-01-02 08:38:34,4.17781943627383
2025-01-02 08:38:35,3.9303708682147107
2025-01-02 08:38:36,3.8088301820174615
2025-01-02 08:38:37,3.7835402372843236
2025-01-02 08:38:38,4.447679558116781
2025-01-02 08:38:39,3.9093110039937398
2025-01-02 08:38:40,4.588022122733776
2025-01-02 08:38:41,4.177301685907865
2025-01-02 08:38:42,3.559567069595191
2025-01-02 08:38:43,3.5790568937850384
2025-01-02 08:38:44,3.7362889777397883
2025-01-02 08:38:45,4.037703422978997
2025-01-02 08:38:46,3.400664740052415
2025-01-02 08:38:47,4.295026266850594
2025-01-02 08:38:48,4.168105249888534
2025-01-02 08:38:49,3.7342408162142786
2025-01-02 08:38:50,3.758911179735791
2025-01-02 08:38:51,3.9711492796280092
2025-01-02 08:38:52,3.7010152823212974
2025-01-02 08:38:53,3.5696475074966596
2025-01-02 08:38:54,4.521608967011628
2025-01-02 08:38:55,3.6854569983170005
2025-01-02 08:38:56,3.732981024706013
2025-01-02 08:38:57,3.50384623337209
2025-01-02 08:38:58,3.8615205208789485
2025-01-02 08:38:59,3.957484515878511
2025-01-02 08:39:00,4.212035634893496
2025-01-02 08:39:01,3.858019630945966
2025-01-02 08:39:02,3.922291892024711
2025-01-02 08:39:03,4.284524654159014
2025-01-02 08:39:04,3.493677485837509
2025-01-02 08:39:05,3.928612524602828
2025-01-02 08:39:06,3.541343644032331
2025-01-02 08:39:07,4.269474234333373
2025-01-02 08:39:08,4.353163377706026
2025-01-02 08:39:09,3.9824924077232318
2025-01-02 08:39:10,3.7531039316501076
2025-01-02 08:39:11,3.964412329964608
2025-01-02 08:39:12,3.7724829664807777
2025-01-02 08:39:13,
2025-01-02 08:39:14,3.427414816493345
2025-01-02 08:39:15,3.943059347593834
2025-01-02 08:39:16,3.9570990584687564
2025-01-02 08:39:17,3.6108524507793613
2025-01-02 08:39:18,3.4638823203048092
2025-01-02 08:39:19,3.766785055304601
2025-01-02 08:39:20,3.7071768000997474
2025-01-02 08:39:21,3.767939847387541
2025-01-02 08:39:22,3.941677395940538
2025-01-02 08:39:23,4.020294513026682
2025-01-02 08:39:24,4.109514014289748
2025-01-02 08:39:25,3.3452114041955796
2025-01-02 08:39:26,4.281017905614556
2025-01-02 08:39:27,3.8207979692888183
2025-01-02 08:39:28,3.6579307812580812
2025-01-02 08:39:29,3.8290466218916843
2025-01-02 08:39:30,3.5929106270652538
2025-01-02 08:39:31,4.089220065240963
2025-01-02 08:39:32,3.14362070902022
2025-01-02 08:39:33,4.171475511939921
2025-01-02 08:39:34,3.495494928829892
2025-01-02 08:39:35,4.154971395302597
2025-01-02 08:39:36,3.116876050488669
2025-01-02 08:39:37,4.036815521766215
2025-01-02 08:39:38,4.186543447085597
2025-01-02 08:39:39,3.5769401346952994
2025-01-02 08:39:40,3.505195388314417
2025-01-02 08:39:41,4.513809931419887
2025-01-02 08:39:42,3.480358050937315
2025-01-02 08:39:43,4.001340416716245
2025-01-02 08:39:44,3.7670421022296607
2025-01-02 08:39:45,3.5017418001276384
2025-01-02 08:39:46,4.244853173574368
2025-01-02 08:39:47,4.199376967601845
2025-01-02 08:39:48,3.941592314584574
2025-01-02 08:39:49,3.562322157000403
2025-01-02 08:39:50,4.096629126901243
2025-01-02 08:39:51,4.098150919714102
2025-01-02 08:39:52,3.9979626462922138
2025-01-02 08:39:53,4.106862148133337
2025-01-02 08:39:54,3.9078316878527457
2025-01-02 08:39:55,3.9339174698329638
2025-01-02 08:39:56,3.6086040871731426
2025-01-02 08:39:57,3.206128694877821
2025-01-02 08:39:58,3.6412188408196147
2025-01-02 08:39:59,3.897149325962033
2025-01-02 08:40:00,4.132467867809458
2025-01-02 08:40:01,3.654719782847367
2025-01-02 08:40:02,3.9625662259465484
2025-01-02 08:40:03,3.779756970519614
2025-01-02 08:40:04,4.178865901546779
2025-01-02 08:40:05,4.404171039933832
2025-01-02 08:40:06,3.4709324556018784
2025-01-02 08:40:07,3.578031464976612
2025-01-02 08:40:08,3.7638065044515496
2025-01-02 08:40:09,3.58847342358095
2025-01-02 08:40:10,3.657063226869385
2025-01-02 08:40:11,4.249900861007227
2025-01-02 08:40:12,3.2654508458432634
2025-01-02 08:40:13,3.875662187026736
2025-01-02 08:40:14,4.048639246957815
2025-01-02 08:40:15,4.2158731141456345
2025-01-02 08:40:16,3.467446538421741
2025-01-02 08:40:17,3.5301167559848654
2025-01-02 08:40:18,3.987637858876235
2025-01-02 08:40:19,4.0308697843101235
2025-01-02 08:40:20,3.4834286646286223
2025-01-02 08:40:21,3.718587708310645
2025-01-02 08:40:22,3.496896899291749
2025-01-02 08:40:23,3.7551246641855687
2025-01-02 08:40:24,4.144914535808687
2025-01-02 08:40:25,4.305146834189009
2025-01-02 08:40:26,3.975317081337862
2025-01-02 08:40:27,3.632815287482905
2025-01-02 08:40:28,3.8541222606626877
2025-01-02 08:40:29,3.2794864621468665
2025-01-02 08:40:30,
2025-01-02 08:40:31,3.8041042749627976
2025-01-02 08:40:32,3.8713079265677948
2025-01-02 08:40:33,3.98252544936246
2025-01-02 08:40:34,4.337924794879186
2025-01-02 08:40:35,4.201010537971771
2025-01-02 08:40:36,4.265576217810282
2025-01-02 08:40:37,3.849253725157117
2025-01-02 08:40:38,3.5557200497251635
2025-01-02 08:40:39,3.6040416093508205
2025-01-02 08:40:40,4.78312317502813
2025-01-02 08:40:41,3.484181888097464
2025-01-02 08:40:42,3.9472327187509433
2025-01-02 08:40:43,3.5959801981989794
2025-01-02 08:40:44,3.8135020888924687
2025-01-02 08:40:45,3.6971200187858275
2025-01-02 08:40:46,3.3354014246300783
2025-01-02 08:40:47,3.3285376387789363
2025-01-02 08:40:48,3.6674235817744987
2025-01-02 08:40:49,3.3318304113984274
2025-01-02 08:40:50,3.6515023585703537
2025-01-02 08:40:51,4.167294972030235
2025-01-02 08:40:52,3.703262593607399
2025-01-02 08:40:53,3.801287877837026
2025-01-02 08:40:54,3.640588605372421
2025-01-02 08:40:55,3.7561897671263407
2025-01-02 08:40:56,3.8008687311160263
2025-01-02 08:40:57,3.845057043890112
2025-01-02 08:40:58,4.14090019540905
2025-01-02 08:40:59,
2025-01-02 08:41:00,3.6881965656148674
2025-01-02 08:41:01,4.26383121623064
2025-01-02 08:41:02,4.118825185417383
2025-01-02 08:41:03,4.1623530811432286
2025-01-02 08:41:04,3.3994031254482904
2025-01-02 08:41:05,3.066205872618067
2025-01-02 08:41:06,3.6765939676484187
2025-01-02 08:41:07,3.7242755281583317
2025-01-02 08:41:08,3.9782468939667877
2025-01-02 08:41:09,3.489369389370449
2025-01-02 08:41:10,3.587330462945382
2025-01-02 08:41:11,3.480763245726656
2025-01-02 08:41:12,4.176149959640252
2025-01-02 08:41:13,3.902092583624525
2025-01-02 08:41:14,4.027582700440695
2025-01-02 08:41:15,3.612707791786164
2025-01-02 08:41:16,3.488592612160864
2025-01-02 08:41:17,3.945670573503353
2025-01-02 08:41:18,3.865337562828681
2025-01-02 08:41:19,3.821194076671094
2025-01-02 08:41:20,3.6054524839319924
2025-01-02 08:41:21,3.8983253093963532
2025-01-02 08:41:22,3.6570912116183996
2025-01-02 08:41:23,3.6808114747097243
2025-01-02 08:41:24,3.499568418218728
2025-01-02 08:41:25,4.318138191688114
2025-01-02 08:41:26,3.1053186527907437
2025-01-02 08:41:27,4.0116063400575594
2025-01-02 08:41:28,3.33278043850209
2025-01-02 08:41:29,4.24517026262065
2025-01-02 08:41:30,
2025-01-02 08:41:31,3.7093695331099448
2025-01-02 08:41:32,3.4767407425200436
2025-01-02 08:41:33,3.6992957418375747
2025-01-02 08:41:34,3.2337562723892326
2025-01-02 08:41:35,4.176454992788616
2025-01-02 08:41:36,3.7023964661337754
2025-01-02 08:41:37,3.791871176650598
2025-01-02 08:41:38,4.116250830061303
2025-01-02 08:41:39,3.512579003442568
2025-01-02 08:41:40,3.9623714759330073
2025-01-02 08:41:41,3.7778986181822463
2025-01-02 08:41:42,3.42874273853633
2025-01-02 08:41:43,3.2086646651678663
2025-01-02 08:41:44,4.420002221010469
2025-01-02 08:41:45,3.7310764797908798
2025-01-02 08:41:46,3.7584023761784753
2025-01-02 08:41:47,4.020130516460968
2025-01-02 08:41:48,3.6616249569511314
2025-01-02 08:41:49,3.842158442857004
2025-01-02 08:41:50,3.9903727595278595
2025-01-02 08:41:51,3.9794110909975977
2025-01-02 08:41:52,4.144139021635592
2025-01-02 08:41:53,3.9208186310064033
2025-01-02 08:41:54,3.9408159565130387
2025-01-02 08:41:55,3.0854814390688636
2025-01-02 08:41:56,3.464504800977121
2025-01-02 08:41:57,3.897347467288983
2025-01-02 08:41:58,4.030272921865989
2025-01-02 08:41:59,3.7124115756193508
2025-01-02 08:42:00,3.597518458830626
2025-01-02 08:42:01,
2025-01-02 08:42:02,3.7948613607208252
2025-01-02 08:42:03,4.087789018783852
2025-01-02 08:42:04,3.5054705419198973
2025-01-02 08:42:05,3.8699531585468394
2025-01-02 08:42:06,3.9946531362955895
2025-01-02 08:42:07,3.819539834788359
2025-01-02 08:42:08,4.050851768368617
2025-01-02 08:42:09,4.00379733578143
2025-01-02 08:42:10,4.111654254833996
2025-01-02 08:42:11,3.950961037465767
2025-01-02 08:42:12,3.2449734261616445
2025-01-02 08:42:13,4.0060927208018375
2025-01-02 08:42:14,3.506221864504732
2025-01-02 08:42:15,3.699155520247429
2025-01-02 08:42:16,3.566614877874532
2025-01-02 08:42:17,3.0964456558406823
2025-01-02 08:42:18,3.942633284859775
2025-01-02 08:42:19,3.746690962166156
2025-01-02 08:42:20,2.971541626413049
2025-01-02 08:42:21,3.946684673855946
2025-01-02 08:42:22,3.4155613853114706
2025-01-02 08:42:23,3.1818316437318
2025-01-02 08:42:24,3.755155442824002
2025-01-02 08:42:25,3.458434689955419
2025-01-02 08:42:26,3.589728427201628
2025-01-02 08:42:27,4.209815513787759
2025-01-02 08:42:28,3.710156274874791
2025-01-02 08:42:29,3.5797086872883805
2025-01-02 08:42:30,3.0056690718744608
2025-01-02 08:42:31,3.0728588815040148
2025-01-02 08:42:32,3.4728415671859483
2025-01-02 08:42:33,3.989079442780338
2025-01-02 08:42:34,3.7988333051148344
2025-01-02 08:42:35,3.656171165923311
2025-01-02 08:42:36,3.6682330618775127
2025-01-02 08:42:37,3.7746582848377437
2025-01-02 08:42:38,3.6465818634890295
2025-01-02 08:42:39,4.047738230079581
2025-01-02 08:42:40,3.6077015808376047
2025-01-02 08:42:41,3.8938129653239026
2025-01-02 08:42:42,3.615655302356767
2025-01-02 08:42:43,3.7106697870324368
2025-01-02 08:42:44,3.889062018159321
2025-01-02 08:42:45,3.816301809027472
2025-01-02 08:42:46,3.534680923515036
2025-01-02 08:42:47,4.096311726990782
2025-01-02 08:42:48,3.817093542654023
2025-01-02 08:42:49,3.252737010809684
2025-01-02 08:42:50,3.815212700276087
2025-01-02 08:42:51,3.667890283025122
2025-01-02 08:42:52,3.732491108466188
2025-01-02 08:42:53,4.085527604988063
2025-01-02 08:42:54,4.060632128458146
2025-01-02 08:42:55,4.009715599420446
2025-01-02 08:42:56,3.40387832755354
2025-01-02 08:42:57,
2025-01-02 08:42:58,3.2261916059798112
2025-01-02 08:42:59,3.4054126873932535
2025-01-02 08:43:00,3.6204598892047235
2025-01-02 08:43:01,3.5664834717225538
2025-01-02 08:43:02,3.6924125238531817
2025-01-02 08:43:03,4.353857562112587
2025-01-02 08:43:04,3.7057268770420997
2025-01-02 08:43:05,3.945034972035536
2025-01-02 08:43:06,4.134451785745941
2025-01-02 08:43:07,3.9516239410990255
2025-01-02 08:43:08,3.7439751045800422
2025-01-02 08:43:09,3.666880726979275
2025-01-02 08:43:10,4.252933728149228
2025-01-02 08:43:11,4.0322184338397795
2025-01-02 08:43:12,3.124543118560023
2025-01-02 08:43:13,3.5555094053050156
2025-01-02 08:43:14,3.886445112083512
2025-01-02 08:43:15,3.4705193467121176
2025-01-02 08:43:16,3.691675221893367
2025-01-02 08:43:17,3.791836388321015
2025-01-02 08:43:18,3.6722610671970912
2025-01-02 08:43:19,3.7617712754571664
2025-01-02 08:43:20,3.6990534946026004
2025-01-02 08:43:21,
2025-01-02 08:43:22,3.6813289811179413
2025-01-02 08:43:23,3.7367899734724412
2025-01-02 08:43:24,3.889979258968447
2025-01-02 08:43:25,3.5847142804774044
2025-01-02 08:43:26,3.54688103553237
2025-01-02 08:43:27,3.968122623154922
2025-01-02 08:43:28,4.105003127366121
2025-01-02 08:43:29,3.922319991978128
2025-01-02 08:43:30,3.977148540703175
2025-01-02 08:43:31,3.854054062069831
2025-01-02 08:43:32,3.6378912357164332
2025-01-02 08:43:33,3.5926717755430526
2025-01-02 08:43:34,3.755091471627326
2025-01-02 08:43:35,3.956221472723074
2025-01-02 08:43:36,3.783088405601216
2025-01-02 08:43:37,3.4308142841627234
2025-01-02 08:43:38,3.147839246651389
2025-01-02 08:43:39,3.6499437706871576
2025-01-02 08:43:40,3.5278253662196897
2025-01-02 08:43:41,3.45732247755136
2025-01-02 08:43:42,3.3504944556049066
2025-01-02 08:43:43,4.009168719633683
2025-01-02 08:43:44,3.8256780115582636
2025-01-02 08:43:45,3.69446730467767
2025-01-02 08:43:46,3.507904074269739
2025-01-02 08:43:47,3.7184073029898888
2025-01-02 08:43:48,3.3495817944784125
2025-01-02 08:43:49,3.7328876859819733
2025-01-02 08:43:50,3.844936884953726
2025-01-02 08:43:51,3.676426986544639
2025-01-02 08:43:52,3.6961424791243194
2025-01-02 08:43:53,4.003272845379479
2025-01-02 08:43:54,3.421564993078964
2025-01-02 08:43:55,3.7295691285595356
2025-01-02 08:43:56,3.3232793578123845
2025-01-02 08:43:57,3.78335303376526
2025-01-02 08:43:58,3.6068601829335463
2025-01-02 08:43:59,3.6623507556753756
2025-01-02 08:44:00,3.3370041524607514
2025-01-02 08:44:01,3.770661850692512
2025-01-02 08:44:02,3.8563924280405915
2025-01-02 08:44:03,4.639075771154538
2025-01-02 08:44:04,4.16143425717798
2025-01-02 08:44:05,4.165201041816286
2025-01-02 08:44:06,3.7714159896220707
2025-01-02 08:44:07,3.6283007666725187
2025-01-02 08:44:08,4.820215597431372
2025-01-02 08:44:09,3.5687504968082515
2025-01-02 08:44:10,4.025226601599737
2025-01-02 08:44:11,3.887619225863613
2025-01-02 08:44:12,4.2701419149942454
2025-01-02 08:44:13,3.693203716775819
2025-01-02 08:44:14,4.095335046662865
2025-01-02 08:44:15,4.21217593901636
2025-01-02 08:44:16,4.0213429382098616
2025-01-02 08:44:17,3.5035092654833626
2025-01-02 08:44:18,3.621025884854682
2025-01-02 08:44:19,3.5846183304864465
2025-01-02 08:44:20,3.5866391090389964
2025-01-02 08:44:21,3.6763445195540583
2025-01-02 08:44:22,4.040802894759167
2025-01-02 08:44:23,3.758101745730086
2025-01-02 08:44:24,4.016164972170883
2025-01-02 08:44:25,3.645501653795891
2025-01-02 08:44:26,3.8636711314325303
2025-01-02 08:44:27,3.766650347922479
2025-01-02 08:44:28,3.7620736639017602
2025-01-02 08:44:29,3.0825854185387804
2025-01-02 08:44:30,3.615233580390155
2025-01-02 08:44:31,3.8247004982028843
2025-01-02 08:44:32,4.003190472792639
2025-01-02 08:44:33,3.9060042974986136
2025-01-02 08:44:34,3.6269508704893543
2025-01-02 08:44:35,3.7268298439383867
2025-01-02 08:44:36,3.2156344239898496
2025-01-02 08:44:37,3.56032924129352
2025-01-02 08:44:38,3.97315029554948
2025-01-02 08:44:39,3.851808930337672
2025-01-02 08:44:40,3.7371741049312384
2025-01-02 08:44:41,3.8992943267405713
2025-01-02 08:44:42,3.7954185213802143
2025-01-02 08:44:43,3.80077029207935
2025-01-02 08:44:44,3.754932466682787
2025-01-02 08:44:45,3.985919159211615
2025-01-02 08:44:46,3.625976841191935
2025-01-02 08:44:47,3.4179334131731323
2025-01-02 08:44:48,3.769811997361238
2025-01-02 08:44:49,3.4475480183117426
2025-01-02 08:44:50,3.904406904660848
2025-01-02 08:44:51,4.016362395641314
2025-01-02 08:44:52,4.137898435809377
2025-01-02 08:44:53,3.309103713062503
2025-01-02 08:44:54,3.5807389191531986
2025-01-02 08:44:55,3.2085146727746654
2025-01-02 08:44:56,3.634490573851159
2025-01-02 08:44:57,4.053740686168622
2025-01-02 08:44:58,4.318769503428448
2025-01-02 08:44:59,3.500782137842769
2025-01-02 08:45:00,3.9579681894347023
2025-01-02 08:45:01,3.443956168526685
2025-01-02 08:45:02,4.365888394423584
2025-01-02 08:45:03,4.3598485913260365
2025-01-02 08:45:04,3.683530462225568
2025-01-02 08:45:05,4.071889006627061
2025-01-02 08:45:06,3.4587394809006593
2025-01-02 08:45:07,3.7564387249263675
2025-01-02 08:45:08,3.576013674344248
2025-01-02 08:45:09,3.2873192502279243
2025-01-02 08:45:10,4.039463523054707
2025-01-02 08:45:11,3.194204410936835
2025-01-02 08:45:12,3.3285633174691327
2025-01-02 08:45:13,3.5073284904620823
2025-01-02 08:45:14,3.9254173332496194
2025-01-02 08:45:15,3.409575825762724
2025-01-02 08:45:16,3.908527309534482
2025-01-02 08:45:17,4.13538335207741
2025-01-02 08:45:18,3.706465483540753
2025-01-02 08:45:19,3.565467499519056
2025-01-02 08:45:20,3.6295865135799907
2025-01-02 08:45:21,3.789598180463103
2025-01-02 08:45:22,3.8971735140520103
2025-01-02 08:45:23,4.153716410109454
2025-01-02 08:45:24,3.542088301824115
2025-01-02 08:45:25,3.4546241507979047
2025-01-02 08:45:26,
2025-01-02 08:45:27,3.3250001826798434
2025-01-02 08:45:28,4.105138707056114
2025-01-02 08:45:29,4.066499065667642
2025-01-02 08:45:30,3.1282698398425
2025-01-02 08:45:31,3.763929552813779
2025-01-02 08:45:32,3.8683674146153946
2025-01-02 08:45:33,3.2961011221550685
2025-01-02 08:45:34,3.9243816111127887
2025-01-02 08:45:35,4.00296058285092
2025-01-02 08:45:36,
2025-01-02 08:45:37,3.4538276557655867
2025-01-02 08:45:38,3.3999688186820762
2025-01-02 08:45:39,3.3550611288680807
2025-01-02 08:45:40,4.318002235312306
2025-01-02 08:45:41,3.7434801268212277
2025-01-02 08:45:42,3.559160135994547
2025-01-02 08:45:43,3.4056394782938235
2025-01-02 08:45:44,
2025-01-02 08:45:45,4.335134233226151
2025-01-02 08:45:46,4.1877715059342435
2025-01-02 08:45:47,3.458869217098654
2025-01-02 08:45:48,3.695471482496725
2025-01-02 08:45:49,3.804911133278204
2025-01-02 08:45:50,3.7698258870441603
2025-01-02 08:45:51,3.906010276877184
2025-01-02 08:45:52,3.829449373505461
2025-01-02 08:45:53,3.447051173966258
2025-01-02 08:45:54,3.9201547457328725
2025-01-02 08:45:55,3.403551343990382
2025-01-02 08:45:56,4.172513929003107
2025-01-02 08:45:57,3.420669501763603
2025-01-02 08:45:58,3.4301857830417686
2025-01-02 08:45:59,3.941280982619563
2025-01-02 08:46:00,3.7966847938667194
2025-01-02 08:46:01,3.710120978209156
2025-01-02 08:46:02,3.8293351230642125
2025-01-02 08:46:03,4.090638425457955
2025-01-02 08:46:04,3.708180762195676
2025-01-02 08:46:05,3.4509278537782704
2025-01-02 08:46:06,3.615296312238996
2025-01-02 08:46:07,3.6070052703901188
2025-01-02 08:46:08,3.6487754001438875
2025-01-02 08:46:09,3.48374266325999
2025-01-02 08:46:10,4.190757833160512
2025-01-02 08:46:11,3.676150495910883
2025-01-02 08:46:12,3.744070448746464
2025-01-02 08:46:13,3.4283398693924942
2025-01-02 08:46:14,4.373901563620155
2025-01-02 08:46:15,3.6019598816538485
2025-01-02 08:46:16,4.081585116283611
2025-01-02 08:46:17,3.3622292060249683
2025-01-02 08:46:18,3.682260088459574
2025-01-02 08:46:19,3.9516401434611184
2025-01-02 08:46:20,4.019468115936932
2025-01-02 08:46:21,3.8495331144480662
2025-01-02 08:46:22,4.297843634584277
2025-01-02 08:46:23,3.576691840588268
2025-01-02 08:46:24,3.8519651625169913
2025-01-02 08:46:25,3.38752155866615
2025-01-02 08:46:26,2.9239370501855326
2025-01-02 08:46:27,3.153772364585044
2025-01-02 08:46:28,3.0490789302708374
2025-01-02 08:46:29,3.9393071421514927
2025-01-02 08:46:30,3.2479883497019966
2025-01-02 08:46:31,3.3779575679554035
2025-01-02 08:46:32,3.701595679710012
2025-01-02 08:46:33,4.139973119384631
2025-01-02 08:46:34,3.5135574675038983
2025-01-02 08:46:35,3.7397974386958115
2025-01-02 08:46:36,3.411760955753479
2025-01-02 08:46:37,3.6014013944911754
2025-01-02 08:46:38,3.7704777952794695
2025-01-02 08:46:39,3.7144605205599373
2025-01-02 08:46:40,3.5478998756062983
2025-01-02 08:46:41,3.847218765126386
2025-01-02 08:46:42,3.1072617112174195
2025-01-02 08:46:43,3.274064636856503
2025-01-02 08:46:44,3.721307529964248
2025-01-02 08:46:45,3.361152298062564
2025-01-02 08:46:46,3.865239573443743
2025-01-02 08:46:47,3.24809449095717
2025-01-02 08:46:48,3.593385915736234
2025-01-02 08:46:49,3.6087174426868676
2025-01-02 08:46:50,3.1420109151911095
2025-01-02 08:46:51,3.523198029706546
2025-01-02 08:46:52,3.594428235378366
2025-01-02 08:46:53,3.8440994209516735
2025-01-02 08:46:54,3.9424940798202703
2025-01-02 08:46:55,3.809368603042061
2025-01-02 08:46:56,3.842795565148525
2025-01-02 08:46:57,2.8241543018059962
2025-01-02 08:46:58,3.3306859894167333
2025-01-02 08:46:59,2.82866118918648
2025-01-02 08:47:00,3.4641095996478604
2025-01-02 08:47:01,3.6133915248493547
2025-01-02 08:47:02,3.5903346635225066
2025-01-02 08:47:03,4.004511677561891
2025-01-02 08:47:04,3.8159464424112683
2025-01-02 08:47:05,3.5785936144821653
2025-01-02 08:47:06,3.3790127212604673
2025-01-02 08:47:07,4.107344238445572
2025-01-02 08:47:08,3.6860081312945656
2025-01-02 08:47:09,4.03955655895927
2025-01-02 08:47:10,3.2251911002064393
2025-01-02 08:47:11,3.7993684566663637
2025-01-02 08:47:12,3.758005607202147
2025-01-02 08:47:13,4.033960281260597
2025-01-02 08:47:14,2.9131482477766646
2025-01-02 08:47:15,4.401904835169487
2025-01-02 08:47:16,3.9969694549933483
2025-01-02 08:47:17,3.9011688868115364
2025-01-02 08:47:18,3.9234128786698252
2025-01-02 08:47:19,4.115878410990986
2025-01-02 08:47:20,3.4234607013027256
2025-01-02 08:47:21,3.4204414955328497
2025-01-02 08:47:22,4.495723263670576
2025-01-02 08:47:23,4.101220897666161
2025-01-02 08:47:24,3.293491328568657
2025-01-02 08:47:25,3.414993229615468
2025-01-02 08:47:26,3.4840513372298805
2025-01-02 08:47:27,4.183768002936716
2025-01-02 08:47:28,3.3450195953756574
2025-01-02 08:47:29,3.37212073780864
2025-01-02 08:47:30,3.676216881257696
2025-01-02 08:47:31,3.6957475190384166
2025-01-02 08:47:32,3.918159609326578
2025-01-02 08:47:33,3.4338746927318446
2025-01-02 08:47:34,3.6814074217642294
2025-01-02 08:47:35,3.815926249133203
2025-01-02 08:47:36,3.7806926766715363
2025-01-02 08:47:37,3.251047193108512
2025-01-02 08:47:38,3.377036851062243
2025-01-02 08:47:39,3.910120163250686
2025-01-02 08:47:40,3.209132723095922
2025-01-02 08:47:41,3.83482488160908
2025-01-02 08:47:42,3.0964926157541077
2025-01-02 08:47:43,3.6835112868863265
2025-01-02 08:47:44,3.5939813551995634
2025-01-02 08:47:45,
2025-01-02 08:47:46,3.73808347840385
2025-01-02 08:47:47,3.6546015545813364
2025-01-02 08:47:48,3.7074558397789414
2025-01-02 08:47:49,3.71608682509325
2025-01-02 08:47:50,3.936299727567112
2025-01-02 08:47:51,3.1283732245393785
2025-01-02 08:47:52,3.0737329646696905
2025-01-02 08:47:53,3.77784241627394
2025-01-02 08:47:54,3.892640185907586
2025-01-02 08:47:55,4.196112819019006
2025-01-02 08:47:56,3.656343787880526
2025-01-02 08:47:57,4.153131672985775
2025-01-02 08:47:58,3.648164724153613
2025-01-02 08:47:59,3.9960926515421735
2025-01-02 08:48:00,3.98848753764381
2025-01-02 08:48:01,3.960310700185465
2025-01-02 08:48:02,3.8060965787967613
2025-01-02 08:48:03,
2025-01-02 08:48:04,3.852565282212185
2025-01-02 08:48:05,3.721421157340351
2025-01-02 08:48:06,3.6915389944391412
2025-01-02 08:48:07,3.4073419933660625
2025-01-02 08:48:08,3.3640782570426877
2025-01-02 08:48:09,3.9736888462013864
2025-01-02 08:48:10,3.9918887182993137
2025-01-02 08:48:11,3.865186534465887
2025-01-02 08:48:12,3.52913567694337
2025-01-02 08:48:13,3.9507033694109235
2025-01-02 08:48:14,3.648510717951268
2025-01-02 08:48:15,3.7518276259061842
2025-01-02 08:48:16,3.9599664919852633
2025-01-02 08:48:17,3.6681444214666374
2025-01-02 08:48:18,3.812001529616535
2025-01-02 08:48:19,3.3167576880067755
2025-01-02 08:48:20,4.341269531833892
2025-01-02 08:48:21,3.7669088457494038
2025-01-02 08:48:22,4.275472871352359
2025-01-02 08:48:23,3.7866816198134035
2025-01-02 08:48:24,3.97417334882822
2025-01-02 08:48:25,3.3779084313687635
2025-01-02 08:48:26,3.3432969759914393
2025-01-02 08:48:27,3.7543949138247417
2025-01-02 08:48:28,3.861341149896294
2025-01-02 08:48:29,4.0053090616187665
2025-01-02 08:48:30,3.462897839245087
2025-01-02 08:48:31,4.01297353306513
2025-01-02 08:48:32,3.4627523197607015
2025-01-02 08:48:33,3.5875784973989155
2025-01-02 08:48:34,4.315206039467735
2025-01-02 08:48:35,3.3685806942479855
2025-01-02 08:48:36,3.339359789142934
2025-01-02 08:48:37,3.226848748405164
2025-01-02 08:48:38,
2025-01-02 08:48:39,4.1314077275490515
2025-01-02 08:48:40,3.4514959677177437
2025-01-02 08:48:41,
2025-01-02 08:48:42,3.4939481177093237
2025-01-02 08:48:43,3.624312022061975
2025-01-02 08:48:44,3.364840676988382
2025-01-02 08:48:45,3.313915288991178
2025-01-02 08:48:46,3.9158254709922873
2025-01-02 08:48:47,3.9873471998327985
2025-01-02 08:48:48,3.868185926244549
2025-01-02 08:48:49,3.3244492634989884
2025-01-02 08:48:50,3.2207683901683124
2025-01-02 08:48:51,3.544589177595678
2025-01-02 08:48:52,3.176503848416184
2025-01-02 08:48:53,3.091225593228796
2025-01-02 08:48:54,3.566350297654003
2025-01-02 08:48:55,3.8980093841477967
2025-01-02 08:48:56,4.149325833361211
2025-01-02 08:48:57,3.841888393646102
2025-01-02 08:48:58,3.976753937585303
2025-01-02 08:48:59,3.8009115642637497
2025-01-02 08:49:00,3.0984866884194364
2025-01-02 08:49:01,3.568958858627651
2025-01-02 08:49:02,4.163292999663017
2025-01-02 08:49:03,3.699869804990637
2025-01-02 08:49:04,3.311999504587227
2025-01-02 08:49:05,3.2850523204628437
2025-01-02 08:49:06,3.839891749883792
2025-01-02 08:49:07,3.1762886877745475
2025-01-02 08:49:08,3.989710791279516
2025-01-02 08:49:09,3.547700338133355
2025-01-02 08:49:10,3.506319527836528
2025-01-02 08:49:11,4.041618024247592
2025-01-02 08:49:12,3.460191017019887
2025-01-02 08:49:13,3.260184154064631
2025-01-02 08:49:14,3.196549608602477
2025-01-02 08:49:15,3.791686886894036
2025-01-02 08:49:16,
2025-01-02 08:49:17,3.9151125483381852
2025-01-02 08:49:18,3.33641413991174
2025-01-02 08:49:19,3.5093962674493815
2025-01-02 08:49:20,3.9489932477672967
2025-01-02 08:49:21,3.704852166108469
2025-01-02 08:49:22,3.838695106815401
2025-01-02 08:49:23,3.554507731571892
2025-01-02 08:49:24,2.9627626583773097
2025-01-02 08:49:25,3.539156441816988
2025-01-02 08:49:26,3.872067367969692
2025-01-02 08:49:27,3.568566196548578
2025-01-02 08:49:28,3.6037264114443897
2025-01-02 08:49:29,4.189498958854298
2025-01-02 08:49:30,3.44749640260514
2025-01-02 08:49:31,4.142391884846932
2025-01-02 08:49:32,3.975310458529478
2025-01-02 08:49:33,3.70993433799827
2025-01-02 08:49:34,3.5820387397184326
2025-01-02 08:49:35,3.5360305628077198
2025-01-02 08:49:36,3.8661332516835776
2025-01-02 08:49:37,3.1030900416304643
2025-01-02 08:49:38,3.5456863013191566
2025-01-02 08:49:39,3.5733978985205135
2025-01-02 08:49:40,3.6386814191351595
2025-01-02 08:49:41,3.7988261947385595
2025-01-02 08:49:42,3.871213969421556
2025-01-02 08:49:43,3.9783492745356908
2025-01-02 08:49:44,3.7065686951010064
2025-01-02 08:49:45,3.4599313081932
2025-01-02 08:49:46,3.555750313837086
2025-01-02 08:49:47,3.3409097331771775
2025-01-02 08:49:48,3.6719970019084096
2025-01-02 08:49:49,3.629476758646215
2025-01-02 08:49:50,4.07541627289588
2025-01-02 08:49:51,3.7883136692234207
2025-01-02 08:49:52,3.819156199885163
2025-01-02 08:49:53,3.9179759940456984
2025-01-02 08:49:54,3.4871635762293187
2025-01-02 08:49:55,3.886620483264426
2025-01-02 08:49:56,3.4964963115593917
2025-01-02 08:49:57,3.5872232477171457
2025-01-02 08:49:58,4.176741198858393
2025-01-02 08:49:59,3.842899929897768
2025-01-02 08:50:00,3.502777550753431
2025-01-02 08:50:01,3.7362530623457637
2025-01-02 08:50:02,3.3410361489264115
2025-01-02 08:50:03,3.9393013349075345
2025-01-02 08:50:04,3.6529412061673123
2025-01-02 08:50:05,3.713457997945479
2025-01-02 08:50:06,3.698972160826622
2025-01-02 08:50:07,3.83423268428517
2025-01-02 08:50:08,3.7596325822336594
2025-01-02 08:50:09,3.980345753540165
2025-01-02 08:50:10,3.1350957483963744
2025-01-02 08:50:11,3.8655868445948482
2025-01-02 08:50:12,3.8287631024232978
2025-01-02 08:50:13,3.6422603470782358
2025-01-02 08:50:14,4.152548191514404
2025-01-02 08:50:15,3.803362927027911
2025-01-02 08:50:16,3.9237572581002986
2025-01-02 08:50:17,3.265354018155978
2025-01-02 08:50:18,3.9532966417040307
2025-01-02 08:50:19,3.953602083819558
2025-01-02 08:50:20,
2025-01-02 08:50:21,3.676799572270863
2025-01-02 08:50:22,3.7620113389626817
2025-01-02 08:50:23,3.330123517116733
2025-01-02 08:50:24,3.812470696203267
2025-01-02 08:50:25,3.6563056753004863
2025-01-02 08:50:26,3.288171802924258
2025-01-02 08:50:27,3.4945510714846026
2025-01-02 08:50:28,3.292492187801632
2025-01-02 08:50:29,3.356982030065838
2025-01-02 08:50:30,3.620079962889688
2025-01-02 08:50:31,3.3109401136322454
2025-01-02 08:50:32,3.6063253304145055
2025-01-02 08:50:33,3.684330640295757
2025-01-02 08:50:34,3.7116345572437823
2025-01-02 08:50:35,3.9000711444275913
2025-01-02 08:50:36,3.482624106424749
2025-01-02 08:50:37,3.5299936224642985
2025-01-02 08:50:38,3.8148444210033863
2025-01-02 08:50:39,3.8912700471641504
2025-01-02 08:50:40,3.915189288766396
2025-01-02 08:50:41,3.426322022419239
2025-01-02 08:50:42,3.9197487833226217
2025-01-02 08:50:43,3.426076140198999
2025-01-02 08:50:44,
2025-01-02 08:50:45,3.7155635920675048
2025-01-02 08:50:46,3.38622030937879
2025-01-02 08:50:47,3.8601610204501386
2025-01-02 08:50:48,3.481376394673369
2025-01-02 08:50:49,4.01965846173494
2025-01-02 08:50:50,3.5778776894756947
2025-01-02 08:50:51,3.7163101660706177
2025-01-02 08:50:52,3.633193400924532
2025-01-02 08:50:53,3.6705592592964553
2025-01-02 08:50:54,4.060127554907888
2025-01-02 08:50:55,3.450345056301792
2025-01-02 08:50:56,3.595472278335225
2025-01-02 08:50:57,
2025-01-02 08:50:58,3.902203282401004
2025-01-02 08:50:59,
2025-01-02 08:51:00,
2025-01-02 08:51:01,4.140181227221796
2025-01-02 08:51:02,3.8851135599368845
2025-01-02 08:51:03,
2025-01-02 08:51:04,4.178131944134343
2025-01-02 08:51:05,3.1927161860994167
2025-01-02 08:51:06,3.338934447406983
2025-01-02 08:51:07,4.311418883309713
2025-01-02 08:51:08,3.480686946046341
2025-01-02 08:51:09,3.121281826215477
2025-01-02 08:51:10,4.316693398472035
2025-01-02 08:51:11,3.9604256036557373
2025-01-02 08:51:12,3.912552064401661
2025-01-02 08:51:13,3.4822181919182573
2025-01-02 08:51:14,3.6424498496048865
2025-01-02 08:51:15,3.554585999937073
2025-01-02 08:51:16,3.241594585046941
2025-01-02 08:51:17,3.443532960292137
2025-01-02 08:51:18,3.5397128547778314
2025-01-02 08:51:19,4.117561728962922
2025-01-02 08:51:20,3.584905001842082
2025-01-02 08:51:21,3.5193526630848644
2025-01-02 08:51:22,3.239823567272572
2025-01-02 08:51:23,3.3583803811080393
2025-01-02 08:51:24,3.072353701051257
2025-01-02 08:51:25,3.6440293687287952
2025-01-02 08:51:26,3.077455253044769
2025-01-02 08:51:27,3.8179659329961515
2025-01-02 08:51:28,4.353072085921809
2025-01-02 08:51:29,3.7637520501663095
2025-01-02 08:51:30,3.42377633940844
2025-01-02 08:51:31,3.875141985129944
2025-01-02 08:51:32,3.5093277612422344
2025-01-02 08:51:33,3.661966382588016
2025-01-02 08:51:34,3.345133637569421
2025-01-02 08:51:35,3.7706642763435934
2025-01-02 08:51:36,3.6638144253938623
2025-01-02 08:51:37,3.8532501811510222
2025-01-02 08:51:38,3.7388826268336217
2025-01-02 08:51:39,3.7224643473547587
2025-01-02 08:51:40,3.3895667638986624
2025-01-02 08:51:41,3.4174194537142117
2025-01-02 08:51:42,4.207033945420039
2025-01-02 08:51:43,3.686419606193704
2025-01-02 08:51:44,3.5354876337066616
2025-01-02 08:51:45,
2025-01-02 08:51:46,3.9354278075558917
2025-01-02 08:51:47,3.9061815637985884
2025-01-02 08:51:48,4.094633114950232
2025-01-02 08:51:49,4.154682456440186
2025-01-02 08:51:50,3.2785400833039313
2025-01-02 08:51:51,3.3391632150527824
2025-01-02 08:51:52,3.4705647185901203
2025-01-02 08:51:53,3.152984191436047
2025-01-02 08:51:54,3.9056446755275847
2025-01-02 08:51:55,3.815044136279786
2025-01-02 08:51:56,3.5591917787193865
2025-01-02 08:51:57,3.6514184177611906
2025-01-02 08:51:58,3.693287320171475
2025-01-02 08:51:59,3.5370019779956734
2025-01-02 08:52:00,3.4387356793609856
2025-01-02 08:52:01,3.5807875693230686
2025-01-02 08:52:02,3.5441740213399506
2025-01-02 08:52:03,3.9077876332078807
2025-01-02 08:52:04,3.5273246340506574
2025-01-02 08:52:05,4.1587353952619335
2025-01-02 08:52:06,3.362072159033361
2025-01-02 08:52:07,3.424150062778824
2025-01-02 08:52:08,3.4871620817731337
2025-01-02 08:52:09,3.6204694758597147
2025-01-02 08:52:10,3.671414096932412
2025-01-02 08:52:11,3.1006695491072014
2025-01-02 08:52:12,3.8882990732435707
2025-01-02 08:52:13,3.595732665153199
2025-01-02 08:52:14,3.3440848161784946
2025-01-02 08:52:15,3.7267032843973267
2025-01-02 08:52:16,3.989562717015657
2025-01-02 08:52:17,3.761097535431395
2025-01-02 08:52:18,4.14786406399453
2025-01-02 08:52:19,3.4581340723548313
2025-01-02 08:52:20,3.638053140510514
2025-01-02 08:52:21,3.982965152572835
2025-01-02 08:52:22,3.7317451891269657
2025-01-02 08:52:23,3.5317853319873858
2025-01-02 08:52:24,3.6727949765095125
2025-01-02 08:52:25,3.4141630183859677
2025-01-02 08:52:26,3.8347984076393713
2025-01-02 08:52:27,3.75677828435415
2025-01-02 08:52:28,3.76349811360067
2025-01-02 08:52:29,3.5742709957859184
2025-01-02 08:52:30,3.584791468599
2025-01-02 08:52:31,4.003970214713455
2025-01-02 08:52:32,3.4482099589165256
2025-01-02 08:52:33,3.578139557108242
2025-01-02 08:52:34,3.8410902250203858
2025-01-02 08:52:35,3.2273289836386643
2025-01-02 08:52:36,3.10319712325708
2025-01-02 08:52:37,3.4341444244978927
2025-01-02 08:52:38,3.157730760508578
2025-01-02 08:52:39,3.915050736174422
2025-01-02 08:52:40,3.358655271016748
2025-01-02 08:52:41,3.521183251161472
2025-01-02 08:52:42,3.165660897469732
2025-01-02 08:52:43,
2025-01-02 08:52:44,3.4393075918960228
2025-01-02 08:52:45,3.7994542627534353
2025-01-02 08:52:46,3.551195502518623
2025-01-02 08:52:47,3.7821881471595855
2025-01-02 08:52:48,3.46065056687911
2025-01-02 08:52:49,3.703853183953838
2025-01-02 08:52:50,3.4915909326017
2025-01-02 08:52:51,3.550671642117841
2025-01-02 08:52:52,3.7648847927831532
2025-01-02 08:52:53,3.2238763246475246
2025-01-02 08:52:54,3.816268183668288
2025-01-02 08:52:55,3.5998489877027984
2025-01-02 08:52:56,3.081511219572402
2025-01-02 08:52:57,3.0962760501707005
2025-01-02 08:52:58,3.9446288790224417
2025-01-02 08:52:59,3.740035573770102
2025-01-02 08:53:00,3.8208675108338457
2025-01-02 08:53:01,3.906226648137373
2025-01-02 08:53:02,3.512632616909968
2025-01-02 08:53:03,3.271193356169569
2025-01-02 08:53:04,3.7834916183822616
2025-01-02 08:53:05,3.6216104859100744
2025-01-02 08:53:06,3.3439260668650226
2025-01-02 08:53:07,3.6444370535918824
2025-01-02 08:53:08,3.9427412172544907
2025-01-02 08:53:09,3.2435699572744987
2025-01-02 08:53:10,3.6301226536821773
2025-01-02 08:53:11,3.4982216236227357
2025-01-02 08:53:12,3.3904643663167224
2025-01-02 08:53:13,3.417017989524837
2025-01-02 08:53:14,3.23832287766109
2025-01-02 08:53:15,
2025-01-02 08:53:16,4.432360265201089
2025-01-02 08:53:17,3.900837340111548
2025-01-02 08:53:18,3.787173785874804
2025-01-02 08:53:19,4.149027852925192
2025-01-02 08:53:20,3.2168480045363714
2025-01-02 08:53:21,3.431061786075518
2025-01-02 08:53:22,3.6077391982057057
2025-01-02 08:53:23,3.7616090154081125
2025-01-02 08:53:24,3.9534044856832806
2025-01-02 08:53:25,3.4711926097043313
2025-01-02 08:53:26,3.4731095599824817
2025-01-02 08:53:27,3.202715169746088
2025-01-02 08:53:28,3.556954929101359
2025-01-02 08:53:29,3.393888354955674
2025-01-02 08:53:30,3.536800499363474
2025-01-02 08:53:31,3.370739267910886
2025-01-02 08:53:32,
2025-01-02 08:53:33,3.35316324491937
2025-01-02 08:53:34,3.63367167006081
2025-01-02 08:53:35,3.9485212854178653
2025-01-02 08:53:36,3.4725504194326975
2025-01-02 08:53:37,3.441779793742079
2025-01-02 08:53:38,3.6052534925278503
2025-01-02 08:53:39,2.8815348381421093
2025-01-02 08:53:40,3.8669085334511335
2025-01-02 08:53:41,3.5063509824380614
2025-01-02 08:53:42,3.411039332323253
2025-01-02 08:53:43,3.5214403062293984
2025-01-02 08:53:44,3.343609678530405
2025-01-02 08:53:45,3.6108215962590937
2025-01-02 08:53:46,3.597980909119452
2025-01-02 08:53:47,4.318466458183396
2025-01-02 08:53:48,3.790895905000753
2025-01-02 08:53:49,3.368996790708167
2025-01-02 08:53:50,3.3516834717461435
2025-01-02 08:53:51,3.1833485539075363
2025-01-02 08:53:52,3.76734548780463
2025-01-02 08:53:53,3.108563884047898
2025-01-02 08:53:54,2.8934427610451134
2025-01-02 08:53:55,3.097764548155205
2025-01-02 08:53:56,3.602531016926652
2025-01-02 08:53:57,3.767428336110007
2025-01-02 08:53:58,3.8755544006365334
2025-01-02 08:53:59,3.9301347468016927
2025-01-02 08:54:00,3.5122076716508617
2025-01-02 08:54:01,3.6776580094427382
2025-01-02 08:54:02,3.7135216242752773
2025-01-02 08:54:03,3.2068428943438834
2025-01-02 08:54:04,3.4997489567667
2025-01-02 08:54:05,3.4547001932412797
2025-01-02 08:54:06,2.9154136394660695
2025-01-02 08:54:07,4.240102497391708
2025-01-02 08:54:08,3.5969524798253714
2025-01-02 08:54:09,4.269060224815223
2025-01-02 08:54:10,3.6249321765088607
2025-01-02 08:54:11,3.7694364050766875
2025-01-02 08:54:12,3.4653432005496367
2025-01-02 08:54:13,3.7316394815589127
2025-01-02 08:54:14,3.0456341464022016
2025-01-02 08:54:15,4.201072004658828
2025-01-02 08:54:16,3.732535824047907
2025-01-02 08:54:17,3.5953945344710068
2025-01-02 08:54:18,3.720601856753507
2025-01-02 08:54:19,4.188206263468497
2025-01-02 08:54:20,3.862804707358559
2025-01-02 08:54:21,3.942559067503735
2025-01-02 08:54:22,3.367311055731775
2025-01-02 08:54:23,3.6085817522562436
2025-01-02 08:54:24,3.78156551740262
2025-01-02 08:54:25,3.5914334518065716
2025-01-02 08:54:26,3.717941172179847
2025-01-02 08:54:27,3.500129504901701
2025-01-02 08:54:28,3.044774435521413
2025-01-02 08:54:29,3.2668759951040065
2025-01-02 08:54:30,3.745250277885978
2025-01-02 08:54:31,3.3345696308406634
2025-01-02 08:54:32,3.381059014016536
2025-01-02 08:54:33,3.398488596148337
2025-01-02 08:54:34,3.5721257694832125
2025-01-02 08:54:35,3.4029894336339552
2025-01-02 08:54:36,3.8032971647196536
2025-01-02 08:54:37,3.2363092103179065
2025-01-02 08:54:38,3.232004087664653
2025-01-02 08:54:39,3.4895765308499365
2025-01-02 08:54:40,3.932544368436096
2025-01-02 08:54:41,3.5372665250530333
2025-01-02 08:54:42,3.9174669523800922
2025-01-02 08:54:43,3.8591335234582838
2025-01-02 08:54:44,4.583244386191524
2025-01-02 08:54:45,3.538734045742704
2025-01-02 08:54:46,3.9364213224352094
2025-01-02 08:54:47,3.583000764632588
2025-01-02 08:54:48,3.3087377673146747
2025-01-02 08:54:49,3.474149894364954
2025-01-02 08:54:50,3.229872160242717
2025-01-02 08:54:51,3.341786294098181
2025-01-02 08:54:52,3.923559712303296
2025-01-02 08:54:53,3.1926712714546266
2025-01-02 08:54:54,3.401974840174934
2025-01-02 08:54:55,4.01014376310443
2025-01-02 08:54:56,3.3286909783350955
2025-01-02 08:54:57,3.797508787041204
2025-01-02 08:54:58,3.808392506152581
2025-01-02 08:54:59,3.8787060955743624
2025-01-02 08:55:00,3.3068395222831044
2025-01-02 08:55:01,3.819598940532219
2025-01-02 08:55:02,3.9201065227900536
2025-01-02 08:55:03,3.1384309391853735
2025-01-02 08:55:04,3.3695019389116005
2025-01-02 08:55:05,2.9829742032722626
2025-01-02 08:55:06,3.743884174079832
2025-01-02 08:55:07,3.501160927289333
2025-01-02 08:55:08,3.9508912141938355
2025-01-02 08:55:09,3.6113857675341
2025-01-02 08:55:10,3.149079768291494
2025-01-02 08:55:11,3.9212227488883222
2025-01-02 08:55:12,3.1248163750154307
2025-01-02 08:55:13,3.311685589298788
2025-01-02 08:55:14,4.154120873929938
2025-01-02 08:55:15,3.936779660136549
2025-01-02 08:55:16,3.536809406317236
2025-01-02 08:55:17,3.726850014362318
2025-01-02 08:55:18,3.08637571376698
2025-01-02 08:55:19,3.4138582458071576
2025-01-02 08:55:20,3.741579935145668
2025-01-02 08:55:21,3.6665839674133145
2025-01-02 08:55:22,3.6189700090716554
2025-01-02 08:55:23,3.851445743316647
2025-01-02 08:55:24,4.099931376500217
2025-01-02 08:55:25,3.6875056173734904
2025-01-02 08:55:26,3.727346705961718
2025-01-02 08:55:27,3.62172801212472
2025-01-02 08:55:28,3.424094099784444
2025-01-02 08:55:29,4.06340588149063
2025-01-02 08:55:30,3.769772526346909
2025-01-02 08:55:31,3.221780699589272
2025-01-02 08:55:32,3.505003807222262
2025-01-02 08:55:33,3.7812277218277095
2025-01-02 08:55:34,3.3025840411716807
2025-01-02 08:55:35,3.5370637294119356
2025-01-02 08:55:36,3.621563736798347
2025-01-02 08:55:37,3.2751892991266995
2025-01-02 08:55:38,3.2701431467325937
2025-01-02 08:55:39,3.8528057592332847
2025-01-02 08:55:40,3.235184550818392
2025-01-02 08:55:41,3.8711477203391853
2025-01-02 08:55:42,3.989209993964047
2025-01-02 08:55:43,
2025-01-02 08:55:44,3.676466883550146
2025-01-02 08:55:45,3.493199550691399
2025-01-02 08:55:46,3.5914715889132225
2025-01-02 08:55:47,2.915532117021039
2025-01-02 08:55:48,3.5718477668566044
2025-01-02 08:55:49,4.25272793555108
2025-01-02 08:55:50,3.0738054601240288
2025-01-02 08:55:51,3.2638051848358347
2025-01-02 08:55:52,3.484564631724026
2025-01-02 08:55:53,3.1556463113713904
2025-01-02 08:55:54,3.7990441893824554
2025-01-02 08:55:55,3.609001910374856
2025-01-02 08:55:56,3.451388260084258
2025-01-02 08:55:57,3.5700801405984497
2025-01-02 08:55:58,3.941001029688957
2025-01-02 08:55:59,4.118359257960522
2025-01-02 08:56:00,3.302649042317524
2025-01-02 08:56:01,3.2644176949305863
2025-01-02 08:56:02,3.43103218284089
2025-01-02 08:56:03,3.592333419640486
2025-01-02 08:56:04,3.7088597014537856
2025-01-02 08:56:05,
2025-01-02 08:56:06,3.3222444283907913
2025-01-02 08:56:07,3.7844844188327764
2025-01-02 08:56:08,3.288073379392869
2025-01-02 08:56:09,3.415068186294854
2025-01-02 08:56:10,3.8454470279047714
2025-01-02 08:56:11,3.583231815543346
2025-01-02 08:56:12,3.5965121603578982
2025-01-02 08:56:13,3.833804409866547
2025-01-02 08:56:14,3.730568732115286
2025-01-02 08:56:15,3.526368123707961
2025-01-02 08:56:16,3.749247533553951
2025-01-02 08:56:17,3.587259935419002
2025-01-02 08:56:18,4.121261386582479
2025-01-02 08:56:19,3.3527707492091254
2025-01-02 08:56:20,3.5895824102543914
2025-01-02 08:56:21,3.2856779560362845
2025-01-02 08:56:22,3.359785915813441
2025-01-02 08:56:23,3.486638356366165
2025-01-02 08:56:24,3.494582836174169
2025-01-02 08:56:25,3.497413152587045
2025-01-02 08:56:26,3.456918444064779
2025-01-02 08:56:27,3.3551092327238052
2025-01-02 08:56:28,3.1391598046039797
2025-01-02 08:56:29,3.974173764945116
2025-01-02 08:56:30,4.296890768351192
2025-01-02 08:56:31,3.2667517341730807
2025-01-02 08:56:32,3.3450821216424145
2025-01-02 08:56:33,3.7680470038068745
2025-01-02 08:56:34,3.6686415897311813
2025-01-02 08:56:35,3.8238327729910946
2025-01-02 08:56:36,3.413938842699105
2025-01-02 08:56:37,3.7038762125158886
2025-01-02 08:56:38,3.5809871959102715
2025-01-02 08:56:39,3.4242104695510434
2025-01-02 08:56:40,3.887886120860393
2025-01-02 08:56:41,3.620973109764086
2025-01-02 08:56:42,3.4153462962696457
2025-01-02 08:56:43,3.534773032914248
2025-01-02 08:56:44,3.2960368279902044
2025-01-02 08:56:45,3.579731101278961
2025-01-02 08:56:46,4.069982050080567
2025-01-02 08:56:47,3.9929972782649137
2025-01-02 08:56:48,3.6210708849256403
2025-01-02 08:56:49,3.6691289089204893
2025-01-02 08:56:50,3.0559127805244106
2025-01-02 08:56:51,3.4505917490949805
2025-01-02 08:56:52,3.7297736309847025
2025-01-02 08:56:53,3.9902812947360706
2025-01-02 08:56:54,3.719040334945586
2025-01-02 08:56:55,4.247213452821718
2025-01-02 08:56:56,3.7890757894429523
2025-01-02 08:56:57,3.750100783162069
2025-01-02 08:56:58,3.1873091221777363
2025-01-02 08:56:59,3.7957419950924454
2025-01-02 08:57:00,3.5004690916239567
2025-01-02 08:57:01,3.7150737424739364
2025-01-02 08:57:02,3.529849326124514
2025-01-02 08:57:03,3.5847922497116347
2025-01-02 08:57:04,3.9233458475172474
2025-01-02 08:57:05,3.154010432497662
2025-01-02 08:57:06,3.3149751888161867
2025-01-02 08:57:07,3.232327926708345
2025-01-02 08:57:08,3.5891937649958288
2025-01-02 08:57:09,3.7393440303722003
2025-01-02 08:57:10,3.6238852231766887
2025-01-02 08:57:11,3.583218010846586
2025-01-02 08:57:12,2.9178953273373045
2025-01-02 08:57:13,3.749666238788759
2025-01-02 08:57:14,3.347301612669066
2025-01-02 08:57:15,3.458173137429503
2025-01-02 08:57:16,3.0228133097511614
2025-01-02 08:57:17,3.5253367435183183
2025-01-02 08:57:18,3.6683657811350114
2025-01-02 08:57:19,3.7217798474635355
2025-01-02 08:57:20,3.626614224980929
2025-01-02 08:57:21,2.8175810477556875
2025-01-02 08:57:22,3.5940040251277345
2025-01-02 08:57:23,3.2478110867993943
2025-01-02 08:57:24,3.7178906121006565
2025-01-02 08:57:25,3.5178534058974313
2025-01-02 08:57:26,3.8135124974618098
2025-01-02 08:57:27,3.4252810176020723
2025-01-02 08:57:28,3.786794797841272
2025-01-02 08:57:29,3.36644020742994
2025-01-02 08:57:30,2.93809995115628
2025-01-02 08:57:31,3.677742503127624
2025-01-02 08:57:32,3.9086666115388113
2025-01-02 08:57:33,3.9791833009293236
2025-01-02 08:57:34,3.574760436608104
2025-01-02 08:57:35,3.7659906807553374
2025-01-02 08:57:36,3.7475552439511453
2025-01-02 08:57:37,3.650851251829412
2025-01-02 08:57:38,3.3657542319436877
2025-01-02 08:57:39,3.7576831127163652
2025-01-02 08:57:40,3.374831681903636
2025-01-02 08:57:41,3.506803323570013
2025-01-02 08:57:42,3.386504414297017
2025-01-02 08:57:43,3.653267635281711
2025-01-02 08:57:44,3.695088100601969
2025-01-02 08:57:45,4.106682618184531
2025-01-02 08:57:46,3.8012491021878927
2025-01-02 08:57:47,3.4802481859661007
2025-01-02 08:57:48,3.519221220820041
2025-01-02 08:57:49,3.633959732182695
2025-01-02 08:57:50,3.5992098951206866
2025-01-02 08:57:51,3.5235800949089207
2025-01-02 08:57:52,3.59780032099348
2025-01-02 08:57:53,3.6592373285028135
2025-01-02 08:57:54,3.5142341260995003
2025-01-02 08:57:55,3.5949834314275835
2025-01-02 08:57:56,3.0880455092918693
2025-01-02 08:57:57,3.786583790911413
2025-01-02 08:57:58,3.498736854497375
2025-01-02 08:57:59,3.5447531798650833
2025-01-02 08:58:00,3.4050350142571353
2025-01-02 08:58:01,3.5870495826612654
2025-01-02 08:58:02,3.3522321521033676
2025-01-02 08:58:03,3.8144360461966786
2025-01-02 08:58:04,3.443939342098008
2025-01-02 08:58:05,3.4425253208840356
2025-01-02 08:58:06,3.237984796679193
2025-01-02 08:58:07,3.713834366086325
2025-01-02 08:58:08,2.8794761991934448
2025-01-02 08:58:09,3.3323925961914016
2025-01-02 08:58:10,3.574654637764163
2025-01-02 08:58:11,3.635894130113484
2025-01-02 08:58:12,3.603273481177458
2025-01-02 08:58:13,3.643197277826895
2025-01-02 08:58:14,3.73569441866548
2025-01-02 08:58:15,3.2982493496413654
2025-01-02 08:58:16,3.6762171700754034
2025-01-02 08:58:17,3.459317238434638
2025-01-02 08:58:18,3.148428172291658
2025-01-02 08:58:19,3.337329324572187
2025-01-02 08:58:20,3.6879367301232526
2025-01-02 08:58:21,3.4650051110806404
2025-01-02 08:58:22,3.550605583492751
2025-01-02 08:58:23,3.4705554728037433
2025-01-02 08:58:24,3.686088468774571
2025-01-02 08:58:25,3.3695091804072184
2025-01-02 08:58:26,3.0140917365211077
2025-01-02 08:58:27,3.9905758838999974
2025-01-02 08:58:28,
2025-01-02 08:58:29,3.324382610434097
2025-01-02 08:58:30,3.348334354583737
2025-01-02 08:58:31,3.5645292317642
2025-01-02 08:58:32,3.8246796653466832
2025-01-02 08:58:33,2.893319756895167
2025-01-02 08:58:34,4.232209543442539
2025-01-02 08:58:35,4.010700203884175
2025-01-02 08:58:36,3.1943888503389584
2025-01-02 08:58:37,3.366644154373465
2025-01-02 08:58:38,3.668323947117655
2025-01-02 08:58:39,3.6246222400060155
2025-01-02 08:58:40,4.129624275075626
2025-01-02 08:58:41,3.6182110759797346
2025-01-02 08:58:42,2.9745234003380214
2025-01-02 08:58:43,3.3809728705523616
2025-01-02 08:58:44,3.5756421382711996
2025-01-02 08:58:45,3.5249432592403873
2025-01-02 08:58:46,3.3962809402651315
2025-01-02 08:58:47,3.6124559311197295
2025-01-02 08:58:48,3.682492309815955
2025-01-02 08:58:49,3.810482089215894
2025-01-02 08:58:50,3.4346519244606313
2025-01-02 08:58:51,3.6345923550112698
2025-01-02 08:58:52,3.6899708685592345
2025-01-02 08:58:53,3.825600346136875
2025-01-02 08:58:54,4.089078847423547
2025-01-02 08:58:55,
2025-01-02 08:58:56,3.470510513274346
2025-01-02 08:58:57,4.063596408515755
2025-01-02 08:58:58,3.4234367296896626
2025-01-02 08:58:59,3.885462392916088
2025-01-02 08:59:00,3.9160675569089065
2025-01-02 08:59:01,3.6308135072692935
2025-01-02 08:59:02,3.565068522328005
2025-01-02 08:59:03,4.053354416508175
2025-01-02 08:59:04,3.918422262422652
2025-01-02 08:59:05,4.082668635069832
2025-01-02 08:59:06,3.547667094448334
2025-01-02 08:59:07,3.652895011353106
2025-01-02 08:59:08,3.7231749066293847
2025-01-02 08:59:09,3.130606379735581
2025-01-02 08:59:10,3.43183485504938
2025-01-02 08:59:11,3.3954922200236264
2025-01-02 08:59:12,3.243169272617172
2025-01-02 08:59:13,3.615230984741664
2025-01-02 08:59:14,3.4903485890385815
2025-01-02 08:59:15,3.350966650228153
2025-01-02 08:59:16,3.221119875920999
2025-01-02 08:59:17,3.187559756627417
2025-01-02 08:59:18,3.4934071444608845
2025-01-02 08:59:19,3.6674730839029004
2025-01-02 08:59:20,3.48263560853271
2025-01-02 08:59:21,3.5692542571711163
2025-01-02 08:59:22,3.7978348119201812
2025-01-02 08:59:23,3.9258933373393523
2025-01-02 08:59:24,3.172362845195909
2025-01-02 08:59:25,3.53052401777673
2025-01-02 08:59:26,3.592498368073694
2025-01-02 08:59:27,3.3851023117813743
2025-01-02 08:59:28,3.498192921409521
2025-01-02 08:59:29,3.766552027242105
2025-01-02 08:59:30,3.899992667546321
2025-01-02 08:59:31,3.2445927531087717
2025-01-02 08:59:32,4.179953296322136
2025-01-02 08:59:33,3.203138186902486
2025-01-02 08:59:34,3.935920325240625
2025-01-02 08:59:35,3.7312785384471185
2025-01-02 08:59:36,3.4540509165689826
2025-01-02 08:59:37,3.9126950028180376
2025-01-02 08:59:38,3.3706402264851603
2025-01-02 08:59:39,3.4807931092051603
2025-01-02 08:59:40,2.689382884972383
2025-01-02 08:59:41,4.222162785976815
2025-01-02 08:59:42,3.5844167285697837
2025-01-02 08:59:43,3.8319875716633462
2025-01-02 08:59:44,3.2567387857948673
2025-01-02 08:59:45,3.4753673953540756
2025-01-02 08:59:46,3.5669067362512425
2025-01-02 08:59:47,3.1195727153883763
2025-01-02 08:59:48,3.6459522355707668
2025-01-02 08:59:49,3.315614256911315
2025-01-02 08:59:50,3.2044984345609873
2025-01-02 08:59:51,4.105846164853612
2025-01-02 08:59:52,3.5619863537238334
2025-01-02 08:59:53,4.032610367270646
2025-01-02 08:59:54,3.8441745361428503
2025-01-02 08:59:55,3.5361882459013696
2025-01-02 08:59:56,3.3391563265574136
2025-01-02 08:59:57,3.259790392588993
2025-01-02 08:59:58,3.4643189326770654
2025-01-02 08:59:59,3.2546827106286855
2025-01-02 09:00:00,3.1923079027912813
2025-01-02 09:00:01,3.554155154920454
2025-01-02 09:00:02,3.6866787779908945
2025-01-02 09:00:03,3.746136049757229
2025-01-02 09:00:04,3.281215608632281
2025-01-02 09:00:05,3.5899433143657413
2025-01-02 09:00:06,3.273069371639385
2025-01-02 09:00:07,4.0285042140149985
2025-01-02 09:00:08,3.945189430164652
2025-01-02 09:00:09,3.594486336035249
2025-01-02 09:00:10,3.752791789232603
2025-01-02 09:00:11,3.440286815475911
2025-01-02 09:00:12,3.9160482551273517
2025-01-02 09:00:13,3.0528930057236927
2025-01-02 09:00:14,3.558863056249458
2025-01-02 09:00:15,3.80416977257016
2025-01-02 09:00:16,3.5783136200815275
2025-01-02 09:00:17,3.436415740668132
2025-01-02 09:00:18,3.35606177125722
2025-01-02 09:00:19,3.653550530900533
2025-01-02 09:00:20,3.127356126214911
2025-01-02 09:00:21,3.291013291647977
2025-01-02 09:00:22,3.7222039268477833
2025-01-02 09:00:23,3.0828995104590184
2025-01-02 09:00:24,4.333306918663703
2025-01-02 09:00:25,3.5164861789380506
2025-01-02 09:00:26,3.206123196063034
2025-01-02 09:00:27,3.6568380006267214
2025-01-02 09:00:28,3.6083698840254246
2025-01-02 09:00:29,3.0885354960923777
2025-01-02 09:00:30,3.2578794802825484
2025-01-02 09:00:31,3.3535536992329797
2025-01-02 09:00:32,3.737857742542531
2025-01-02 09:00:33,3.6197197841388484
2025-01-02 09:00:34,3.8078288372519284
2025-01-02 09:00:35,3.46479156885422
2025-01-02 09:00:36,3.1958648030303234
2025-01-02 09:00:37,3.804018791401636
2025-01-02 09:00:38,3.6516817832141637
2025-01-02 09:00:39,2.9281331123471164
2025-01-02 09:00:40,3.2355361121869404
2025-01-02 09:00:41,3.488288248718505
2025-01-02 09:00:42,3.3109621517727024
2025-01-02 09:00:43,3.6676681614519864
2025-01-02 09:00:44,3.964472229533571
2025-01-02 09:00:45,3.6289027089205277
2025-01-02 09:00:46,3.2422886459509073
2025-01-02 09:00:47,3.832727533970923
2025-01-02 09:00:48,3.3540771799983014
2025-01-02 09:00:49,3.7077975310789686
2025-01-02 09:00:50,3.949809045188452
2025-01-02 09:00:51,3.9104936208657186
2025-01-02 09:00:52,3.5196740402078883
2025-01-02 09:00:53,3.199266594574057
2025-01-02 09:00:54,3.5233844202005775
2025-01-02 09:00:55,3.2421500390173983
2025-01-02 09:00:56,3.358520015367879
2025-01-02 09:00:57,3.196811562250559
2025-01-02 09:00:58,3.4286715676616115
2025-01-02 09:00:59,3.40319771208939
2025-01-02 09:01:00,3.000915851424714
2025-01-02 09:01:01,3.5506438615621367
2025-01-02 09:01:02,3.6737277895988676
2025-01-02 09:01:03,3.6240643964881065
2025-01-02 09:01:04,3.0553710546797967
2025-01-02 09:01:05,3.478858499199868
2025-01-02 09:01:06,3.3091078365805786
2025-01-02 09:01:07,3.3203314834043036
2025-01-02 09:01:08,3.124267233221318
2025-01-02 09:01:09,3.894440146593813
2025-01-02 09:01:10,3.3261635694502463
2025-01-02 09:01:11,3.902941287476387
2025-01-02 09:01:12,3.879446295047823
2025-01-02 09:01:13,3.7611951350049377
2025-01-02 09:01:14,3.713780567897658
2025-01-02 09:01:15,3.6302918397896162
2025-01-02 09:01:16,3.00261913801328
2025-01-02 09:01:17,3.9577281369655606
2025-01-02 09:01:18,3.47267778309569
2025-01-02 09:01:19,3.2442502677478666
2025-01-02 09:01:20,3.312336968161227
2025-01-02 09:01:21,3.306475144058633
2025-01-02 09:01:22,3.5030287190841825
2025-01-02 09:01:23,3.165604441540691
2025-01-02 09:01:24,3.798016657391602
2025-01-02 09:01:25,3.8538711732533053
2025-01-02 09:01:26,3.3473421472193308
2025-01-02 09:01:27,3.547280959538192
2025-01-02 09:01:28,3.2951327400380297
2025-01-02 09:01:29,3.6808996251771084
2025-01-02 09:01:30,3.33197223904113
2025-01-02 09:01:31,2.9060708906667068
2025-01-02 09:01:32,3.765575038481592
2025-01-02 09:01:33,3.2355407770757143
2025-01-02 09:01:34,3.575989930403008
2025-01-02 09:01:35,3.011360218722521
2025-01-02 09:01:36,3.646478804679041
2025-01-02 09:01:37,3.806916874486721
2025-01-02 09:01:38,2.8860359034300194
2025-01-02 09:01:39,3.2290081077418527
2025-01-02 09:01:40,2.91495488474343
2025-01-02 09:01:41,3.3626387975046046
2025-01-02 09:01:42,3.405541765318495
2025-01-02 09:01:43,3.4582398447493334
2025-01-02 09:01:44,3.460792529286131
2025-01-02 09:01:45,3.3220289620429018
2025-01-02 09:01:46,3.5436596703521412
2025-01-02 09:01:47,3.307709185725222
2025-01-02 09:01:48,3.3344023764082333
2025-01-02 09:01:49,3.597514728394855
2025-01-02 09:01:50,3.214804460332487
2025-01-02 09:01:51,3.674947344877877
2025-01-02 09:01:52,3.6616623587886714
2025-01-02 09:01:53,3.1148490050786397
2025-01-02 09:01:54,3.2120399123204737
2025-01-02 09:01:55,3.634479338340258
2025-01-02 09:01:56,3.4784514154590687
2025-01-02 09:01:57,2.8220301266603176
2025-01-02 09:01:58,3.8570887398623075
2025-01-02 09:01:59,3.5050257062033556
2025-01-02 09:02:00,3.2794099200941345
2025-01-02 09:02:01,2.92170463211538
2025-01-02 09:02:02,3.432720961980968
2025-01-02 09:02:03,3.2488616735820157
2025-01-02 09:02:04,3.304845569494113
2025-01-02 09:02:05,3.5497009817523626
2025-01-02 09:02:06,3.088803062329783
2025-01-02 09:02:07,3.4904297728570195
2025-01-02 09:02:08,4.177104598302337
2025-01-02 09:02:09,3.8717992206677607
2025-01-02 09:02:10,3.990500920032355
2025-01-02 09:02:11,2.8617290421684705
2025-01-02 09:02:12,2.8015994147225536
2025-01-02 09:02:13,3.9399876609307256
2025-01-02 09:02:14,3.170122837517909
2025-01-02 09:02:15,3.3687610971614443
2025-01-02 09:02:16,3.8976882296834443
2025-01-02 09:02:17,3.3483088539985393
2025-01-02 09:02:18,3.738761048069546
2025-01-02 09:02:19,3.2243814335127805
2025-01-02 09:02:20,3.367313753948568
2025-01-02 09:02:21,3.3594243031603446
2025-01-02 09:02:22,2.909258736357627
2025-01-02 09:02:23,3.3882497414482926
2025-01-02 09:02:24,3.612912851305221
2025-01-02 09:02:25,3.647615211242547
2025-01-02 09:02:26,3.3564745073688633
2025-01-02 09:02:27,3.8093379366450892
2025-01-02 09:02:28,3.9312814669851512
2025-01-02 09:02:29,3.452903623221835
2025-01-02 09:02:30,3.375496260982056
2025-01-02 09:02:31,3.256652410730255
2025-01-02 09:02:32,3.6451594499696696
2025-01-02 09:02:33,3.683721802722248
2025-01-02 09:02:34,4.209134621594918
2025-01-02 09:02:35,3.7202323281552094
2025-01-02 09:02:36,3.911286543905577
2025-01-02 09:02:37,3.5819958214173595
2025-01-02 09:02:38,3.0431856059395614
2025-01-02 09:02:39,4.183652046064444
2025-01-02 09:02:40,3.2759374886845074
2025-01-02 09:02:41,3.799564865423622
2025-01-02 09:02:42,2.6373546632037526
2025-01-02 09:02:43,3.1468863033545498
2025-01-02 09:02:44,3.579077923503262
2025-01-02 09:02:45,3.624398146854854
2025-01-02 09:02:46,3.584043346279354
2025-01-02 09:02:47,3.087128271183866
2025-01-02 09:02:48,3.6383203873400882
2025-01-02 09:02:49,3.6537638776660013
2025-01-02 09:02:50,
2025-01-02 09:02:51,
2025-01-02 09:02:52,3.927429986774983
2025-01-02 09:02:53,3.763975712361308
2025-01-02 09:02:54,3.044643013850531
2025-01-02 09:02:55,3.7036794243186737
2025-01-02 09:02:56,3.700918273684181
2025-01-02 09:02:57,3.3867270629723163
2025-01-02 09:02:58,3.161627985429231
2025-01-02 09:02:59,3.119091955335169
2025-01-02 09:03:00,3.350292071292045
2025-01-02 09:03:01,3.8348818525347586
2025-01-02 09:03:02,3.789949658366958
2025-01-02 09:03:03,3.708969241753032
2025-01-02 09:03:04,3.3838557138743
2025-01-02 09:03:05,3.6346375016248476
2025-01-02 09:03:06,3.259276319894401
2025-01-02 09:03:07,3.4858831483016943
2025-01-02 09:03:08,3.3962602357364795
2025-01-02 09:03:09,
2025-01-02 09:03:10,3.295789564559925
2025-01-02 09:03:11,3.357414344267799
2025-01-02 09:03:12,3.5751463847812945
2025-01-02 09:03:13,3.302713114872435
2025-01-02 09:03:14,3.755312367376174
2025-01-02 09:03:15,3.0746786280772507
2025-01-02 09:03:16,3.2157112310818796
2025-01-02 09:03:17,3.804490898203718
2025-01-02 09:03:18,3.327542784101212
2025-01-02 09:03:19,3.455080247881979
2025-01-02 09:03:20,3.548568184130849
2025-01-02 09:03:21,4.371012957478384
2025-01-02 09:03:22,3.892666094154513
2025-01-02 09:03:23,3.8510041335364504
2025-01-02 09:03:24,3.6597412041741957
2025-01-02 09:03:25,3.6423637476097492
2025-01-02 09:03:26,3.728814960366193
2025-01-02 09:03:27,3.998768885672079
2025-01-02 09:03:28,3.7221486801649557
2025-01-02 09:03:29,3.4513534371533106
2025-01-02 09:03:30,3.48553603632054
2025-01-02 09:03:31,3.2692633884543936
2025-01-02 09:03:32,3.2318096046860134
2025-01-02 09:03:33,4.08491531921594
2025-01-02 09:03:34,3.5467111518331276
2025-01-02 09:03:35,3.4908303917323082
2025-01-02 09:03:36,3.6537350800052844
2025-01-02 09:03:37,3.1991338696048137
2025-01-02 09:03:38,3.4881190441767727
2025-01-02 09:03:39,3.6260455795393405
2025-01-02 09:03:40,3.478855564430115
2025-01-02 09:03:41,3.3971237293212173
2025-01-02 09:03:42,3.2555941164473476
2025-01-02 09:03:43,3.434157743195433
2025-01-02 09:03:44,3.9386396971662414
2025-01-02 09:03:45,3.199399216680458
2025-01-02 09:03:46,3.197436564397463
2025-01-02 09:03:47,3.458239510351565
2025-01-02 09:03:48,3.3276684956690032
2025-01-02 09:03:49,3.4469682668406456
2025-01-02 09:03:50,3.955291682735277
2025-01-02 09:03:51,3.5664543808933695
2025-01-02 09:03:52,3.43190324587984
2025-01-02 09:03:53,3.145044634369022
2025-01-02 09:03:54,4.064826652781802
2025-01-02 09:03:55,3.7832850830667604
2025-01-02 09:03:56,3.3689707728091958
2025-01-02 09:03:57,3.9126713990655038
2025-01-02 09:03:58,4.108239397868109
2025-01-02 09:03:59,3.7292101913739213
2025-01-02 09:04:00,3.3934986146224753
2025-01-02 09:04:01,3.9473723429265193
2025-01-02 09:04:02,3.4936405774856345
2025-01-02 09:04:03,3.759094792573606
2025-01-02 09:04:04,3.0704082181254617
2025-01-02 09:04:05,3.500230283921617
2025-01-02 09:04:06,3.026502602006949
2025-01-02 09:04:07,3.352734182519283
2025-01-02 09:04:08,3.198759307055974
2025-01-02 09:04:09,3.723407187810701
2025-01-02 09:04:10,3.403493898108049
2025-01-02 09:04:11,2.9015820938143206
2025-01-02 09:04:12,3.405816389192599
2025-01-02 09:04:13,3.153958098667866
2025-01-02 09:04:14,3.311530494247864
2025-01-02 09:04:15,3.6677448268627186
2025-01-02 09:04:16,3.3980226822156303
2025-01-02 09:04:17,3.5176662373638954
2025-01-02 09:04:18,3.5395807496154794
2025-01-02 09:04:19,3.289244626109264
2025-01-02 09:04:20,3.3414862213314165
2025-01-02 09:04:21,3.2704502989475226
2025-01-02 09:04:22,3.111479454277647
2025-01-02 09:04:23,3.7009922193140863
2025-01-02 09:04:24,3.497994110334428
2025-01-02 09:04:25,3.2953996835065484
2025-01-02 09:04:26,3.212333686407172
2025-01-02 09:04:27,3.171647715027934
2025-01-02 09:04:28,3.530023625350496
2025-01-02 09:04:29,3.6901468651104588
2025-01-02 09:04:30,3.2954090766300888
2025-01-02 09:04:31,3.7973187263417447
2025-01-02 09:04:32,3.717244416157495
2025-01-02 09:04:33,3.5898037762634925
2025-01-02 09:04:34,3.446987078511274
2025-01-02 09:04:35,3.068895593391153
2025-01-02 09:04:36,3.1577101518887756
2025-01-02 09:04:37,3.2604874878713708
2025-01-02 09:04:38,3.5557314862532565
2025-01-02 09:04:39,3.9921759305840103
2025-01-02 09:04:40,3.476612517183113
2025-01-02 09:04:41,3.5647274900500183
2025-01-02 09:04:42,3.628340180014779
2025-01-02 09:04:43,3.738788967508869
2025-01-02 09:04:44,3.308596205794486
2025-01-02 09:04:45,3.2088792762824196
2025-01-02 09:04:46,2.9225857919219784
2025-01-02 09:04:47,3.320124962147642
2025-01-02 09:04:48,2.973003973947055
2025-01-02 09:04:49,3.191359641937304
2025-01-02 09:04:50,3.50146688009645
2025-01-02 09:04:51,3.4637214826986416
2025-01-02 09:04:52,3.989880385140854
2025-01-02 09:04:53,3.3654846078191003
2025-01-02 09:04:54,3.6140513334659428
2025-01-02 09:04:55,2.798383566894646
2025-01-02 09:04:56,3.3914778669487404
2025-01-02 09:04:57,3.8603311710698787
2025-01-02 09:04:58,3.4685493350587415
2025-01-02 09:04:59,3.4180931830514405
2025-01-02 09:05:00,3.3438507554850783
2025-01-02 09:05:01,3.827958138909847
2025-01-02 09:05:02,3.444334720226709
2025-01-02 09:05:03,3.3838188304822214
2025-01-02 09:05:04,3.6483594578982688
2025-01-02 09:05:05,3.7953457295805397
2025-01-02 09:05:06,3.1189323703434377
2025-01-02 09:05:07,3.5550974102831367
2025-01-02 09:05:08,3.6146953151789045
2025-01-02 09:05:09,3.107957735346845
2025-01-02 09:05:10,3.481297121589566
2025-01-02 09:05:11,3.4116965318860655
2025-01-02 09:05:12,3.816944472809032
2025-01-02 09:05:13,3.7883665565288176
2025-01-02 09:05:14,3.0215858413705257
2025-01-02 09:05:15,3.5789036573829525
2025-01-02 09:05:16,3.712793766945087
2025-01-02 09:05:17,3.3246285891619887
2025-01-02 09:05:18,3.4775736117918585
2025-01-02 09:05:19,3.862426794988841
2025-01-02 09:05:20,3.234405092211245
2025-01-02 09:05:21,2.6702510783577402
2025-01-02 09:05:22,3.4047218965854005
2025-01-02 09:05:23,3.4046100250110922
2025-01-02 09:05:24,3.6947116966797067
2025-01-02 09:05:25,3.657397773064064
2025-01-02 09:05:26,3.0786136851738077
2025-01-02 09:05:27,3.225490202046059
2025-01-02 09:05:28,2.990703174724175
2025-01-02 09:05:29,3.5905236878940743
2025-01-02 09:05:30,2.9437919878090324
2025-01-02 09:05:31,3.167967362887011
2025-01-02 09:05:32,3.3439675507965076
2025-01-02 09:05:33,3.7814068458737373
2025-01-02 09:05:34,3.5282065432127063
2025-01-02 09:05:35,3.411314117562079
2025-01-02 09:05:36,3.4004384551635543
2025-01-02 09:05:37,3.13258954905968
2025-01-02 09:05:38,3.5490685823126054
2025-01-02 09:05:39,3.713349495872041
2025-01-02 09:05:40,3.5662622699667743
2025-01-02 09:05:41,2.9175121194714
2025-01-02 09:05:42,3.4481890707445726
2025-01-02 09:05:43,3.3691436767866128
2025-01-02 09:05:44,3.0724375278634173
2025-01-02 09:05:45,3.131218177236841
2025-01-02 09:05:46,3.316402458917608
2025-01-02 09:05:47,3.2154625435936537
2025-01-02 09:05:48,3.2647957169219013
2025-01-02 09:05:49,3.5008658223069826
2025-01-02 09:05:50,2.939499326293526
2025-01-02 09:05:51,4.009513017413538
2025-01-02 09:05:52,3.110681616035495
2025-01-02 09:05:53,2.9920577963066948
2025-01-02 09:05:54,3.3844304833638743
2025-01-02 09:05:55,3.943242280098006
2025-01-02 09:05:56,3.382787997369458
2025-01-02 09:05:57,3.3952250706492286
2025-01-02 09:05:58,3.4918056769013726
2025-01-02 09:05:59,3.7675070933375405
2025-01-02 09:06:00,3.996238916922331
2025-01-02 09:06:01,3.748394096736274
2025-01-02 09:06:02,3.700385445956291
2025-01-02 09:06:03,3.2947174048977126
2025-01-02 09:06:04,3.9207571192063377
2025-01-02 09:06:05,3.6460092275622102
2025-01-02 09:06:06,3.3244358397882006
2025-01-02 09:06:07,3.251747066001718
2025-01-02 09:06:08,3.508580779248524
2025-01-02 09:06:09,3.9304738847624274
2025-01-02 09:06:10,3.8173701001673797
2025-01-02 09:06:11,3.3977203536084795
2025-01-02 09:06:12,3.2935456569361854
2025-01-02 09:06:13,3.4146005300586277
2025-01-02 09:06:14,2.4863165459094287
2025-01-02 09:06:15,3.42841607060088
2025-01-02 09:06:16,3.402187376879975
2025-01-02 09:06:17,3.0852319796561094
2025-01-02 09:06:18,3.203922640085713
2025-01-02 09:06:19,4.030709036484693
2025-01-02 09:06:20,3.5164095148725814
2025-01-02 09:06:21,3.517912585560581
2025-01-02 09:06:22,3.0553965250377697
2025-01-02 09:06:23,3.25775522091763
2025-01-02 09:06:24,2.815658307790331
2025-01-02 09:06:25,3.389181371463855
2025-01-02 09:06:26,3.650963935654703
2025-01-02 09:06:27,3.791417454965
2025-01-02 09:06:28,3.260220283884641
2025-01-02 09:06:29,3.6087232141204177
2025-01-02 09:06:30,3.398409441509598
2025-01-02 09:06:31,3.2942313848055935
2025-01-02 09:06:32,3.3779468184394434
2025-01-02 09:06:33,2.9113985545768664
2025-01-02 09:06:34,3.4808582303350675
2025-01-02 09:06:35,3.3993158811696897
2025-01-02 09:06:36,
2025-01-02 09:06:37,3.3278254042323545
2025-01-02 09:06:38,3.5572887730355993
2025-01-02 09:06:39,3.6896876877202858
2025-01-02 09:06:40,3.384013844586412
2025-01-02 09:06:41,3.236116115409388
2025-01-02 09:06:42,3.38821218689463
2025-01-02 09:06:43,3.5222753894978656
2025-01-02 09:06:44,3.3386244905979066
2025-01-02 09:06:45,
2025-01-02 09:06:46,3.583647767114085
2025-01-02 09:06:47,3.7212040067623136
2025-01-02 09:06:48,3.344284138105778
2025-01-02 09:06:49,3.5374144542953823
2025-01-02 09:06:50,3.4921269996078617
2025-01-02 09:06:51,
2025-01-02 09:06:52,3.3635805304866526
2025-01-02 09:06:53,3.3682883081372874
2025-01-02 09:06:54,3.1086985917242367
2025-01-02 09:06:55,2.748332472529596
2025-01-02 09:06:56,3.011479676037025
2025-01-02 09:06:57,3.2187824349556857
2025-01-02 09:06:58,3.312490715650754
2025-01-02 09:06:59,
2025-01-02 09:07:00,3.387578844729006
2025-01-02 09:07:01,3.961898837754949
2025-01-02 09:07:02,3.496531897206905
2025-01-02 09:07:03,3.5801966680971353
2025-01-02 09:07:04,3.360962625463031
2025-01-02 09:07:05,3.0254325133043984
2025-01-02 09:07:06,3.6087344667786425
2025-01-02 09:07:07,3.4408927699910374
2025-01-02 09:07:08,2.6659218084029055
2025-01-02 09:07:09,3.6876139701478317
2025-01-02 09:07:10,3.9549554802955287
2025-01-02 09:07:11,3.8940467124349314
2025-01-02 09:07:12,2.9304565368396025
2025-01-02 09:07:13,3.5950410385285054
2025-01-02 09:07:14,3.402684703869646
2025-01-02 09:07:15,3.5150062176023416
2025-01-02 09:07:16,3.1936964025163257
2025-01-02 09:07:17,3.581623032696802
2025-01-02 09:07:18,3.27858861913944
2025-01-02 09:07:19,3.3073319949638917
2025-01-02 09:07:20,4.25837194277657
2025-01-02 09:07:21,3.213868218807156
2025-01-02 09:07:22,3.068674644501052
2025-01-02 09:07:23,4.172283719961838
2025-01-02 09:07:24,3.32463493769327
2025-01-02 09:07:25,3.29909615373254
2025-01-02 09:07:26,3.2754272034659966
2025-01-02 09:07:27,3.0759922707731455
2025-01-02 09:07:28,3.12300334134503
2025-01-02 09:07:29,3.422544762238686
2025-01-02 09:07:30,3.4036424063867226
2025-01-02 09:07:31,3.5153017792536603
2025-01-02 09:07:32,3.6511029222680693
2025-01-02 09:07:33,3.4164206973915756
2025-01-02 09:07:34,3.048158085159645
2025-01-02 09:07:35,4.013383841809459
2025-01-02 09:07:36,2.609343278700584
2025-01-02 09:07:37,3.4156484741570097
2025-01-02 09:07:38,3.4186184651286444
2025-01-02 09:07:39,3.4277881181950436
2025-01-02 09:07:40,3.5351152808116235
2025-01-02 09:07:41,3.389341085006525
2025-01-02 09:07:42,3.2240012692219056
2025-01-02 09:07:43,
2025-01-02 09:07:44,3.2210985570068957
2025-01-02 09:07:45,3.1339119564967364
2025-01-02 09:07:46,3.382822793530783
2025-01-02 09:07:47,3.078414865136611
2025-01-02 09:07:48,3.1282741726892858
2025-01-02 09:07:49,3.3613263739121364
2025-01-02 09:07:50,3.0843600951878134
2025-01-02 09:07:51,3.5140467078906847
2025-01-02 09:07:52,2.9684635683700553
2025-01-02 09:07:53,3.6831253351815927
2025-01-02 09:07:54,3.415969877951863
2025-01-02 09:07:55,3.3191712029350877
2025-01-02 09:07:56,3.211856841905734
2025-01-02 09:07:57,3.47355676944978
2025-01-02 09:07:58,3.6816779047820107
2025-01-02 09:07:59,3.3074077190483426
2025-01-02 09:08:00,3.6898337440449
2025-01-02 09:08:01,3.2665238171416755
2025-01-02 09:08:02,3.4066369424627148
2025-01-02 09:08:03,3.2847440658775997
2025-01-02 09:08:04,3.2688460948509404
2025-01-02 09:08:05,4.264096663467409
2025-01-02 09:08:06,3.17022688267977
2025-01-02 09:08:07,3.6669364902918424
2025-01-02 09:08:08,4.134141191737223
2025-01-02 09:08:09,2.820398669507256
2025-01-02 09:08:10,3.520626898731064
2025-01-02 09:08:11,3.0044759221550708
2025-01-02 09:08:12,2.84738327606415
2025-01-02 09:08:13,3.4126867064367254
2025-01-02 09:08:14,
2025-01-02 09:08:15,
2025-01-02 09:08:16,3.5611413039782414
2025-01-02 09:08:17,3.8008522459199794
2025-01-02 09:08:18,3.2503020600814674
2025-01-02 09:08:19,3.5100991762152884
2025-01-02 09:08:20,3.8822613496483864
2025-01-02 09:08:21,3.4532797960298764
2025-01-02 09:08:22,3.357606303622443
2025-01-02 09:08:23,3.620757391636773
2025-01-02 09:08:24,3.4612855030899685
2025-01-02 09:08:25,3.2869418067973806
2025-01-02 09:08:26,3.169716060159719
2025-01-02 09:08:27,3.570913719988379
2025-01-02 09:08:28,2.8983886041950804
2025-01-02 09:08:29,3.1316300444901577
2025-01-02 09:08:30,3.7906373157297923
2025-01-02 09:08:31,3.184957300608603
2025-01-02 09:08:32,3.2526449569076394
2025-01-02 09:08:33,3.051522531513066
2025-01-02 09:08:34,3.4071599370494843
2025-01-02 09:08:35,4.020940391770833
2025-01-02 09:08:36,3.476512404150931
2025-01-02 09:08:37,3.076940596545023
2025-01-02 09:08:38,3.6549641345515367
2025-01-02 09:08:39,3.1360769744142916
2025-01-02 09:08:40,3.5499415693625918
2025-01-02 09:08:41,2.976583468916097
2025-01-02 09:08:42,3.267570089652221
2025-01-02 09:08:43,3.1321938219769927
2025-01-02 09:08:44,3.7270284762337598
2025-01-02 09:08:45,3.487568270975914
2025-01-02 09:08:46,3.6032959662357156
2025-01-02 09:08:47,3.470545873700266
2025-01-02 09:08:48,3.4873532553951243
2025-01-02 09:08:49,3.0606263592075535
2025-01-02 09:08:50,3.589904350498477
2025-01-02 09:08:51,3.015207848269331
2025-01-02 09:08:52,3.742039068104147
2025-01-02 09:08:53,3.529231479320606
2025-01-02 09:08:54,3.0997039663611576
2025-01-02 09:08:55,3.294342958914764
2025-01-02 09:08:56,3.339187125580169
2025-01-02 09:08:57,3.247140984863737
2025-01-02 09:08:58,3.6315222466568704
2025-01-02 09:08:59,3.589486192607916
2025-01-02 09:09:00,2.958633829075413
2025-01-02 09:09:01,3.7635316810367887
2025-01-02 09:09:02,4.05359957400939
2025-01-02 09:09:03,3.6182544281686355
2025-01-02 09:09:04,3.206427696416586
2025-01-02 09:09:05,3.6535635294980175
2025-01-02 09:09:06,3.349330794780296
2025-01-02 09:09:07,3.2485562709068176
2025-01-02 09:09:08,3.295202487255415
2025-01-02 09:09:09,3.349032141093672
2025-01-02 09:09:10,4.156365988856641
2025-01-02 09:09:11,3.7665868663588213
2025-01-02 09:09:12,3.2435837942979213
2025-01-02 09:09:13,3.31386119092974
2025-01-02 09:09:14,3.67052966585286
2025-01-02 09:09:15,3.770762908579644
2025-01-02 09:09:16,3.4501455530533964
2025-01-02 09:09:17,3.630393186019503
2025-01-02 09:09:18,3.025796768482811
2025-01-02 09:09:19,3.509847745635404
2025-01-02 09:09:20,2.9507638101608764
2025-01-02 09:09:21,3.265183987809747
2025-01-02 09:09:22,3.0160288064798055
2025-01-02 09:09:23,3.6163601385733823
2025-01-02 09:09:24,3.717224571162902
2025-01-02 09:09:25,3.060224130450095
2025-01-02 09:09:26,3.614280441527668
2025-01-02 09:09:27,3.4402947186022086
2025-01-02 09:09:28,3.171491646052876
2025-01-02 09:09:29,3.7707518987586037
2025-01-02 09:09:30,3.3017017346200146
2025-01-02 09:09:31,3.345340761880765
2025-01-02 09:09:32,3.4270131909631387
2025-01-02 09:09:33,3.4641459657614306
2025-01-02 09:09:34,3.017607769187531
2025-01-02 09:09:35,3.1417202544347393
2025-01-02 09:09:36,3.5570543556382983
2025-01-02 09:09:37,3.9982356312477956
2025-01-02 09:09:38,3.729621677681377
2025-01-02 09:09:39,3.683885242540442
2025-01-02 09:09:40,3.5914436099416993
2025-01-02 09:09:41,3.2974473368690704
2025-01-02 09:09:42,3.40592133015578
2025-01-02 09:09:43,3.969089094139589
2025-01-02 09:09:44,2.8070488266507274
2025-01-02 09:09:45,3.8006714544005082
2025-01-02 09:09:46,3.89423107493558
2025-01-02 09:09:47,3.7831730168515154
2025-01-02 09:09:48,3.406890630717771
2025-01-02 09:09:49,
2025-01-02 09:09:50,2.864987991610663
2025-01-02 09:09:51,3.5554778523362485
2025-01-02 09:09:52,3.4298158321852568
2025-01-02 09:09:53,3.3457155227594773
2025-01-02 09:09:54,2.9697859931140838
2025-01-02 09:09:55,3.752575816836775
2025-01-02 09:09:56,2.8521139862147913
2025-01-02 09:09:57,2.6648388730129704
2025-01-02 09:09:58,3.322980195002214
2025-01-02 09:09:59,3.1428790765534913
2025-01-02 09:10:00,
2025-01-02 09:10:01,3.4134879471648047
2025-01-02 09:10:02,2.90278234410864
2025-01-02 09:10:03,3.126792782272071
2025-01-02 09:10:04,3.690097021824544
2025-01-02 09:10:05,3.416580639187742
2025-01-02 09:10:06,3.5492391819065614
2025-01-02 09:10:07,3.6062834763643763
2025-01-02 09:10:08,3.6615828338667726
2025-01-02 09:10:09,3.791270057745024
2025-01-02 09:10:10,3.7746855704225957
2025-01-02 09:10:11,3.9413496016103244
2025-01-02 09:10:12,3.213122684197186
2025-01-02 09:10:13,3.589051994924899
2025-01-02 09:10:14,3.691692394223667
2025-01-02 09:10:15,3.1966657379457266
2025-01-02 09:10:16,3.4463024142694083
2025-01-02 09:10:17,3.194309478349007
2025-01-02 09:10:18,3.3841835969589025
2025-01-02 09:10:19,2.9927433628568054
2025-01-02 09:10:20,3.423713820594965
2025-01-02 09:10:21,3.152800528118405
2025-01-02 09:10:22,3.2306424231832516
2025-01-02 09:10:23,3.5258904686322827
2025-01-02 09:10:24,3.4737567011946715
2025-01-02 09:10:25,3.65881827906493
2025-01-02 09:10:26,3.105822545832541
2025-01-02 09:10:27,2.6451221874737296
2025-01-02 09:10:28,3.2938330312619946
2025-01-02 09:10:29,3.471880233410263
2025-01-02 09:10:30,3.2496989961975196
2025-01-02 09:10:31,3.5675441053394663
2025-01-02 09:10:32,3.4207603263861
2025-01-02 09:10:33,3.4222235035499633
2025-01-02 09:10:34,3.2884160857041023
2025-01-02 09:10:35,3.3340585694405527
2025-01-02 09:10:36,3.33169945957003
2025-01-02 09:10:37,3.318903134323286
2025-01-02 09:10:38,3.6402271245623146
2025-01-02 09:10:39,3.375736916852624
2025-01-02 09:10:40,3.1578640193128606
2025-01-02 09:10:41,3.5027929991962337
2025-01-02 09:10:42,3.3687301749346963
2025-01-02 09:10:43,3.2789784204738304
2025-01-02 09:10:44,3.5424555722185818
2025-01-02 09:10:45,3.744832313134255
2025-01-02 09:10:46,2.8580074184894815
2025-01-02 09:10:47,3.446966002514367
2025-01-02 09:10:48,3.5966526992600274
2025-01-02 09:10:49,3.62105341629087
2025-01-02 09:10:50,3.7448277341639225
2025-01-02 09:10:51,3.8673650544762137
2025-01-02 09:10:52,3.261906283337109
2025-01-02 09:10:53,3.4756695561702693
2025-01-02 09:10:54,3.2196390358183136
2025-01-02 09:10:55,4.124156429995772
2025-01-02 09:10:56,3.614492228333679
2025-01-02 09:10:57,3.204369500830381
2025-01-02 09:10:58,3.196267171446561
2025-01-02 09:10:59,3.065213035152126
2025-01-02 09:11:00,2.8166639940898603
2025-01-02 09:11:01,3.551261631116221
2025-01-02 09:11:02,3.396383702905274
2025-01-02 09:11:03,3.1262682306035643
2025-01-02 09:11:04,3.2287844978407136
2025-01-02 09:11:05,3.3068409220194126
2025-01-02 09:11:06,3.0571347160555575
2025-01-02 09:11:07,3.5907368181350194
2025-01-02 09:11:08,3.690566993613005
2025-01-02 09:11:09,3.0277345858632714
2025-01-02 09:11:10,3.643941314452196
2025-01-02 09:11:11,3.150238475819664
2025-01-02 09:11:12,3.41338043172512
2025-01-02 09:11:13,3.3759893457068015
2025-01-02 09:11:14,2.861664883116705
2025-01-02 09:11:15,3.4240956389312145
2025-01-02 09:11:16,3.4259975695131684
2025-01-02 09:11:17,3.509263465022621
2025-01-02 09:11:18,3.138965591756874
2025-01-02 09:11:19,3.7038278632244923
2025-01-02 09:11:20,3.8454202911680673
2025-01-02 09:11:21,3.6273925131214577
2025-01-02 09:11:22,3.12854894529302
2025-01-02 09:11:23,3.175462236255539
2025-01-02 09:11:24,3.538265062029255
2025-01-02 09:11:25,2.753376937149465
2025-01-02 09:11:26,3.289056092495486
2025-01-02 09:11:27,3.485886314039921
2025-01-02 09:11:28,3.549638200838754
2025-01-02 09:11:29,3.1848329940437643
2025-01-02 09:11:30,3.0858946232028073
2025-01-02 09:11:31,3.278533593118068
2025-01-02 09:11:32,3.311484584443087
2025-01-02 09:11:33,2.872634637109364
2025-01-02 09:11:34,3.3706601600229944
2025-01-02 09:11:35,3.394695762299316
2025-01-02 09:11:36,3.24493312876024
2025-01-02 09:11:37,3.2099655101486966
2025-01-02 09:11:38,3.752974132164484
2025-01-02 09:11:39,3.5299528827849973
2025-01-02 09:11:40,3.624285255586613
2025-01-02 09:11:41,3.511949824458142
2025-01-02 09:11:42,3.4390162156587114
2025-01-02 09:11:43,3.7242873278232533
2025-01-02 09:11:44,
2025-01-02 09:11:45,3.6506540547452313
2025-01-02 09:11:46,3.5417944115269027
2025-01-02 09:11:47,
2025-01-02 09:11:48,3.090590089625244
2025-01-02 09:11:49,3.532472944702531
2025-01-02 09:11:50,3.3405990641184626
2025-01-02 09:11:51,3.7297258612388426
2025-01-02 09:11:52,3.501687802994992
2025-01-02 09:11:53,3.3515420124687063
2025-01-02 09:11:54,3.4729667249680385
2025-01-02 09:11:55,3.4358264801991547
2025-01-02 09:11:56,3.382575325194244
2025-01-02 09:11:57,2.845385149833742
2025-01-02 09:11:58,3.217231494432919
2025-01-02 09:11:59,3.44403491554611
2025-01-02 09:12:00,
2025-01-02 09:12:01,2.7502971461580676
2025-01-02 09:12:02,3.3470864515117453
2025-01-02 09:12:03,3.599354386447692
2025-01-02 09:12:04,3.254156805035453
2025-01-02 09:12:05,3.374853330514437
2025-01-02 09:12:06,3.536270570424251
2025-01-02 09:12:07,3.608048142471534
2025-01-02 09:12:08,3.4472376825919206
2025-01-02 09:12:09,3.18658142239189
2025-01-02 09:12:10,3.3744438868799644
2025-01-02 09:12:11,3.94608704486484
2025-01-02 09:12:12,3.2194478460626867
2025-01-02 09:12:13,2.98608664678177
2025-01-02 09:12:14,3.7892652349190765
2025-01-02 09:12:15,3.1391047826982965
2025-01-02 09:12:16,3.630954406359697
2025-01-02 09:12:17,3.540313765829456
2025-01-02 09:12:18,
2025-01-02 09:12:19,3.3367685630955664
2025-01-02 09:12:20,3.6495451771866527
2025-01-02 09:12:21,3.201335567790736
2025-01-02 09:12:22,
2025-01-02 09:12:23,3.5017707740501707
2025-01-02 09:12:24,3.8685355492079343
2025-01-02 09:12:25,3.0246128847854075
2025-01-02 09:12:26,2.9683881778771566
2025-01-02 09:12:27,3.7463963164132896
2025-01-02 09:12:28,2.9138928478339547
2025-01-02 09:12:29,3.5406681823952897
2025-01-02 09:12:30,3.522122733505336
2025-01-02 09:12:31,3.173514577610165
2025-01-02 09:12:32,3.2041994365918804
2025-01-02 09:12:33,3.45479930316971
2025-01-02 09:12:34,2.977462761942865
2025-01-02 09:12:35,3.2174203237007304
2025-01-02 09:12:36,3.2491031910496417
2025-01-02 09:12:37,3.688225274363412
2025-01-02 09:12:38,3.6254402175537264
2025-01-02 09:12:39,3.1185896190492732
2025-01-02 09:12:40,2.8461647991254786
2025-01-02 09:12:41,3.4258067217081063
2025-01-02 09:12:42,3.223152686811414
2025-01-02 09:12:43,3.5410299949846773
2025-01-02 09:12:44,2.6648112093505354
2025-01-02 09:12:45,2.7911330082421153
2025-01-02 09:12:46,3.3076029806383875
2025-01-02 09:12:47,3.5592541449924706
2025-01-02 09:12:48,2.7664949949556616
2025-01-02 09:12:49,3.6846703462370303
2025-01-02 09:12:50,3.208673208381086
2025-01-02 09:12:51,3.4294053769395916
2025-01-02 09:12:52,3.162860240514499
2025-01-02 09:12:53,3.590518963675575
2025-01-02 09:12:54,3.414730659847249
2025-01-02 09:12:55,3.3092456301004374
2025-01-02 09:12:56,2.9050402067886845
2025-01-02 09:12:57,3.0483384875765696
2025-01-02 09:12:58,3.4910473704097957
2025-01-02 09:12:59,3.386001576634983
2025-01-02 09:13:00,3.8898007781141417
2025-01-02 09:13:01,3.3299140163689365
2025-01-02 09:13:02,3.1993793970219806
2025-01-02 09:13:03,3.5868840321758784
2025-01-02 09:13:04,3.3466385780002925
2025-01-02 09:13:05,3.5732962418307483
2025-01-02 09:13:06,4.060254369680836
2025-01-02 09:13:07,3.072859986600484
2025-01-02 09:13:08,3.5327738091624235
2025-01-02 09:13:09,3.1363088041309646
2025-01-02 09:13:10,3.016712195302926
2025-01-02 09:13:11,2.7742376265626234
2025-01-02 09:13:12,3.1505443898001486
2025-01-02 09:13:13,2.7933020240550306
2025-01-02 09:13:14,3.605266141538185
2025-01-02 09:13:15,3.7971915622382495
2025-01-02 09:13:16,3.0494103275522866
2025-01-02 09:13:17,3.378415087110633
2025-01-02 09:13:18,3.165648628419145
2025-01-02 09:13:19,3.6123460077276732
2025-01-02 09:13:20,3.4766529848343044
2025-01-02 09:13:21,3.432829532664791
2025-01-02 09:13:22,3.4280126547366434
2025-01-02 09:13:23,3.538284682507215
2025-01-02 09:13:24,3.5015119731918243
2025-01-02 09:13:25,2.6288308111341396
2025-01-02 09:13:26,2.9750687797483932
2025-01-02 09:13:27,3.3085750780401257
2025-01-02 09:13:28,3.6717858061845097
2025-01-02 09:13:29,3.2043394139033143
2025-01-02 09:13:30,3.8899458839600256
2025-01-02 09:13:31,3.362577030559052
2025-01-02 09:13:32,3.194723028166131
2025-01-02 09:13:33,3.082066535785081
2025-01-02 09:13:34,3.272522678230036
2025-01-02 09:13:35,2.8209117942462694
2025-01-02 09:13:36,3.768014340198342
2025-01-02 09:13:37,3.6434108243870384
2025-01-02 09:13:38,
2025-01-02 09:13:39,3.2034465801421304
2025-01-02 09:13:40,3.6104048316216613
2025-01-02 09:13:41,3.375139980561508
2025-01-02 09:13:42,3.7010517767248072
2025-01-02 09:13:43,3.1323788604439287
2025-01-02 09:13:44,3.645782039841227
2025-01-02 09:13:45,3.327531299492881
2025-01-02 09:13:46,3.511334746117752
2025-01-02 09:13:47,3.5251298854784165
2025-01-02 09:13:48,3.243122048863445
2025-01-02 09:13:49,3.600548525141486
2025-01-02 09:13:50,3.549257372077916
2025-01-02 09:13:51,3.664116717560418
2025-01-02 09:13:52,3.1130133503172077
2025-01-02 09:13:53,3.076416361975048
2025-01-02 09:13:54,2.9431148311231037
2025-01-02 09:13:55,3.4309907768987227
2025-01-02 09:13:56,3.5080504267464465
2025-01-02 09:13:57,3.255181426468184
2025-01-02 09:13:58,
2025-01-02 09:13:59,3.160927764679551
2025-01-02 09:14:00,2.9472134553276943
2025-01-02 09:14:01,3.4880713747300147
2025-01-02 09:14:02,3.4630012283148517
2025-01-02 09:14:03,2.94335176783935
2025-01-02 09:14:04,3.559273056499074
2025-01-02 09:14:05,3.1988326349034972
2025-01-02 09:14:06,3.600052527660122
2025-01-02 09:14:07,3.990829064664063
2025-01-02 09:14:08,2.718348230334729
2025-01-02 09:14:09,3.0919059660651875
2025-01-02 09:14:10,2.9062321938129054
2025-01-02 09:14:11,2.8825131927612606
2025-01-02 09:14:12,3.2838220335183883
2025-01-02 09:14:13,3.6307908247532286
2025-01-02 09:14:14,3.163652960318311
2025-01-02 09:14:15,3.0603576713648577
2025-01-02 09:14:16,2.520752955643518
2025-01-02 09:14:17,3.0217228435237518
2025-01-02 09:14:18,3.931977347440305
2025-01-02 09:14:19,3.222826127513533
2025-01-02 09:14:20,3.4120171626298563
2025-01-02 09:14:21,3.324568487164099
2025-01-02 09:14:22,3.354841014461925
2025-01-02 09:14:23,3.0194437759607746
2025-01-02 09:14:24,3.5484077262163187
2025-01-02 09:14:25,3.639814803598172
2025-01-02 09:14:26,3.0469492336477075
2025-01-02 09:14:27,3.291039051233075
2025-01-02 09:14:28,3.028717129260958
2025-01-02 09:14:29,3.451551819464368
2025-01-02 09:14:30,3.5071707463412154
2025-01-02 09:14:31,2.837302278857547
2025-01-02 09:14:32,3.0793586006319287
2025-01-02 09:14:33,3.7325630060322226
2025-01-02 09:14:34,3.1014837937374504
2025-01-02 09:14:35,3.1496852847690198
2025-01-02 09:14:36,3.5217997839473516
2025-01-02 09:14:37,3.42685490901055
2025-01-02 09:14:38,3.4444664380256844
2025-01-02 09:14:39,3.0893742829296813
2025-01-02 09:14:40,3.304575008275305
2025-01-02 09:14:41,3.276988474712681
2025-01-02 09:14:42,2.900585610928909
2025-01-02 09:14:43,
2025-01-02 09:14:44,2.9904799422809942
2025-01-02 09:14:45,3.8235687720100264
2025-01-02 09:14:46,3.394239240292839
2025-01-02 09:14:47,3.892351558795906
2025-01-02 09:14:48,3.0876800332516594
2025-01-02 09:14:49,3.4227108946480604
2025-01-02 09:14:50,3.2608041761092537
2025-01-02 09:14:51,3.5435009688961876
2025-01-02 09:14:52,2.699350060185086
2025-01-02 09:14:53,3.44839912927529
2025-01-02 09:14:54,3.5950267734232413
2025-01-02 09:14:55,3.579375288017443
2025-01-02 09:14:56,2.9469586711257914
2025-01-02 09:14:57,3.504688433646679
2025-01-02 09:14:58,2.9117905301747546
2025-01-02 09:14:59,2.657743639112189
2025-01-02 09:15:00,3.3324006060993328
2025-01-02 09:15:01,2.9986049283557072
2025-01-02 09:15:02,3.2585166099801923
2025-01-02 09:15:03,3.5030963717440224
2025-01-02 09:15:04,
2025-01-02 09:15:05,2.979783355098143
2025-01-02 09:15:06,3.090049292937186
2025-01-02 09:15:07,3.439770791311844
2025-01-02 09:15:08,3.588120319411886
2025-01-02 09:15:09,3.8444547557042963
2025-01-02 09:15:10,3.156058564710644
2025-01-02 09:15:11,3.6743852931349195
2025-01-02 09:15:12,3.397334599590352
2025-01-02 09:15:13,3.5628465845136126
2025-01-02 09:15:14,3.0037613859466026
2025-01-02 09:15:15,3.3403136926093446
2025-01-02 09:15:16,3.5087014128560083
2025-01-02 09:15:17,3.0949439166607355
2025-01-02 09:15:18,3.6836104044350915
2025-01-02 09:15:19,2.918339736364127
2025-01-02 09:15:20,3.400856888473968
2025-01-02 09:15:21,3.4780914325902703
2025-01-02 09:15:22,3.4425638824061995
2025-01-02 09:15:23,3.6164662260019975
2025-01-02 09:15:24,3.2988612346409614
2025-01-02 09:15:25,3.1984440233310965
2025-01-02 09:15:26,3.8945280017993893
2025-01-02 09:15:27,3.5848612440549963
2025-01-02 09:15:28,3.095857260434096
2025-01-02 09:15:29,3.387949859889656
2025-01-02 09:15:30,3.2498185849214685
2025-01-02 09:15:31,3.2708631280462277
2025-01-02 09:15:32,3.6142609934587147
2025-01-02 09:15:33,3.1347460160370293
2025-01-02 09:15:34,2.754211748673124
2025-01-02 09:15:35,4.032371473781035
2025-01-02 09:15:36,2.9465350549244307
2025-01-02 09:15:37,3.0096472851596547
2025-01-02 09:15:38,3.387922633453231
2025-01-02 09:15:39,3.4280313402601523
2025-01-02 09:15:40,3.5187673246642475
2025-01-02 09:15:41,3.1714271937248175
2025-01-02 09:15:42,3.2171158443969734
2025-01-02 09:15:43,2.86198465129138
2025-01-02 09:15:44,3.111527751428598
2025-01-02 09:15:45,2.697549584956941
2025-01-02 09:15:46,3.6210188936256555
2025-01-02 09:15:47,3.6265238540866878
2025-01-02 09:15:48,3.422584609286541
2025-01-02 09:15:49,3.1698622466635467
2025-01-02 09:15:50,3.3497341535312257
2025-01-02 09:15:51,2.500950763506675
2025-01-02 09:15:52,3.4537119436495844
2025-01-02 09:15:53,3.671104680463381
2025-01-02 09:15:54,3.3492229867855827
2025-01-02 09:15:55,3.647029779512007
2025-01-02 09:15:56,4.021039316896364
2025-01-02 09:15:57,
2025-01-02 09:15:58,3.509928557614056
2025-01-02 09:15:59,3.3756648647242726
2025-01-02 09:16:00,3.347496035271324
2025-01-02 09:16:01,3.5104141778638334
2025-01-02 09:16:02,3.108978383766044
2025-01-02 09:16:03,3.260341364111171
2025-01-02 09:16:04,3.2255854693914943
2025-01-02 09:16:05,3.132741056673971
2025-01-02 09:16:06,3.146915895868112
2025-01-02 09:16:07,3.4068385366415854
2025-01-02 09:16:08,3.4285766954393164
2025-01-02 09:16:09,3.5396992711574535
2025-01-02 09:16:10,3.935294323028241
2025-01-02 09:16:11,3.4892225325454946
2025-01-02 09:16:12,3.154354848293935
2025-01-02 09:16:13,3.4324324209420802
2025-01-02 09:16:14,2.534330055681875
2025-01-02 09:16:15,3.1679280771322116
2025-01-02 09:16:16,3.46928505465624
2025-01-02 09:16:17,3.331463207737543
2025-01-02 09:16:18,2.7980956503085372
2025-01-02 09:16:19,3.1102259968078263
2025-01-02 09:16:20,2.888309675014523
2025-01-02 09:16:21,3.0995228219917936
2025-01-02 09:16:22,3.4448607473362203
2025-01-02 09:16:23,3.420588784799969
2025-01-02 09:16:24,3.1735530443732136
2025-01-02 09:16:25,3.099148911072772
2025-01-02 09:16:26,3.3818627243672186
2025-01-02 09:16:27,2.984650631706116
2025-01-02 09:16:28,2.9527205892867108
2025-01-02 09:16:29,3.4659224602983367
2025-01-02 09:16:30,3.5883624396573444
2025-01-02 09:16:31,3.4029717229906704
2025-01-02 09:16:32,2.9679926029529358
2025-01-02 09:16:33,3.2649690143524492
2025-01-02 09:16:34,3.42293555474534
2025-01-02 09:16:35,2.9339874901094682
2025-01-02 09:16:36,2.9429818211648766
2025-01-02 09:16:37,3.478962279069668
2025-01-02 09:16:38,3.2148487546227567
2025-01-02 09:16:39,3.4944738322622735
2025-01-02 09:16:40,3.694121927406356
2025-01-02 09:16:41,3.316880063708579
2025-01-02 09:16:42,3.416958462716218
2025-01-02 09:16:43,3.491354575007013
2025-01-02 09:16:44,3.381171435140887
2025-01-02 09:16:45,2.7444434449431214
2025-01-02 09:16:46,3.3836861828104308
2025-01-02 09:16:47,3.292560353035934
2025-01-02 09:16:48,3.0929219285761524
2025-01-02 09:16:49,3.197577839647332
2025-01-02 09:16:50,3.485589259493551
2025-01-02 09:16:51,3.112422662805685
2025-01-02 09:16:52,3.107167108031257
2025-01-02 09:16:53,3.4081742659299628
2025-01-02 09:16:54,3.4734548418919644
2025-01-02 09:16:55,3.73556355791015
2025-01-02 09:16:56,3.358327849382459
2025-01-02 09:16:57,3.4150968158005783
2025-01-02 09:16:58,3.2301039094466635
2025-01-02 09:16:59,3.0118648013925413
2025-01-02 09:17:00,3.033204079635972
2025-01-02 09:17:01,3.4475282670495586
2025-01-02 09:17:02,3.6647006055285987
2025-01-02 09:17:03,3.365779748768818
2025-01-02 09:17:04,3.233575820366919
2025-01-02 09:17:05,3.159021943320899
2025-01-02 09:17:06,3.8056904688878603
2025-01-02 09:17:07,3.5683595278096494
2025-01-02 09:17:08,3.1686819300281517
2025-01-02 09:17:09,3.338640908022715
2025-01-02 09:17:10,3.682676806540758
2025-01-02 09:17:11,3.762736785241506
2025-01-02 09:17:12,3.482354852292344
2025-01-02 09:17:13,3.486907649550933
2025-01-02 09:17:14,3.122093928305219
2025-01-02 09:17:15,3.6683665076141843
2025-01-02 09:17:16,3.6844691167123496
2025-01-02 09:17:17,3.0497095147194644
2025-01-02 09:17:18,3.2916261992489386
2025-01-02 09:17:19,3.5602078174644274
2025-01-02 09:17:20,2.5964158770029666
2025-01-02 09:17:21,3.207295728897949
2025-01-02 09:17:22,3.2153136234402924
2025-01-02 09:17:23,
2025-01-02 09:17:24,3.0071660901187243
2025-01-02 09:17:25,4.144287228995621
2025-01-02 09:17:26,3.830585577658649
2025-01-02 09:17:27,3.6122105120442254
2025-01-02 09:17:28,3.2625952581449003
2025-01-02 09:17:29,2.932604672135579
2025-01-02 09:17:30,3.2359295330867495
2025-01-02 09:17:31,3.620270857896036
2025-01-02 09:17:32,3.198807163686722
2025-01-02 09:17:33,3.656842293786519
2025-01-02 09:17:34,3.933429599019829
2025-01-02 09:17:35,3.6591198668571088
2025-01-02 09:17:36,3.0555250644593612
2025-01-02 09:17:37,3.1744825884550187
2025-01-02 09:17:38,3.375734827203543
2025-01-02 09:17:39,3.150536758173177
2025-01-02 09:17:40,2.642592058496225
2025-01-02 09:17:41,3.6444785906766084
2025-01-02 09:17:42,2.889890652926994
2025-01-02 09:17:43,3.3242265947678327
2025-01-02 09:17:44,3.5659220524581614
2025-01-02 09:17:45,2.803306902711358
2025-01-02 09:17:46,
2025-01-02 09:17:47,3.535660001481671
2025-01-02 09:17:48,2.972536328237884
2025-01-02 09:17:49,3.632870144575343
2025-01-02 09:17:50,3.5006748891946873
2025-01-02 09:17:51,3.438269725327283
2025-01-02 09:17:52,3.1423516135668326
2025-01-02 09:17:53,3.212056544130622
2025-01-02 09:17:54,3.446431815639566
2025-01-02 09:17:55,3.9039753574540383
2025-01-02 09:17:56,3.599409422259014
2025-01-02 09:17:57,3.7444663665687132
2025-01-02 09:17:58,3.187771137324077
2025-01-02 09:17:59,3.3165799945503744
2025-01-02 09:18:00,2.7041188880331246
2025-01-02 09:18:01,3.525815439024214
2025-01-02 09:18:02,3.3187327968826974
2025-01-02 09:18:03,3.4362589674416966
2025-01-02 09:18:04,3.5655325183335354
2025-01-02 09:18:05,3.2385785428668368
2025-01-02 09:18:06,3.047768988918006
2025-01-02 09:18:07,3.5681314504706214
2025-01-02 09:18:08,3.405708656637562
2025-01-02 09:18:09,3.6403531997187257
2025-01-02 09:18:10,3.962568588629051
2025-01-02 09:18:11,3.638677996875424
2025-01-02 09:18:12,3.111620766647063
2025-01-02 09:18:13,3.1048179648276233
2025-01-02 09:18:14,3.1561586795117496
2025-01-02 09:18:15,3.7079627229206307
2025-01-02 09:18:16,3.397253127257194
2025-01-02 09:18:17,3.668934711728452
2025-01-02 09:18:18,3.3540553285919246
2025-01-02 09:18:19,3.2094876837315045
2025-01-02 09:18:20,3.5767266763168397
2025-01-02 09:18:21,3.6279515322032885
2025-01-02 09:18:22,3.587072099716223
2025-01-02 09:18:23,3.0207722304569566
2025-01-02 09:18:24,3.3578261601756716
2025-01-02 09:18:25,3.5855834373137165
2025-01-02 09:18:26,2.1706698325485716
2025-01-02 09:18:27,3.1423650827215788
2025-01-02 09:18:28,3.347714988153438
2025-01-02 09:18:29,3.1745014809313066
2025-01-02 09:18:30,2.718277476867889
2025-01-02 09:18:31,3.2590825348152745
2025-01-02 09:18:32,
2025-01-02 09:18:33,3.6222114767881903
2025-01-02 09:18:34,3.2406502538657724
2025-01-02 09:18:35,2.982256053611874
2025-01-02 09:18:36,3.682033470038603
2025-01-02 09:18:37,3.354430342090685
2025-01-02 09:18:38,3.6112584055960797
2025-01-02 09:18:39,2.97654090376084
2025-01-02 09:18:40,4.00488733946111
2025-01-02 09:18:41,3.328787484003929
2025-01-02 09:18:42,3.415115245859425
2025-01-02 09:18:43,3.3861657658624846
2025-01-02 09:18:44,3.5559424800067228
2025-01-02 09:18:45,3.1306868383590905
2025-01-02 09:18:46,3.50384188761538
2025-01-02 09:18:47,3.385289146741244
2025-01-02 09:18:48,3.0508344881516343
2025-01-02 09:18:49,3.364431017823496
2025-01-02 09:18:50,3.3752577752511366
2025-01-02 09:18:51,3.1977665209333397
2025-01-02 09:18:52,2.983239727531758
2025-01-02 09:18:53,3.6727813039773776
2025-01-02 09:18:54,3.193845159515027
2025-01-02 09:18:55,3.3704407590518977
2025-01-02 09:18:56,3.624995341498922
2025-01-02 09:18:57,3.7193191829472134
2025-01-02 09:18:58,3.498163608996731
2025-01-02 09:18:59,3.0441295779462494
2025-01-02 09:19:00,3.553535219536292
2025-01-02 09:19:01,3.4605231943379473
2025-01-02 09:19:02,2.901836663068456
2025-01-02 09:19:03,3.674209153530643
2025-01-02 09:19:04,3.189717636131519
2025-01-02 09:19:05,2.8651355385736466
2025-01-02 09:19:06,3.563786820859735
2025-01-02 09:19:07,3.3167460510394533
2025-01-02 09:19:08,2.932307900051279
2025-01-02 09:19:09,3.238834131658914
2025-01-02 09:19:10,3.2363569081240313
2025-01-02 09:19:11,3.235976339105394
2025-01-02 09:19:12,3.2101600718054804
2025-01-02 09:19:13,3.8936282454093316
2025-01-02 09:19:14,3.405234695714858
2025-01-02 09:19:15,3.791921092974123
2025-01-02 09:19:16,3.1700905761662805
2025-01-02 09:19:17,3.5498322920674337
2025-01-02 09:19:18,3.662293165697518
2025-01-02 09:19:19,3.4181063906908857
2025-01-02 09:19:20,3.1903808280049963
2025-01-02 09:19:21,3.716305428134489
2025-01-02 09:19:22,3.7173205382515313
2025-01-02 09:19:23,3.252893060829394
2025-01-02 09:19:24,3.4730939560235567
2025-01-02 09:19:25,3.3658737400780967
2025-01-02 09:19:26,3.598152621656037
2025-01-02 09:19:27,3.6268360612324386
2025-01-02 09:19:28,2.6049967245417553
2025-01-02 09:19:29,3.431792779537689
2025-01-02 09:19:30,3.0032154056484845
2025-01-02 09:19:31,2.93114659605972
2025-01-02 09:19:32,3.2269151136027547
2025-01-02 09:19:33,3.0555767858027463
2025-01-02 09:19:34,3.2824171814950445
2025-01-02 09:19:35,3.1446728301776727
2025-01-02 09:19:36,3.3709246573481235
2025-01-02 09:19:37,3.320406386028261
2025-01-02 09:19:38,3.1954879507764806
2025-01-02 09:19:39,3.4755434236246106
2025-01-02 09:19:40,2.9873110703317245
2025-01-02 09:19:41,3.4727012047445025
2025-01-02 09:19:42,3.1565043214437316
2025-01-02 09:19:43,3.1404683385349665
2025-01-02 09:19:44,3.3114246398625924
2025-01-02 09:19:45,3.4702359196448103
2025-01-02 09:19:46,3.316757251065179
2025-01-02 09:19:47,2.7781332175728615
2025-01-02 09:19:48,3.619856986097472
2025-01-02 09:19:49,3.1972039799801246
2025-01-02 09:19:50,2.8615392860326456
2025-01-02 09:19:51,3.5178062466968707
2025-01-02 09:19:52,3.2285405734034556
2025-01-02 09:19:53,3.097468684042289
2025-01-02 09:19:54,3.3011056227478597
2025-01-02 09:19:55,3.1735289498041706
2025-01-02 09:19:56,3.8533346174143657
2025-01-02 09:19:57,2.9113115189068415
2025-01-02 09:19:58,3.698900394185514
2025-01-02 09:19:59,3.639201711584822
2025-01-02 09:20:00,2.8724167091822363
2025-01-02 09:20:01,3.016546949082543
2025-01-02 09:20:02,3.1678071945828754
2025-01-02 09:20:03,3.132370326605122
2025-01-02 09:20:04,3.217374782789737
2025-01-02 09:20:05,3.742605251873086
2025-01-02 09:20:06,3.0684254961110806
2025-01-02 09:20:07,3.822729776794997
2025-01-02 09:20:08,3.3081771843778727
2025-01-02 09:20:09,3.2014106416924144
2025-01-02 09:20:10,3.5833045873203244
2025-01-02 09:20:11,3.9207500954756185
2025-01-02 09:20:12,3.2214815735194495
2025-01-02 09:20:13,3.6873405259204204
2025-01-02 09:20:14,3.6318050152467154
2025-01-02 09:20:15,3.086363008329941
2025-01-02 09:20:16,3.6415948528486717
2025-01-02 09:20:17,3.393230572283399
2025-01-02 09:20:18,3.358499976777306
2025-01-02 09:20:19,3.2623366147972943
2025-01-02 09:20:20,3.3134732766637245
2025-01-02 09:20:21,3.3426791088241634
2025-01-02 09:20:22,3.9330616114531862
2025-01-02 09:20:23,3.3938642906445082
2025-01-02 09:20:24,2.873235311275355
2025-01-02 09:20:25,3.098790102042531
2025-01-02 09:20:26,3.577286133837268
2025-01-02 09:20:27,3.2422984849035528
2025-01-02 09:20:28,3.4973442350893684
2025-01-02 09:20:29,3.5437987025915927
2025-01-02 09:20:30,2.9275033442914205
2025-01-02 09:20:31,3.4562893533381067
2025-01-02 09:20:32,2.944918464012965
2025-01-02 09:20:33,3.383318382514588
2025-01-02 09:20:34,3.0382520650734106
2025-01-02 09:20:35,3.2113559387887904
2025-01-02 09:20:36,2.9258862808740878
2025-01-02 09:20:37,3.2993585364332647
2025-01-02 09:20:38,3.600079764454221
2025-01-02 09:20:39,3.194635861134931
2025-01-02 09:20:40,2.9865254377820527
2025-01-02 09:20:41,3.068070176130815
2025-01-02 09:20:42,3.563637649417135
2025-01-02 09:20:43,3.62272279524959
2025-01-02 09:20:44,3.5094873402937585
2025-01-02 09:20:45,3.559197309446555
2025-01-02 09:20:46,3.0985898926780076
2025-01-02 09:20:47,3.118735623731948
2025-01-02 09:20:48,3.176735292303103
2025-01-02 09:20:49,3.640507368937979
2025-01-02 09:20:50,3.104277794388916
2025-01-02 09:20:51,2.8134931588986394
2025-01-02 09:20:52,2.8540148570663524
2025-01-02 09:20:53,3.2615596941695757
2025-01-02 09:20:54,3.229834234674331
2025-01-02 09:20:55,3.0971962626010363
2025-01-02 09:20:56,2.8305212326505407
2025-01-02 09:20:57,3.153638588724977
2025-01-02 09:20:58,3.6900176943395655
2025-01-02 09:20:59,3.0501024431245014
2025-01-02 09:21:00,2.972880858230215
2025-01-02 09:21:01,3.0317814331098334
2025-01-02 09:21:02,3.7332013255992664
2025-01-02 09:21:03,3.338542678658087
2025-01-02 09:21:04,3.2463989815362884
2025-01-02 09:21:05,3.228189552783515
2025-01-02 09:21:06,3.515210357926889
2025-01-02 09:21:07,3.3354359902771287
2025-01-02 09:21:08,3.322018890861541
2025-01-02 09:21:09,3.9444323745090157
2025-01-02 09:21:10,3.3010269545169315
2025-01-02 09:21:11,3.472025823616108
2025-01-02 09:21:12,3.2073122142308907
2025-01-02 09:21:13,2.1898606352119416
2025-01-02 09:21:14,2.9564091918964
2025-01-02 09:21:15,3.1930246353013785
2025-01-02 09:21:16,3.777981790149872
2025-01-02 09:21:17,3.3496951884752675
2025-01-02 09:21:18,3.4760679014177085
2025-01-02 09:21:19,3.4074255686874944
2025-01-02 09:21:20,2.853743402956453
2025-01-02 09:21:21,3.5911971706449513
2025-01-02 09:21:22,3.001783809332306
2025-01-02 09:21:23,3.101712948199698
2025-01-02 09:21:24,3.540620251700064
2025-01-02 09:21:25,3.891293421152295
2025-01-02 09:21:26,2.951315539965088
2025-01-02 09:21:27,3.65241071452249
2025-01-02 09:21:28,3.484298050443191
2025-01-02 09:21:29,3.796527538621159
2025-01-02 09:21:30,2.7336010023810013
2025-01-02 09:21:31,3.134239415958597
2025-01-02 09:21:32,3.689667329126772
2025-01-02 09:21:33,3.426002413050095
2025-01-02 09:21:34,3.776234396264342
2025-01-02 09:21:35,3.1263761000135073
2025-01-02 09:21:36,3.707640694479163
2025-01-02 09:21:37,4.444962916062375
2025-01-02 09:21:38,2.7123060094291964
2025-01-02 09:21:39,3.381017690608652
2025-01-02 09:21:40,3.1582389133673248
2025-01-02 09:21:41,2.899097244863681
2025-01-02 09:21:42,3.488657963292903
2025-01-02 09:21:43,3.4026205127444116
2025-01-02 09:21:44,3.017896988019436
2025-01-02 09:21:45,3.66608103268623
2025-01-02 09:21:46,3.6589515604673797
2025-01-02 09:21:47,3.609136476747287
2025-01-02 09:21:48,3.2577703515893592
2025-01-02 09:21:49,3.16967265998553
2025-01-02 09:21:50,3.185730806572354
2025-01-02 09:21:51,3.196176711845451
2025-01-02 09:21:52,2.894124620764824
2025-01-02 09:21:53,2.8123129829190283
2025-01-02 09:21:54,3.3623011547836756
2025-01-02 09:21:55,3.3127949388628783
2025-01-02 09:21:56,3.3324480403763785
2025-01-02 09:21:57,3.200664163970578
2025-01-02 09:21:58,3.366358350553724
2025-01-02 09:21:59,3.5455238874281405
2025-01-02 09:22:00,3.7285043005425416
2025-01-02 09:22:01,3.144821412568838
2025-01-02 09:22:02,2.952360229469103
2025-01-02 09:22:03,3.6535291763359576
2025-01-02 09:22:04,3.1772320229305655
2025-01-02 09:22:05,3.024626670207523
2025-01-02 09:22:06,
2025-01-02 09:22:07,3.3773643301986676
2025-01-02 09:22:08,3.257484789227975
2025-01-02 09:22:09,3.095025743768833
2025-01-02 09:22:10,3.3049591054036322
2025-01-02 09:22:11,3.312073486249418
2025-01-02 09:22:12,3.464807242474686
2025-01-02 09:22:13,3.729473779658036
2025-01-02 09:22:14,3.3944106528668923
2025-01-02 09:22:15,2.8017337173983883
2025-01-02 09:22:16,3.596897586531552
2025-01-02 09:22:17,3.9492338536133857
2025-01-02 09:22:18,2.9504500887981324
2025-01-02 09:22:19,2.7643831356086896
2025-01-02 09:22:20,3.7242376531116337
2025-01-02 09:22:21,3.5322657890070217
2025-01-02 09:22:22,
2025-01-02 09:22:23,3.0912939330010762
2025-01-02 09:22:24,3.543792726655119
2025-01-02 09:22:25,3.544948050309486
2025-01-02 09:22:26,3.021783639766083
2025-01-02 09:22:27,2.7494795275375967
2025-01-02 09:22:28,3.1647333020161943
2025-01-02 09:22:29,4.115813064788563
2025-01-02 09:22:30,3.3544078932810586
2025-01-02 09:22:31,3.5854901933730514
2025-01-02 09:22:32,3.583031179920659
2025-01-02 09:22:33,2.8599110186290186
2025-01-02 09:22:34,3.221866260346086
2025-01-02 09:22:35,3.500566488651594
2025-01-02 09:22:36,3.345203493066738
2025-01-02 09:22:37,2.850095789930548
2025-01-02 09:22:38,3.8486416996341046
2025-01-02 09:22:39,3.186535197297007
2025-01-02 09:22:40,3.1285727742792666
2025-01-02 09:22:41,3.109949651793133
2025-01-02 09:22:42,3.69381944992379
2025-01-02 09:22:43,2.9907076473500527
2025-01-02 09:22:44,3.450345028082868
2025-01-02 09:22:45,3.097094468519298
2025-01-02 09:22:46,3.465882296293033
2025-01-02 09:22:47,3.595967248858901
2025-01-02 09:22:48,
2025-01-02 09:22:49,3.0906898006262553
2025-01-02 09:22:50,3.6066698728873092
2025-01-02 09:22:51,3.335491623765061
2025-01-02 09:22:52,3.01354218714065
2025-01-02 09:22:53,3.1122535081944105
2025-01-02 09:22:54,3.0557112639327846
2025-01-02 09:22:55,3.572605504302113
2025-01-02 09:22:56,3.006237741277575
2025-01-02 09:22:57,3.2269148311519844
2025-01-02 09:22:58,3.1469287432794495
2025-01-02 09:22:59,3.758788539589734
2025-01-02 09:23:00,3.7713169036667087
2025-01-02 09:23:01,2.8183694791118383
2025-01-02 09:23:02,3.1775740171958615
2025-01-02 09:23:03,3.5449375456921324
2025-01-02 09:23:04,3.361543550892441
2025-01-02 09:23:05,3.11574446891472
2025-01-02 09:23:06,3.6564012613153163
2025-01-02 09:23:07,3.5041263749353844
2025-01-02 09:23:08,3.7074041005088656
2025-01-02 09:23:09,3.7018073264587406
2025-01-02 09:23:10,3.389871422213171
2025-01-02 09:23:11,3.6929873599121485
2025-01-02 09:23:12,2.677162250493645
2025-01-02 09:23:13,2.6459021783608185
2025-01-02 09:23:14,3.104192208303061
2025-01-02 09:23:15,3.0318502039377266
2025-01-02 09:23:16,3.1352858472867613
2025-01-02 09:23:17,3.0514907267262834
2025-01-02 09:23:18,3.353556469950934
2025-01-02 09:23:19,2.952214846163657
2025-01-02 09:23:20,3.5331847605116584
2025-01-02 09:23:21,3.157945120651295
2025-01-02 09:23:22,3.4549029656882775
2025-01-02 09:23:23,2.8187506700371756
2025-01-02 09:23:24,3.1894641844923486
2025-01-02 09:23:25,3.387446249363314
2025-01-02 09:23:26,3.1232010827723315
2025-01-02 09:23:27,3.4026757175509412
2025-01-02 09:23:28,3.265989955920649
2025-01-02 09:23:29,3.647916261301863
2025-01-02 09:23:30,2.8014258994541796
2025-01-02 09:23:31,3.338090976277051
2025-01-02 09:23:32,2.872672829663618
2025-01-02 09:23:33,3.621529024449677
2025-01-02 09:23:34,2.8433306057066523
2025-01-02 09:23:35,3.224015469953506
2025-01-02 09:23:36,2.929658681774556
2025-01-02 09:23:37,2.8567890622110292
2025-01-02 09:23:38,3.628964656215766
2025-01-02 09:23:39,3.31406056828656
2025-01-02 09:23:40,3.396186720616616
2025-01-02 09:23:41,3.3237498319760728
2025-01-02 09:23:42,2.911356864062426
2025-01-02 09:23:43,3.1669885219071356
2025-01-02 09:23:44,2.820071266227055
2025-01-02 09:23:45,3.7507648787469474
2025-01-02 09:23:46,3.6459813002340513
2025-01-02 09:23:47,3.6039090263760625
2025-01-02 09:23:48,3.197772273450974
2025-01-02 09:23:49,2.9921956465034136
2025-01-02 09:23:50,3.2392254538377636
2025-01-02 09:23:51,3.7315987117438736
2025-01-02 09:23:52,3.1110324467923505
2025-01-02 09:23:53,3.4461553550039836
2025-01-02 09:23:54,3.5809603185880032
2025-01-02 09:23:55,2.7998427567060498
2025-01-02 09:23:56,3.211964789787658
2025-01-02 09:23:57,3.053421301788078
2025-01-02 09:23:58,3.3575325871801867
2025-01-02 09:23:59,3.3596265368127747
2025-01-02 09:24:00,3.272527733922492
2025-01-02 09:24:01,3.135619112978612
2025-01-02 09:24:02,3.494489591372478
2025-01-02 09:24:03,3.3117325447648875
2025-01-02 09:24:04,2.672499484081258
2025-01-02 09:24:05,3.877777532663151
2025-01-02 09:24:06,3.179118437509666
2025-01-02 09:24:07,3.2490828929168547
2025-01-02 09:24:08,
2025-01-02 09:24:09,2.9901695874654077
2025-01-02 09:24:10,3.00452076457281
2025-01-02 09:24:11,3.364197630800285
2025-01-02 09:24:12,3.61235336569583
2025-01-02 09:24:13,3.1992432640723023
2025-01-02 09:24:14,3.0841382036680254
2025-01-02 09:24:15,3.3049339179201294
2025-01-02 09:24:16,3.701299949004913
2025-01-02 09:24:17,3.5047849422803847
2025-01-02 09:24:18,3.621270838026836
2025-01-02 09:24:19,3.5349239931423093
2025-01-02 09:24:20,3.0916943716783885
2025-01-02 09:24:21,3.020003640143563
2025-01-02 09:24:22,3.9620721225561883
2025-01-02 09:24:23,3.1689434811222696
2025-01-02 09:24:24,3.097386705544315
2025-01-02 09:24:25,3.3311419128308786
2025-01-02 09:24:26,3.2204455867195163
2025-01-02 09:24:27,3.7703239496310195
2025-01-02 09:24:28,3.526521598377213
2025-01-02 09:24:29,3.4501605568259914
2025-01-02 09:24:30,3.457089593575182
2025-01-02 09:24:31,3.1851634381090452
2025-01-02 09:24:32,3.0219016086061545
2025-01-02 09:24:33,2.747652911197558
2025-01-02 09:24:34,3.0920251158712264
2025-01-02 09:24:35,3.4066209772969422
2025-01-02 09:24:36,3.2120780862335403
2025-01-02 09:24:37,3.455656268999957
2025-01-02 09:24:38,3.2738264782250295
2025-01-02 09:24:39,3.306329388105718
2025-01-02 09:24:40,2.784730279595875
2025-01-02 09:24:41,3.352292205057883
2025-01-02 09:24:42,3.248406132290244
2025-01-02 09:24:43,3.0326628157178415
2025-01-02 09:24:44,3.14953657292643
2025-01-02 09:24:45,3.7245245812590118
2025-01-02 09:24:46,3.3143350407715397
2025-01-02 09:24:47,2.8383502304658053
2025-01-02 09:24:48,3.346523893941752
2025-01-02 09:24:49,3.493054453844515
2025-01-02 09:24:50,2.8728461223331236
2025-01-02 09:24:51,2.8421257228969394
2025-01-02 09:24:52,3.4980246889159963
2025-01-02 09:24:53,3.520144744499247
2025-01-02 09:24:54,3.6529322854567177
2025-01-02 09:24:55,3.168485955206763
2025-01-02 09:24:56,2.7568774865899646
2025-01-02 09:24:57,2.8366590276834014
2025-01-02 09:24:58,3.3503120503430615
2025-01-02 09:24:59,3.0227963810137903
2025-01-02 09:25:00,
2025-01-02 09:25:01,3.7959016080315062
2025-01-02 09:25:02,3.05474251756963
2025-01-02 09:25:03,3.4706894087270963
2025-01-02 09:25:04,3.255791269274999
2025-01-02 09:25:05,3.221312874501365
2025-01-02 09:25:06,
2025-01-02 09:25:07,3.4888610694048783
2025-01-02 09:25:08,3.50125466494899
2025-01-02 09:25:09,3.4974673237769958
2025-01-02 09:25:10,3.3514783841852283
2025-01-02 09:25:11,3.7668625716193542
2025-01-02 09:25:12,2.910324419429325
2025-01-02 09:25:13,3.5350033164824772
2025-01-02 09:25:14,3.0144355657782063
2025-01-02 09:25:15,2.728637585733325
2025-01-02 09:25:16,2.770213802579555
2025-01-02 09:25:17,2.9131191648919255
2025-01-02 09:25:18,3.297035350304594
2025-01-02 09:25:19,3.5513565457003606
2025-01-02 09:25:20,3.034114678830242
2025-01-02 09:25:21,3.264519801801306
2025-01-02 09:25:22,3.5175793096957504
2025-01-02 09:25:23,2.863771582437825
2025-01-02 09:25:24,3.2007627652113806
2025-01-02 09:25:25,3.3933375337114233
2025-01-02 09:25:26,3.0963340896305724
2025-01-02 09:25:27,3.7871505333381608
2025-01-02 09:25:28,3.4552235405448
2025-01-02 09:25:29,3.421122073496825
2025-01-02 09:25:30,3.0903507678641393
2025-01-02 09:25:31,3.0693929022661117
2025-01-02 09:25:32,2.8674883240740336
2025-01-02 09:25:33,3.25316322726633
2025-01-02 09:25:34,3.6393675578808047
2025-01-02 09:25:35,2.943672347046352
2025-01-02 09:25:36,3.447065923607876
2025-01-02 09:25:37,3.6133207892541117
2025-01-02 09:25:38,3.2242349722357373
2025-01-02 09:25:39,3.6346079450523208
2025-01-02 09:25:40,3.1321239264952734
2025-01-02 09:25:41,2.909787036194215
2025-01-02 09:25:42,3.3279548679075943
2025-01-02 09:25:43,3.4577883361444477
2025-01-02 09:25:44,3.460031842901561
2025-01-02 09:25:45,2.8674509168684397
2025-01-02 09:25:46,3.267675390700229
2025-01-02 09:25:47,3.64746881783246
2025-01-02 09:25:48,3.206926572950129
2025-01-02 09:25:49,3.0189421717668448
2025-01-02 09:25:50,4.085046457221432
2025-01-02 09:25:51,3.403858420304775
2025-01-02 09:25:52,3.204895826185612
2025-01-02 09:25:53,2.9202192654825816
2025-01-02 09:25:54,2.81635008166609
2025-01-02 09:25:55,3.008918344888603
2025-01-02 09:25:56,3.394873812594666
2025-01-02 09:25:57,3.388489334091115
2025-01-02 09:25:58,2.949160903911391
2025-01-02 09:25:59,3.3501618562858537
2025-01-02 09:26:00,2.936213155342936
2025-01-02 09:26:01,3.366495607885024
2025-01-02 09:26:02,4.030619597436115
2025-01-02 09:26:03,3.2023632875805745
2025-01-02 09:26:04,3.1590424042803225
2025-01-02 09:26:05,3.369619241413519
2025-01-02 09:26:06,3.184788542113249
2025-01-02 09:26:07,3.3207160311211177
2025-01-02 09:26:08,2.8857704198765863
2025-01-02 09:26:09,3.782334195665175
2025-01-02 09:26:10,3.2951557721706983
2025-01-02 09:26:11,3.2858617709278586
2025-01-02 09:26:12,3.1701631591838195
2025-01-02 09:26:13,2.9911743088617144
2025-01-02 09:26:14,2.9256363908227074
2025-01-02 09:26:15,3.16459828573683
2025-01-02 09:26:16,3.3174941263417934
2025-01-02 09:26:17,3.638993768050119
2025-01-02 09:26:18,3.086855054402947
2025-01-02 09:26:19,3.4263918656760697
2025-01-02 09:26:20,4.185760144946865
2025-01-02 09:26:21,3.329971847577264
2025-01-02 09:26:22,3.3086898541286436
2025-01-02 09:26:23,3.1643400635045063
2025-01-02 09:26:24,
2025-01-02 09:26:25,2.999250904454285
2025-01-02 09:26:26,3.3343225982110276
2025-01-02 09:26:27,3.4875541829648076
2025-01-02 09:26:28,3.2785388461541
2025-01-02 09:26:29,3.9003415426642674
2025-01-02 09:26:30,2.915530782535824
2025-01-02 09:26:31,3.5012834167378
2025-01-02 09:26:32,3.281881548043384
2025-01-02 09:26:33,3.2012214044160854
2025-01-02 09:26:34,3.759371772239387
2025-01-02 09:26:35,3.0717497692416353
2025-01-02 09:26:36,3.2542013030823798
2025-01-02 09:26:37,3.247364325794244
2025-01-02 09:26:38,3.331762172367471
2025-01-02 09:26:39,2.9634557479711194
2025-01-02 09:26:40,3.5864239076764672
2025-01-02 09:26:41,2.8877289134957884
2025-01-02 09:26:42,3.3417858934736895
2025-01-02 09:26:43,3.2880799616804453
2025-01-02 09:26:44,3.929180625893449
2025-01-02 09:26:45,2.6525858533898234
2025-01-02 09:26:46,3.4709467085401147
2025-01-02 09:26:47,3.012663216453642
2025-01-02 09:26:48,3.6845603700424503
2025-01-02 09:26:49,3.652451070002945
2025-01-02 09:26:50,2.8914508879802243
2025-01-02 09:26:51,3.095276824433372
2025-01-02 09:26:52,3.734186624283279
2025-01-02 09:26:53,3.445712423102671
2025-01-02 09:26:54,3.151262254676098
2025-01-02 09:26:55,3.8615376323190147
2025-01-02 09:26:56,3.209534789444161
2025-01-02 09:26:57,3.371127580711526
2025-01-02 09:26:58,3.166794159192116
2025-01-02 09:26:59,3.25553046715467
2025-01-02 09:27:00,2.6967167284443825
2025-01-02 09:27:01,2.9749771881905294
2025-01-02 09:27:02,2.851423874959897
2025-01-02 09:27:03,3.221570958923577
2025-01-02 09:27:04,3.228824839190324
2025-01-02 09:27:05,3.4393726269827014
2025-01-02 09:27:06,3.45969293137867
2025-01-02 09:27:07,3.37878465550987
2025-01-02 09:27:08,3.302904103139411
2025-01-02 09:27:09,2.6185578382117716
2025-01-02 09:27:10,3.825863112690286
2025-01-02 09:27:11,3.288689177806773
2025-01-02 09:27:12,3.4905321998253864
2025-01-02 09:27:13,2.788534041644985
2025-01-02 09:27:14,3.6357884579424296
2025-01-02 09:27:15,3.4488123026885886
2025-01-02 09:27:16,3.007528553140259
2025-01-02 09:27:17,2.967628379966249
2025-01-02 09:27:18,2.9113868470375683
2025-01-02 09:27:19,3.602343347070416
2025-01-02 09:27:20,3.4646414602195277
2025-01-02 09:27:21,3.0661258559891094
2025-01-02 09:27:22,3.5066425422914334
2025-01-02 09:27:23,3.146416660026266
2025-01-02 09:27:24,3.649242504824227
2025-01-02 09:27:25,3.479373903736082
2025-01-02 09:27:26,3.337768705536961
2025-01-02 09:27:27,3.0950170818145404
2025-01-02 09:27:28,3.4133975347349614
2025-01-02 09:27:29,3.0474736492961116
2025-01-02 09:27:30,3.1185458422195858
2025-01-02 09:27:31,2.658660038814999
2025-01-02 09:27:32,3.1001926761350247
2025-01-02 09:27:33,3.6436692950241754
2025-01-02 09:27:34,3.3861519722100177
2025-01-02 09:27:35,3.085700752882089
2025-01-02 09:27:36,3.4739687661238943
2025-01-02 09:27:37,2.767478136253459
2025-01-02 09:27:38,3.2383600479473094
2025-01-02 09:27:39,3.1200153326185514
2025-01-02 09:27:40,2.7051811089007356
2025-01-02 09:27:41,3.2497830957152183
2025-01-02 09:27:42,3.676247372450355
2025-01-02 09:27:43,2.8924509981261988
2025-01-02 09:27:44,
2025-01-02 09:27:45,2.937018273827112
2025-01-02 09:27:46,
2025-01-02 09:27:47,3.513993895237205
2025-01-02 09:27:48,3.06309794836831
2025-01-02 09:27:49,3.095128792876235
2025-01-02 09:27:50,3.6026493102818904
2025-01-02 09:27:51,3.6792172581843903
2025-01-02 09:27:52,3.4800928135473903
2025-01-02 09:27:53,3.7758557852212613
2025-01-02 09:27:54,3.497796410974515
2025-01-02 09:27:55,3.1900745292412855
2025-01-02 09:27:56,3.6396062185174225
2025-01-02 09:27:57,3.234011620791329
2025-01-02 09:27:58,3.3780763687418944
2025-01-02 09:27:59,
2025-01-02 09:28:00,2.9830875940307084
2025-01-02 09:28:01,3.7751541342530768
2025-01-02 09:28:02,3.140857253054105
2025-01-02 09:28:03,3.1506869251861893
2025-01-02 09:28:04,3.489642149411872
2025-01-02 09:28:05,3.4189926191065716
2025-01-02 09:28:06,3.3121314832525646
2025-01-02 09:28:07,2.7717760890567607
2025-01-02 09:28:08,2.9091828542716445
2025-01-02 09:28:09,2.8605206773340983
2025-01-02 09:28:10,3.5410316063348746
2025-01-02 09:28:11,2.899170036970867
2025-01-02 09:28:12,2.9387986959411547
2025-01-02 09:28:13,3.322586898399718
2025-01-02 09:28:14,3.2650351960377666
2025-01-02 09:28:15,3.241508355659561
2025-01-02 09:28:16,3.6967440849076008
2025-01-02 09:28:17,3.268907811744583
2025-01-02 09:28:18,3.6217613477470256
2025-01-02 09:28:19,3.286077766942385
2025-01-02 09:28:20,3.71302360768319
2025-01-02 09:28:21,3.304987677036573
2025-01-02 09:28:22,3.2352385361662606
2025-01-02 09:28:23,3.8734397227833464
2025-01-02 09:28:24,3.0855852009394633
2025-01-02 09:28:25,3.479171683125756
2025-01-02 09:28:26,3.2708511280112798
2025-01-02 09:28:27,3.6810996058065526
2025-01-02 09:28:28,3.3475500492421175
2025-01-02 09:28:29,3.3777174169132462
2025-01-02 09:28:30,3.4470684879094287
2025-01-02 09:28:31,3.3711042877847563
2025-01-02 09:28:32,3.0542684761806562
2025-01-02 09:28:33,3.047556370969672
2025-01-02 09:28:34,3.938293870931513
2025-01-02 09:28:35,3.2262887994580702
2025-01-02 09:28:36,3.60487035194374
2025-01-02 09:28:37,3.228161558150844
2025-01-02 09:28:38,3.3673750443531127
2025-01-02 09:28:39,3.340057326621626
2025-01-02 09:28:40,3.74903772612887
2025-01-02 09:28:41,3.4345887031581035
2025-01-02 09:28:42,3.028136905568229
2025-01-02 09:28:43,3.510175678226336
2025-01-02 09:28:44,3.5420456598421883
2025-01-02 09:28:45,3.47771065350174
2025-01-02 09:28:46,3.0835472710908793
2025-01-02 09:28:47,3.1840314263419494
2025-01-02 09:28:48,3.1209826192456203
2025-01-02 09:28:49,3.182426196729947
2025-01-02 09:28:50,2.790905356068966
2025-01-02 09:28:51,3.038168463881864
2025-01-02 09:28:52,3.1568208431081257
2025-01-02 09:28:53,2.8410216978739777
2025-01-02 09:28:54,3.7241256680850023
2025-01-02 09:28:55,3.596137228828561
2025-01-02 09:28:56,3.032640801931997
2025-01-02 09:28:57,3.201449452297962
2025-01-02 09:28:58,3.6946940275654208
2025-01-02 09:28:59,3.807414254113878
2025-01-02 09:29:00,3.04056180875879
2025-01-02 09:29:01,3.2133774116493408
2025-01-02 09:29:02,3.294422699777108
2025-01-02 09:29:03,3.3648073296136425
2025-01-02 09:29:04,2.8960851468427062
2025-01-02 09:29:05,3.815432725008537
2025-01-02 09:29:06,3.685384933431538
2025-01-02 09:29:07,3.7884142907555853
2025-01-02 09:29:08,3.6797256496167514
2025-01-02 09:29:09,3.096174720571114
2025-01-02 09:29:10,3.6203631615856096
2025-01-02 09:29:11,3.5375577933769327
2025-01-02 09:29:12,3.0885973934119444
2025-01-02 09:29:13,2.7032966704774535
2025-01-02 09:29:14,3.5495395225939026
2025-01-02 09:29:15,3.502571589956895
2025-01-02 09:29:16,3.989801430370779
2025-01-02 09:29:17,3.722954656375941
2025-01-02 09:29:18,3.6167547736946046
2025-01-02 09:29:19,3.402012209949915
2025-01-02 09:29:20,3.1031851598600104
2025-01-02 09:29:21,3.4829573640618325
2025-01-02 09:29:22,2.960843176636365
2025-01-02 09:29:23,2.950429496296854
2025-01-02 09:29:24,2.865002583916141
2025-01-02 09:29:25,2.8679794159490934
2025-01-02 09:29:26,3.7853618451402102
2025-01-02 09:29:27,3.39674359430661
2025-01-02 09:29:28,2.811205169761655
2025-01-02 09:29:29,3.1891899869918974
2025-01-02 09:29:30,2.999788012676496
2025-01-02 09:29:31,3.246134215596825
2025-01-02 09:29:32,3.34653267384821
2025-01-02 09:29:33,3.0682438266488448
2025-01-02 09:29:34,3.2516498063931136
2025-01-02 09:29:35,3.2386222622818566
2025-01-02 09:29:36,3.0866829321922267
2025-01-02 09:29:37,3.4862440860231296
2025-01-02 09:29:38,3.149192700478365
2025-01-02 09:29:39,3.4912765538677117
2025-01-02 09:29:40,3.4833285249441435
2025-01-02 09:29:41,3.339395782298287
2025-01-02 09:29:42,3.1044198912698944
2025-01-02 09:29:43,3.100121120701609
2025-01-02 09:29:44,3.6077049360872806
2025-01-02 09:29:45,3.2144425714654883
2025-01-02 09:29:46,3.016667448720087
2025-01-02 09:29:47,3.2025268188972125
2025-01-02 09:29:48,3.0199385279655315
2025-01-02 09:29:49,3.4617124100896444
2025-01-02 09:29:50,3.6109127164737833
2025-01-02 09:29:51,3.654554279824447
2025-01-02 09:29:52,3.4509497140527428
2025-01-02 09:29:53,3.0421612811543373
2025-01-02 09:29:54,3.0003461025705453
2025-01-02 09:29:55,
2025-01-02 09:29:56,3.145765554779949
2025-01-02 09:29:57,2.913860794934858
2025-01-02 09:29:58,3.3212349193672823
2025-01-02 09:29:59,3.333785700628741
2025-01-02 09:30:00,3.37384112085932
2025-01-02 09:30:01,3.041259913006097
2025-01-02 09:30:02,3.381153889566355
2025-01-02 09:30:03,3.0906950386582737
2025-01-02 09:30:04,2.867773800314014
2025-01-02 09:30:05,3.3297411410608158
2025-01-02 09:30:06,3.4486920141240747
2025-01-02 09:30:07,3.2933133250853914
2025-01-02 09:30:08,3.4816411239840037
2025-01-02 09:30:09,3.709481904201494
2025-01-02 09:30:10,2.911097711618134
2025-01-02 09:30:11,2.9982136729022946
2025-01-02 09:30:12,2.9577725687634002
2025-01-02 09:30:13,2.3404818612685294
2025-01-02 09:30:14,3.482691685373921
2025-01-02 09:30:15,3.610639343231598
2025-01-02 09:30:16,2.7377217346578133
2025-01-02 09:30:17,3.4591340053188673
2025-01-02 09:30:18,3.477003359105537
2025-01-02 09:30:19,3.3241825276222414
2025-01-02 09:30:20,3.4978937171541062
2025-01-02 09:30:21,3.42433826418748
2025-01-02 09:30:22,2.7138614163691175
2025-01-02 09:30:23,3.046346233544261
2025-01-02 09:30:24,3.7867331109442794
2025-01-02 09:30:25,2.3834159481435666
2025-01-02 09:30:26,3.1463707980853948
2025-01-02 09:30:27,3.3632792357637236
2025-01-02 09:30:28,
2025-01-02 09:30:29,2.8580191464055105
2025-01-02 09:30:30,3.325931989868109
2025-01-02 09:30:31,3.1455815438281514
2025-01-02 09:30:32,3.011506565247093
2025-01-02 09:30:33,3.316899912366421
2025-01-02 09:30:34,3.476234868724496
2025-01-02 09:30:35,2.919667701438511
2025-01-02 09:30:36,3.239667976581726
2025-01-02 09:30:37,2.8728891977992457
2025-01-02 09:30:38,3.154560164639576
2025-01-02 09:30:39,3.02617971774977
2025-01-02 09:30:40,3.492915276711708
2025-01-02 09:30:41,2.9155667426236733
2025-01-02 09:30:42,3.4578931754081075
2025-01-02 09:30:43,3.8154788377836253
2025-01-02 09:30:44,3.307422850730211
2025-01-02 09:30:45,2.593596842847124
2025-01-02 09:30:46,3.2899491175621836
2025-01-02 09:30:47,3.5564246301695728
2025-01-02 09:30:48,3.219693496935679
2025-01-02 09:30:49,3.3578170555042224
2025-01-02 09:30:50,2.66001397555597
2025-01-02 09:30:51,3.5202520341837586
2025-01-02 09:30:52,3.0223847954905003
2025-01-02 09:30:53,3.6604530902217958
2025-01-02 09:30:54,3.437168859319126
2025-01-02 09:30:55,3.407904568370253
2025-01-02 09:30:56,2.8026509455770556
2025-01-02 09:30:57,2.641328888569754
2025-01-02 09:30:58,2.861976769072286
2025-01-02 09:30:59,3.4329418974284467
2025-01-02 09:31:00,3.3413972071364295
2025-01-02 09:31:01,3.5882504793601933
2025-01-02 09:31:02,3.3781506101593255
2025-01-02 09:31:03,3.445731468039802
2025-01-02 09:31:04,3.125280997988297
2025-01-02 09:31:05,2.821331106353241
2025-01-02 09:31:06,2.970717334638177
2025-01-02 09:31:07,3.1849485963864845
2025-01-02 09:31:08,3.4239650043766403
2025-01-02 09:31:09,2.883862142139952
2025-01-02 09:31:10,3.7417534078877654
2025-01-02 09:31:11,3.5529697391808344
2025-01-02 09:31:12,3.410065077799295
2025-01-02 09:31:13,2.8677250279683175
2025-01-02 09:31:14,3.552458630632241
2025-01-02 09:31:15,2.7407549552361177
2025-01-02 09:31:16,
2025-01-02 09:31:17,3.2941610810865707
2025-01-02 09:31:18,3.472427937000407
2025-01-02 09:31:19,3.23761632244188
2025-01-02 09:31:20,3.208637527492487
2025-01-02 09:31:21,3.435093509238192
2025-01-02 09:31:22,2.7468359117196046
2025-01-02 09:31:23,3.374575628556833
2025-01-02 09:31:24,3.1146867618847955
2025-01-02 09:31:25,2.998240642871591
2025-01-02 09:31:26,2.673882683467943
2025-01-02 09:31:27,3.684149752075144
2025-01-02 09:31:28,3.033986607184155
2025-01-02 09:31:29,3.525406038179612
2025-01-02 09:31:30,3.0594404290387662
2025-01-02 09:31:31,3.573445934455743
2025-01-02 09:31:32,3.2849091835592574
2025-01-02 09:31:33,3.0505993525784927
2025-01-02 09:31:34,
2025-01-02 09:31:35,3.432216656986302
2025-01-02 09:31:36,3.4375814791627457
2025-01-02 09:31:37,3.1297017707269714
2025-01-02 09:31:38,3.630193154477379
2025-01-02 09:31:39,3.5585695135006805
2025-01-02 09:31:40,3.8171375789450517
2025-01-02 09:31:41,3.811586269507381
2025-01-02 09:31:42,3.8415639776442303
2025-01-02 09:31:43,3.2902660967217106
2025-01-02 09:31:44,3.611060212020093
2025-01-02 09:31:45,3.205422052640533
2025-01-02 09:31:46,3.4456515704613153
2025-01-02 09:31:47,3.3941315455640395
2025-01-02 09:31:48,3.6530410258933865
2025-01-02 09:31:49,3.653472718133715
2025-01-02 09:31:50,3.317829521176694
2025-01-02 09:31:51,3.3541320575288482
2025-01-02 09:31:52,3.3192511320435467
2025-01-02 09:31:53,2.7901160296707106
2025-01-02 09:31:54,2.684231179922508
2025-01-02 09:31:55,3.162846046489193
2025-01-02 09:31:56,3.5695809433385532
2025-01-02 09:31:57,2.9338718305387195
2025-01-02 09:31:58,3.1503545684278436
2025-01-02 09:31:59,3.0117828748173547
2025-01-02 09:32:00,2.8343982502729372
2025-01-02 09:32:01,3.200525332907895
2025-01-02 09:32:02,3.3335665201279285
2025-01-02 09:32:03,3.7522963120346193
2025-01-02 09:32:04,3.298092965389119
2025-01-02 09:32:05,2.789590426288628
2025-01-02 09:32:06,3.2764756062465112
2025-01-02 09:32:07,2.574676147952277
2025-01-02 09:32:08,3.1165996440717834
2025-01-02 09:32:09,2.9873121795563096
2025-01-02 09:32:10,3.751456094712945
2025-01-02 09:32:11,3.2282953737001554
2025-01-02 09:32:12,3.65564589948915
2025-01-02 09:32:13,3.236227669283229
2025-01-02 09:32:14,3.4224144596588157
2025-01-02 09:32:15,3.053639111504822
2025-01-02 09:32:16,3.5242149330673165
2025-01-02 09:32:17,3.0425710410402975
2025-01-02 09:32:18,3.299947797566196
2025-01-02 09:32:19,3.537362960852868
2025-01-02 09:32:20,3.0796544168489284
2025-01-02 09:32:21,3.2139186781022757
2025-01-02 09:32:22,3.7565483827763924
2025-01-02 09:32:23,2.9931654326447514
2025-01-02 09:32:24,3.643263011651714
2025-01-02 09:32:25,3.234640181715053
2025-01-02 09:32:26,3.529224622734374
2025-01-02 09:32:27,3.446289747889397
2025-01-02 09:32:28,3.6756963098864137
2025-01-02 09:32:29,3.5885677704876238
2025-01-02 09:32:30,3.4476280444916663
2025-01-02 09:32:31,2.727049873297807
2025-01-02 09:32:32,3.019001905641042
2025-01-02 09:32:33,2.8943177115215457
2025-01-02 09:32:34,3.4284935383485897
2025-01-02 09:32:35,3.5244283602634865
2025-01-02 09:32:36,3.392464955859368
2025-01-02 09:32:37,2.748371791858847
2025-01-02 09:32:38,3.2591746850157706
2025-01-02 09:32:39,3.3604361676365557
2025-01-02 09:32:40,3.0969345141731397
2025-01-02 09:32:41,2.949980811693794
2025-01-02 09:32:42,3.391416689843151
2025-01-02 09:32:43,3.2336032768517415
2025-01-02 09:32:44,2.9268769482730193
2025-01-02 09:32:45,3.245378933007656
2025-01-02 09:32:46,2.846745083501743
2025-01-02 09:32:47,3.112487743669766
2025-01-02 09:32:48,2.8854866779376667
2025-01-02 09:32:49,4.244062658631958
2025-01-02 09:32:50,3.601647803327634
2025-01-02 09:32:51,3.587111666144337
2025-01-02 09:32:52,3.309397228883984
2025-01-02 09:32:53,3.2483826782717546
2025-01-02 09:32:54,3.005411150613136
2025-01-02 09:32:55,3.013313949825009
2025-01-02 09:32:56,2.822647822385568
2025-01-02 09:32:57,3.274551872430435
2025-01-02 09:32:58,3.3263044587513777
2025-01-02 09:32:59,2.941329007937057
2025-01-02 09:33:00,
2025-01-02 09:33:01,3.2890810877607795
2025-01-02 09:33:02,3.644116746568727
2025-01-02 09:33:03,3.2725037105655073
2025-01-02 09:33:04,
2025-01-02 09:33:05,2.9650866810524743
2025-01-02 09:33:06,3.287825512572692
2025-01-02 09:33:07,3.2571723707097546
2025-01-02 09:33:08,2.9394818477748763
2025-01-02 09:33:09,2.9283951428149053
2025-01-02 09:33:10,3.6991861835829414
2025-01-02 09:33:11,3.0108782491344503
2025-01-02 09:33:12,2.842982599542107
2025-01-02 09:33:13,3.007664183764904
2025-01-02 09:33:14,3.7144347666165887
2025-01-02 09:33:15,2.837986810451851
2025-01-02 09:33:16,2.8284066705679125
2025-01-02 09:33:17,2.9577570911196513
2025-01-02 09:33:18,3.8723938288091104
2025-01-02 09:33:19,3.3542509448696425
2025-01-02 09:33:20,3.0562265983670542
2025-01-02 09:33:21,3.4516660006675397
2025-01-02 09:33:22,2.8286735229535305
2025-01-02 09:33:23,3.753169779767152
2025-01-02 09:33:24,3.146205290271166
2025-01-02 09:33:25,2.79509126305802
2025-01-02 09:33:26,
2025-01-02 09:33:27,3.3665228643874694
2025-01-02 09:33:28,3.63769812661041
2025-01-02 09:33:29,3.6273756928562633
2025-01-02 09:33:30,2.9591130086391786
2025-01-02 09:33:31,3.7458739933139493
2025-01-02 09:33:32,3.269269669699634
2025-01-02 09:33:33,3.257393226949906
2025-01-02 09:33:34,3.112063857617824
2025-01-02 09:33:35,3.5983061716547957
2025-01-02 09:33:36,2.807071310665845
2025-01-02 09:33:37,2.5584314922840394
2025-01-02 09:33:38,3.624811914747659
2025-01-02 09:33:39,2.99295136772668
2025-01-02 09:33:40,2.7958839287047437
2025-01-02 09:33:41,3.033422463888405
2025-01-02 09:33:42,3.3409041412125293
2025-01-02 09:33:43,3.0483698381560522
2025-01-02 09:33:44,3.0173771134712335
2025-01-02 09:33:45,3.612772479475526
2025-01-02 09:33:46,3.250267694397854
2025-01-02 09:33:47,3.2032654675668453
2025-01-02 09:33:48,3.4317604661167738
2025-01-02 09:33:49,3.076555287735224
2025-01-02 09:33:50,2.556609535598509
2025-01-02 09:33:51,3.1185069270699266
2025-01-02 09:33:52,3.54280305358766
2025-01-02 09:33:53,3.3731670566983816
2025-01-02 09:33:54,3.4984662118106122
2025-01-02 09:33:55,3.5229694762116757
2025-01-02 09:33:56,3.4976840363628963
2025-01-02 09:33:57,3.539635088368307
2025-01-02 09:33:58,2.926036264775087
2025-01-02 09:33:59,2.7390154733576573
2025-01-02 09:34:00,3.28667682363665
2025-01-02 09:34:01,3.320847795244172
2025-01-02 09:34:02,3.4594285919121743
2025-01-02 09:34:03,3.428066714645294
2025-01-02 09:34:04,3.536658280461474
2025-01-02 09:34:05,
2025-01-02 09:34:06,3.8478670784156694
2025-01-02 09:34:07,3.4781953074558225
2025-01-02 09:34:08,3.505152527376243
2025-01-02 09:34:09,2.9994255026703938
2025-01-02 09:34:10,3.061504732141584
2025-01-02 09:34:11,3.0074186066832564
2025-01-02 09:34:12,2.964781594071233
2025-01-02 09:34:13,3.252740131833706
2025-01-02 09:34:14,3.6067629274060224
2025-01-02 09:34:15,3.209923564859775
2025-01-02 09:34:16,3.863781597148775
2025-01-02 09:34:17,3.312748666071196
2025-01-02 09:34:18,3.2740320835294687
2025-01-02 09:34:19,2.9951799675554627
2025-01-02 09:34:20,2.9526391535577616
2025-01-02 09:34:21,3.34305182713665
2025-01-02 09:34:22,3.496896803887228
2025-01-02 09:34:23,3.8005743184062766
2025-01-02 09:34:24,2.918572966946214
2025-01-02 09:34:25,3.3825558382246674
2025-01-02 09:34:26,3.2373536015983873
2025-01-02 09:34:27,3.8269656595355803
2025-01-02 09:34:28,2.943154069175309
2025-01-02 09:34:29,3.207120419669529
2025-01-02 09:34:30,3.3349214048201254
2025-01-02 09:34:31,2.8507974789496853
2025-01-02 09:34:32,3.273676763133414
2025-01-02 09:34:33,3.296971383621161
2025-01-02 09:34:34,3.675521397357695
2025-01-02 09:34:35,2.9350823491371956
2025-01-02 09:34:36,3.2965286073909783
2025-01-02 09:34:37,2.9315579531677023
2025-01-02 09:34:38,3.2784906111868755
2025-01-02 09:34:39,
2025-01-02 09:34:40,3.229460086547915
2025-01-02 09:34:41,2.998802691609612
2025-01-02 09:34:42,3.422875244521334
2025-01-02 09:34:43,3.523642209784757
2025-01-02 09:34:44,3.466098847114954
2025-01-02 09:34:45,3.3103011384764884
2025-01-02 09:34:46,3.2895091036826734
2025-01-02 09:34:47,3.06784152158986
2025-01-02 09:34:48,2.831355680768563
2025-01-02 09:34:49,3.6173466982831037
2025-01-02 09:34:50,3.4391491022881913
2025-01-02 09:34:51,2.46114949538499
2025-01-02 09:34:52,3.264486482334128
2025-01-02 09:34:53,2.795257843193059
2025-01-02 09:34:54,3.2200433199853835
2025-01-02 09:34:55,3.0282925435333543
2025-01-02 09:34:56,3.481178894632746
2025-01-02 09:34:57,2.510749187461996
2025-01-02 09:34:58,3.296550410976532
2025-01-02 09:34:59,3.3366015520599253
2025-01-02 09:35:00,
2025-01-02 09:35:01,3.403880372318349
2025-01-02 09:35:02,3.493910075606692
2025-01-02 09:35:03,3.6961329202330235
2025-01-02 09:35:04,3.3592488826975653
2025-01-02 09:35:05,3.434006673852444
2025-01-02 09:35:06,3.6746142467616862
2025-01-02 09:35:07,3.028154806751161
2025-01-02 09:35:08,3.4059353653907873
2025-01-02 09:35:09,3.355951935042267
2025-01-02 09:35:10,2.879187561226626
2025-01-02 09:35:11,2.8030536063746667
2025-01-02 09:35:12,3.073032670888982
2025-01-02 09:35:13,3.4141059997394074
2025-01-02 09:35:14,3.135193466522358
2025-01-02 09:35:15,3.043372130755351
2025-01-02 09:35:16,3.2789749513987285
2025-01-02 09:35:17,3.1052427734390022
2025-01-02 09:35:18,3.1273009257955047
2025-01-02 09:35:19,2.941084883386651
2025-01-02 09:35:20,2.709501016493885
2025-01-02 09:35:21,3.143139896805392
2025-01-02 09:35:22,2.9939439360284834
2025-01-02 09:35:23,3.2027119063850433
2025-01-02 09:35:24,2.9702622894860697
2025-01-02 09:35:25,2.8436066771031716
2025-01-02 09:35:26,3.3307400717660482
2025-01-02 09:35:27,3.6574919657768485
2025-01-02 09:35:28,3.262274322121253
2025-01-02 09:35:29,3.2158359430287558
2025-01-02 09:35:30,3.0764711733058405
2025-01-02 09:35:31,3.3679699390255293
2025-01-02 09:35:32,2.807208794090484
2025-01-02 09:35:33,3.68039610472962
2025-01-02 09:35:34,3.6116746972427847
2025-01-02 09:35:35,3.9413270729198673
2025-01-02 09:35:36,3.0016174647967757
2025-01-02 09:35:37,3.5685183685065405
2025-01-02 09:35:38,3.5006427745802697
2025-01-02 09:35:39,3.5250728022366307
2025-01-02 09:35:40,3.273312026671525
2025-01-02 09:35:41,3.368980836437046
2025-01-02 09:35:42,3.5602302694066017
2025-01-02 09:35:43,3.0474360664869904
2025-01-02 09:35:44,3.046791298214664
2025-01-02 09:35:45,3.234841557724892
2025-01-02 09:35:46,3.077187862358852
2025-01-02 09:35:47,3.198579403692811
2025-01-02 09:35:48,3.6296774492652397
2025-01-02 09:35:49,3.371568543249896
2025-01-02 09:35:50,3.2267586409332405
2025-01-02 09:35:51,3.551569164752752
2025-01-02 09:35:52,3.4063094768996534
2025-01-02 09:35:53,3.2121020304194285
2025-01-02 09:35:54,2.8144516642504134
2025-01-02 09:35:55,3.599657474472142
2025-01-02 09:35:56,3.6610939487008674
2025-01-02 09:35:57,3.6281736565029425
2025-01-02 09:35:58,3.035734804931318
2025-01-02 09:35:59,3.294445682669886
2025-01-02 09:36:00,2.7171556814590265
2025-01-02 09:36:01,
2025-01-02 09:36:02,3.023899717063357
2025-01-02 09:36:03,2.6001054776115593
2025-01-02 09:36:04,3.0028348167619017
2025-01-02 09:36:05,3.043552143147746
2025-01-02 09:36:06,3.5815514710013647
2025-01-02 09:36:07,3.8240441173897732
2025-01-02 09:36:08,3.048283781911387
2025-01-02 09:36:09,2.9076403569451377
2025-01-02 09:36:10,3.8930206605024242
2025-01-02 09:36:11,3.11761380397339
2025-01-02 09:36:12,3.4819340452156955
2025-01-02 09:36:13,3.3452088567116323
2025-01-02 09:36:14,3.6016297362371663
2025-01-02 09:36:15,3.494461104099249
2025-01-02 09:36:16,3.7139559817596375
2025-01-02 09:36:17,2.7483398813167987
2025-01-02 09:36:18,3.3712629267983987
2025-01-02 09:36:19,3.1093761202863943
2025-01-02 09:36:20,2.9510470939790308
2025-01-02 09:36:21,3.210908921009938
2025-01-02 09:36:22,3.316442246679331
2025-01-02 09:36:23,3.3050344098712205
2025-01-02 09:36:24,2.5417552872195217
2025-01-02 09:36:25,3.195520303160591
2025-01-02 09:36:26,3.2689811867650205
2025-01-02 09:36:27,3.3395822525568577
2025-01-02 09:36:28,3.047882585023818
2025-01-02 09:36:29,3.0908644646351506
2025-01-02 09:36:30,3.062221921662226
2025-01-02 09:36:31,3.6098578008290425
2025-01-02 09:36:32,3.2825540829079722
2025-01-02 09:36:33,2.9020147932435645
2025-01-02 09:36:34,2.8055790415699793
2025-01-02 09:36:35,3.313299532580791
2025-01-02 09:36:36,3.2399551627418157
2025-01-02 09:36:37,2.9056865516903994
2025-01-02 09:36:38,3.3785303111921836
2025-01-02 09:36:39,3.456710494433217
2025-01-02 09:36:40,3.3563368065141668
2025-01-02 09:36:41,3.5007244946570024
2025-01-02 09:36:42,3.4114840724752957
2025-01-02 09:36:43,3.3933964321077705
2025-01-02 09:36:44,3.2092314271106637
2025-01-02 09:36:45,2.844290396240213
2025-01-02 09:36:46,3.6035919684877955
2025-01-02 09:36:47,3.4450368522055554
2025-01-02 09:36:48,3.187325752311337
2025-01-02 09:36:49,3.227768612711263
2025-01-02 09:36:50,2.8509798661145114
2025-01-02 09:36:51,3.3197276835333223
2025-01-02 09:36:52,2.6449300273059775
2025-01-02 09:36:53,3.1936857222989103
2025-01-02 09:36:54,3.450849260673904
2025-01-02 09:36:55,2.9519280917902098
2025-01-02 09:36:56,3.3840799224910367
2025-01-02 09:36:57,3.201191587423199
2025-01-02 09:36:58,3.57796219074084
2025-01-02 09:36:59,3.48345005910992
2025-01-02 09:37:00,3.8961179618275867
2025-01-02 09:37:01,3.0212577021203626
2025-01-02 09:37:02,2.6996561575013764
2025-01-02 09:37:03,3.7894229090038145
2025-01-02 09:37:04,3.360441574532345
2025-01-02 09:37:05,3.2336582620491963
2025-01-02 09:37:06,3.0553266717688645
2025-01-02 09:37:07,3.440211898890011
2025-01-02 09:37:08,4.047986901816642
2025-01-02 09:37:09,2.9290096573150466
2025-01-02 09:37:10,3.1697652419400932
2025-01-02 09:37:11,3.0750761477322435
2025-01-02 09:37:12,2.929528298676635
2025-01-02 09:37:13,3.214635209185376
2025-01-02 09:37:14,3.52951509660222
2025-01-02 09:37:15,3.608335678639481
2025-01-02 09:37:16,3.1651725483101796
2025-01-02 09:37:17,2.943225005212625
2025-01-02 09:37:18,3.0649823960419242
2025-01-02 09:37:19,
2025-01-02 09:37:20,3.2434167903455604
2025-01-02 09:37:21,3.838541676190765
2025-01-02 09:37:22,3.6574926078920655
2025-01-02 09:37:23,2.565397980412962
2025-01-02 09:37:24,2.86259315919399
2025-01-02 09:37:25,3.3781579344329944
2025-01-02 09:37:26,3.3722336344594437
2025-01-02 09:37:27,3.4651819943918096
2025-01-02 09:37:28,3.200728244767543
2025-01-02 09:37:29,2.8709575415777784
2025-01-02 09:37:30,3.1336055326367687
2025-01-02 09:37:31,3.3528022579315726
2025-01-02 09:37:32,3.3645305409328246
2025-01-02 09:37:33,3.5265002123990494
2025-01-02 09:37:34,3.263725646067364
2025-01-02 09:37:35,3.2666119380258145
2025-01-02 09:37:36,3.4812789280542846
2025-01-02 09:37:37,3.5360916675205836
2025-01-02 09:37:38,2.9819578151915946
2025-01-02 09:37:39,2.830451578431547
2025-01-02 09:37:40,3.5770088017658863
2025-01-02 09:37:41,3.9350824980075974
2025-01-02 09:37:42,3.4234722805550133
2025-01-02 09:37:43,2.528471423217017
2025-01-02 09:37:44,3.6724355535403697
2025-01-02 09:37:45,3.355952290637497
2025-01-02 09:37:46,3.118646745534771
2025-01-02 09:37:47,3.256177864589356
2025-01-02 09:37:48,3.304647029873925
2025-01-02 09:37:49,3.0827638186209447
2025-01-02 09:37:50,3.0641676470374795
2025-01-02 09:37:51,3.976657114618305
2025-01-02 09:37:52,2.838709701624711
2025-01-02 09:37:53,3.243230683764321
2025-01-02 09:37:54,2.8069552217267097
2025-01-02 09:37:55,3.5191402220352104
2025-01-02 09:37:56,3.2057115056913315
2025-01-02 09:37:57,3.4333770646117543
2025-01-02 09:37:58,3.626439908361949
2025-01-02 09:37:59,3.543488269371154
2025-01-02 09:38:00,3.1891598449412437
2025-01-02 09:38:01,2.8637773204008354
2025-01-02 09:38:02,2.971531782958522
2025-01-02 09:38:03,3.1235296116169797
2025-01-02 09:38:04,2.6540512111225083
2025-01-02 09:38:05,3.404509705820721
2025-01-02 09:38:06,2.6685822905958156
2025-01-02 09:38:07,
2025-01-02 09:38:08,3.2966910688918163
2025-01-02 09:38:09,2.860576156988255
2025-01-02 09:38:10,2.7718030673256573
2025-01-02 09:38:11,3.098245834181679
2025-01-02 09:38:12,3.495045038950304
2025-01-02 09:38:13,3.3571738212587694
2025-01-02 09:38:14,3.9465728249745142
2025-01-02 09:38:15,3.02658530970036
2025-01-02 09:38:16,3.1296154514808725
2025-01-02 09:38:17,3.094674114730607
2025-01-02 09:38:18,3.1631429713512187
2025-01-02 09:38:19,3.3203728823535408
2025-01-02 09:38:20,3.6172846957422116
2025-01-02 09:38:21,3.3171934171012514
2025-01-02 09:38:22,3.6992884500019247
2025-01-02 09:38:23,3.391936775108504
2025-01-02 09:38:24,2.676264371379857
2025-01-02 09:38:25,3.15557617234735
2025-01-02 09:38:26,3.731740653667625
2025-01-02 09:38:27,3.4928814433024598
2025-01-02 09:38:28,3.210530257107007
2025-01-02 09:38:29,3.3142452050738496
2025-01-02 09:38:30,2.886263942069676
2025-01-02 09:38:31,3.778628127987606
2025-01-02 09:38:32,3.7172777778346564
2025-01-02 09:38:33,
2025-01-02 09:38:34,3.139984545113839
2025-01-02 09:38:35,3.3375243486791533
2025-01-02 09:38:36,2.954478478626078
2025-01-02 09:38:37,3.731625293763041
2025-01-02 09:38:38,3.110485156813083
2025-01-02 09:38:39,3.5148710935997762
2025-01-02 09:38:40,3.6071214302921555
2025-01-02 09:38:41,
2025-01-02 09:38:42,2.8495341453918206
2025-01-02 09:38:43,3.5316290774433403
2025-01-02 09:38:44,3.7112503783830872
2025-01-02 09:38:45,3.5664074007039503
2025-01-02 09:38:46,3.240839707031161
2025-01-02 09:38:47,3.4858835749724792
2025-01-02 09:38:48,2.984169955026951
2025-01-02 09:38:49,2.7051633400921764
2025-01-02 09:38:50,3.2451452610282625
2025-01-02 09:38:51,3.50137813816126
2025-01-02 09:38:52,3.5559798398471862
2025-01-02 09:38:53,2.6698729492035285
2025-01-02 09:38:54,3.210607971268543
2025-01-02 09:38:55,2.801057751823307
2025-01-02 09:38:56,2.9358566391378402
2025-01-02 09:38:57,2.532415462425671
2025-01-02 09:38:58,3.034183877450319
2025-01-02 09:38:59,2.727556189513803
2025-01-02 09:39:00,3.0277280741581634
2025-01-02 09:39:01,3.1395817080101756
2025-01-02 09:39:02,3.2919815751861576
2025-01-02 09:39:03,3.976605468255971
2025-01-02 09:39:04,3.035448045784749
2025-01-02 09:39:05,3.1097704373053117
2025-01-02 09:39:06,3.1853826255602065
2025-01-02 09:39:07,3.211293903271494
2025-01-02 09:39:08,3.4608974607627014
2025-01-02 09:39:09,3.601572531115862
2025-01-02 09:39:10,3.6107809859303166
2025-01-02 09:39:11,3.3807201667182603
2025-01-02 09:39:12,3.38748896174478
2025-01-02 09:39:13,3.697512806837186
2025-01-02 09:39:14,2.768798278743792
2025-01-02 09:39:15,3.3535541267541595
2025-01-02 09:39:16,3.1471570320638755
2025-01-02 09:39:17,2.970285957791709
2025-01-02 09:39:18,3.246247359544652
2025-01-02 09:39:19,2.8997275112989462
2025-01-02 09:39:20,3.038670926279599
2025-01-02 09:39:21,3.2039988919362385
2025-01-02 09:39:22,2.86585096745769
2025-01-02 09:39:23,3.5706560565131227
2025-01-02 09:39:24,3.4056174738523706
2025-01-02 09:39:25,2.1891852474795597
2025-01-02 09:39:26,3.4643661237146786
2025-01-02 09:39:27,3.141142010411187
2025-01-02 09:39:28,3.5293724416042025
2025-01-02 09:39:29,3.2977575294308292
2025-01-02 09:39:30,3.301673534263607
2025-01-02 09:39:31,3.1939257728166113
2025-01-02 09:39:32,3.0239047469782943
2025-01-02 09:39:33,3.604569258317819
2025-01-02 09:39:34,3.5819493686162605
2025-01-02 09:39:35,3.1946482257155067
2025-01-02 09:39:36,3.2906806996702476
2025-01-02 09:39:37,3.78611358552188
2025-01-02 09:39:38,3.5999012294105373
2025-01-02 09:39:39,3.292544405992456
2025-01-02 09:39:40,2.7952721309180504
2025-01-02 09:39:41,2.840222389868239
2025-01-02 09:39:42,3.3319685594991983
2025-01-02 09:39:43,3.437974225263665
2025-01-02 09:39:44,3.0936364936804557
2025-01-02 09:39:45,2.968046399399804
2025-01-02 09:39:46,3.5562331692931433
2025-01-02 09:39:47,4.04092273529032
2025-01-02 09:39:48,3.183377278070252
2025-01-02 09:39:49,3.3162422142867927
2025-01-02 09:39:50,3.007670796603402
2025-01-02 09:39:51,3.6259435859312124
2025-01-02 09:39:52,3.4466369882295584
2025-01-02 09:39:53,3.315597976200271
2025-01-02 09:39:54,3.130048831962397
2025-01-02 09:39:55,2.9292983840488698
2025-01-02 09:39:56,3.3809094639658044
2025-01-02 09:39:57,3.1975525461305483
2025-01-02 09:39:58,3.464729956690311
2025-01-02 09:39:59,3.780837987632525
2025-01-02 09:40:00,2.567972859247665
2025-01-02 09:40:01,
2025-01-02 09:40:02,3.356849484261422
2025-01-02 09:40:03,3.1790539104875655
2025-01-02 09:40:04,3.0829495030072596
2025-01-02 09:40:05,
2025-01-02 09:40:06,2.7218249001150556
2025-01-02 09:40:07,3.899645908318307
2025-01-02 09:40:08,3.1196077696844484
2025-01-02 09:40:09,3.6225188183430475
2025-01-02 09:40:10,3.1906005850782027
2025-01-02 09:40:11,2.8994139514053443
2025-01-02 09:40:12,2.9197318728012833
2025-01-02 09:40:13,3.4630488504797903
2025-01-02 09:40:14,3.438395819727883
2025-01-02 09:40:15,3.1640698400724037
2025-01-02 09:40:16,3.0363981064956684
2025-01-02 09:40:17,3.4417762250454884
2025-01-02 09:40:18,3.2910547146136193
2025-01-02 09:40:19,3.148888073979705
2025-01-02 09:40:20,3.1116403307677847
2025-01-02 09:40:21,3.317778279067621
2025-01-02 09:40:22,3.5742113873162737
2025-01-02 09:40:23,3.2609198321844444
2025-01-02 09:40:24,3.296843596730245
2025-01-02 09:40:25,3.59567752955514
2025-01-02 09:40:26,2.8652492836501144
2025-01-02 09:40:27,3.4963185875838745
2025-01-02 09:40:28,3.5409456481679964
2025-01-02 09:40:29,2.953076971346066
2025-01-02 09:40:30,2.9495740278344664
2025-01-02 09:40:31,3.5835166864361243
2025-01-02 09:40:32,3.3492057699383038
2025-01-02 09:40:33,2.9076132013699043
2025-01-02 09:40:34,3.175571657660628
2025-01-02 09:40:35,3.643564705833833
2025-01-02 09:40:36,2.9204603640761246
2025-01-02 09:40:37,3.5463897069937564
2025-01-02 09:40:38,3.0088011783278916
2025-01-02 09:40:39,3.4817928261876254
2025-01-02 09:40:40,3.1487895660940595
2025-01-02 09:40:41,2.9609980740972213
2025-01-02 09:40:42,3.7428484962394957
2025-01-02 09:40:43,3.507944753559334
2025-01-02 09:40:44,3.390025956958418
2025-01-02 09:40:45,3.489150437523072
2025-01-02 09:40:46,3.167973028225833
2025-01-02 09:40:47,3.3939427343731983
2025-01-02 09:40:48,3.275743859135618
2025-01-02 09:40:49,3.008344014251616
2025-01-02 09:40:50,3.5967463650837423
2025-01-02 09:40:51,3.174646254843538
2025-01-02 09:40:52,3.250785565674325
2025-01-02 09:40:53,3.5104286689526827
2025-01-02 09:40:54,3.6486677599675184
2025-01-02 09:40:55,3.146641499729875
2025-01-02 09:40:56,3.085939172210757
2025-01-02 09:40:57,3.3740661001889416
2025-01-02 09:40:58,3.2221569738119324
2025-01-02 09:40:59,3.371772507827845
2025-01-02 09:41:00,3.0477188275904026
2025-01-02 09:41:01,2.998193576494465
2025-01-02 09:41:02,2.6617849058965306
2025-01-02 09:41:03,3.308910105381033
2025-01-02 09:41:04,3.0649113962157393
2025-01-02 09:41:05,3.1788003100357285
2025-01-02 09:41:06,2.8388201083725595
2025-01-02 09:41:07,3.1486963806574533
2025-01-02 09:41:08,2.7120045115223235
2025-01-02 09:41:09,2.980292286182424
2025-01-02 09:41:10,2.861490925305597
2025-01-02 09:41:11,3.2485716130437985
2025-01-02 09:41:12,3.656478476206516
2025-01-02 09:41:13,2.8334778842821513
2025-01-02 09:41:14,3.558925624797639
2025-01-02 09:41:15,3.3907774898803873
2025-01-02 09:41:16,3.231910966419029
2025-01-02 09:41:17,3.1124374540507884
2025-01-02 09:41:18,3.250775151423027
2025-01-02 09:41:19,2.7708093233045017
2025-01-02 09:41:20,3.527380000519579
2025-01-02 09:41:21,3.4815626523275007
2025-01-02 09:41:22,2.6275866729917166
2025-01-02 09:41:23,
2025-01-02 09:41:24,3.255633369424878
2025-01-02 09:41:25,3.6447964075090535
2025-01-02 09:41:26,3.3905003459129666
2025-01-02 09:41:27,2.602074415050081
2025-01-02 09:41:28,2.7273510230921927
2025-01-02 09:41:29,3.3915480794821105
2025-01-02 09:41:30,3.6853135233253314
2025-01-02 09:41:31,3.3493321293297273
2025-01-02 09:41:32,3.22937953377121
2025-01-02 09:41:33,3.2271142809824482
2025-01-02 09:41:34,2.73297090671497
2025-01-02 09:41:35,2.8540834259275556
2025-01-02 09:41:36,2.6284789897883307
2025-01-02 09:41:37,3.2688632578441834
2025-01-02 09:41:38,3.083721880158252
2025-01-02 09:41:39,3.350607305873823
2025-01-02 09:41:40,2.657760986713874
2025-01-02 09:41:41,3.3659943720144887
2025-01-02 09:41:42,3.640509702847871
2025-01-02 09:41:43,3.1082132818791526
2025-01-02 09:41:44,3.2019463008984963
2025-01-02 09:41:45,3.3951417270478745
2025-01-02 09:41:46,3.0323136573055747
2025-01-02 09:41:47,3.5564264435065533
2025-01-02 09:41:48,3.312875250866314
2025-01-02 09:41:49,3.4509506441981688
2025-01-02 09:41:50,3.2398771986048627
2025-01-02 09:41:51,2.95482837785414
2025-01-02 09:41:52,3.2716673317015044
2025-01-02 09:41:53,2.8889263129642626
2025-01-02 09:41:54,3.2122738502511043
2025-01-02 09:41:55,3.7159813746236123
2025-01-02 09:41:56,3.235971281682375
2025-01-02 09:41:57,3.5063001985426037
2025-01-02 09:41:58,
2025-01-02 09:41:59,3.455113718902039
2025-01-02 09:42:00,3.0877232101121916
2025-01-02 09:42:01,3.6459969267723173
2025-01-02 09:42:02,3.202622843052909
2025-01-02 09:42:03,2.8935651127883397
2025-01-02 09:42:04,3.1711627980694366
2025-01-02 09:42:05,3.6729914792682963
2025-01-02 09:42:06,2.891355489605125
2025-01-02 09:42:07,3.3607030910257225
2025-01-02 09:42:08,3.36047928619737
2025-01-02 09:42:09,3.1661169600524794
2025-01-02 09:42:10,3.0850308922320835
2025-01-02 09:42:11,3.584583433970371
2025-01-02 09:42:12,3.2942119658596916
2025-01-02 09:42:13,3.5067473469561543
2025-01-02 09:42:14,3.5597132289313578
2025-01-02 09:42:15,3.7064853001236195
2025-01-02 09:42:16,3.1774474523700107
2025-01-02 09:42:17,3.6071999562954273
2025-01-02 09:42:18,3.1902578377635322
2025-01-02 09:42:19,3.3889734192482135
2025-01-02 09:42:20,3.4466820485764678
2025-01-02 09:42:21,3.3644963046760306
2025-01-02 09:42:22,3.170729779737721
2025-01-02 09:42:23,3.2526197986585617
2025-01-02 09:42:24,3.5525976968711874
2025-01-02 09:42:25,3.331038323305923
2025-01-02 09:42:26,2.803274634135045
2025-01-02 09:42:27,2.8074332754980706
2025-01-02 09:42:28,3.2266444676033856
2025-01-02 09:42:29,3.542944410000721
2025-01-02 09:42:30,3.297858673422024
2025-01-02 09:42:31,3.2813095339173373
2025-01-02 09:42:32,3.2962400860508594
2025-01-02 09:42:33,3.7920038148361934
2025-01-02 09:42:34,3.117729639011072
2025-01-02 09:42:35,2.930715100223319
2025-01-02 09:42:36,3.242633489680388
2025-01-02 09:42:37,3.673103760660488
2025-01-02 09:42:38,2.978488467942816
2025-01-02 09:42:39,2.6827298546611367
2025-01-02 09:42:40,3.0106407914120745
2025-01-02 09:42:41,3.319736912519827
2025-01-02 09:42:42,3.1585643130421164
2025-01-02 09:42:43,3.564924821445248
2025-01-02 09:42:44,
2025-01-02 09:42:45,2.9083163148549573
2025-01-02 09:42:46,3.4015450101390203
2025-01-02 09:42:47,3.5769832374980277
2025-01-02 09:42:48,3.1398249276257646
2025-01-02 09:42:49,3.474329235606184
2025-01-02 09:42:50,3.1821963088217893
2025-01-02 09:42:51,3.2331832938881244
2025-01-02 09:42:52,3.227617530088608
2025-01-02 09:42:53,3.478937239360473
2025-01-02 09:42:54,2.8161997662159677
2025-01-02 09:42:55,3.167003334160606
2025-01-02 09:42:56,3.2442531652551954
2025-01-02 09:42:57,4.100746748999121
2025-01-02 09:42:58,3.993852081595898
2025-01-02 09:42:59,3.791214656686365
2025-01-02 09:43:00,3.3879807972467697
2025-01-02 09:43:01,3.1444927192388534
2025-01-02 09:43:02,3.637416540805584
2025-01-02 09:43:03,3.1115879027681626
2025-01-02 09:43:04,3.0274806780239607
2025-01-02 09:43:05,3.1653821586792286
2025-01-02 09:43:06,3.3168299745027805
2025-01-02 09:43:07,2.950229841756373
2025-01-02 09:43:08,3.152655888725723
2025-01-02 09:43:09,3.5123836843949072
2025-01-02 09:43:10,3.551480508785525
2025-01-02 09:43:11,2.583020622916506
2025-01-02 09:43:12,3.4678922035519286
2025-01-02 09:43:13,3.2354249450394907
2025-01-02 09:43:14,3.082773850209588
2025-01-02 09:43:15,2.9528017664063864
2025-01-02 09:43:16,3.4384411926469487
2025-01-02 09:43:17,3.6153360225887847
2025-01-02 09:43:18,3.2404197012803673
2025-01-02 09:43:19,3.287483145778934
2025-01-02 09:43:20,2.744615867242384
2025-01-02 09:43:21,3.0860774460100355
2025-01-02 09:43:22,3.191457929844891
2025-01-02 09:43:23,3.339573123371453
2025-01-02 09:43:24,3.5625054611771922
2025-01-02 09:43:25,3.3868969048905453
2025-01-02 09:43:26,3.4062233423511143
2025-01-02 09:43:27,3.0902477766056684
2025-01-02 09:43:28,2.6983192335006327
2025-01-02 09:43:29,3.2220091376130244
2025-01-02 09:43:30,
2025-01-02 09:43:31,3.067397536356616
2025-01-02 09:43:32,3.052922095972956
2025-01-02 09:43:33,3.783465876122512
2025-01-02 09:43:34,3.1446196406238998
2025-01-02 09:43:35,3.124895583494108
2025-01-02 09:43:36,
2025-01-02 09:43:37,3.053817683454557
2025-01-02 09:43:38,2.9275942452463712
2025-01-02 09:43:39,3.106629476798033
2025-01-02 09:43:40,3.619628350038056
2025-01-02 09:43:41,2.843522180032342
2025-01-02 09:43:42,2.9878395450363007
2025-01-02 09:43:43,3.399277597463098
2025-01-02 09:43:44,3.0269495304324407
2025-01-02 09:43:45,3.646031484012495
2025-01-02 09:43:46,3.446637529448455
2025-01-02 09:43:47,3.3385735100322296
2025-01-02 09:43:48,3.788195047051002
2025-01-02 09:43:49,3.605500154103046
2025-01-02 09:43:50,2.8079892936527964
2025-01-02 09:43:51,3.497852755224017
2025-01-02 09:43:52,2.8367607004655584
2025-01-02 09:43:53,3.543569415757455
2025-01-02 09:43:54,3.254385914076193
2025-01-02 09:43:55,3.5144433440885323
2025-01-02 09:43:56,3.048883813606015
2025-01-02 09:43:57,3.2089914976042633
2025-01-02 09:43:58,2.8378274133587684
2025-01-02 09:43:59,3.3220765641288827
2025-01-02 09:44:00,3.5585314168013364
2025-01-02 09:44:01,3.482726832879664
2025-01-02 09:44:02,3.557839614570715
2025-01-02 09:44:03,3.0372102078066203
2025-01-02 09:44:04,3.541397873534948
2025-01-02 09:44:05,3.2095133343656252
2025-01-02 09:44:06,3.2254175426211047
2025-01-02 09:44:07,3.361322982794747
2025-01-02 09:44:08,3.288820505392536
2025-01-02 09:44:09,2.9797833677105734
2025-01-02 09:44:10,3.2560111146911135
2025-01-02 09:44:11,2.924072852584823
2025-01-02 09:44:12,3.277315390013792
2025-01-02 09:44:13,3.2090961964855067
2025-01-02 09:44:14,3.2417570470999317
2025-01-02 09:44:15,3.1919420888703853
2025-01-02 09:44:16,3.1315976595050086
2025-01-02 09:44:17,3.579087670677506
2025-01-02 09:44:18,2.8787936745153524
2025-01-02 09:44:19,3.9592430900799993
2025-01-02 09:44:20,3.004398687280386
2025-01-02 09:44:21,3.3986114900429905
2025-01-02 09:44:22,3.944616404743885
2025-01-02 09:44:23,3.614524682009954
2025-01-02 09:44:24,2.644871970294564
2025-01-02 09:44:25,3.265010097391143
2025-01-02 09:44:26,
2025-01-02 09:44:27,3.3837671493969883
2025-01-02 09:44:28,3.3305579080853907
2025-01-02 09:44:29,3.107565657727683
2025-01-02 09:44:30,3.188658271031045
2025-01-02 09:44:31,2.9733167580281528
2025-01-02 09:44:32,3.433125197325749
2025-01-02 09:44:33,3.0091035954769536
2025-01-02 09:44:34,3.113271083409737
2025-01-02 09:44:35,3.2272889254134833
2025-01-02 09:44:36,3.926609721415658
2025-01-02 09:44:37,3.0879382170262812
2025-01-02 09:44:38,3.405403898662631
2025-01-02 09:44:39,3.24326623079315
2025-01-02 09:44:40,2.874087518428639
2025-01-02 09:44:41,3.136776497608987
2025-01-02 09:44:42,3.2616362359808333
2025-01-02 09:44:43,3.4823116406103485
2025-01-02 09:44:44,2.9243025374591394
2025-01-02 09:44:45,3.443867361488973
2025-01-02 09:44:46,3.918989937232982
2025-01-02 09:44:47,3.844663149466943
2025-01-02 09:44:48,3.808866727840784
2025-01-02 09:44:49,3.79226463104561
2025-01-02 09:44:50,3.5143354785451315
2025-01-02 09:44:51,
2025-01-02 09:44:52,2.869266775008891
2025-01-02 09:44:53,3.422141515478229
2025-01-02 09:44:54,3.8292284740395033
2025-01-02 09:44:55,3.2234876150743053
2025-01-02 09:44:56,3.7236566740156603
2025-01-02 09:44:57,3.2039456277460228
2025-01-02 09:44:58,2.8084434031072596
2025-01-02 09:44:59,3.3463111185448065
2025-01-02 09:45:00,2.969535930453453
2025-01-02 09:45:01,2.937883102227516
2025-01-02 09:45:02,2.657789858248156
2025-01-02 09:45:03,3.534395061187729
2025-01-02 09:45:04,3.8569421031515287
2025-01-02 09:45:05,2.893717142001453
2025-01-02 09:45:06,3.3470871397625226
2025-01-02 09:45:07,2.8643547226763553
2025-01-02 09:45:08,2.912025803192425
2025-01-02 09:45:09,2.9447493162419294
2025-01-02 09:45:10,3.109337181424707
2025-01-02 09:45:11,2.7637818982928724
2025-01-02 09:45:12,3.496748471740998
2025-01-02 09:45:13,3.5665204798410635
2025-01-02 09:45:14,3.2945195756673322
2025-01-02 09:45:15,3.38304115940891
2025-01-02 09:45:16,4.125798965492345
2025-01-02 09:45:17,2.948178199215007
2025-01-02 09:45:18,3.1727731097074354
2025-01-02 09:45:19,3.2781803712552935
2025-01-02 09:45:20,3.169585158514402
2025-01-02 09:45:21,3.1332571239079363
2025-01-02 09:45:22,3.226537116944442
2025-01-02 09:45:23,3.1625136528962496
2025-01-02 09:45:24,3.263913152171088
2025-01-02 09:45:25,3.390383713225914
2025-01-02 09:45:26,2.7042797471408777
2025-01-02 09:45:27,2.8376010038065616
2025-01-02 09:45:28,3.517995584907263
2025-01-02 09:45:29,3.5150875604145573
2025-01-02 09:45:30,3.227105091627221
2025-01-02 09:45:31,3.271286102632981
2025-01-02 09:45:32,3.872879788247767
2025-01-02 09:45:33,2.94263889816468
2025-01-02 09:45:34,3.5965663412380553
2025-01-02 09:45:35,4.015650817919806
2025-01-02 09:45:36,3.1300271308581666
2025-01-02 09:45:37,3.0640151120953765
2025-01-02 09:45:38,3.051504523115322
2025-01-02 09:45:39,3.403561431104781
2025-01-02 09:45:40,2.82950348885032
2025-01-02 09:45:41,3.511128216438088
2025-01-02 09:45:42,2.782261604998524
2025-01-02 09:45:43,3.3680496093850945
2025-01-02 09:45:44,2.757744794289076
2025-01-02 09:45:45,3.779730555278261
2025-01-02 09:45:46,3.1523090436184416
2025-01-02 09:45:47,3.069042201962873
2025-01-02 09:45:48,
2025-01-02 09:45:49,3.804016378161122
2025-01-02 09:45:50,3.2838646388234607
2025-01-02 09:45:51,2.861243595699744
2025-01-02 09:45:52,3.386564333918547
2025-01-02 09:45:53,3.307789824956615
2025-01-02 09:45:54,3.758061843442294
2025-01-02 09:45:55,3.04177639615664
2025-01-02 09:45:56,2.9325956016903865
2025-01-02 09:45:57,3.322325235054189
2025-01-02 09:45:58,2.7602923011800593
2025-01-02 09:45:59,3.760309055297522
2025-01-02 09:46:00,3.248016942872995
2025-01-02 09:46:01,3.1848913994727246
2025-01-02 09:46:02,3.658927089940615
2025-01-02 09:46:03,3.103555287143343
2025-01-02 09:46:04,3.2100441838059917
2025-01-02 09:46:05,3.4166054897691245
2025-01-02 09:46:06,3.265700774514973
2025-01-02 09:46:07,2.829081851474065
2025-01-02 09:46:08,2.957586175228537
2025-01-02 09:46:09,3.2185581560160896
2025-01-02 09:46:10,3.0959919985961823
2025-01-02 09:46:11,3.432513698744693
2025-01-02 09:46:12,3.5941740247315983
2025-01-02 09:46:13,2.9409027706407955
2025-01-02 09:46:14,3.1466465952148552
2025-01-02 09:46:15,3.051157905362573
2025-01-02 09:46:16,3.892236873959221
2025-01-02 09:46:17,2.997569889065656
2025-01-02 09:46:18,3.3443293972648185
2025-01-02 09:46:19,3.361887966196
2025-01-02 09:46:20,3.871527665041438
2025-01-02 09:46:21,3.0111243273521806
2025-01-02 09:46:22,3.4398738707225043
2025-01-02 09:46:23,3.0515656727260065
2025-01-02 09:46:24,3.3233307893310267
2025-01-02 09:46:25,3.250329760752031
2025-01-02 09:46:26,3.1826761731402247
2025-01-02 09:46:27,3.2738915483326134
2025-01-02 09:46:28,3.5919539289907307
2025-01-02 09:46:29,3.404565822808058
2025-01-02 09:46:30,
2025-01-02 09:46:31,3.684463953625591
2025-01-02 09:46:32,2.9869442574908796
2025-01-02 09:46:33,3.5732530381057064
2025-01-02 09:46:34,3.2315521380125336
2025-01-02 09:46:35,3.6163198274136894
2025-01-02 09:46:36,3.125372018217535
2025-01-02 09:46:37,3.5166065200807504
2025-01-02 09:46:38,3.2884605033310352
2025-01-02 09:46:39,3.085663020595544
2025-01-02 09:46:40,3.5100911673602466
2025-01-02 09:46:41,3.130251361059937
2025-01-02 09:46:42,3.454307787771207
2025-01-02 09:46:43,3.320027578205346
2025-01-02 09:46:44,3.8785856849371214
2025-01-02 09:46:45,3.0033799483926638
2025-01-02 09:46:46,3.307507034987856
2025-01-02 09:46:47,3.9091016914582823
2025-01-02 09:46:48,3.1165176217625477
2025-01-02 09:46:49,3.536047449985956
2025-01-02 09:46:50,3.079671030427689
2025-01-02 09:46:51,3.4896483250178094
2025-01-02 09:46:52,3.151294538898842
2025-01-02 09:46:53,3.0188499223236667
2025-01-02 09:46:54,3.2049420318529993
2025-01-02 09:46:55,3.0791623193212847
2025-01-02 09:46:56,2.9006169436476004
2025-01-02 09:46:57,3.2108069587489743
2025-01-02 09:46:58,2.8818483898650666
2025-01-02 09:46:59,3.303836321554983
2025-01-02 09:47:00,3.2638504813863007
2025-01-02 09:47:01,3.3232371454780525
2025-01-02 09:47:02,3.6289129611193283
2025-01-02 09:47:03,3.534048778555572
2025-01-02 09:47:04,3.425411755416987
2025-01-02 09:47:05,2.9936846314663623
2025-01-02 09:47:06,3.299222134545164
2025-01-02 09:47:07,3.3660216018879994
2025-01-02 09:47:08,3.54201832273681
2025-01-02 09:47:09,3.274082638126026
2025-01-02 09:47:10,3.303084640313439
2025-01-02 09:47:11,3.1966352978462966
2025-01-02 09:47:12,3.03774717767003
2025-01-02 09:47:13,3.997496978467688
2025-01-02 09:47:14,3.4557989771282296
2025-01-02 09:47:15,3.3113319256715528
2025-01-02 09:47:16,3.3649897252676784
2025-01-02 09:47:17,3.6891939551934496
2025-01-02 09:47:18,2.8612635971203266
2025-01-02 09:47:19,3.054061972757843
2025-01-02 09:47:20,3.6375682743306523
2025-01-02 09:47:21,3.131204486213919
2025-01-02 09:47:22,3.8933267970711727
2025-01-02 09:47:23,2.924381615685083
2025-01-02 09:47:24,3.4635059001976316
2025-01-02 09:47:25,3.5481946872434755
2025-01-02 09:47:26,3.269813792701784
2025-01-02 09:47:27,3.1030588219450745
2025-01-02 09:47:28,2.812711048760875
2025-01-02 09:47:29,4.263500524325169
2025-01-02 09:47:30,3.375854622637425
2025-01-02 09:47:31,
2025-01-02 09:47:32,2.8997291267349907
2025-01-02 09:47:33,3.3938163273646476
2025-01-02 09:47:34,3.426810269706672
2025-01-02 09:47:35,3.625828228696736
2025-01-02 09:47:36,3.0751201646614335
2025-01-02 09:47:37,3.3825803303568134
2025-01-02 09:47:38,2.866108149836921
2025-01-02 09:47:39,
2025-01-02 09:47:40,3.0703098423264055
2025-01-02 09:47:41,3.3449719388343895
2025-01-02 09:47:42,2.997983763065658
2025-01-02 09:47:43,3.5460262504255544
2025-01-02 09:47:44,2.973512153653936
2025-01-02 09:47:45,2.9256948134709697
2025-01-02 09:47:46,3.0271655442477985
2025-01-02 09:47:47,2.8515615660387383
2025-01-02 09:47:48,3.0774659746017923
2025-01-02 09:47:49,2.9495457391034483
2025-01-02 09:47:50,3.2768863777299453
2025-01-02 09:47:51,2.941028260221986
2025-01-02 09:47:52,2.726652479601916
2025-01-02 09:47:53,3.312812005207493
2025-01-02 09:47:54,3.8164761123734063
2025-01-02 09:47:55,2.96996389606141
2025-01-02 09:47:56,3.0157603453846025
2025-01-02 09:47:57,3.2494977761752244
2025-01-02 09:47:58,3.3974586006044727
2025-01-02 09:47:59,3.3448710261275356
2025-01-02 09:48:00,3.5679904019836863
2025-01-02 09:48:01,3.062111166348364
2025-01-02 09:48:02,3.149001485441739
2025-01-02 09:48:03,3.432979387512141
2025-01-02 09:48:04,2.7371103471471088
2025-01-02 09:48:05,3.6965070523729033
2025-01-02 09:48:06,3.1239901201198355
2025-01-02 09:48:07,3.3645000792149444
2025-01-02 09:48:08,3.258934908540343
2025-01-02 09:48:09,2.96982864031959
2025-01-02 09:48:10,3.274448951049703
2025-01-02 09:48:11,3.3449642235427564
2025-01-02 09:48:12,3.1635694512281796
2025-01-02 09:48:13,2.9666068310886993
2025-01-02 09:48:14,3.1466767128092172
2025-01-02 09:48:15,3.7317892382910802
2025-01-02 09:48:16,3.4429385874589977
2025-01-02 09:48:17,3.1722124099358098
2025-01-02 09:48:18,3.498279492163568
2025-01-02 09:48:19,3.224709933481601
2025-01-02 09:48:20,3.305619931936489
2025-01-02 09:48:21,3.3518380877083853
2025-01-02 09:48:22,3.6431743370831113
2025-01-02 09:48:23,3.3192384583532157
2025-01-02 09:48:24,2.900205527817002
2025-01-02 09:48:25,3.404669510905779
2025-01-02 09:48:26,3.2087547784964907
2025-01-02 09:48:27,3.300526558788476
2025-01-02 09:48:28,3.497148033370333
2025-01-02 09:48:29,3.268477226916837
2025-01-02 09:48:30,3.6931129947316568
2025-01-02 09:48:31,3.148015367092998
2025-01-02 09:48:32,3.5519317426173243
2025-01-02 09:48:33,3.550684840713033
2025-01-02 09:48:34,3.1816458913839027
2025-01-02 09:48:35,2.8726743334428653
2025-01-02 09:48:36,2.9531135509450697
2025-01-02 09:48:37,3.2268551198580164
2025-01-02 09:48:38,3.4956015191262515
2025-01-02 09:48:39,3.436762193419952
2025-01-02 09:48:40,3.3922830080171855
2025-01-02 09:48:41,3.2598421615256017
2025-01-02 09:48:42,2.497819639476306
2025-01-02 09:48:43,3.159489363599052
2025-01-02 09:48:44,3.2456969034776777
2025-01-02 09:48:45,3.4336279644013747
2025-01-02 09:48:46,3.010536690305989
2025-01-02 09:48:47,3.734325537095552
2025-01-02 09:48:48,2.602848058297162
2025-01-02 09:48:49,3.5282940767724282
2025-01-02 09:48:50,3.224179270309275
2025-01-02 09:48:51,3.209585935664676
2025-01-02 09:48:52,3.1942428480298513
2025-01-02 09:48:53,3.0996459639963483
2025-01-02 09:48:54,2.8000168165865724
2025-01-02 09:48:55,3.2974664213840708
2025-01-02 09:48:56,3.5651449578307175
2025-01-02 09:48:57,3.1910506516967994
2025-01-02 09:48:58,3.406277501483615
2025-01-02 09:48:59,2.6802758737889523
2025-01-02 09:49:00,3.996172331384021
2025-01-02 09:49:01,2.8970218956940132
2025-01-02 09:49:02,3.2828402429063464
2025-01-02 09:49:03,3.281773726752938
2025-01-02 09:49:04,3.481093742641223
2025-01-02 09:49:05,2.6199348292510103
2025-01-02 09:49:06,2.835788896311659
2025-01-02 09:49:07,3.314336228574355
2025-01-02 09:49:08,3.7069254527894078
2025-01-02 09:49:09,3.2711469670115405
2025-01-02 09:49:10,3.0510246435748374
2025-01-02 09:49:11,3.4853612356036643
2025-01-02 09:49:12,3.7859121050765085
2025-01-02 09:49:13,3.320665784898856
2025-01-02 09:49:14,2.9166609155119447
2025-01-02 09:49:15,3.323799221470586
2025-01-02 09:49:16,3.062713986438949
2025-01-02 09:49:17,3.281350513127199
2025-01-02 09:49:18,3.2358923215634223
2025-01-02 09:49:19,
2025-01-02 09:49:20,2.693044331566894
2025-01-02 09:49:21,3.658639763119903
2025-01-02 09:49:22,2.997798923442346
2025-01-02 09:49:23,2.613606982702228
2025-01-02 09:49:24,3.2865337606345886
2025-01-02 09:49:25,3.067100204849309
2025-01-02 09:49:26,3.3267145815770003
2025-01-02 09:49:27,2.591868091561252
2025-01-02 09:49:28,3.1064694263936796
2025-01-02 09:49:29,3.415381800334683
2025-01-02 09:49:30,3.2375662042297955
2025-01-02 09:49:31,3.443061343102437
2025-01-02 09:49:32,3.565668460451741
2025-01-02 09:49:33,3.32356885736526
2025-01-02 09:49:34,2.8982635312367617
2025-01-02 09:49:35,3.686650179215414
2025-01-02 09:49:36,3.3072573834483827
2025-01-02 09:49:37,3.5797335272275252
2025-01-02 09:49:38,3.4251557301679285
2025-01-02 09:49:39,3.212839294756241
2025-01-02 09:49:40,3.4611846413955836
2025-01-02 09:49:41,3.0706633937671928
2025-01-02 09:49:42,2.956751172161309
2025-01-02 09:49:43,3.931349784965282
2025-01-02 09:49:44,3.044690551707611
2025-01-02 09:49:45,4.053518827733918
2025-01-02 09:49:46,3.100765480055497
2025-01-02 09:49:47,3.5251084674340185
2025-01-02 09:49:48,3.0721157638731524
2025-01-02 09:49:49,3.1624895332931073
2025-01-02 09:49:50,3.3193068323647816
2025-01-02 09:49:51,3.5314939635198734
2025-01-02 09:49:52,3.877684782310384
2025-01-02 09:49:53,2.852070027260524
2025-01-02 09:49:54,3.9222604512177703
2025-01-02 09:49:55,3.0650057491567235
2025-01-02 09:49:56,2.8408478820675604
2025-01-02 09:49:57,2.9989541660009205
2025-01-02 09:49:58,3.4357082424132277
2025-01-02 09:49:59,3.0962024707384246
2025-01-02 09:50:00,3.274127005334763
2025-01-02 09:50:01,3.407499139350138
2025-01-02 09:50:02,3.445317113759939
2025-01-02 09:50:03,3.205276573893305
2025-01-02 09:50:04,3.5674393397835247
2025-01-02 09:50:05,3.138892991934822
2025-01-02 09:50:06,3.1290098778001645
2025-01-02 09:50:07,3.2037038479350017
2025-01-02 09:50:08,3.649452447367109
2025-01-02 09:50:09,3.275026556229038
2025-01-02 09:50:10,3.7267079430248407
2025-01-02 09:50:11,3.157079397594234
2025-01-02 09:50:12,3.4465393245043927
2025-01-02 09:50:13,3.533047756323049
2025-01-02 09:50:14,2.9904497845641886
2025-01-02 09:50:15,3.4974231399439573
2025-01-02 09:50:16,3.0161364684611183
2025-01-02 09:50:17,3.5135054273098163
2025-01-02 09:50:18,2.938108662937957
2025-01-02 09:50:19,3.5155643243113364
2025-01-02 09:50:20,2.803732435132927
2025-01-02 09:50:21,3.254717524756313
2025-01-02 09:50:22,3.126621741943308
2025-01-02 09:50:23,2.9894272173140966
2025-01-02 09:50:24,3.880150460745027
2025-01-02 09:50:25,3.282168599355785
2025-01-02 09:50:26,3.1304931781541465
2025-01-02 09:50:27,2.582909623432612
2025-01-02 09:50:28,2.9435319728532336
2025-01-02 09:50:29,3.258542989156273
2025-01-02 09:50:30,2.678085470919313
2025-01-02 09:50:31,2.9838307920267
2025-01-02 09:50:32,3.2587388254506453
2025-01-02 09:50:33,2.866462553339597
2025-01-02 09:50:34,3.318471820457359
2025-01-02 09:50:35,3.4081700615022648
2025-01-02 09:50:36,3.25717119793716
2025-01-02 09:50:37,3.5450641814493697
2025-01-02 09:50:38,3.216280381999062
2025-01-02 09:50:39,3.276385599265214
2025-01-02 09:50:40,3.5412514838188134
2025-01-02 09:50:41,3.6243041089173444
2025-01-02 09:50:42,2.9151709410044533
2025-01-02 09:50:43,3.1971850204904215
2025-01-02 09:50:44,2.780781515882211
2025-01-02 09:50:45,3.6002785478527635
2025-01-02 09:50:46,
2025-01-02 09:50:47,3.616080404887642
2025-01-02 09:50:48,3.766246530484299
2025-01-02 09:50:49,
2025-01-02 09:50:50,3.315406361417083
2025-01-02 09:50:51,2.659982671732247
2025-01-02 09:50:52,2.9022438581905456
2025-01-02 09:50:53,3.7104109910616456
2025-01-02 09:50:54,3.634423426597996
2025-01-02 09:50:55,3.06064210262149
2025-01-02 09:50:56,3.0827173174867735
2025-01-02 09:50:57,3.2645323804068047
2025-01-02 09:50:58,3.341932593497367
2025-01-02 09:50:59,3.4860416910893948
2025-01-02 09:51:00,3.149748349902267
2025-01-02 09:51:01,3.0862635157516394
2025-01-02 09:51:02,3.453031975329764
2025-01-02 09:51:03,3.3693085478720164
2025-01-02 09:51:04,3.492590729314925
2025-01-02 09:51:05,3.2137487789736294
2025-01-02 09:51:06,3.317627211183866
2025-01-02 09:51:07,3.836670503718209
2025-01-02 09:51:08,3.7026796209072055
2025-01-02 09:51:09,3.602720947912439
2025-01-02 09:51:10,3.100945189330685
2025-01-02 09:51:11,3.295560396140648
2025-01-02 09:51:12,3.132539340998473
2025-01-02 09:51:13,3.00745810748059
2025-01-02 09:51:14,2.7533014374952125
2025-01-02 09:51:15,2.8677020876768653
2025-01-02 09:51:16,3.114526466719169
2025-01-02 09:51:17,3.1507125054644756
2025-01-02 09:51:18,3.5748491326856557
2025-01-02 09:51:19,3.467729380619903
2025-01-02 09:51:20,2.9505337941333876
2025-01-02 09:51:21,3.5193834350096345
2025-01-02 09:51:22,3.201984503747792
2025-01-02 09:51:23,2.9932059181136252
2025-01-02 09:51:24,3.3201957407020934
2025-01-02 09:51:25,3.607058669895134
2025-01-02 09:51:26,3.3854242736699867
2025-01-02 09:51:27,3.5806796679821606
2025-01-02 09:51:28,3.4555521515232432
2025-01-02 09:51:29,3.3447963693601075
2025-01-02 09:51:30,3.296035794386252
2025-01-02 09:51:31,2.9715059447181402
2025-01-02 09:51:32,2.9296764492842144
2025-01-02 09:51:33,3.7369248803771367
2025-01-02 09:51:34,3.505552743490239
2025-01-02 09:51:35,3.128631255978843
2025-01-02 09:51:36,3.434374627146985
2025-01-02 09:51:37,3.1405336232741394
2025-01-02 09:51:38,3.4998032018494634
2025-01-02 09:51:39,3.7782908311495653
2025-01-02 09:51:40,3.603065857761265
2025-01-02 09:51:41,3.418311734654956
2025-01-02 09:51:42,2.8826991673515483
2025-01-02 09:51:43,3.4409629195253597
2025-01-02 09:51:44,3.7162862961485943
2025-01-02 09:51:45,3.2380914853161875
2025-01-02 09:51:46,3.6385517979302615
2025-01-02 09:51:47,3.218554395433174
2025-01-02 09:51:48,2.910635573772619
2025-01-02 09:51:49,3.5035083462888883
2025-01-02 09:51:50,3.2169986057319915
2025-01-02 09:51:51,3.2380476648891823
2025-01-02 09:51:52,3.155703098957605
2025-01-02 09:51:53,3.3870546602436495
2025-01-02 09:51:54,2.797998135840863
2025-01-02 09:51:55,3.103639749696402
2025-01-02 09:51:56,3.6449068290102113
2025-01-02 09:51:57,3.0595987244446774
2025-01-02 09:51:58,3.3760691924896262
2025-01-02 09:51:59,2.975229354037128
2025-01-02 09:52:00,3.23171910707743
2025-01-02 09:52:01,3.295889483967889
2025-01-02 09:52:02,3.200833182954518
2025-01-02 09:52:03,3.2611149086971936
2025-01-02 09:52:04,2.837605444055337
2025-01-02 09:52:05,3.1253644578610413
2025-01-02 09:52:06,3.221199147376277
2025-01-02 09:52:07,3.021799333103303
2025-01-02 09:52:08,3.0623284164929236
2025-01-02 09:52:09,3.401977008464039
2025-01-02 09:52:10,3.589647737847673
2025-01-02 09:52:11,3.049568287727421
2025-01-02 09:52:12,3.0040315939247213
2025-01-02 09:52:13,3.1380417419382054
2025-01-02 09:52:14,2.7230058432086226
2025-01-02 09:52:15,3.268016773493881
2025-01-02 09:52:16,3.7218069319923113
2025-01-02 09:52:17,3.4911153889986344
2025-01-02 09:52:18,3.3818064714935043
2025-01-02 09:52:19,3.0796824960865763
2025-01-02 09:52:20,3.5089429517799675
2025-01-02 09:52:21,3.530516373507245
2025-01-02 09:52:22,3.2852970366336045
2025-01-02 09:52:23,3.131114896342359
2025-01-02 09:52:24,2.9947248019126276
2025-01-02 09:52:25,2.6626574342733766
2025-01-02 09:52:26,3.2476764686814956
2025-01-02 09:52:27,3.094026000376637
2025-01-02 09:52:28,3.4716866367204213
2025-01-02 09:52:29,3.492278284012533
2025-01-02 09:52:30,2.9781902690990614
2025-01-02 09:52:31,3.3566818047599596
2025-01-02 09:52:32,3.1562666928942615
2025-01-02 09:52:33,2.780043829774775
2025-01-02 09:52:34,3.6932857925971057
2025-01-02 09:52:35,4.254374626526237
2025-01-02 09:52:36,3.3517799896530276
2025-01-02 09:52:37,2.6490652952622304
2025-01-02 09:52:38,3.6699450810836622
2025-01-02 09:52:39,2.8257101966432403
2025-01-02 09:52:40,3.0819325182134363
2025-01-02 09:52:41,3.220891139965783
2025-01-02 09:52:42,2.8972026057939777
2025-01-02 09:52:43,3.3095081914348925
2025-01-02 09:52:44,3.034009532701979
2025-01-02 09:52:45,3.635367327935511
2025-01-02 09:52:46,3.1390268990287664
2025-01-02 09:52:47,3.2863781014872138
2025-01-02 09:52:48,3.6223178540291716
2025-01-02 09:52:49,3.039897088595091
2025-01-02 09:52:50,3.183744473094231
2025-01-02 09:52:51,3.5450610609604123
2025-01-02 09:52:52,
2025-01-02 09:52:53,3.175524900209875
2025-01-02 09:52:54,3.6386429971795007
2025-01-02 09:52:55,3.765559578713244
2025-01-02 09:52:56,3.372600980586832
2025-01-02 09:52:57,3.566444963384194
2025-01-02 09:52:58,3.6172712679482912
2025-01-02 09:52:59,3.29005797851755
2025-01-02 09:53:00,3.363129348185726
2025-01-02 09:53:01,3.5487476430787006
2025-01-02 09:53:02,3.608704770029131
2025-01-02 09:53:03,3.5627949045623946
2025-01-02 09:53:04,2.883638068302298
2025-01-02 09:53:05,3.1722728414337777
2025-01-02 09:53:06,
2025-01-02 09:53:07,2.7906819440410287
2025-01-02 09:53:08,3.0621029618462354
2025-01-02 09:53:09,2.9204725577033592
2025-01-02 09:53:10,3.720953673751524
2025-01-02 09:53:11,3.5597232009028237
2025-01-02 09:53:12,3.4154968040759353
2025-01-02 09:53:13,3.016608432398024
2025-01-02 09:53:14,3.154456611626336
2025-01-02 09:53:15,3.394220981355365
2025-01-02 09:53:16,3.814762096189227
2025-01-02 09:53:17,3.4458000763869983
2025-01-02 09:53:18,3.307613382190417
2025-01-02 09:53:19,3.1318129576536307
2025-01-02 09:53:20,2.8836239015611485
2025-01-02 09:53:21,2.829615023766657
2025-01-02 09:53:22,3.0309744142408968
2025-01-02 09:53:23,3.337476725914455
2025-01-02 09:53:24,
2025-01-02 09:53:25,3.367015816445288
2025-01-02 09:53:26,3.415144900518104
2025-01-02 09:53:27,3.4778884063423794
2025-01-02 09:53:28,2.738782954855549
2025-01-02 09:53:29,3.449091319532236
2025-01-02 09:53:30,3.0254275079425414
2025-01-02 09:53:31,3.274750061550672
2025-01-02 09:53:32,3.2474599846742866
2025-01-02 09:53:33,2.83385915771503
2025-01-02 09:53:34,3.251223583362537
2025-01-02 09:53:35,3.3095400845426513
2025-01-02 09:53:36,3.5276330259764124
2025-01-02 09:53:37,3.5704746650883377
2025-01-02 09:53:38,3.1560500356305274
2025-01-02 09:53:39,2.6411226946460666
2025-01-02 09:53:40,2.7471100120760013
2025-01-02 09:53:41,3.1754512065101865
2025-01-02 09:53:42,3.1712308720090663
2025-01-02 09:53:43,2.763320834795464
2025-01-02 09:53:44,3.69628005965856
2025-01-02 09:53:45,3.290988436465202
2025-01-02 09:53:46,3.450012658992644
2025-01-02 09:53:47,
2025-01-02 09:53:48,2.9810086534234856
2025-01-02 09:53:49,3.2613226406144222
2025-01-02 09:53:50,3.7140488796254605
2025-01-02 09:53:51,3.369081092840237
2025-01-02 09:53:52,3.138927793300204
2025-01-02 09:53:53,3.917092415901011
2025-01-02 09:53:54,2.9791162807952167
2025-01-02 09:53:55,3.112323705471704
2025-01-02 09:53:56,3.045811600049142
2025-01-02 09:53:57,3.1539984941870127
2025-01-02 09:53:58,3.389778914154892
2025-01-02 09:53:59,3.4063175249110875
2025-01-02 09:54:00,3.184588009414245
2025-01-02 09:54:01,3.543850593468558
2025-01-02 09:54:02,3.011323274160679
2025-01-02 09:54:03,3.5257472438964665
2025-01-02 09:54:04,3.113010310608233
2025-01-02 09:54:05,2.6113147404265007
2025-01-02 09:54:06,3.6041464580565283
2025-01-02 09:54:07,3.212401317233706
2025-01-02 09:54:08,3.2350898842414044
2025-01-02 09:54:09,3.051260357958386
2025-01-02 09:54:10,3.3574626935998677
2025-01-02 09:54:11,3.092361448464666
2025-01-02 09:54:12,4.081172751324365
2025-01-02 09:54:13,3.02369449429948
2025-01-02 09:54:14,3.1727900168641017
2025-01-02 09:54:15,2.806048081014179
2025-01-02 09:54:16,2.9609198460640664
2025-01-02 09:54:17,3.4393897373594196
2025-01-02 09:54:18,3.317959227994777
2025-01-02 09:54:19,3.8536052086104853
2025-01-02 09:54:20,3.1589417399854605
2025-01-02 09:54:21,2.916327346384766
2025-01-02 09:54:22,3.9125635664374876
2025-01-02 09:54:23,3.3093375631424196
2025-01-02 09:54:24,3.452261337842096
2025-01-02 09:54:25,3.483125593913538
2025-01-02 09:54:26,3.312919292548471
2025-01-02 09:54:27,3.0771232015171237
2025-01-02 09:54:28,
2025-01-02 09:54:29,
2025-01-02 09:54:30,3.1277975723390794
2025-01-02 09:54:31,3.182601545546366
2025-01-02 09:54:32,3.4489817413821164
2025-01-02 09:54:33,3.9059416984007655
2025-01-02 09:54:34,2.8226034789898566
2025-01-02 09:54:35,3.564420074852911
2025-01-02 09:54:36,3.2993026289718657
2025-01-02 09:54:37,3.0103415158290407
2025-01-02 09:54:38,2.949472570274616
2025-01-02 09:54:39,3.5194820956498023
2025-01-02 09:54:40,2.891675261845069
2025-01-02 09:54:41,3.195542758234451
2025-01-02 09:54:42,3.4592925478452523
2025-01-02 09:54:43,3.6537776413529524
2025-01-02 09:54:44,3.3128751289707923
2025-01-02 09:54:45,3.2417008121498005
2025-01-02 09:54:46,3.5806001355220483
2025-01-02 09:54:47,3.7963846546070665
2025-01-02 09:54:48,3.370263576861407
2025-01-02 09:54:49,2.763437573228998
2025-01-02 09:54:50,3.107088463590443
2025-01-02 09:54:51,3.3031906725566342
2025-01-02 09:54:52,3.2717757501102818
2025-01-02 09:54:53,3.157214024011285
2025-01-02 09:54:54,3.3649015213635587
2025-01-02 09:54:55,3.1755052464846467
2025-01-02 09:54:56,3.3191963680191545
2025-01-02 09:54:57,3.1396034542117266
2025-01-02 09:54:58,2.9200040966224514
2025-01-02 09:54:59,3.277011874651674
2025-01-02 09:55:00,3.643971397458253
2025-01-02 09:55:01,2.8986398171994785
2025-01-02 09:55:02,3.143932217741343
2025-01-02 09:55:03,3.845836026641065
2025-01-02 09:55:04,3.2277790874126495
2025-01-02 09:55:05,3.4743778433191013
2025-01-02 09:55:06,3.562233240278436
2025-01-02 09:55:07,3.3259880989017696
2025-01-02 09:55:08,3.300122596232306
2025-01-02 09:55:09,3.5304875849062416
2025-01-02 09:55:10,3.7608689608473993
2025-01-02 09:55:11,3.503377011212709
2025-01-02 09:55:12,3.5489241241187006
2025-01-02 09:55:13,3.183216954172936
2025-01-02 09:55:14,2.9063375339324207
2025-01-02 09:55:15,3.227966319020029
2025-01-02 09:55:16,3.273424296720684
2025-01-02 09:55:17,3.1840385224428776
2025-01-02 09:55:18,3.487702619202401
2025-01-02 09:55:19,3.6462373248581494
2025-01-02 09:55:20,3.2618483422626334
2025-01-02 09:55:21,3.4756065807559087
2025-01-02 09:55:22,3.8359861867316036
2025-01-02 09:55:23,3.3715685298248603
2025-01-02 09:55:24,3.201330961795448
2025-01-02 09:55:25,3.6622520167552124
2025-01-02 09:55:26,3.082953899274185
2025-01-02 09:55:27,2.7890535375615397
2025-01-02 09:55:28,3.0616260584166226
2025-01-02 09:55:29,3.3913670858760776
2025-01-02 09:55:30,3.6639200200831894
2025-01-02 09:55:31,3.0681883610230654
2025-01-02 09:55:32,3.4051079038461243
2025-01-02 09:55:33,3.2417105921223497
2025-01-02 09:55:34,2.8257796354400373
2025-01-02 09:55:35,3.3021048983632246
2025-01-02 09:55:36,3.348545360418464
2025-01-02 09:55:37,3.829630466621351
2025-01-02 09:55:38,3.2636301139990844
2025-01-02 09:55:39,3.5540129253852655
2025-01-02 09:55:40,3.2481023651544736
2025-01-02 09:55:41,3.220100743786186
2025-01-02 09:55:42,3.2209889805448304
2025-01-02 09:55:43,3.3003951716322812
2025-01-02 09:55:44,3.0381188100532834
2025-01-02 09:55:45,3.0066700653061176
2025-01-02 09:55:46,3.3332557645411014
2025-01-02 09:55:47,3.4010389923005064
2025-01-02 09:55:48,3.0239767272850697
2025-01-02 09:55:49,3.034476702224296
2025-01-02 09:55:50,3.093640918596194
2025-01-02 09:55:51,3.1148810844957415
2025-01-02 09:55:52,2.8677150500114177
2025-01-02 09:55:53,3.137015714776809
2025-01-02 09:55:54,3.1706178374203815
2025-01-02 09:55:55,3.175732251455442
2025-01-02 09:55:56,3.881406096398329
2025-01-02 09:55:57,3.418290630832369
2025-01-02 09:55:58,3.152933434765889
2025-01-02 09:55:59,2.831139595748546
2025-01-02 09:56:00,3.281660315834828
2025-01-02 09:56:01,3.3198634833828002
2025-01-02 09:56:02,3.8309852442833465
2025-01-02 09:56:03,3.4368728915421753
2025-01-02 09:56:04,3.35336338988909
2025-01-02 09:56:05,2.532900671372894
2025-01-02 09:56:06,3.108785148365795
2025-01-02 09:56:07,2.3151138168532728
2025-01-02 09:56:08,2.907211271083704
2025-01-02 09:56:09,3.3000401263127066
2025-01-02 09:56:10,2.7994180710476253
2025-01-02 09:56:11,3.8893299669545174
2025-01-02 09:56:12,3.495595002493425
2025-01-02 09:56:13,3.5536006289729802
2025-01-02 09:56:14,3.1557950488407105
2025-01-02 09:56:15,3.2942754661846316
2025-01-02 09:56:16,3.850043592792202
2025-01-02 09:56:17,2.9576692881617666
2025-01-02 09:56:18,3.4071504788462237
2025-01-02 09:56:19,3.0125444112980193
2025-01-02 09:56:20,2.997062238620321
2025-01-02 09:56:21,3.2130178271406815
2025-01-02 09:56:22,3.724286187020644
2025-01-02 09:56:23,3.575492687893506
2025-01-02 09:56:24,2.9177440499070553
2025-01-02 09:56:25,3.219830529613364
2025-01-02 09:56:26,3.0487297300827803
2025-01-02 09:56:27,2.7863389259500635
2025-01-02 09:56:28,3.047192790201818
2025-01-02 09:56:29,2.8675987157354115
2025-01-02 09:56:30,3.7119979256004907
2025-01-02 09:56:31,3.4400001573630608
2025-01-02 09:56:32,3.682168155927487
2025-01-02 09:56:33,3.351803970205262
2025-01-02 09:56:34,3.3191123582718363
2025-01-02 09:56:35,2.834602950350554
2025-01-02 09:56:36,3.187804345607227
2025-01-02 09:56:37,3.411673549427241
2025-01-02 09:56:38,3.3759307156965126
2025-01-02 09:56:39,3.3526323289371303
2025-01-02 09:56:40,3.316737677921918
2025-01-02 09:56:41,3.3194675232145223
2025-01-02 09:56:42,
2025-01-02 09:56:43,3.7437538917321733
2025-01-02 09:56:44,2.865942835767714
2025-01-02 09:56:45,3.184210782655453
2025-01-02 09:56:46,3.261048297674528
2025-01-02 09:56:47,3.150395585538361
2025-01-02 09:56:48,3.324756398799412
2025-01-02 09:56:49,3.21691117279449
2025-01-02 09:56:50,
2025-01-02 09:56:51,3.358487463072341
2025-01-02 09:56:52,2.8046893627294387
2025-01-02 09:56:53,3.6576325284469724
2025-01-02 09:56:54,3.1980715496700958
2025-01-02 09:56:55,3.4067584076052246
2025-01-02 09:56:56,3.5534765630778757
2025-01-02 09:56:57,2.9035825140382117
2025-01-02 09:56:58,3.2593300030227654
2025-01-02 09:56:59,3.4974894110529116
2025-01-02 09:57:00,3.020943190153585
2025-01-02 09:57:01,3.604920611313065
2025-01-02 09:57:02,3.455945577355897
2025-01-02 09:57:03,3.383032887037412
2025-01-02 09:57:04,3.389740915673154
2025-01-02 09:57:05,3.5895229246129023
2025-01-02 09:57:06,2.8804608979851616
2025-01-02 09:57:07,3.1007709425174697
2025-01-02 09:57:08,3.462244627259421
2025-01-02 09:57:09,3.5029222135015923
2025-01-02 09:57:10,3.708246471030705
2025-01-02 09:57:11,3.335447185443476
2025-01-02 09:57:12,3.0633840986111394
2025-01-02 09:57:13,3.0440493179476222
2025-01-02 09:57:14,3.844536645286899
2025-01-02 09:57:15,3.055726563277823
2025-01-02 09:57:16,3.373106158073549
2025-01-02 09:57:17,3.3737641473052005
2025-01-02 09:57:18,3.185214464639299
2025-01-02 09:57:19,3.578850146712246
2025-01-02 09:57:20,
2025-01-02 09:57:21,3.309748582006198
2025-01-02 09:57:22,3.422642472762189
2025-01-02 09:57:23,3.5425579642796774
2025-01-02 09:57:24,3.4698446561626466
2025-01-02 09:57:25,3.09842190776842
2025-01-02 09:57:26,3.4788630029777847
2025-01-02 09:57:27,3.3010825142338818
2025-01-02 09:57:28,3.4548094065601034
2025-01-02 09:57:29,2.8399738932754715
2025-01-02 09:57:30,2.9897167775313647
2025-01-02 09:57:31,3.255240364469703
2025-01-02 09:57:32,3.4746470584433284
2025-01-02 09:57:33,3.185681955424296
2025-01-02 09:57:34,
2025-01-02 09:57:35,2.6296096837074066
2025-01-02 09:57:36,3.2638119545926374
2025-01-02 09:57:37,3.218162045232927
2025-01-02 09:57:38,3.604126255927842
2025-01-02 09:57:39,3.1570762731226987
2025-01-02 09:57:40,3.5664551222984575
2025-01-02 09:57:41,2.8626045536729396
2025-01-02 09:57:42,3.660990619289666
2025-01-02 09:57:43,3.134589059581759
2025-01-02 09:57:44,3.096093990935353
2025-01-02 09:57:45,3.629529819090873
2025-01-02 09:57:46,2.947707150443402
2025-01-02 09:57:47,3.379404789476726
2025-01-02 09:57:48,3.246603369870469
2025-01-02 09:57:49,2.722841563268317
2025-01-02 09:57:50,3.0396097280901793
2025-01-02 09:57:51,3.1370865249051088
2025-01-02 09:57:52,3.302573650020182
2025-01-02 09:57:53,3.4039710885912946
2025-01-02 09:57:54,3.3289309058330545
2025-01-02 09:57:55,2.786628136792981
2025-01-02 09:57:56,3.7163086343199465
2025-01-02 09:57:57,3.0883081084941124
2025-01-02 09:57:58,3.69836267361131
2025-01-02 09:57:59,3.571404289866372
2025-01-02 09:58:00,3.122838351572998
2025-01-02 09:58:01,3.4976985162985357
2025-01-02 09:58:02,3.233059919022234
2025-01-02 09:58:03,3.437297106470249
2025-01-02 09:58:04,2.8111573104642544
2025-01-02 09:58:05,3.7693195786860656
2025-01-02 09:58:06,2.8514031908511854
2025-01-02 09:58:07,3.4386024139383786
2025-01-02 09:58:08,3.3609121556928376
2025-01-02 09:58:09,3.252667043952803
2025-01-02 09:58:10,3.1593928418089887
2025-01-02 09:58:11,2.6229073683559445
2025-01-02 09:58:12,3.2145521082579718
2025-01-02 09:58:13,3.6178394251369537
2025-01-02 09:58:14,3.3560133110635304
2025-01-02 09:58:15,3.3571871579137547
2025-01-02 09:58:16,3.248958187174714
2025-01-02 09:58:17,3.7566011231230645
2025-01-02 09:58:18,3.520468895048555
2025-01-02 09:58:19,3.265095531117975
2025-01-02 09:58:20,3.097211775125747
2025-01-02 09:58:21,2.86540727441023
2025-01-02 09:58:22,3.283786119496644
2025-01-02 09:58:23,3.18413717320138
2025-01-02 09:58:24,3.184752129117181
2025-01-02 09:58:25,3.4860875196627252
2025-01-02 09:58:26,3.519035208728772
2025-01-02 09:58:27,3.731039180061411
2025-01-02 09:58:28,2.911450487526847
2025-01-02 09:58:29,3.087627959312893
2025-01-02 09:58:30,2.836124796552898
2025-01-02 09:58:31,3.0108349711550626
2025-01-02 09:58:32,3.417791930775456
2025-01-02 09:58:33,3.1929599091898213
2025-01-02 09:58:34,2.903919788539302
2025-01-02 09:58:35,3.55316411307403
2025-01-02 09:58:36,3.0256119005439093
2025-01-02 09:58:37,
2025-01-02 09:58:38,3.648253378519104
2025-01-02 09:58:39,3.5318026918795167
2025-01-02 09:58:40,3.2940648705645255
2025-01-02 09:58:41,3.4674638891745087
2025-01-02 09:58:42,3.5678042662770606
2025-01-02 09:58:43,3.226892514972605
2025-01-02 09:58:44,3.9725088020175994
2025-01-02 09:58:45,3.2142169799950913
2025-01-02 09:58:46,3.436752880119388
2025-01-02 09:58:47,3.083965053108529
2025-01-02 09:58:48,3.506743829473273
2025-01-02 09:58:49,3.076178259871232
2025-01-02 09:58:50,2.976690186153974
2025-01-02 09:58:51,3.0542664956412655
2025-01-02 09:58:52,3.22113758241243
2025-01-02 09:58:53,3.0026951203200074
2025-01-02 09:58:54,3.349303442995686
2025-01-02 09:58:55,3.384695909533941
2025-01-02 09:58:56,3.364480863905763
2025-01-02 09:58:57,3.335030653155035
2025-01-02 09:58:58,3.1440674563201267
2025-01-02 09:58:59,2.9424795329082145
2025-01-02 09:59:00,3.8654491823640043
2025-01-02 09:59:01,3.426599587313432
2025-01-02 09:59:02,3.157869958174809
2025-01-02 09:59:03,3.3435707967863473
2025-01-02 09:59:04,3.582945115195325
2025-01-02 09:59:05,3.1738870427214345
2025-01-02 09:59:06,3.248267051787794
2025-01-02 09:59:07,3.5678969630562407
2025-01-02 09:59:08,3.655138656490189
2025-01-02 09:59:09,3.103843578038223
2025-01-02 09:59:10,2.910791137488114
2025-01-02 09:59:11,3.1400087225149007
2025-01-02 09:59:12,3.4393017749715886
2025-01-02 09:59:13,3.776309090996979
2025-01-02 09:59:14,3.4493927740985924
2025-01-02 09:59:15,3.2159323124558084
2025-01-02 09:59:16,2.9176689615358407
2025-01-02 09:59:17,3.3863584243624762
2025-01-02 09:59:18,3.0593301176700773
2025-01-02 09:59:19,3.490517832321348
2025-01-02 09:59:20,3.512690866254501
2025-01-02 09:59:21,3.1252140405363433
2025-01-02 09:59:22,2.5964617556974754
2025-01-02 09:59:23,3.022611802811549
2025-01-02 09:59:24,3.4233270436083676
2025-01-02 09:59:25,3.1550659382984136
2025-01-02 09:59:26,3.2566780972367417
2025-01-02 09:59:27,3.322236777912303
2025-01-02 09:59:28,3.2358841185463043
2025-01-02 09:59:29,3.4134559664936743
2025-01-02 09:59:30,3.554811508598827
2025-01-02 09:59:31,3.3735990512932963
2025-01-02 09:59:32,3.575328623138172
2025-01-02 09:59:33,3.6849923086477805
2025-01-02 09:59:34,3.223159579128559
2025-01-02 09:59:35,3.708978064040916
2025-01-02 09:59:36,3.2218540161834137
2025-01-02 09:59:37,2.7398908945933975
2025-01-02 09:59:38,2.7691547418991345
2025-01-02 09:59:39,3.662556371857891
2025-01-02 09:59:40,3.458313990261746
2025-01-02 09:59:41,2.3384036393942633
2025-01-02 09:59:42,3.0103531197585545
2025-01-02 09:59:43,2.888129119116329
2025-01-02 09:59:44,3.3579647829186774
2025-01-02 09:59:45,3.1623788193445033
2025-01-02 09:59:46,3.06827402634692
2025-01-02 09:59:47,3.2038065632107835
2025-01-02 09:59:48,3.585851171649303
2025-01-02 09:59:49,3.808806051717193
2025-01-02 09:59:50,3.5830964755810193
2025-01-02 09:59:51,3.649673363825299
2025-01-02 09:59:52,3.12243728692665
2025-01-02 09:59:53,3.5127789434698915
2025-01-02 09:59:54,3.2754505658724904
2025-01-02 09:59:55,3.5669420975691235
2025-01-02 09:59:56,3.141746599837882
2025-01-02 09:59:57,2.958907334597424
2025-01-02 09:59:58,3.236851716380182
2025-01-02 09:59:59,3.338159491841573
2025-01-02 10:00:00,3.9599165305736546
2025-01-02 10:00:01,3.87469172533131
2025-01-02 10:00:02,3.5542405608487577
2025-01-02 10:00:03,2.9972823751094273
2025-01-02 10:00:04,3.0632709452236124
2025-01-02 10:00:05,3.01781669699598
2025-01-02 10:00:06,2.776480811295766
2025-01-02 10:00:07,3.349799145150122
2025-01-02 10:00:08,3.0470324623977296
2025-01-02 10:00:09,2.841119994646564
2025-01-02 10:00:10,3.067670348966242
2025-01-02 10:00:11,3.0996972375355423
2025-01-02 10:00:12,3.1323183762745206
2025-01-02 10:00:13,3.1338799489463938
2025-01-02 10:00:14,2.9754182198792014
2025-01-02 10:00:15,3.194126797279453
2025-01-02 10:00:16,3.5030952801464315
2025-01-02 10:00:17,3.7708069157952977
2025-01-02 10:00:18,3.0481458751248756
2025-01-02 10:00:19,3.6921363053140466
2025-01-02 10:00:20,3.3205840244126383
2025-01-02 10:00:21,2.634902534895541
2025-01-02 10:00:22,3.0110268839196532
2025-01-02 10:00:23,3.081799712259508
2025-01-02 10:00:24,3.4581121506092978
2025-01-02 10:00:25,3.245102362960948
2025-01-02 10:00:26,3.5188180094505577
2025-01-02 10:00:27,3.7509129475024166
2025-01-02 10:00:28,3.3969309374223235
2025-01-02 10:00:29,3.3547779914057516
2025-01-02 10:00:30,3.0715669534436723
2025-01-02 10:00:31,
2025-01-02 10:00:32,3.3629711815059373
2025-01-02 10:00:33,3.446626091455812
2025-01-02 10:00:34,3.0389486197409568
2025-01-02 10:00:35,2.811706476323108
2025-01-02 10:00:36,3.3922080072116945
2025-01-02 10:00:37,3.249357782092086
2025-01-02 10:00:38,3.0469988921344986
2025-01-02 10:00:39,3.0246008184369035
2025-01-02 10:00:40,3.802859780200384
2025-01-02 10:00:41,3.334545527935305
2025-01-02 10:00:42,3.8701430411568034
2025-01-02 10:00:43,3.16173583295178
2025-01-02 10:00:44,3.0707008180363875
2025-01-02 10:00:45,3.1374693116856904
2025-01-02 10:00:46,3.4326848739298463
2025-01-02 10:00:47,3.7450117077260496
2025-01-02 10:00:48,
2025-01-02 10:00:49,3.0687352190354242
2025-01-02 10:00:50,3.0754644376091096
2025-01-02 10:00:51,3.33372563124127
2025-01-02 10:00:52,3.414068456161694
2025-01-02 10:00:53,3.326424241051909
2025-01-02 10:00:54,3.5890318953534552
2025-01-02 10:00:55,3.8466678959345044
2025-01-02 10:00:56,3.708943109999424
2025-01-02 10:00:57,3.3876788201800245
2025-01-02 10:00:58,3.442716880400026
2025-01-02 10:00:59,3.379868139067817
2025-01-02 10:01:00,3.642276670965858
2025-01-02 10:01:01,4.217440934539239
2025-01-02 10:01:02,3.4415372840582505
2025-01-02 10:01:03,3.7469749209264944
2025-01-02 10:01:04,3.2474002886892905
2025-01-02 10:01:05,3.1578137102196537
2025-01-02 10:01:06,3.763836727431399
2025-01-02 10:01:07,3.1926977414437596
2025-01-02 10:01:08,3.7820570424481805
2025-01-02 10:01:09,3.4713170061082304
2025-01-02 10:01:10,3.5768615635170433
2025-01-02 10:01:11,3.815810778600934
2025-01-02 10:01:12,3.0998850153813935
2025-01-02 10:01:13,3.8596834020006385
2025-01-02 10:01:14,3.3371886216117566
2025-01-02 10:01:15,3.2281342165450475
2025-01-02 10:01:16,2.962868871207994
2025-01-02 10:01:17,3.159063365557748
2025-01-02 10:01:18,3.495582462044082
2025-01-02 10:01:19,3.272296180351811
2025-01-02 10:01:20,3.366469172061472
2025-01-02 10:01:21,3.867120126180521
2025-01-02 10:01:22,3.4217570796204
2025-01-02 10:01:23,3.438825073781066
2025-01-02 10:01:24,3.637638497303639
2025-01-02 10:01:25,2.837587652439593
2025-01-02 10:01:26,3.110759824461852
2025-01-02 10:01:27,3.262548643049235
2025-01-02 10:01:28,2.939033659085886
2025-01-02 10:01:29,3.4399201563011634
2025-01-02 10:01:30,2.9042302931726587
2025-01-02 10:01:31,3.1519371660667392
2025-01-02 10:01:32,3.517273206180498
2025-01-02 10:01:33,3.845036341285253
2025-01-02 10:01:34,3.057203311874313
2025-01-02 10:01:35,3.240445787172249
2025-01-02 10:01:36,3.143164504760059
2025-01-02 10:01:37,3.5299199447110303
2025-01-02 10:01:38,3.3707795853583384
2025-01-02 10:01:39,3.646629160112943
2025-01-02 10:01:40,3.717733493593283
2025-01-02 10:01:41,3.052658545377625
2025-01-02 10:01:42,3.623412897301683
2025-01-02 10:01:43,3.4167184684365624
2025-01-02 10:01:44,4.11996104819341
2025-01-02 10:01:45,3.5173509456251124
2025-01-02 10:01:46,3.3323609265984184
2025-01-02 10:01:47,3.178246641747763
2025-01-02 10:01:48,3.0107096127753645
2025-01-02 10:01:49,3.3253988057888835
2025-01-02 10:01:50,3.0957599388852173
2025-01-02 10:01:51,3.7075395588740814
2025-01-02 10:01:52,3.0865054768195948
2025-01-02 10:01:53,3.017125752482567
2025-01-02 10:01:54,3.6010832145146736
2025-01-02 10:01:55,3.2701409626330418
2025-01-02 10:01:56,3.1540571600405816
2025-01-02 10:01:57,3.8752480891393755
2025-01-02 10:01:58,3.4418959734274845
2025-01-02 10:01:59,3.292783263212736
2025-01-02 10:02:00,3.2256999718615313
2025-01-02 10:02:01,3.803494776657347
2025-01-02 10:02:02,3.2070163911880556
2025-01-02 10:02:03,3.0548502947604916
2025-01-02 10:02:04,3.2654747824328334
2025-01-02 10:02:05,3.0394044673300717
2025-01-02 10:02:06,3.012769131323234
2025-01-02 10:02:07,3.4108634411382086
2025-01-02 10:02:08,3.195778138965595
2025-01-02 10:02:09,2.559197271469096
2025-01-02 10:02:10,3.397983332461435
2025-01-02 10:02:11,
2025-01-02 10:02:12,3.1473985433605445
2025-01-02 10:02:13,2.4107071971438767
2025-01-02 10:02:14,3.3477738618543813
2025-01-02 10:02:15,2.994280029877766
2025-01-02 10:02:16,3.527349834041427
2025-01-02 10:02:17,3.4863184070606112
2025-01-02 10:02:18,2.636544548604504
2025-01-02 10:02:19,3.020382396929653
2025-01-02 10:02:20,3.483152812315496
2025-01-02 10:02:21,3.422542094203718
2025-01-02 10:02:22,3.221957325169237
2025-01-02 10:02:23,3.7610784282961247
2025-01-02 10:02:24,3.300433364389815
2025-01-02 10:02:25,3.8866621565444475
2025-01-02 10:02:26,3.4141998721455122
2025-01-02 10:02:27,3.8185468879632305
2025-01-02 10:02:28,3.2782811234672966
2025-01-02 10:02:29,2.9663223683028614
2025-01-02 10:02:30,4.088376390903285
2025-01-02 10:02:31,2.935154295460368
2025-01-02 10:02:32,3.4222231912868186
2025-01-02 10:02:33,3.2906051927785818
2025-01-02 10:02:34,2.94833945881016
2025-01-02 10:02:35,3.129636382510863
2025-01-02 10:02:36,3.572128442280733
2025-01-02 10:02:37,3.1417230626602786
2025-01-02 10:02:38,3.4184975197896965
2025-01-02 10:02:39,2.990020027838106
2025-01-02 10:02:40,3.4940018333492766
2025-01-02 10:02:41,2.7628444983503604
2025-01-02 10:02:42,2.6531508915986644
2025-01-02 10:02:43,3.657465559024309
2025-01-02 10:02:44,3.2461555422636605
2025-01-02 10:02:45,3.120534275575857
2025-01-02 10:02:46,3.470610355316137
2025-01-02 10:02:47,3.1674420235335035
2025-01-02 10:02:48,3.5064251813091496
2025-01-02 10:02:49,2.800265868464774
2025-01-02 10:02:50,3.4408701210119452
2025-01-02 10:02:51,3.6529421155472215
2025-01-02 10:02:52,3.121404479046372
2025-01-02 10:02:53,3.6609882912462797
2025-01-02 10:02:54,3.531746009710873
2025-01-02 10:02:55,3.8404593482647984
2025-01-02 10:02:56,
2025-01-02 10:02:57,3.455926800603322
2025-01-02 10:02:58,3.5938510964352295
2025-01-02 10:02:59,2.776693329083467
2025-01-02 10:03:00,3.264118949500867
2025-01-02 10:03:01,3.289551061501129
2025-01-02 10:03:02,3.25100872651828
2025-01-02 10:03:03,3.1650460280011363
2025-01-02 10:03:04,3.320832216849254
2025-01-02 10:03:05,3.6928728988992985
2025-01-02 10:03:06,3.4488043016318586
2025-01-02 10:03:07,3.483654600111813
2025-01-02 10:03:08,3.4162421026948278
2025-01-02 10:03:09,3.5697312133381844
2025-01-02 10:03:10,3.641703420950935
2025-01-02 10:03:11,3.5341686872730067
2025-01-02 10:03:12,3.824857171550904
2025-01-02 10:03:13,3.0110702171237302
2025-01-02 10:03:14,3.4374021864212563
2025-01-02 10:03:15,2.7861747186776396
2025-01-02 10:03:16,3.4130570733149477
2025-01-02 10:03:17,2.9022282853441514
2025-01-02 10:03:18,2.9427077143169087
2025-01-02 10:03:19,
2025-01-02 10:03:20,3.3699397352253517
2025-01-02 10:03:21,3.5840221289660548
2025-01-02 10:03:22,3.2887822826962494
2025-01-02 10:03:23,3.3521836257199107
2025-01-02 10:03:24,3.325158653556195
2025-01-02 10:03:25,3.148645660125492
2025-01-02 10:03:26,3.536257728001524
2025-01-02 10:03:27,3.3191498511073383
2025-01-02 10:03:28,3.3416255754429534
2025-01-02 10:03:29,3.3015083013908075
2025-01-02 10:03:30,3.2995459056462613
2025-01-02 10:03:31,3.484132719250592
2025-01-02 10:03:32,3.00936691825531
2025-01-02 10:03:33,3.4295991496151847
2025-01-02 10:03:34,3.5062412236262146
2025-01-02 10:03:35,3.4993896488050242
2025-01-02 10:03:36,3.131431065544171
2025-01-02 10:03:37,3.1948096156302825
2025-01-02 10:03:38,2.9251626734747083
2025-01-02 10:03:39,3.83687657038983
2025-01-02 10:03:40,3.4055741560268746
2025-01-02 10:03:41,3.545172075722711
2025-01-02 10:03:42,2.814582760308774
2025-01-02 10:03:43,3.796032029378353
2025-01-02 10:03:44,3.533167857140932
2025-01-02 10:03:45,3.624046695689129
2025-01-02 10:03:46,3.5788309241037006
2025-01-02 10:03:47,3.7812576590425304
2025-01-02 10:03:48,3.4465492907345254
2025-01-02 10:03:49,3.5892004742957138
2025-01-02 10:03:50,3.70815639738491
2025-01-02 10:03:51,3.5392122422712147
2025-01-02 10:03:52,3.5485288130015045
2025-01-02 10:03:53,3.237411059889325
2025-01-02 10:03:54,3.3353482937232526
2025-01-02 10:03:55,3.5675535248213213
2025-01-02 10:03:56,4.1144460433138965
2025-01-02 10:03:57,3.1398503840277203
2025-01-02 10:03:58,3.2615246255398405
2025-01-02 10:03:59,2.6420923688318356
2025-01-02 10:04:00,3.3182843710975294
2025-01-02 10:04:01,3.5931325565659105
2025-01-02 10:04:02,2.9280381527501547
2025-01-02 10:04:03,3.6513568568445027
2025-01-02 10:04:04,3.1442153972245865
2025-01-02 10:04:05,3.6340579782668367
2025-01-02 10:04:06,3.261481725950762
2025-01-02 10:04:07,3.3356749656777644
2025-01-02 10:04:08,3.368471933713842
2025-01-02 10:04:09,3.580427288492276
2025-01-02 10:04:10,3.282247557638777
2025-01-02 10:04:11,3.2445347052931237
2025-01-02 10:04:12,2.9897582034191563
2025-01-02 10:04:13,3.226480257169774
2025-01-02 10:04:14,3.6001658041539084
2025-01-02 10:04:15,3.62438718030554
2025-01-02 10:04:16,3.6668764221893424
2025-01-02 10:04:17,2.6908922432354645
2025-01-02 10:04:18,2.7695852635652525
2025-01-02 10:04:19,3.0225275579048394
2025-01-02 10:04:20,3.3080377728097297
2025-01-02 10:04:21,3.3211236471253516
2025-01-02 10:04:22,3.0516402616843084
2025-01-02 10:04:23,3.522732621605481
2025-01-02 10:04:24,3.825324415971778
2025-01-02 10:04:25,3.7982868886144603
2025-01-02 10:04:26,3.42351017378728
2025-01-02 10:04:27,3.1480298348273053
2025-01-02 10:04:28,3.680431674747045
2025-01-02 10:04:29,3.181574936332735
2025-01-02 10:04:30,3.23146629060988
2025-01-02 10:04:31,3.4353959724575627
2025-01-02 10:04:32,3.5422305290777114
2025-01-02 10:04:33,3.3747534021500902
2025-01-02 10:04:34,
2025-01-02 10:04:35,3.224525861941079
2025-01-02 10:04:36,3.5893027286846295
2025-01-02 10:04:37,4.019463172658513
2025-01-02 10:04:38,3.459446968647977
2025-01-02 10:04:39,3.5778780917986097
2025-01-02 10:04:40,3.1893392387510553
2025-01-02 10:04:41,3.5498067479857913
2025-01-02 10:04:42,2.9788455308851183
2025-01-02 10:04:43,3.422308737829877
2025-01-02 10:04:44,3.715860789199424
2025-01-02 10:04:45,2.88411017812918
2025-01-02 10:04:46,3.1416114655773066
2025-01-02 10:04:47,3.8556562810940873
2025-01-02 10:04:48,3.1510487313650204
2025-01-02 10:04:49,2.9881774925779023
2025-01-02 10:04:50,3.11555337319483
2025-01-02 10:04:51,3.538020016068092
2025-01-02 10:04:52,3.921187721462096
2025-01-02 10:04:53,4.1705476112633635
2025-01-02 10:04:54,3.4553759054703703
2025-01-02 10:04:55,3.226317365796666
2025-01-02 10:04:56,3.0007993313848984
2025-01-02 10:04:57,3.5352363638529862
2025-01-02 10:04:58,3.7106528230399665
2025-01-02 10:04:59,3.201123613975057
2025-01-02 10:05:00,3.2074493599884426
2025-01-02 10:05:01,3.597139166121425
2025-01-02 10:05:02,3.2074032558404366
2025-01-02 10:05:03,3.238779802010165
2025-01-02 10:05:04,2.881107342563896
2025-01-02 10:05:05,3.350230600380486
2025-01-02 10:05:06,3.2183636387284302
2025-01-02 10:05:07,
2025-01-02 10:05:08,3.4605225595911318
2025-01-02 10:05:09,2.8889655206281333
2025-01-02 10:05:10,3.352394863654129
2025-01-02 10:05:11,3.2743464877822985
2025-01-02 10:05:12,3.2960200179638606
2025-01-02 10:05:13,3.536316703201611
2025-01-02 10:05:14,3.6250140091080514
2025-01-02 10:05:15,3.3165180484650474
2025-01-02 10:05:16,3.5785973488455625
2025-01-02 10:05:17,2.6673376205499575
2025-01-02 10:05:18,2.9855094567437224
2025-01-02 10:05:19,3.175287797143362
2025-01-02 10:05:20,3.2827331536728077
2025-01-02 10:05:21,3.1669389872903557
2025-01-02 10:05:22,3.3258687490938104
2025-01-02 10:05:23,3.2980705954931615
2025-01-02 10:05:24,3.366707840826149
2025-01-02 10:05:25,3.266241347072743
2025-01-02 10:05:26,3.3337548552172844
2025-01-02 10:05:27,3.6862570258036675
2025-01-02 10:05:28,3.246939826822785
2025-01-02 10:05:29,3.021369492746601
2025-01-02 10:05:30,3.1848868379268724
2025-01-02 10:05:31,3.3190260147742676
2025-01-02 10:05:32,3.4776027783477774
2025-01-02 10:05:33,3.5922094261856823
2025-01-02 10:05:34,3.39457720824383
2025-01-02 10:05:35,2.717460742263577
2025-01-02 10:05:36,3.4672232027814234
2025-01-02 10:05:37,3.3184338475649127
2025-01-02 10:05:38,4.166567672268307
2025-01-02 10:05:39,3.3489586975175936
2025-01-02 10:05:40,3.678049170630372
2025-01-02 10:05:41,3.4022205985347407
2025-01-02 10:05:42,3.805424511035078
2025-01-02 10:05:43,3.450352650477927
2025-01-02 10:05:44,3.5851174202545244
2025-01-02 10:05:45,4.141017177456024
2025-01-02 10:05:46,3.7958575495719478
2025-01-02 10:05:47,3.285222599594159
2025-01-02 10:05:48,3.3164126464907797
2025-01-02 10:05:49,3.5715762899322936
2025-01-02 10:05:50,3.390279265939498
2025-01-02 10:05:51,3.435426351484741
2025-01-02 10:05:52,3.11087601690509
2025-01-02 10:05:53,3.1115621394409247
2025-01-02 10:05:54,3.161473091065622
2025-01-02 10:05:55,2.8557403710963176
2025-01-02 10:05:56,3.570615087446839
2025-01-02 10:05:57,4.1226737849114645
2025-01-02 10:05:58,3.058619073178231
2025-01-02 10:05:59,3.831962929648219
2025-01-02 10:06:00,3.190945117674359
2025-01-02 10:06:01,3.3639983350300793
2025-01-02 10:06:02,3.101500324250488
2025-01-02 10:06:03,3.7354498146089905
2025-01-02 10:06:04,3.8236447553245787
2025-01-02 10:06:05,2.9345174485461865
2025-01-02 10:06:06,3.853823878622843
2025-01-02 10:06:07,2.847107255625598
2025-01-02 10:06:08,3.7240098419827854
2025-01-02 10:06:09,3.1223798409739794
2025-01-02 10:06:10,3.6479025064086645
2025-01-02 10:06:11,3.6196128734283404
2025-01-02 10:06:12,3.2534255431843837
2025-01-02 10:06:13,3.1504940025401904
2025-01-02 10:06:14,3.2480388381754097
2025-01-02 10:06:15,3.503685726191644
2025-01-02 10:06:16,2.882261255864994
2025-01-02 10:06:17,3.8356025637846423
2025-01-02 10:06:18,3.5714951678629987
2025-01-02 10:06:19,3.268611895409345
2025-01-02 10:06:20,3.4086327983409963
2025-01-02 10:06:21,3.7433259266243284
2025-01-02 10:06:22,
2025-01-02 10:06:23,3.4890302848658403
2025-01-02 10:06:24,3.1612435582132963
2025-01-02 10:06:25,3.208915807210032
2025-01-02 10:06:26,3.1808152365778235
2025-01-02 10:06:27,3.7152610898596925
2025-01-02 10:06:28,3.3555720927946044
2025-01-02 10:06:29,3.067080504821854
2025-01-02 10:06:30,3.3497653841255697
2025-01-02 10:06:31,3.2994710787217905
2025-01-02 10:06:32,2.806381704224386
2025-01-02 10:06:33,3.7804642072701973
2025-01-02 10:06:34,3.3508045637104154
2025-01-02 10:06:35,3.376689908821421
2025-01-02 10:06:36,3.0715683281493935
2025-01-02 10:06:37,3.057325592331481
2025-01-02 10:06:38,2.960372991215619
2025-01-02 10:06:39,3.304453908409863
2025-01-02 10:06:40,3.1524339966728134
2025-01-02 10:06:41,3.472009627218635
2025-01-02 10:06:42,3.1422141724292887
2025-01-02 10:06:43,3.6033566840530264
2025-01-02 10:06:44,2.954136026722705
2025-01-02 10:06:45,2.936948046649722
2025-01-02 10:06:46,3.0377573180611095
2025-01-02 10:06:47,2.838546869364531
2025-01-02 10:06:48,3.370418391228799
2025-01-02 10:06:49,
2025-01-02 10:06:50,3.4128681683117272
2025-01-02 10:06:51,3.402995224113704
2025-01-02 10:06:52,3.3046612952081715
2025-01-02 10:06:53,3.3722113482912577
2025-01-02 10:06:54,3.5343051551914306
2025-01-02 10:06:55,3.606836037353173
2025-01-02 10:06:56,3.327180772772341
2025-01-02 10:06:57,2.975304461483497
2025-01-02 10:06:58,3.2118511115276918
2025-01-02 10:06:59,2.84722365954271
2025-01-02 10:07:00,3.6546738081001653
2025-01-02 10:07:01,3.4534317855413956
2025-01-02 10:07:02,3.410077056729002
2025-01-02 10:07:03,3.82846016769661
2025-01-02 10:07:04,3.3101470492937244
2025-01-02 10:07:05,3.958192316344784
2025-01-02 10:07:06,3.705344560456302
2025-01-02 10:07:07,3.432636547569816
2025-01-02 10:07:08,3.107191737646172
2025-01-02 10:07:09,3.338712534121706
2025-01-02 10:07:10,3.630023274383293
2025-01-02 10:07:11,3.228777550956296
2025-01-02 10:07:12,3.5338387522117203
2025-01-02 10:07:13,3.1971177612264787
2025-01-02 10:07:14,3.6906703644969228
2025-01-02 10:07:15,3.247592308429725
2025-01-02 10:07:16,3.6400938005698453
2025-01-02 10:07:17,3.1770824926816803
2025-01-02 10:07:18,3.4611283357690232
2025-01-02 10:07:19,3.0808705361888
2025-01-02 10:07:20,3.1166361540182783
2025-01-02 10:07:21,2.908394158220794
2025-01-02 10:07:22,3.3798247539272617
2025-01-02 10:07:23,3.1462008520283447
2025-01-02 10:07:24,3.598695015693015
2025-01-02 10:07:25,
2025-01-02 10:07:26,3.627806824741053
2025-01-02 10:07:27,3.2747089408488788
2025-01-02 10:07:28,3.8173123804687985
2025-01-02 10:07:29,3.813198389591567
2025-01-02 10:07:30,3.9751387791096087
2025-01-02 10:07:31,3.326987672444644
2025-01-02 10:07:32,3.2113663711296443
2025-01-02 10:07:33,3.229155176031215
2025-01-02 10:07:34,3.4214008036362924
2025-01-02 10:07:35,3.5629839894234387
2025-01-02 10:07:36,3.3969594986111855
2025-01-02 10:07:37,3.950667924152936
2025-01-02 10:07:38,3.4584196155718887
2025-01-02 10:07:39,3.7360587265066134
2025-01-02 10:07:40,3.739045681649774
2025-01-02 10:07:41,3.0193143511043
2025-01-02 10:07:42,3.6678174942210067
2025-01-02 10:07:43,3.3003999279118683
2025-01-02 10:07:44,3.6014119802517817
2025-01-02 10:07:45,3.1476392965509583
2025-01-02 10:07:46,3.120980333744078
2025-01-02 10:07:47,3.280013701950847
2025-01-02 10:07:48,3.5384325599399586
2025-01-02 10:07:49,3.3320747994530615
2025-01-02 10:07:50,3.708576459776062
2025-01-02 10:07:51,3.0040716750265957
2025-01-02 10:07:52,3.8490063019792826
2025-01-02 10:07:53,3.24681001964592
2025-01-02 10:07:54,3.761335716928583
2025-01-02 10:07:55,3.0706826915503735
2025-01-02 10:07:56,3.565131238871914
2025-01-02 10:07:57,3.584867488380601
2025-01-02 10:07:58,3.4081981472691933
2025-01-02 10:07:59,2.841811022657197
2025-01-02 10:08:00,3.336764296005122
2025-01-02 10:08:01,3.544074208205352
2025-01-02 10:08:02,2.8395499093312164
2025-01-02 10:08:03,3.3525203528643353
2025-01-02 10:08:04,3.5209451742694027
2025-01-02 10:08:05,3.6954050554514124
2025-01-02 10:08:06,2.773786143884324
2025-01-02 10:08:07,3.090191358228026
2025-01-02 10:08:08,3.316612074363952
2025-01-02 10:08:09,3.6635604681381686
2025-01-02 10:08:10,3.5965081567302977
2025-01-02 10:08:11,3.026612608585133
2025-01-02 10:08:12,3.763368363142187
2025-01-02 10:08:13,3.6983157983678403
2025-01-02 10:08:14,3.3213052565399788
2025-01-02 10:08:15,3.259285294649551
2025-01-02 10:08:16,3.3084642040922785
2025-01-02 10:08:17,3.0176270796017834
2025-01-02 10:08:18,3.6747254357912693
2025-01-02 10:08:19,2.9321366697495406
2025-01-02 10:08:20,3.347700718966612
2025-01-02 10:08:21,3.3719111822718784
2025-01-02 10:08:22,3.705035075438471
2025-01-02 10:08:23,3.74823023982832
2025-01-02 10:08:24,3.560180043543963
2025-01-02 10:08:25,3.2484853851263984
2025-01-02 10:08:26,3.642812735464684
2025-01-02 10:08:27,3.686570380022534
2025-01-02 10:08:28,2.9352813740906174
2025-01-02 10:08:29,3.1988969660229527
2025-01-02 10:08:30,3.336488959692393
2025-01-02 10:08:31,3.340002636819393
2025-01-02 10:08:32,3.543961226440424
2025-01-02 10:08:33,3.6935827814869944
2025-01-02 10:08:34,3.629013399955577
2025-01-02 10:08:35,3.5981441701660537
2025-01-02 10:08:36,3.562823013893491
2025-01-02 10:08:37,2.9110334038512806
2025-01-02 10:08:38,3.484170357786771
2025-01-02 10:08:39,3.5556199029739566
2025-01-02 10:08:40,3.159028504599598
2025-01-02 10:08:41,3.6536408670370646
2025-01-02 10:08:42,3.2019398822977267
2025-01-02 10:08:43,2.716346168973152
2025-01-02 10:08:44,3.174082727142486
2025-01-02 10:08:45,3.355764109556872
2025-01-02 10:08:46,3.215934253439724
2025-01-02 10:08:47,3.382218595306488
2025-01-02 10:08:48,3.247713658623487
2025-01-02 10:08:49,
2025-01-02 10:08:50,3.3314282443598833
2025-01-02 10:08:51,3.041984402468234
2025-01-02 10:08:52,3.8670264148351396
2025-01-02 10:08:53,3.967468012205038
2025-01-02 10:08:54,3.5079421088236593
2025-01-02 10:08:55,3.2524403735835006
2025-01-02 10:08:56,3.6028496782963524
2025-01-02 10:08:57,2.8500477796456347
2025-01-02 10:08:58,3.781222092342737
2025-01-02 10:08:59,
2025-01-02 10:09:00,3.244611814564164
2025-01-02 10:09:01,3.2428991465408514
2025-01-02 10:09:02,3.5229777136259015
2025-01-02 10:09:03,3.3474219834722483
2025-01-02 10:09:04,3.6412563929160147
2025-01-02 10:09:05,2.619748487936319
2025-01-02 10:09:06,3.1024020197661586
2025-01-02 10:09:07,3.722684000939256
2025-01-02 10:09:08,2.965385188178433
2025-01-02 10:09:09,3.4233350395722963
2025-01-02 10:09:10,3.389979270174004
2025-01-02 10:09:11,3.7482724764995528
2025-01-02 10:09:12,3.384554410660656
2025-01-02 10:09:13,4.016943407117814
2025-01-02 10:09:14,3.27973461285387
2025-01-02 10:09:15,3.784674462657062
2025-01-02 10:09:16,3.5864543128661817
2025-01-02 10:09:17,3.280411191154945
2025-01-02 10:09:18,3.2644829142004568
2025-01-02 10:09:19,3.7493140270465655
2025-01-02 10:09:20,3.1493057783046807
2025-01-02 10:09:21,3.486505587126137
2025-01-02 10:09:22,3.5462551008638723
2025-01-02 10:09:23,3.25140397924313
2025-01-02 10:09:24,3.52985282435589
2025-01-02 10:09:25,3.4520161108235534
2025-01-02 10:09:26,3.3827137407630623
2025-01-02 10:09:27,3.3461030009043577
2025-01-02 10:09:28,3.74589440260898
2025-01-02 10:09:29,3.4760377954535997
2025-01-02 10:09:30,3.936205476323033
2025-01-02 10:09:31,3.1539970893471296
2025-01-02 10:09:32,3.005414445727696
2025-01-02 10:09:33,3.4716480449979383
2025-01-02 10:09:34,3.1929443671947064
2025-01-02 10:09:35,2.964162641132451
2025-01-02 10:09:36,3.2066457909221224
2025-01-02 10:09:37,2.7482644456160203
2025-01-02 10:09:38,3.796702539449383
2025-01-02 10:09:39,3.079096031418221
2025-01-02 10:09:40,3.776378756217117
2025-01-02 10:09:41,2.9924569301024513
2025-01-02 10:09:42,3.070448046648079
2025-01-02 10:09:43,3.707439592618481
2025-01-02 10:09:44,2.7536766794452907
2025-01-02 10:09:45,3.368808223547845
2025-01-02 10:09:46,4.103908491033629
2025-01-02 10:09:47,3.4139638917888635
2025-01-02 10:09:48,3.4782062001308724
2025-01-02 10:09:49,
2025-01-02 10:09:50,3.433723506197436
2025-01-02 10:09:51,3.253258937026602
2025-01-02 10:09:52,3.2704016353562606
2025-01-02 10:09:53,3.794050717545288
2025-01-02 10:09:54,3.5376733998651835
2025-01-02 10:09:55,3.3093770748822546
2025-01-02 10:09:56,3.370523307144087
2025-01-02 10:09:57,3.6621307490747586
2025-01-02 10:09:58,3.0905016804337784
2025-01-02 10:09:59,3.3029519047686366
2025-01-02 10:10:00,3.6229982161083054
2025-01-02 10:10:01,3.5735902630511687
2025-01-02 10:10:02,3.311338885214433
2025-01-02 10:10:03,3.2744913935989466
2025-01-02 10:10:04,3.31421947530262
2025-01-02 10:10:05,
2025-01-02 10:10:06,3.1085050836265213
2025-01-02 10:10:07,3.5872244307839822
2025-01-02 10:10:08,3.160461178293528
2025-01-02 10:10:09,3.4512680109398164
2025-01-02 10:10:10,3.7284872816369865
2025-01-02 10:10:11,3.1768211749293194
2025-01-02 10:10:12,3.5409466224131365
2025-01-02 10:10:13,3.778821862798968
2025-01-02 10:10:14,3.098247157776432
2025-01-02 10:10:15,3.3454091205730583
2025-01-02 10:10:16,3.4063743911721014
2025-01-02 10:10:17,3.209011037169717
2025-01-02 10:10:18,3.0524766819378026
2025-01-02 10:10:19,3.258812109586666
2025-01-02 10:10:20,3.781201621454189
2025-01-02 10:10:21,3.509673545656502
2025-01-02 10:10:22,
2025-01-02 10:10:23,3.2079172597233834
2025-01-02 10:10:24,3.6027602309766045
2025-01-02 10:10:25,3.9562804275009706
2025-01-02 10:10:26,3.5692046901808063
2025-01-02 10:10:27,2.952209636144088
2025-01-02 10:10:28,3.486669115281797
2025-01-02 10:10:29,3.469820193495507
2025-01-02 10:10:30,3.1635459339473373
2025-01-02 10:10:31,3.6980635222367004
2025-01-02 10:10:32,3.5462520487952314
2025-01-02 10:10:33,3.2381396835703904
2025-01-02 10:10:34,3.075201566503979
2025-01-02 10:10:35,3.8183489019031223
2025-01-02 10:10:36,3.6769872047522743
2025-01-02 10:10:37,3.1063979099435475
2025-01-02 10:10:38,3.4543225752299715
2025-01-02 10:10:39,3.012184570889696
2025-01-02 10:10:40,3.6331051927283458
2025-01-02 10:10:41,3.6401227142356096
2025-01-02 10:10:42,3.4263894403574784
2025-01-02 10:10:43,3.3315481968696634
2025-01-02 10:10:44,3.6125904731130607
2025-01-02 10:10:45,
2025-01-02 10:10:46,3.084444994913236
2025-01-02 10:10:47,3.4072426882568183
2025-01-02 10:10:48,2.9637807582333364
2025-01-02 10:10:49,3.104412033487512
2025-01-02 10:10:50,3.4562015045169887
2025-01-02 10:10:51,3.106362168697474
2025-01-02 10:10:52,3.7718819668457426
2025-01-02 10:10:53,3.2716182467710557
2025-01-02 10:10:54,3.7801261380241953
2025-01-02 10:10:55,3.6583722085220756
2025-01-02 10:10:56,4.6357257033599
2025-01-02 10:10:57,3.4124133144756983
2025-01-02 10:10:58,3.1664828421654807
2025-01-02 10:10:59,3.903976159613919
2025-01-02 10:11:00,3.6243446402017727
2025-01-02 10:11:01,3.4768648345573907
2025-01-02 10:11:02,
2025-01-02 10:11:03,3.3357772944100095
2025-01-02 10:11:04,3.15267823849887
2025-01-02 10:11:05,3.37276453896596
2025-01-02 10:11:06,2.803682469483069
2025-01-02 10:11:07,3.7044710219830854
2025-01-02 10:11:08,3.7831560246961686
2025-01-02 10:11:09,3.8407273602453302
2025-01-02 10:11:10,3.3349581864600575
2025-01-02 10:11:11,3.383842513097584
2025-01-02 10:11:12,3.4500258421178986
2025-01-02 10:11:13,2.9908384905437027
2025-01-02 10:11:14,3.1345587328582614
2025-01-02 10:11:15,2.9760544855686666
2025-01-02 10:11:16,3.2302791640008452
2025-01-02 10:11:17,3.5765201361495023
2025-01-02 10:11:18,3.417046727869518
2025-01-02 10:11:19,3.6023439156964674
2025-01-02 10:11:20,3.488894126462342
2025-01-02 10:11:21,3.2136274611064977
2025-01-02 10:11:22,3.43089787254731
2025-01-02 10:11:23,3.1239603376868144
2025-01-02 10:11:24,3.6340622332166737
2025-01-02 10:11:25,3.8400448329468118
2025-01-02 10:11:26,3.9059234337519633
2025-01-02 10:11:27,3.385255769503232
2025-01-02 10:11:28,3.475045187174398
2025-01-02 10:11:29,3.6176553752306693
2025-01-02 10:11:30,3.3194520792551923
2025-01-02 10:11:31,3.506113277472273
2025-01-02 10:11:32,3.0855237826165927
2025-01-02 10:11:33,3.7237177181120344
2025-01-02 10:11:34,2.7933334358744086
2025-01-02 10:11:35,3.9749609403364836
2025-01-02 10:11:36,3.4885748464136928
2025-01-02 10:11:37,3.567141900534683
2025-01-02 10:11:38,2.9312554768504007
2025-01-02 10:11:39,3.378765373803399
2025-01-02 10:11:40,3.7417583213849746
2025-01-02 10:11:41,3.636944897023923
2025-01-02 10:11:42,2.9016367015804283
2025-01-02 10:11:43,3.1681466127565723
2025-01-02 10:11:44,3.658102771654848
2025-01-02 10:11:45,3.1240001543037508
2025-01-02 10:11:46,3.091859443159823
2025-01-02 10:11:47,3.022116765253892
2025-01-02 10:11:48,3.4973545434784206
2025-01-02 10:11:49,3.063032977839858
2025-01-02 10:11:50,3.424731191269951
2025-01-02 10:11:51,3.2633881617329297
2025-01-02 10:11:52,2.902870144207939
2025-01-02 10:11:53,3.3959733412326325
2025-01-02 10:11:54,3.975376494335855
2025-01-02 10:11:55,3.2757503391825806
2025-01-02 10:11:56,3.6107127876548493
2025-01-02 10:11:57,2.9332791639078963
2025-01-02 10:11:58,3.044620019149089
2025-01-02 10:11:59,3.4333563071304205
2025-01-02 10:12:00,3.6886791689791805
2025-01-02 10:12:01,4.0458646231119015
2025-01-02 10:12:02,3.522118060125946
2025-01-02 10:12:03,3.222573360335206
2025-01-02 10:12:04,3.3452101044470073
2025-01-02 10:12:05,3.52965967148624
2025-01-02 10:12:06,3.85163415756612
2025-01-02 10:12:07,3.4504026653810613
2025-01-02 10:12:08,3.3346401067936156
2025-01-02 10:12:09,3.728662616826038
2025-01-02 10:12:10,3.185171415494763
2025-01-02 10:12:11,3.265451175150024
2025-01-02 10:12:12,3.3285837021858478
2025-01-02 10:12:13,3.374413171702067
2025-01-02 10:12:14,3.586009775568329
2025-01-02 10:12:15,3.412083991441359
2025-01-02 10:12:16,2.9374728356522484
2025-01-02 10:12:17,3.3380455244384866
2025-01-02 10:12:18,3.984579090138486
2025-01-02 10:12:19,3.122971472596683
2025-01-02 10:12:20,3.8167888473397347
2025-01-02 10:12:21,3.270426625206051
2025-01-02 10:12:22,3.610336113680318
2025-01-02 10:12:23,2.883481725129559
2025-01-02 10:12:24,2.980935855774564
2025-01-02 10:12:25,3.36309101357527
2025-01-02 10:12:26,3.3058142243183632
2025-01-02 10:12:27,3.3363695115046044
2025-01-02 10:12:28,3.976921050235566
2025-01-02 10:12:29,3.35446389321682
2025-01-02 10:12:30,3.4865641373482457
2025-01-02 10:12:31,3.6789324668116836
2025-01-02 10:12:32,3.0103937663384874
2025-01-02 10:12:33,
2025-01-02 10:12:34,3.6908551395693094
2025-01-02 10:12:35,3.24708348886511
2025-01-02 10:12:36,3.4707570913807966
2025-01-02 10:12:37,3.011135424385383
2025-01-02 10:12:38,3.0875379938155656
2025-01-02 10:12:39,3.7660157401970347
2025-01-02 10:12:40,3.4944828366212315
2025-01-02 10:12:41,2.942350139984767
2025-01-02 10:12:42,3.11231920950396
2025-01-02 10:12:43,3.77461708822325
2025-01-02 10:12:44,3.6058751924282535
2025-01-02 10:12:45,3.3651461605474458
2025-01-02 10:12:46,3.124261093402008
2025-01-02 10:12:47,3.9720386025588184
2025-01-02 10:12:48,3.637436264462038
2025-01-02 10:12:49,3.615949857231051
2025-01-02 10:12:50,3.7519001421057263
2025-01-02 10:12:51,3.4142370637794124
2025-01-02 10:12:52,3.2249265890837693
2025-01-02 10:12:53,3.320067653541143
2025-01-02 10:12:54,3.2644580594960124
2025-01-02 10:12:55,3.01056826591902
2025-01-02 10:12:56,3.053175466834709
2025-01-02 10:12:57,3.8173329154701783
2025-01-02 10:12:58,3.5996520379709387
2025-01-02 10:12:59,3.1962682909273803
2025-01-02 10:13:00,3.7731218993084275
2025-01-02 10:13:01,3.235559473460306
2025-01-02 10:13:02,3.745966115102076
2025-01-02 10:13:03,3.358940040733071
2025-01-02 10:13:04,3.368723413706443
2025-01-02 10:13:05,3.557303814320738
2025-01-02 10:13:06,3.7854657901928825
2025-01-02 10:13:07,3.490751933654765
2025-01-02 10:13:08,3.06581834673502
2025-01-02 10:13:09,3.7722098384705105
2025-01-02 10:13:10,3.8180259840475563
2025-01-02 10:13:11,3.6531952865042308
2025-01-02 10:13:12,3.402278920560593
2025-01-02 10:13:13,3.396928375039529
2025-01-02 10:13:14,3.6025224185746727
2025-01-02 10:13:15,3.5906859763411707
2025-01-02 10:13:16,3.308491367762305
2025-01-02 10:13:17,3.3589799446454847
2025-01-02 10:13:18,3.7033296850083643
2025-01-02 10:13:19,3.0454082668044036
2025-01-02 10:13:20,3.0620943228327873
2025-01-02 10:13:21,4.227077781165276
2025-01-02 10:13:22,3.663131831448082
2025-01-02 10:13:23,3.4772986100169074
2025-01-02 10:13:24,3.64307335275744
2025-01-02 10:13:25,3.239124395746631
2025-01-02 10:13:26,3.5762411947100787
2025-01-02 10:13:27,3.841239838486505
2025-01-02 10:13:28,3.008583502522439
2025-01-02 10:13:29,3.5521154805267505
2025-01-02 10:13:30,3.3749982729550916
2025-01-02 10:13:31,3.74031239903252
2025-01-02 10:13:32,3.7999709261318713
2025-01-02 10:13:33,3.5528814988826034
2025-01-02 10:13:34,2.765846051197589
2025-01-02 10:13:35,3.362987663318021
2025-01-02 10:13:36,3.7564208423769045
2025-01-02 10:13:37,2.9363625705966507
2025-01-02 10:13:38,3.318530735631052
2025-01-02 10:13:39,3.1554342347639452
2025-01-02 10:13:40,3.735139603060495
2025-01-02 10:13:41,3.036289655119345
2025-01-02 10:13:42,3.5113893743823152
2025-01-02 10:13:43,
2025-01-02 10:13:44,3.3691014676241404
2025-01-02 10:13:45,3.217049011051977
2025-01-02 10:13:46,3.4639895704286756
2025-01-02 10:13:47,3.415012929378845
2025-01-02 10:13:48,3.2723049737017424
2025-01-02 10:13:49,3.0861603442419963
2025-01-02 10:13:50,3.2677876257157346
2025-01-02 10:13:51,2.5960802691249545
2025-01-02 10:13:52,4.058356790431018
2025-01-02 10:13:53,3.4295436641187917
2025-01-02 10:13:54,3.408613326209052
2025-01-02 10:13:55,3.8252955258631047
2025-01-02 10:13:56,3.6035208933174667
2025-01-02 10:13:57,3.3710858044066487
2025-01-02 10:13:58,3.640302198632331
2025-01-02 10:13:59,3.004244765999458
2025-01-02 10:14:00,3.537511790516252
2025-01-02 10:14:01,3.1324074248800198
2025-01-02 10:14:02,4.066614942138237
2025-01-02 10:14:03,3.761655865999511
2025-01-02 10:14:04,3.6233185137108253
2025-01-02 10:14:05,3.263252115273511
2025-01-02 10:14:06,2.477082184032877
2025-01-02 10:14:07,3.5902147054303164
2025-01-02 10:14:08,3.671142444276652
2025-01-02 10:14:09,3.4769380091278643
2025-01-02 10:14:10,3.3066435221656945
2025-01-02 10:14:11,3.6538355319196456
2025-01-02 10:14:12,3.326454101390456
2025-01-02 10:14:13,3.8824916523996533
2025-01-02 10:14:14,3.741806043062529
2025-01-02 10:14:15,3.119507382175423
2025-01-02 10:14:16,3.7469383587628857
2025-01-02 10:14:17,3.3487530434356527
2025-01-02 10:14:18,3.7618275228738423
2025-01-02 10:14:19,3.389038849693567
2025-01-02 10:14:20,3.166792488930487
2025-01-02 10:14:21,3.4460888004223267
2025-01-02 10:14:22,
2025-01-02 10:14:23,3.9415049816386127
2025-01-02 10:14:24,3.2590738135052146
2025-01-02 10:14:25,3.55111418983062
2025-01-02 10:14:26,2.8948013852527255
2025-01-02 10:14:27,3.4737474324546067
2025-01-02 10:14:28,3.2306752652515907
2025-01-02 10:14:29,3.096521248981785
2025-01-02 10:14:30,3.47372087445061
2025-01-02 10:14:31,3.9321985141187477
2025-01-02 10:14:32,4.1283155231835735
2025-01-02 10:14:33,3.465249014723107
2025-01-02 10:14:34,3.7024621411672998
2025-01-02 10:14:35,3.625214389682348
2025-01-02 10:14:36,4.141202619238298
2025-01-02 10:14:37,3.6526046994521364
2025-01-02 10:14:38,3.4279899023435396
2025-01-02 10:14:39,3.025866503197855
2025-01-02 10:14:40,3.3304301605319093
2025-01-02 10:14:41,3.0589460035456506
2025-01-02 10:14:42,4.05477611631213
2025-01-02 10:14:43,3.4328502105024272
2025-01-02 10:14:44,4.044936808052702
2025-01-02 10:14:45,3.7116694526347604
2025-01-02 10:14:46,3.268260017050218
2025-01-02 10:14:47,4.208412037990259
2025-01-02 10:14:48,3.4085066272948996
2025-01-02 10:14:49,3.682808046759302
2025-01-02 10:14:50,3.425636712993815
2025-01-02 10:14:51,3.5231433467225886
2025-01-02 10:14:52,3.646397448744431
2025-01-02 10:14:53,3.518919485668427
2025-01-02 10:14:54,2.9687420562097135
2025-01-02 10:14:55,3.5455848868885154
2025-01-02 10:14:56,3.773605980482786
2025-01-02 10:14:57,3.6589485099418173
2025-01-02 10:14:58,2.9342988964936096
2025-01-02 10:14:59,3.5729157918418526
2025-01-02 10:15:00,3.8351123040592623
2025-01-02 10:15:01,3.385354156823825
2025-01-02 10:15:02,3.479620052466145
2025-01-02 10:15:03,3.3516212421121425
2025-01-02 10:15:04,2.772303267511713
2025-01-02 10:15:05,3.4594074213883177
2025-01-02 10:15:06,4.002928723984869
2025-01-02 10:15:07,3.3715603565193604
2025-01-02 10:15:08,3.5444054378645786
2025-01-02 10:15:09,3.343180518138104
2025-01-02 10:15:10,3.564909943079495
2025-01-02 10:15:11,3.929837018342672
2025-01-02 10:15:12,3.038894772257857
2025-01-02 10:15:13,3.8273783636702126
2025-01-02 10:15:14,3.640957138368862
2025-01-02 10:15:15,3.7242276020196616
2025-01-02 10:15:16,3.915747347402701
2025-01-02 10:15:17,3.464235565359942
2025-01-02 10:15:18,3.355430506989066
2025-01-02 10:15:19,3.3018479150324205
2025-01-02 10:15:20,3.6840595755632184
2025-01-02 10:15:21,3.480204903745073
2025-01-02 10:15:22,
2025-01-02 10:15:23,2.9227683747129514
2025-01-02 10:15:24,3.1108005483421817
2025-01-02 10:15:25,3.4923817134042885
2025-01-02 10:15:26,3.6707117602299024
2025-01-02 10:15:27,3.747586116922329
2025-01-02 10:15:28,3.5328827696638343
2025-01-02 10:15:29,3.737837389677401
2025-01-02 10:15:30,3.5241565722512496
2025-01-02 10:15:31,3.7377808062166573
2025-01-02 10:15:32,2.8523995051924325
2025-01-02 10:15:33,3.5965787646805834
2025-01-02 10:15:34,
2025-01-02 10:15:35,3.145962984833396
2025-01-02 10:15:36,2.867624810790317
2025-01-02 10:15:37,3.38893091024127
2025-01-02 10:15:38,3.1554006622999453
2025-01-02 10:15:39,3.418512130064177
2025-01-02 10:15:40,3.2123968427684124
2025-01-02 10:15:41,3.7702899189466037
2025-01-02 10:15:42,3.2310117666834475
2025-01-02 10:15:43,3.8209006725749095
2025-01-02 10:15:44,3.7234078818467364
2025-01-02 10:15:45,3.3222035435735364
2025-01-02 10:15:46,3.956397176176884
2025-01-02 10:15:47,3.430841836798681
2025-01-02 10:15:48,3.5710174177888585
2025-01-02 10:15:49,3.382484743205733
2025-01-02 10:15:50,3.4251425233895954
2025-01-02 10:15:51,3.633959014854695
2025-01-02 10:15:52,3.71276315908671
2025-01-02 10:15:53,3.73046165707435
2025-01-02 10:15:54,3.782043852046766
2025-01-02 10:15:55,3.383368199078804
2025-01-02 10:15:56,3.5955575580750225
2025-01-02 10:15:57,3.5431472404919084
2025-01-02 10:15:58,3.2358800620409087
2025-01-02 10:15:59,3.605776007292589
2025-01-02 10:16:00,3.518439116281594
2025-01-02 10:16:01,3.644121236970297
2025-01-02 10:16:02,3.844472960706883
2025-01-02 10:16:03,3.5647556973122687
2025-01-02 10:16:04,3.1318193617364787
2025-01-02 10:16:05,3.7913084758205207
2025-01-02 10:16:06,4.024507847638627
2025-01-02 10:16:07,3.524667145281185
2025-01-02 10:16:08,3.757298133486685
2025-01-02 10:16:09,3.7494923912478213
2025-01-02 10:16:10,3.223244622378023
2025-01-02 10:16:11,3.4086409996904554
2025-01-02 10:16:12,3.2386119485467666
2025-01-02 10:16:13,3.45130254352796
2025-01-02 10:16:14,3.0058736048365065
2025-01-02 10:16:15,2.9679055227298137
2025-01-02 10:16:16,2.910288986023961
2025-01-02 10:16:17,3.1894976166251703
2025-01-02 10:16:18,3.166295157912228
2025-01-02 10:16:19,3.2298026089062395
2025-01-02 10:16:20,3.5881652431637345
2025-01-02 10:16:21,3.4819225591253615
2025-01-02 10:16:22,3.130632466000515
2025-01-02 10:16:23,3.4661744533392476
2025-01-02 10:16:24,3.695043486067914
2025-01-02 10:16:25,3.708449622442802
2025-01-02 10:16:26,3.531483558398667
2025-01-02 10:16:27,3.6772490627072076
2025-01-02 10:16:28,3.507585563341463
2025-01-02 10:16:29,3.5299082387881326
2025-01-02 10:16:30,3.666762421570694
2025-01-02 10:16:31,3.725749525510183
2025-01-02 10:16:32,3.370876726612258
2025-01-02 10:16:33,3.925621271200149
2025-01-02 10:16:34,4.033204781046427
2025-01-02 10:16:35,3.599296803336467
2025-01-02 10:16:36,3.606298520805313
2025-01-02 10:16:37,3.4169174051210747
2025-01-02 10:16:38,3.9935431501182412
2025-01-02 10:16:39,3.4501866870537663
2025-01-02 10:16:40,3.1490773959147043
2025-01-02 10:16:41,4.113675228618404
2025-01-02 10:16:42,3.7029444783916032
2025-01-02 10:16:43,3.6404560359185
2025-01-02 10:16:44,3.437388533417564
2025-01-02 10:16:45,3.341002311536987
2025-01-02 10:16:46,4.0109020622483
2025-01-02 10:16:47,3.853637311745953
2025-01-02 10:16:48,3.1848187322947306
2025-01-02 10:16:49,3.7792468744028027
2025-01-02 10:16:50,3.750820963381419
2025-01-02 10:16:51,4.036098587774555
2025-01-02 10:16:52,3.6442051649678238
2025-01-02 10:16:53,3.285469093464519
2025-01-02 10:16:54,4.042763788815182
2025-01-02 10:16:55,3.326103021574129
2025-01-02 10:16:56,3.0167064610065695
2025-01-02 10:16:57,2.928350263926119
2025-01-02 10:16:58,
2025-01-02 10:16:59,3.43476342888097
2025-01-02 10:17:00,3.83462114120694
2025-01-02 10:17:01,3.7545681037110787
2025-01-02 10:17:02,2.9511038674312204
2025-01-02 10:17:03,3.138669420831679
2025-01-02 10:17:04,3.623288194738373
2025-01-02 10:17:05,3.3581884400823006
2025-01-02 10:17:06,3.7387691892942714
2025-01-02 10:17:07,3.3686026774173463
2025-01-02 10:17:08,3.452866640762409
2025-01-02 10:17:09,3.352328319194058
2025-01-02 10:17:10,3.2512216124909883
2025-01-02 10:17:11,3.3675197413019973
2025-01-02 10:17:12,3.9025193863619503
2025-01-02 10:17:13,3.741997213123915
2025-01-02 10:17:14,3.307790349801585
2025-01-02 10:17:15,3.2336125392304718
2025-01-02 10:17:16,3.701010605197835
2025-01-02 10:17:17,3.2283625780595084
2025-01-02 10:17:18,3.6338110231547325
2025-01-02 10:17:19,
2025-01-02 10:17:20,2.8190376481218653
2025-01-02 10:17:21,3.743426346017681
2025-01-02 10:17:22,3.650206209513285
2025-01-02 10:17:23,3.648126933209946
2025-01-02 10:17:24,3.9580620488989937
2025-01-02 10:17:25,3.5891841499631494
2025-01-02 10:17:26,3.556243601757623
2025-01-02 10:17:27,3.5176573897249366
2025-01-02 10:17:28,4.0953573911366465
2025-01-02 10:17:29,3.1860885996678467
2025-01-02 10:17:30,3.1646435470622647
2025-01-02 10:17:31,3.9851529631751217
2025-01-02 10:17:32,3.695517671803576
2025-01-02 10:17:33,3.68443533789396
2025-01-02 10:17:34,3.7448535588295724
2025-01-02 10:17:35,3.8199413853610986
2025-01-02 10:17:36,3.8755333038789344
2025-01-02 10:17:37,3.646585557040012
2025-01-02 10:17:38,3.302846730247184
2025-01-02 10:17:39,4.109252082100077
2025-01-02 10:17:40,3.3544498190127436
2025-01-02 10:17:41,3.2120916967655835
2025-01-02 10:17:42,
2025-01-02 10:17:43,3.2583910027174605
2025-01-02 10:17:44,3.2428789607929036
2025-01-02 10:17:45,3.2082463590803014
2025-01-02 10:17:46,3.8210365021668125
2025-01-02 10:17:47,3.450571316836087
2025-01-02 10:17:48,4.014189200750733
2025-01-02 10:17:49,3.2917030729059653
2025-01-02 10:17:50,3.601185093555713
2025-01-02 10:17:51,3.251554121370647
2025-01-02 10:17:52,3.308543300224356
2025-01-02 10:17:53,3.9944432357127417
2025-01-02 10:17:54,3.4387018728991254
2025-01-02 10:17:55,3.229734520723746
2025-01-02 10:17:56,4.134426298831889
2025-01-02 10:17:57,3.504854563907075
2025-01-02 10:17:58,3.6964738847370224
2025-01-02 10:17:59,3.1319781785475804
2025-01-02 10:18:00,3.3941070425471644
2025-01-02 10:18:01,3.0494219173854527
2025-01-02 10:18:02,2.9681475851410672
2025-01-02 10:18:03,2.9816929397249567
2025-01-02 10:18:04,2.9181964170345234
2025-01-02 10:18:05,3.523636355123072
2025-01-02 10:18:06,3.2759172984219544
2025-01-02 10:18:07,3.4629819163692144
2025-01-02 10:18:08,3.350982064017697
2025-01-02 10:18:09,3.3127949992532284
2025-01-02 10:18:10,3.325491618634314
2025-01-02 10:18:11,3.531892497032512
2025-01-02 10:18:12,3.235022130646713
2025-01-02 10:18:13,3.5733439464007106
2025-01-02 10:18:14,3.2112825164689927
2025-01-02 10:18:15,3.491793420787354
2025-01-02 10:18:16,4.062707820105165
2025-01-02 10:18:17,3.9280478596540442
2025-01-02 10:18:18,3.6791923080507027
2025-01-02 10:18:19,3.3720795828076353
2025-01-02 10:18:20,3.3108141524390313
2025-01-02 10:18:21,3.9792412675355378
2025-01-02 10:18:22,3.607846026107992
2025-01-02 10:18:23,3.624079181548024
2025-01-02 10:18:24,3.3709940526502935
2025-01-02 10:18:25,3.8374027064781617
2025-01-02 10:18:26,4.194078335654297
2025-01-02 10:18:27,3.0061530298609176
2025-01-02 10:18:28,3.4593844124485065
2025-01-02 10:18:29,3.615618002874826
2025-01-02 10:18:30,3.5386921069440347
2025-01-02 10:18:31,3.686427208805005
2025-01-02 10:18:32,3.378023929234547
2025-01-02 10:18:33,3.2838634364922177
2025-01-02 10:18:34,3.3766272937370374
2025-01-02 10:18:35,3.3459454930406896
2025-01-02 10:18:36,3.5662534309312877
2025-01-02 10:18:37,3.2110450535716044
2025-01-02 10:18:38,3.3179562515951315
2025-01-02 10:18:39,3.9206479086733097
2025-01-02 10:18:40,3.4108671686003844
2025-01-02 10:18:41,3.3329837122257233
2025-01-02 10:18:42,4.09284151517336
2025-01-02 10:18:43,3.230681878947715
2025-01-02 10:18:44,3.810419159207966
2025-01-02 10:18:45,3.6027819212676535
2025-01-02 10:18:46,3.556743996491824
2025-01-02 10:18:47,3.4152594070506295
2025-01-02 10:18:48,3.613132913597112
2025-01-02 10:18:49,3.383863622732032
2025-01-02 10:18:50,3.69722319714728
2025-01-02 10:18:51,3.2021383437716566
2025-01-02 10:18:52,3.841585287492138
2025-01-02 10:18:53,3.779254357204288
2025-01-02 10:18:54,3.924234841613403
2025-01-02 10:18:55,3.3911581065394416
2025-01-02 10:18:56,3.2467827285329305
2025-01-02 10:18:57,3.8105132223988045
2025-01-02 10:18:58,2.635222889503809
2025-01-02 10:18:59,3.315758961246736
2025-01-02 10:19:00,3.294767293707105
2025-01-02 10:19:01,4.00487149041604
2025-01-02 10:19:02,3.379387311138192
2025-01-02 10:19:03,3.552787799873815
2025-01-02 10:19:04,3.620103947790884
2025-01-02 10:19:05,3.36977315668641
2025-01-02 10:19:06,3.540225518156625
2025-01-02 10:19:07,3.898554692584735
2025-01-02 10:19:08,3.090581396807103
2025-01-02 10:19:09,3.5413388963265366
2025-01-02 10:19:10,3.548795272487957
2025-01-02 10:19:11,3.5495107026178854
2025-01-02 10:19:12,3.3222295641527517
2025-01-02 10:19:13,3.651454681767961
2025-01-02 10:19:14,3.9073950879630104
2025-01-02 10:19:15,3.9546932126672134
2025-01-02 10:19:16,3.9074752545357176
2025-01-02 10:19:17,3.5059953534022954
2025-01-02 10:19:18,3.6462119492668568
2025-01-02 10:19:19,3.1063157644250543
2025-01-02 10:19:20,3.685695164430193
2025-01-02 10:19:21,3.41092889319171
2025-01-02 10:19:22,3.9840529074020616
2025-01-02 10:19:23,3.3393833281907495
2025-01-02 10:19:24,3.7492707049678873
2025-01-02 10:19:25,3.4562017794488273
2025-01-02 10:19:26,3.6559035699133102
2025-01-02 10:19:27,3.8999967365185064
2025-01-02 10:19:28,3.5138709222751814
2025-01-02 10:19:29,
2025-01-02 10:19:30,3.6314701097180806
2025-01-02 10:19:31,3.7193223051502553
2025-01-02 10:19:32,3.4188888637160018
2025-01-02 10:19:33,3.135746821850972
2025-01-02 10:19:34,3.1844034537739843
2025-01-02 10:19:35,2.9191818278497497
2025-01-02 10:19:36,3.8754192373623857
2025-01-02 10:19:37,3.164054101228402
2025-01-02 10:19:38,3.718690715344469
2025-01-02 10:19:39,3.6394027454864237
2025-01-02 10:19:40,3.8714509164820092
2025-01-02 10:19:41,3.136751189271362
2025-01-02 10:19:42,3.660023953182174
2025-01-02 10:19:43,3.4343749611401484
2025-01-02 10:19:44,3.6073322417798512
2025-01-02 10:19:45,3.751467571667223
2025-01-02 10:19:46,3.3572438790493986
2025-01-02 10:19:47,3.4086427899693565
2025-01-02 10:19:48,3.60962049783078
2025-01-02 10:19:49,4.088994522609917
2025-01-02 10:19:50,3.8975360932517362
2025-01-02 10:19:51,3.25160501419885
2025-01-02 10:19:52,3.347286517947048
2025-01-02 10:19:53,3.6819424484925523
2025-01-02 10:19:54,3.8853590649486174
2025-01-02 10:19:55,4.136245626548085
2025-01-02 10:19:56,3.380989551517399
2025-01-02 10:19:57,3.7334762256664438
2025-01-02 10:19:58,3.632961069870514
2025-01-02 10:19:59,3.390264717634911
2025-01-02 10:20:00,3.8610400197586383
2025-01-02 10:20:01,3.359563474288133
2025-01-02 10:20:02,3.525945024495608
2025-01-02 10:20:03,3.569856930394838
2025-01-02 10:20:04,
2025-01-02 10:20:05,3.9887666596738134
2025-01-02 10:20:06,3.5348825849705396
2025-01-02 10:20:07,2.8933747838676602
2025-01-02 10:20:08,
2025-01-02 10:20:09,3.0638263370840164
2025-01-02 10:20:10,3.3663677255490767
2025-01-02 10:20:11,3.902720837005972
2025-01-02 10:20:12,3.7136583509863446
2025-01-02 10:20:13,3.706655028888735
2025-01-02 10:20:14,3.518335486290337
2025-01-02 10:20:15,3.41002066578729
2025-01-02 10:20:16,4.317738170807678
2025-01-02 10:20:17,3.806624181277612
2025-01-02 10:20:18,3.6649237183344123
2025-01-02 10:20:19,3.862882892743847
2025-01-02 10:20:20,3.903972646814543
2025-01-02 10:20:21,4.029314321996255
2025-01-02 10:20:22,3.4000445730530586
2025-01-02 10:20:23,3.512647825455451
2025-01-02 10:20:24,3.3679098150869144
2025-01-02 10:20:25,3.560117366118431
2025-01-02 10:20:26,3.7289122917423945
2025-01-02 10:20:27,3.9333766432341384
2025-01-02 10:20:28,3.903303262035224
2025-01-02 10:20:29,3.216367576004154
2025-01-02 10:20:30,
2025-01-02 10:20:31,2.946223360819773
2025-01-02 10:20:32,3.196139298655531
2025-01-02 10:20:33,3.153355171051227
2025-01-02 10:20:34,2.9790753286259113
2025-01-02 10:20:35,3.9501678663149256
2025-01-02 10:20:36,3.7937672175999313
2025-01-02 10:20:37,3.381827985146237
2025-01-02 10:20:38,3.5229777676699747
2025-01-02 10:20:39,3.414891335359066
2025-01-02 10:20:40,4.1321954738794275
2025-01-02 10:20:41,3.7946660226613043
2025-01-02 10:20:42,3.9942821987205024
2025-01-02 10:20:43,2.9809207298409155
2025-01-02 10:20:44,3.2355003930945054
2025-01-02 10:20:45,3.7812745148250366
2025-01-02 10:20:46,3.0612453484634776
2025-01-02 10:20:47,3.2113188095808485
2025-01-02 10:20:48,3.5404308100804345
2025-01-02 10:20:49,3.896278291084011
2025-01-02 10:20:50,4.017770214544527
2025-01-02 10:20:51,3.5161341278234257
2025-01-02 10:20:52,3.739780464128295
2025-01-02 10:20:53,3.0934329777826686
2025-01-02 10:20:54,3.4814736632105867
2025-01-02 10:20:55,3.3229714492009625
2025-01-02 10:20:56,3.8964474846050123
2025-01-02 10:20:57,3.50422671284515
2025-01-02 10:20:58,4.084376919305399
2025-01-02 10:20:59,3.86173338300946
2025-01-02 10:21:00,3.4552504616332524
2025-01-02 10:21:01,3.668109726637929
2025-01-02 10:21:02,3.891601045483653
2025-01-02 10:21:03,3.9995788544885023
2025-01-02 10:21:04,3.739247362331929
2025-01-02 10:21:05,3.829801712772938
2025-01-02 10:21:06,3.3684186498322792
2025-01-02 10:21:07,3.6833402999600673
2025-01-02 10:21:08,2.8222159700907694
2025-01-02 10:21:09,3.2835460319390464
2025-01-02 10:21:10,3.7880176120703615
2025-01-02 10:21:11,3.262921724346922
2025-01-02 10:21:12,3.575252476193683
2025-01-02 10:21:13,
2025-01-02 10:21:14,3.086656212209016
2025-01-02 10:21:15,3.7617310557519783
2025-01-02 10:21:16,3.6694400305734183
2025-01-02 10:21:17,3.9049033158600857
2025-01-02 10:21:18,3.5213322679008225
2025-01-02 10:21:19,3.8968573002393785
2025-01-02 10:21:20,3.3992094550691676
2025-01-02 10:21:21,2.9396286424873574
2025-01-02 10:21:22,3.918365558851421
2025-01-02 10:21:23,3.269915717203589
2025-01-02 10:21:24,3.391844169029387
2025-01-02 10:21:25,3.3798947712076375
2025-01-02 10:21:26,3.3409651166915517
2025-01-02 10:21:27,3.2771518665044614
2025-01-02 10:21:28,4.320255769680319
2025-01-02 10:21:29,3.3250452276388294
2025-01-02 10:21:30,3.757950007639837
2025-01-02 10:21:31,4.00874252912397
2025-01-02 10:21:32,3.741312559183575
2025-01-02 10:21:33,3.4774461252467876
2025-01-02 10:21:34,3.4406732905447024
2025-01-02 10:21:35,3.7098558297373048
2025-01-02 10:21:36,3.3843282987893732
2025-01-02 10:21:37,3.452057588393974
2025-01-02 10:21:38,3.438685701170254
2025-01-02 10:21:39,3.7518371755147517
2025-01-02 10:21:40,3.4511479772989304
2025-01-02 10:21:41,3.331575753041829
2025-01-02 10:21:42,3.5415289469700815
2025-01-02 10:21:43,3.550976410483109
2025-01-02 10:21:44,3.6137256905375783
2025-01-02 10:21:45,3.8058672091762378
2025-01-02 10:21:46,2.926572548891649
2025-01-02 10:21:47,3.182531762460613
2025-01-02 10:21:48,3.6770510946182298
2025-01-02 10:21:49,4.16446433726582
2025-01-02 10:21:50,3.084842578755082
2025-01-02 10:21:51,3.657652339974326
2025-01-02 10:21:52,3.7066373198031197
2025-01-02 10:21:53,3.96651633359259
2025-01-02 10:21:54,3.531677768324984
2025-01-02 10:21:55,3.4751553835175915
2025-01-02 10:21:56,3.4591841014273017
2025-01-02 10:21:57,3.4860962190856246
2025-01-02 10:21:58,3.560820610847878
2025-01-02 10:21:59,3.352094783360562
2025-01-02 10:22:00,3.895675247381713
2025-01-02 10:22:01,3.6182509113502976
2025-01-02 10:22:02,3.6873748104252315
2025-01-02 10:22:03,3.5714330196818866
2025-01-02 10:22:04,3.474017759710814
2025-01-02 10:22:05,3.5757789490621295
2025-01-02 10:22:06,3.1737906830638636
2025-01-02 10:22:07,3.3367749789290455
2025-01-02 10:22:08,3.1383368692561966
2025-01-02 10:22:09,4.019798893124059
2025-01-02 10:22:10,3.240630137972758
2025-01-02 10:22:11,3.401878543780715
2025-01-02 10:22:12,3.959066902293718
2025-01-02 10:22:13,3.529361768009361
2025-01-02 10:22:14,3.7224527577931137
2025-01-02 10:22:15,3.6911533065777062
2025-01-02 10:22:16,3.4721057305201226
2025-01-02 10:22:17,3.46767989629611
2025-01-02 10:22:18,3.761044350944089
2025-01-02 10:22:19,3.783724891678425
2025-01-02 10:22:20,3.568433443156228
2025-01-02 10:22:21,3.249254937317873
2025-01-02 10:22:22,
2025-01-02 10:22:23,3.7616272257277497
2025-01-02 10:22:24,3.698117235567676
2025-01-02 10:22:25,3.2017792013341824
2025-01-02 10:22:26,2.932940533268563
2025-01-02 10:22:27,3.2617971778203168
2025-01-02 10:22:28,3.279441209529412
2025-01-02 10:22:29,4.078292628470198
2025-01-02 10:22:30,3.1707558004572283
2025-01-02 10:22:31,3.1730414913379743
2025-01-02 10:22:32,3.464621448559509
2025-01-02 10:22:33,3.7139761081642217
2025-01-02 10:22:34,3.6864042724771613
2025-01-02 10:22:35,3.5506867427012456
2025-01-02 10:22:36,3.8630771204085077
2025-01-02 10:22:37,3.5439942536260762
2025-01-02 10:22:38,3.499468639508608
2025-01-02 10:22:39,3.798620643588101
2025-01-02 10:22:40,3.4029338204696247
2025-01-02 10:22:41,3.2625726707649667
2025-01-02 10:22:42,3.775825901671075
2025-01-02 10:22:43,3.840522457256641
2025-01-02 10:22:44,3.829773924569719
2025-01-02 10:22:45,3.5240084064122543
2025-01-02 10:22:46,3.1893401285067906
2025-01-02 10:22:47,3.969080347694125
2025-01-02 10:22:48,3.720874883154081
2025-01-02 10:22:49,3.2230745991066745
2025-01-02 10:22:50,3.4317998598181894
2025-01-02 10:22:51,3.3992228711680235
2025-01-02 10:22:52,3.1903138699351885
2025-01-02 10:22:53,3.372565641383386
2025-01-02 10:22:54,3.5106877001102763
2025-01-02 10:22:55,3.822663317813382
2025-01-02 10:22:56,3.7766714612144954
2025-01-02 10:22:57,4.027655745833653
2025-01-02 10:22:58,3.401301842490606
2025-01-02 10:22:59,3.5697150578334456
2025-01-02 10:23:00,3.085666914500124
2025-01-02 10:23:01,3.237492187891971
2025-01-02 10:23:02,3.1340104191357185
2025-01-02 10:23:03,3.583626253372397
2025-01-02 10:23:04,3.5762058897750104
2025-01-02 10:23:05,3.6506033152068302
2025-01-02 10:23:06,
2025-01-02 10:23:07,3.930884006233004
2025-01-02 10:23:08,3.280036017210109
2025-01-02 10:23:09,3.580783654830258
2025-01-02 10:23:10,3.151932700078927
2025-01-02 10:23:11,3.5035625186066475
2025-01-02 10:23:12,3.4838864127703584
2025-01-02 10:23:13,3.209744438067407
2025-01-02 10:23:14,3.982529576353384
2025-01-02 10:23:15,3.8818745384849276
2025-01-02 10:23:16,3.8904019942975614
2025-01-02 10:23:17,3.3499384233744105
2025-01-02 10:23:18,3.4226818013308877
2025-01-02 10:23:19,3.8567721531433863
2025-01-02 10:23:20,3.608548692010555
2025-01-02 10:23:21,3.7608767847694606
2025-01-02 10:23:22,3.5722585565870846
2025-01-02 10:23:23,3.0513270375845067
2025-01-02 10:23:24,3.180769333525436
2025-01-02 10:23:25,3.6630825439036325
2025-01-02 10:23:26,3.8317223397122646
2025-01-02 10:23:27,3.660269351099463
2025-01-02 10:23:28,3.639337581101422
2025-01-02 10:23:29,3.6015789609726423
2025-01-02 10:23:30,3.6772667880348093
2025-01-02 10:23:31,3.380967846965291
2025-01-02 10:23:32,3.8440822829104793
2025-01-02 10:23:33,3.6370102289993764
2025-01-02 10:23:34,3.5031092036572353
2025-01-02 10:23:35,3.378138548602725
2025-01-02 10:23:36,3.7443440332556404
2025-01-02 10:23:37,3.586566864580196
2025-01-02 10:23:38,3.2446553414251995
2025-01-02 10:23:39,3.504667104984054
2025-01-02 10:23:40,4.147512727206301
2025-01-02 10:23:41,3.125920512173624
2025-01-02 10:23:42,3.996661714728247
2025-01-02 10:23:43,4.0503564935514795
2025-01-02 10:23:44,3.461154773056258
2025-01-02 10:23:45,4.13499304725931
2025-01-02 10:23:46,3.518796024642318
2025-01-02 10:23:47,3.98847471247648
2025-01-02 10:23:48,3.963528315541479
2025-01-02 10:23:49,3.6486225178116154
2025-01-02 10:23:50,3.7625290597415835
2025-01-02 10:23:51,3.9918505933857347
2025-01-02 10:23:52,3.5837138987788335
2025-01-02 10:23:53,3.210867597742118
2025-01-02 10:23:54,3.3020080365227313
2025-01-02 10:23:55,3.301610895663189
2025-01-02 10:23:56,3.2832735187992377
2025-01-02 10:23:57,3.817633304138294
2025-01-02 10:23:58,3.917440488004117
2025-01-02 10:23:59,3.4646580264080415
2025-01-02 10:24:00,4.555723333946975
2025-01-02 10:24:01,3.7949053023289396
2025-01-02 10:24:02,3.316140054281896
2025-01-02 10:24:03,3.6609461924621365
2025-01-02 10:24:04,3.795757742602487
2025-01-02 10:24:05,3.840531280865052
2025-01-02 10:24:06,3.780231888927585
2025-01-02 10:24:07,3.0326719622112597
2025-01-02 10:24:08,3.808590759685611
2025-01-02 10:24:09,
2025-01-02 10:24:10,3.5053141604111926
2025-01-02 10:24:11,3.3026289409269127
2025-01-02 10:24:12,3.3755286309382577
2025-01-02 10:24:13,4.192472415879405
2025-01-02 10:24:14,3.24855207171864
2025-01-02 10:24:15,3.4914965110384606
2025-01-02 10:24:16,3.266785300743787
2025-01-02 10:24:17,4.53284935196975
2025-01-02 10:24:18,3.0631257034996944
2025-01-02 10:24:19,4.402300399623107
2025-01-02 10:24:20,3.433746900646343
2025-01-02 10:24:21,3.1315380807706203
2025-01-02 10:24:22,3.2526542174153215
2025-01-02 10:24:23,4.007446134163826
2025-01-02 10:24:24,3.6240643246258166
2025-01-02 10:24:25,3.500188751230683
2025-01-02 10:24:26,3.3522166547883274
2025-01-02 10:24:27,3.657765428087306
2025-01-02 10:24:28,3.171476187343308
2025-01-02 10:24:29,4.432413963643955
2025-01-02 10:24:30,3.2183288495608595
2025-01-02 10:24:31,3.52146938626494
2025-01-02 10:24:32,4.126686063919768
2025-01-02 10:24:33,3.658544833450355
2025-01-02 10:24:34,3.842033898214027
2025-01-02 10:24:35,3.6296715322953075
2025-01-02 10:24:36,3.372799856641128
2025-01-02 10:24:37,3.9380188256559263
2025-01-02 10:24:38,3.275142210297739
2025-01-02 10:24:39,3.5187870117242857
2025-01-02 10:24:40,3.1529478298870033
2025-01-02 10:24:41,3.8587914742920004
2025-01-02 10:24:42,3.088449749478804
2025-01-02 10:24:43,4.156904836127336
2025-01-02 10:24:44,3.5068657847201377
2025-01-02 10:24:45,2.5518945645789657
2025-01-02 10:24:46,3.709689630973991
2025-01-02 10:24:47,3.186557185362545
2025-01-02 10:24:48,3.4774003787777197
2025-01-02 10:24:49,3.68699743059263
2025-01-02 10:24:50,3.5925280932418358
2025-01-02 10:24:51,3.3503263549093294
2025-01-02 10:24:52,3.659561672004114
2025-01-02 10:24:53,4.077352852764232
2025-01-02 10:24:54,3.182510966242802
2025-01-02 10:24:55,3.4309089402015482
2025-01-02 10:24:56,3.4625328600307923
2025-01-02 10:24:57,3.4935873881396042
2025-01-02 10:24:58,3.142181122098994
2025-01-02 10:24:59,3.413300119319818
2025-01-02 10:25:00,3.8067995418041485
2025-01-02 10:25:01,3.5807916776221855
2025-01-02 10:25:02,3.951494883752087
2025-01-02 10:25:03,3.64363092469457
2025-01-02 10:25:04,3.6919810038413323
2025-01-02 10:25:05,4.155457297063668
2025-01-02 10:25:06,3.3204373281478756
2025-01-02 10:25:07,3.8336888333704415
2025-01-02 10:25:08,3.7078132851308356
2025-01-02 10:25:09,3.8603410855535936
2025-01-02 10:25:10,3.8879569466117205
2025-01-02 10:25:11,4.109739013948783
2025-01-02 10:25:12,3.3284554651401748
2025-01-02 10:25:13,3.697750619294615
2025-01-02 10:25:14,3.1991320939233954
2025-01-02 10:25:15,3.632100605447097
2025-01-02 10:25:16,3.730646300858281
2025-01-02 10:25:17,3.854311329511046
2025-01-02 10:25:18,3.1526407852035288
2025-01-02 10:25:19,3.5526472536509983
2025-01-02 10:25:20,4.070026599233252
2025-01-02 10:25:21,3.6256572767746795
2025-01-02 10:25:22,3.480502927303603
2025-01-02 10:25:23,3.1834077110355605
2025-01-02 10:25:24,3.5336681694680485
2025-01-02 10:25:25,4.0298600551725805
2025-01-02 10:25:26,3.3164431938765793
2025-01-02 10:25:27,3.3523078856991115
2025-01-02 10:25:28,3.240763634200664
2025-01-02 10:25:29,3.4604883356259752
2025-01-02 10:25:30,3.538680304154478
2025-01-02 10:25:31,3.9230319421721775
2025-01-02 10:25:32,3.095103933123257
2025-01-02 10:25:33,4.073046063386391
2025-01-02 10:25:34,3.569719304127925
2025-01-02 10:25:35,4.2111791276007775
2025-01-02 10:25:36,3.6000237929247714
2025-01-02 10:25:37,3.3456816879968345
2025-01-02 10:25:38,3.748103382906519
2025-01-02 10:25:39,3.5601570682781984
2025-01-02 10:25:40,3.5290709529996125
2025-01-02 10:25:41,3.4568359442427425
2025-01-02 10:25:42,3.337301602071569
2025-01-02 10:25:43,3.0988691090134233
2025-01-02 10:25:44,3.689130186280361
2025-01-02 10:25:45,3.3139440497153356
2025-01-02 10:25:46,3.871814416012824
2025-01-02 10:25:47,3.078399353904217
2025-01-02 10:25:48,3.793091967076786
2025-01-02 10:25:49,3.5619419365700224
2025-01-02 10:25:50,3.936691032233423
2025-01-02 10:25:51,3.359198216476951
2025-01-02 10:25:52,3.6147072659559862
2025-01-02 10:25:53,4.200899106698927
2025-01-02 10:25:54,4.0589847654144595
2025-01-02 10:25:55,4.025515027978955
2025-01-02 10:25:56,3.6430650091371124
2025-01-02 10:25:57,3.8038464013623035
2025-01-02 10:25:58,3.7800676881669073
2025-01-02 10:25:59,3.980017317423308
2025-01-02 10:26:00,3.641440274053735
2025-01-02 10:26:01,3.6328874720150752
2025-01-02 10:26:02,3.86054029897743
2025-01-02 10:26:03,3.525481807001396
2025-01-02 10:26:04,3.8294653056067873
2025-01-02 10:26:05,3.3421306200160603
2025-01-02 10:26:06,3.7569700751181334
2025-01-02 10:26:07,3.524252505707352
2025-01-02 10:26:08,3.1888893603362645
2025-01-02 10:26:09,3.7692199284519132
2025-01-02 10:26:10,3.841065714763946
2025-01-02 10:26:11,3.5357995310105874
2025-01-02 10:26:12,4.211545888535882
2025-01-02 10:26:13,3.1325976193918343
2025-01-02 10:26:14,3.455746998495115
2025-01-02 10:26:15,3.5302930416515776
2025-01-02 10:26:16,
2025-01-02 10:26:17,3.8631986588587686
2025-01-02 10:26:18,3.158948206773129
2025-01-02 10:26:19,3.3429999583523804
2025-01-02 10:26:20,3.246385717520098
2025-01-02 10:26:21,3.8645402874801116
2025-01-02 10:26:22,4.266687931759165
2025-01-02 10:26:23,3.8941412760767733
2025-01-02 10:26:24,3.566175070117017
2025-01-02 10:26:25,3.814447652919847
2025-01-02 10:26:26,3.166900099338034
2025-01-02 10:26:27,3.890171707467439
2025-01-02 10:26:28,3.6799092823173387
2025-01-02 10:26:29,3.122437847124247
2025-01-02 10:26:30,3.6545828893437067
2025-01-02 10:26:31,3.7560599506820127
2025-01-02 10:26:32,3.429914821362458
2025-01-02 10:26:33,3.814969145342016
2025-01-02 10:26:34,3.9966133654972977
2025-01-02 10:26:35,3.6029243240008846
2025-01-02 10:26:36,3.826929153370429
2025-01-02 10:26:37,3.94387806231517
2025-01-02 10:26:38,3.5968154805013675
2025-01-02 10:26:39,3.201084631201284
2025-01-02 10:26:40,3.8177872904841856
2025-01-02 10:26:41,3.7911543923004682
2025-01-02 10:26:42,3.725098218293054
2025-01-02 10:26:43,3.7867163556590944
2025-01-02 10:26:44,3.9910105809509
2025-01-02 10:26:45,3.558716506192126
2025-01-02 10:26:46,3.54339739971104
2025-01-02 10:26:47,3.8487423984079836
2025-01-02 10:26:48,3.389779082994409
2025-01-02 10:26:49,3.2776044650633698
2025-01-02 10:26:50,3.61644378796544
2025-01-02 10:26:51,3.6316954517118347
2025-01-02 10:26:52,3.207547919640258
2025-01-02 10:26:53,3.126325088844769
2025-01-02 10:26:54,3.82495243959578
2025-01-02 10:26:55,3.6571331514992114
2025-01-02 10:26:56,3.8706915278394214
2025-01-02 10:26:57,4.004111663518608
2025-01-02 10:26:58,3.3618312406203144
2025-01-02 10:26:59,3.8597301428167072
2025-01-02 10:27:00,3.0743389888979085
2025-01-02 10:27:01,3.5080441057348697
2025-01-02 10:27:02,3.4789381713853924
2025-01-02 10:27:03,3.383053190493051
2025-01-02 10:27:04,3.9525277122853812
2025-01-02 10:27:05,3.5671353014820992
2025-01-02 10:27:06,3.6343292754714525
2025-01-02 10:27:07,3.968692455935166
2025-01-02 10:27:08,3.759033377674189
2025-01-02 10:27:09,3.4750195734912954
2025-01-02 10:27:10,3.4577002053245365
2025-01-02 10:27:11,3.7368542983379385
2025-01-02 10:27:12,4.028236821934431
2025-01-02 10:27:13,3.395941033505458
2025-01-02 10:27:14,3.519788649569159
2025-01-02 10:27:15,3.8460575124755803
2025-01-02 10:27:16,3.5037036004339157
2025-01-02 10:27:17,3.865075332288407
2025-01-02 10:27:18,3.5515331234853726
2025-01-02 10:27:19,3.7054127235500984
2025-01-02 10:27:20,3.7389056332274526
2025-01-02 10:27:21,3.812858757581786
2025-01-02 10:27:22,3.4676135852849086
2025-01-02 10:27:23,
2025-01-02 10:27:24,3.463363187437714
2025-01-02 10:27:25,3.731009828294107
2025-01-02 10:27:26,3.5546026851294714
2025-01-02 10:27:27,3.1293711646312623
2025-01-02 10:27:28,3.5030062988443227
2025-01-02 10:27:29,3.389559099675739
2025-01-02 10:27:30,3.932688113491234
2025-01-02 10:27:31,3.5502436113888387
2025-01-02 10:27:32,4.015825915011706
2025-01-02 10:27:33,3.6378614922882297
2025-01-02 10:27:34,3.6373915530564305
2025-01-02 10:27:35,3.3820158616558085
2025-01-02 10:27:36,4.13318152198254
2025-01-02 10:27:37,3.138698462358658
2025-01-02 10:27:38,3.198041567715944
2025-01-02 10:27:39,3.8485604557521267
2025-01-02 10:27:40,3.6110553424443843
2025-01-02 10:27:41,3.2885785115368282
2025-01-02 10:27:42,3.6603440926363215
2025-01-02 10:27:43,3.9792945158601194
2025-01-02 10:27:44,3.543253518048313
2025-01-02 10:27:45,3.246345570470584
2025-01-02 10:27:46,3.8958891680328946
2025-01-02 10:27:47,3.913654532725216
2025-01-02 10:27:48,3.47461505312887
2025-01-02 10:27:49,3.420493040999543
2025-01-02 10:27:50,4.298558632438008
2025-01-02 10:27:51,4.035948440297741
2025-01-02 10:27:52,3.5976018876011193
2025-01-02 10:27:53,3.7855420328301417
2025-01-02 10:27:54,3.7433238919705625
2025-01-02 10:27:55,3.6938547569252544
2025-01-02 10:27:56,3.3128344939255987
2025-01-02 10:27:57,3.891203261574022
2025-01-02 10:27:58,3.673476574358851
2025-01-02 10:27:59,3.7651931073997575
2025-01-02 10:28:00,3.3031938133435013
2025-01-02 10:28:01,3.9698884021999192
2025-01-02 10:28:02,3.6206260206887566
2025-01-02 10:28:03,3.838144260797896
2025-01-02 10:28:04,3.5548011801874937
2025-01-02 10:28:05,4.088610750337248
2025-01-02 10:28:06,4.131155011830733
2025-01-02 10:28:07,3.8237735929137693
2025-01-02 10:28:08,3.355217930536211
2025-01-02 10:28:09,3.8681204452631732
2025-01-02 10:28:10,3.3297475790254794
2025-01-02 10:28:11,3.5542450205044633
2025-01-02 10:28:12,3.4182920029509414
2025-01-02 10:28:13,3.622888360362607
2025-01-02 10:28:14,3.6315865543626042
2025-01-02 10:28:15,3.4692277145759065
2025-01-02 10:28:16,3.7608599841576886
2025-01-02 10:28:17,3.585287663663643
2025-01-02 10:28:18,4.044646206736203
2025-01-02 10:28:19,3.816324909186777
2025-01-02 10:28:20,4.474430899502027
2025-01-02 10:28:21,3.8153829738867073
2025-01-02 10:28:22,3.6553916951819136
2025-01-02 10:28:23,3.726606827700488
2025-01-02 10:28:24,3.2664816257534537
2025-01-02 10:28:25,3.523548230462247
2025-01-02 10:28:26,4.0612346330213
2025-01-02 10:28:27,2.798054048745948
2025-01-02 10:28:28,3.3278436560925866
2025-01-02 10:28:29,3.6515991126800396
2025-01-02 10:28:30,3.05283058522127
2025-01-02 10:28:31,3.9710914852569417
2025-01-02 10:28:32,4.000515983507181
2025-01-02 10:28:33,3.9482900222553914
2025-01-02 10:28:34,3.974906396504043
2025-01-02 10:28:35,3.711356763276347
2025-01-02 10:28:36,3.5689818910418523
2025-01-02 10:28:37,3.5263269498278236
2025-01-02 10:28:38,3.56607694261927
2025-01-02 10:28:39,4.27000065329359
2025-01-02 10:28:40,3.439047446698247
2025-01-02 10:28:41,4.2102100362778545
2025-01-02 10:28:42,3.9723514522956895
2025-01-02 10:28:43,3.8492764127413346
2025-01-02 10:28:44,4.18161146176762
2025-01-02 10:28:45,3.6329435374103323
2025-01-02 10:28:46,3.9120806160832466
2025-01-02 10:28:47,3.821688108804098
2025-01-02 10:28:48,2.9098878132174315
2025-01-02 10:28:49,3.464603103920889
2025-01-02 10:28:50,3.3289130056161795
2025-01-02 10:28:51,
2025-01-02 10:28:52,3.4905470564807324
2025-01-02 10:28:53,3.497636788786821
2025-01-02 10:28:54,3.89923817243225
2025-01-02 10:28:55,3.311073529222892
2025-01-02 10:28:56,3.976076161605932
2025-01-02 10:28:57,2.9480879775337856
2025-01-02 10:28:58,3.6442627232397586
2025-01-02 10:28:59,3.460613345098413
2025-01-02 10:29:00,3.651558003319801
2025-01-02 10:29:01,3.8743394011868397
2025-01-02 10:29:02,3.699657988505824
2025-01-02 10:29:03,3.9228346694167775
2025-01-02 10:29:04,3.8534626098550473
2025-01-02 10:29:05,3.4149665149445734
2025-01-02 10:29:06,3.4412085391707627
2025-01-02 10:29:07,3.413774933056228
2025-01-02 10:29:08,3.455978459023627
2025-01-02 10:29:09,3.6972409572061284
2025-01-02 10:29:10,3.842696333542232
2025-01-02 10:29:11,3.8601181514547456
2025-01-02 10:29:12,3.856391273740954
2025-01-02 10:29:13,3.7345673105398998
2025-01-02 10:29:14,3.367817850506343
2025-01-02 10:29:15,3.6682992408169
2025-01-02 10:29:16,4.094590131431872
2025-01-02 10:29:17,4.189441282388873
2025-01-02 10:29:18,3.6730601414945836
2025-01-02 10:29:19,3.6019674210489376
2025-01-02 10:29:20,3.4343788373046054
2025-01-02 10:29:21,3.7648702502649285
2025-01-02 10:29:22,3.1276529702427
2025-01-02 10:29:23,3.0950857212914586
2025-01-02 10:29:24,3.4083152517953654
2025-01-02 10:29:25,3.2524620661667503
2025-01-02 10:29:26,3.6024310383288896
2025-01-02 10:29:27,4.12402087739841
2025-01-02 10:29:28,3.0435744739452946
2025-01-02 10:29:29,3.465785976642761
2025-01-02 10:29:30,3.5901223939827807
2025-01-02 10:29:31,3.681705078042059
2025-01-02 10:29:32,3.6090470562533605
2025-01-02 10:29:33,3.6231022154604835
2025-01-02 10:29:34,3.8020165478128893
2025-01-02 10:29:35,3.679642053492964
2025-01-02 10:29:36,3.7258978169471852
2025-01-02 10:29:37,3.6898545202349116
2025-01-02 10:29:38,3.5068167203494074
2025-01-02 10:29:39,3.183900033469685
2025-01-02 10:29:40,3.6669617045885405
2025-01-02 10:29:41,4.056245718889883
2025-01-02 10:29:42,3.8690011405753424
2025-01-02 10:29:43,3.7232116360645455
2025-01-02 10:29:44,3.6870224728711034
2025-01-02 10:29:45,3.6381559124643212
2025-01-02 10:29:46,4.125744874137017
2025-01-02 10:29:47,
2025-01-02 10:29:48,3.906710717008464
2025-01-02 10:29:49,3.8417678698559055
2025-01-02 10:29:50,4.28426897679267
2025-01-02 10:29:51,3.5509824003086026
2025-01-02 10:29:52,4.4817400584446485
2025-01-02 10:29:53,3.9484357699467902
2025-01-02 10:29:54,3.763064295335731
2025-01-02 10:29:55,3.1461402003284515
2025-01-02 10:29:56,3.4921830408030545
2025-01-02 10:29:57,3.227385973165038
2025-01-02 10:29:58,4.277804988853068
2025-01-02 10:29:59,4.206447908093009
2025-01-02 10:30:00,3.330836373398131
2025-01-02 10:30:01,3.3699814961878536
2025-01-02 10:30:02,3.7188116223823915
2025-01-02 10:30:03,
2025-01-02 10:30:04,3.90157682516133
2025-01-02 10:30:05,3.1500159378725234
2025-01-02 10:30:06,4.032299556435081
2025-01-02 10:30:07,3.877556184709847
2025-01-02 10:30:08,3.5803729416637076
2025-01-02 10:30:09,3.2964383558082604
2025-01-02 10:30:10,3.258907168888716
2025-01-02 10:30:11,3.4857051856035928
2025-01-02 10:30:12,3.2487014055594727
2025-01-02 10:30:13,3.895865755678529
2025-01-02 10:30:14,3.6242967793456637
2025-01-02 10:30:15,4.209449932215111
2025-01-02 10:30:16,3.638105338120808
2025-01-02 10:30:17,3.628779694148356
2025-01-02 10:30:18,3.505912880961165
2025-01-02 10:30:19,3.8187893285680734
2025-01-02 10:30:20,4.0698691044805475
2025-01-02 10:30:21,3.505759028433469
2025-01-02 10:30:22,2.7755169042473358
2025-01-02 10:30:23,3.2779549656624885
2025-01-02 10:30:24,3.5960957544994776
2025-01-02 10:30:25,4.016057928944778
2025-01-02 10:30:26,3.5517511703572824
2025-01-02 10:30:27,3.791014987375216
2025-01-02 10:30:28,3.7191285620218397
2025-01-02 10:30:29,3.798010729186221
2025-01-02 10:30:30,3.6473758969115293
2025-01-02 10:30:31,3.9348479745229783
2025-01-02 10:30:32,3.2675134194874755
2025-01-02 10:30:33,3.783163058553901
2025-01-02 10:30:34,4.0563618771949965
2025-01-02 10:30:35,4.243906428338521
2025-01-02 10:30:36,3.835743032437884
2025-01-02 10:30:37,3.926228113995252
2025-01-02 10:30:38,3.8904759542209137
2025-01-02 10:30:39,3.3931873565629145
2025-01-02 10:30:40,3.6328943978426285
2025-01-02 10:30:41,4.031515700351712
2025-01-02 10:30:42,4.323584956997191
2025-01-02 10:30:43,3.6182468890665587
2025-01-02 10:30:44,3.689390938671735
2025-01-02 10:30:45,3.6476078104959715
2025-01-02 10:30:46,3.28599528172854
2025-01-02 10:30:47,3.201992613078428
2025-01-02 10:30:48,3.1579574474150958
2025-01-02 10:30:49,3.304157053574794
2025-01-02 10:30:50,3.7776194279090705
2025-01-02 10:30:51,3.390828025376869
2025-01-02 10:30:52,
2025-01-02 10:30:53,3.942860552290034
2025-01-02 10:30:54,3.57851499212118
2025-01-02 10:30:55,4.127792497721374
2025-01-02 10:30:56,3.8834452950284932
2025-01-02 10:30:57,3.823569261464905
2025-01-02 10:30:58,3.2640945491630076
2025-01-02 10:30:59,4.234630745285938
2025-01-02 10:31:00,4.0546011636774955
2025-01-02 10:31:01,4.063386537028594
2025-01-02 10:31:02,4.065020313431466
2025-01-02 10:31:03,4.002459426497366
2025-01-02 10:31:04,4.013571493781886
2025-01-02 10:31:05,3.5316846105820514
2025-01-02 10:31:06,3.8279565830521154
2025-01-02 10:31:07,3.1342160713442864
2025-01-02 10:31:08,3.6253025017936933
2025-01-02 10:31:09,3.2123872359484116
2025-01-02 10:31:10,3.0988339564639165
2025-01-02 10:31:11,3.750561554929781
2025-01-02 10:31:12,4.113690434175093
2025-01-02 10:31:13,3.892935688368398
2025-01-02 10:31:14,3.867024233804635
2025-01-02 10:31:15,4.0453381560672845
2025-01-02 10:31:16,3.8003774605971947
2025-01-02 10:31:17,3.3120404798548164
2025-01-02 10:31:18,4.018903760284431
2025-01-02 10:31:19,3.6900835780385726
2025-01-02 10:31:20,3.900414985992069
2025-01-02 10:31:21,3.9087127528537553
2025-01-02 10:31:22,3.963924923780833
2025-01-02 10:31:23,4.073752539245363
2025-01-02 10:31:24,3.9931179500917944
2025-01-02 10:31:25,3.3569837802651743
2025-01-02 10:31:26,3.057956653070276
2025-01-02 10:31:27,3.273270650664461
2025-01-02 10:31:28,3.5831265668363113
2025-01-02 10:31:29,3.6021214047815744
2025-01-02 10:31:30,3.1406580551414423
2025-01-02 10:31:31,3.537470782769343
2025-01-02 10:31:32,3.462819516954976
2025-01-02 10:31:33,3.7658123472780574
2025-01-02 10:31:34,3.8376873698537453
2025-01-02 10:31:35,3.381019069980576
2025-01-02 10:31:36,3.9760956532498803
2025-01-02 10:31:37,3.9421449067787355
2025-01-02 10:31:38,3.396484994511041
2025-01-02 10:31:39,3.6073342784480147
2025-01-02 10:31:40,3.8472040243796135
2025-01-02 10:31:41,3.8627968514542026
2025-01-02 10:31:42,3.763415652467732
2025-01-02 10:31:43,3.752068119426037
2025-01-02 10:31:44,3.856577884201985
2025-01-02 10:31:45,3.422661470550453
2025-01-02 10:31:46,3.504345471241759
2025-01-02 10:31:47,3.938927985583481
2025-01-02 10:31:48,3.8830232375030302
2025-01-02 10:31:49,3.969668300376256
2025-01-02 10:31:50,4.005008547759523
2025-01-02 10:31:51,3.331575076384584
2025-01-02 10:31:52,4.125387625754261
2025-01-02 10:31:53,3.476776077854399
2025-01-02 10:31:54,3.698978762333075
2025-01-02 10:31:55,3.7078890157432007
2025-01-02 10:31:56,4.082742143455199
2025-01-02 10:31:57,3.3432487294119984
2025-01-02 10:31:58,3.3816588504806506
2025-01-02 10:31:59,4.065980158247062
2025-01-02 10:32:00,3.842094925867162
2025-01-02 10:32:01,4.071571153211319
2025-01-02 10:32:02,4.263638476541471
2025-01-02 10:32:03,3.679066551607553
2025-01-02 10:32:04,4.06588761332382
2025-01-02 10:32:05,3.8190745347260644
2025-01-02 10:32:06,4.654468130745471
2025-01-02 10:32:07,3.676462168505531
2025-01-02 10:32:08,3.2454988981908697
2025-01-02 10:32:09,3.9300398044061624
2025-01-02 10:32:10,3.9171956519100366
2025-01-02 10:32:11,3.714814334247085
2025-01-02 10:32:12,3.602483877508272
2025-01-02 10:32:13,3.5820340085768874
2025-01-02 10:32:14,3.6810268158112107
2025-01-02 10:32:15,4.145573676440388
2025-01-02 10:32:16,
2025-01-02 10:32:17,3.3420284844291013
2025-01-02 10:32:18,4.097029634863382
2025-01-02 10:32:19,3.980859636580502
2025-01-02 10:32:20,3.491145796701224
2025-01-02 10:32:21,3.7997408871606098
2025-01-02 10:32:22,3.158950600723119
2025-01-02 10:32:23,3.8949037982023693
2025-01-02 10:32:24,3.890079908779767
2025-01-02 10:32:25,4.057819984293623
2025-01-02 10:32:26,4.0943509333475525
2025-01-02 10:32:27,3.5075487729701975
2025-01-02 10:32:28,3.293473314126468
2025-01-02 10:32:29,3.464250316455654
2025-01-02 10:32:30,4.033328953060359
2025-01-02 10:32:31,3.3907650471432658
2025-01-02 10:32:32,3.6544410441459187
2025-01-02 10:32:33,3.6563889150759468
2025-01-02 10:32:34,3.3355286746929576
2025-01-02 10:32:35,3.7053250618116
2025-01-02 10:32:36,
2025-01-02 10:32:37,4.342461996292985
2025-01-02 10:32:38,3.933228156183753
2025-01-02 10:32:39,3.4709534775768165
2025-01-02 10:32:40,3.5102438778059413
2025-01-02 10:32:41,2.877169893125859
2025-01-02 10:32:42,3.4303408650629743
2025-01-02 10:32:43,3.7799059377407302
2025-01-02 10:32:44,3.9683313458994673
2025-01-02 10:32:45,3.2134969735865218
2025-01-02 10:32:46,3.8196362497978837
2025-01-02 10:32:47,4.058169417717382
2025-01-02 10:32:48,3.719586473916351
2025-01-02 10:32:49,3.4891383801087845
2025-01-02 10:32:50,3.7298984168684983
2025-01-02 10:32:51,4.194291809406257
2025-01-02 10:32:52,3.244978880837971
2025-01-02 10:32:53,3.4959469657426325
2025-01-02 10:32:54,3.725043878803227
2025-01-02 10:32:55,3.3992488692807474
2025-01-02 10:32:56,3.079975656873003
2025-01-02 10:32:57,3.7969134262840813
2025-01-02 10:32:58,3.6719330496691787
2025-01-02 10:32:59,3.7969000028323245
2025-01-02 10:33:00,3.6413273157171457
2025-01-02 10:33:01,4.194926745514771
2025-01-02 10:33:02,4.184203238202238
2025-01-02 10:33:03,3.82810233019972
2025-01-02 10:33:04,3.4792569470719146
2025-01-02 10:33:05,3.889083883883567
2025-01-02 10:33:06,
2025-01-02 10:33:07,3.865414114592392
2025-01-02 10:33:08,3.5477879717765446
2025-01-02 10:33:09,3.41424731810404
2025-01-02 10:33:10,4.079529321737857
2025-01-02 10:33:11,4.078699232433175
2025-01-02 10:33:12,4.454197338123112
2025-01-02 10:33:13,3.53699965904176
2025-01-02 10:33:14,3.588090398000689
2025-01-02 10:33:15,3.6843140517928896
2025-01-02 10:33:16,3.4867334847914906
2025-01-02 10:33:17,3.717845069131298
2025-01-02 10:33:18,3.4244880771677666
2025-01-02 10:33:19,3.705126955989338
2025-01-02 10:33:20,3.8294332822573676
2025-01-02 10:33:21,3.1179403472688465
2025-01-02 10:33:22,3.544415569590189
2025-01-02 10:33:23,3.46903538686995
2025-01-02 10:33:24,3.710541069070501
2025-01-02 10:33:25,3.644016336325922
2025-01-02 10:33:26,4.055655035320174
2025-01-02 10:33:27,3.464430953926449
2025-01-02 10:33:28,3.8756079898652827
2025-01-02 10:33:29,4.02754433622059
2025-01-02 10:33:30,3.761822912132231
2025-01-02 10:33:31,3.8011366838378278
2025-01-02 10:33:32,3.4151920130813775
2025-01-02 10:33:33,3.8053296736457267
2025-01-02 10:33:34,3.308575400578123
2025-01-02 10:33:35,3.743640340393701
2025-01-02 10:33:36,3.9784567997145506
2025-01-02 10:33:37,3.416214310672656
2025-01-02 10:33:38,3.7169434988509362
2025-01-02 10:33:39,3.3634789965482357
2025-01-02 10:33:40,3.3786153653416027
2025-01-02 10:33:41,3.6112517869896283
2025-01-02 10:33:42,3.7890690255935393
2025-01-02 10:33:43,4.0004776237659945
2025-01-02 10:33:44,3.835270548780573
2025-01-02 10:33:45,3.9170994165710873
2025-01-02 10:33:46,3.403456834419323
2025-01-02 10:33:47,4.205170322461734
2025-01-02 10:33:48,3.5381406565937947
2025-01-02 10:33:49,3.668137840625478
2025-01-02 10:33:50,3.9054921834946614
2025-01-02 10:33:51,3.762686585168774
2025-01-02 10:33:52,4.061373985908429
2025-01-02 10:33:53,3.577540029968356
2025-01-02 10:33:54,3.858063902110095
2025-01-02 10:33:55,3.3419969127906226
2025-01-02 10:33:56,3.9446748463248693
2025-01-02 10:33:57,4.228814800762396
2025-01-02 10:33:58,3.508801348680719
2025-01-02 10:33:59,3.581664857517641
2025-01-02 10:34:00,3.9215165028472794
2025-01-02 10:34:01,3.476839500645421
2025-01-02 10:34:02,3.631672253330277
2025-01-02 10:34:03,3.726858867169176
2025-01-02 10:34:04,4.123783523376907
2025-01-02 10:34:05,3.511356118913582
2025-01-02 10:34:06,3.5514503172699268
2025-01-02 10:34:07,3.5975818247001197
2025-01-02 10:34:08,4.151813188026912
2025-01-02 10:34:09,3.4203104364778474
2025-01-02 10:34:10,3.390001097148376
2025-01-02 10:34:11,3.7230151738079926
2025-01-02 10:34:12,4.103367036931918
2025-01-02 10:34:13,3.7723995900315277
2025-01-02 10:34:14,3.9092269051032624
2025-01-02 10:34:15,3.3279882114539805
2025-01-02 10:34:16,4.237057818740178
2025-01-02 10:34:17,
2025-01-02 10:34:18,
2025-01-02 10:34:19,3.739759575452012
2025-01-02 10:34:20,4.054470538012124
2025-01-02 10:34:21,3.923268530616568
2025-01-02 10:34:22,4.150901481793268
2025-01-02 10:34:23,3.934607059860349
2025-01-02 10:34:24,3.6185033760910166
2025-01-02 10:34:25,4.188228852851042
2025-01-02 10:34:26,3.2218500466259177
2025-01-02 10:34:27,3.077178663356187
2025-01-02 10:34:28,4.263219467538249
2025-01-02 10:34:29,4.237354119783636
2025-01-02 10:34:30,3.760385397402483
2025-01-02 10:34:31,3.313373220397818
2025-01-02 10:34:32,3.960858643559063
2025-01-02 10:34:33,4.441806192119318
2025-01-02 10:34:34,3.7024978126132195
2025-01-02 10:34:35,3.7254264958085526
2025-01-02 10:34:36,3.5615803057703315
2025-01-02 10:34:37,4.011315899317181
2025-01-02 10:34:38,3.7073461168803923
2025-01-02 10:34:39,3.3704498838434804
2025-01-02 10:34:40,3.184635322299642
2025-01-02 10:34:41,3.47908143975857
2025-01-02 10:34:42,3.7839737613096767
2025-01-02 10:34:43,3.973092834423568
2025-01-02 10:34:44,3.7506873517826165
2025-01-02 10:34:45,3.48386646028237
2025-01-02 10:34:46,3.7325853015229513
2025-01-02 10:34:47,3.1409376427940536
2025-01-02 10:34:48,2.9369876061880644
2025-01-02 10:34:49,3.9206186750594636
2025-01-02 10:34:50,3.89959872237262
2025-01-02 10:34:51,4.120718662997507
2025-01-02 10:34:52,3.776907693251787
2025-01-02 10:34:53,3.7897355450964856
2025-01-02 10:34:54,3.5977067570439827
2025-01-02 10:34:55,3.5468917244560285
2025-01-02 10:34:56,3.8819926576071304
2025-01-02 10:34:57,4.0159697173583515
2025-01-02 10:34:58,3.807976602147134
2025-01-02 10:34:59,3.3726341021739485
2025-01-02 10:35:00,
2025-01-02 10:35:01,
2025-01-02 10:35:02,4.236573695792392
2025-01-02 10:35:03,3.811672625576053
2025-01-02 10:35:04,3.8362381234959617
2025-01-02 10:35:05,3.4415283660638494
2025-01-02 10:35:06,4.272259856605322
2025-01-02 10:35:07,4.019604640438956
2025-01-02 10:35:08,3.7093815587765584
2025-01-02 10:35:09,4.0107632399391475
2025-01-02 10:35:10,3.524333419261166
2025-01-02 10:35:11,3.9519292891770923
2025-01-02 10:35:12,4.134885766377248
2025-01-02 10:35:13,3.6285704093564526
2025-01-02 10:35:14,3.6731098015476142
2025-01-02 10:35:15,3.8242798620307217
2025-01-02 10:35:16,3.656744827561954
2025-01-02 10:35:17,3.6985215725584633
2025-01-02 10:35:18,4.051424942015246
2025-01-02 10:35:19,3.4719175558469044
2025-01-02 10:35:20,3.2384976344417558
2025-01-02 10:35:21,3.81345424083265
2025-01-02 10:35:22,4.106054654513846
2025-01-02 10:35:23,3.890866410063125
2025-01-02 10:35:24,4.980730911606773
2025-01-02 10:35:25,3.566177097073026
2025-01-02 10:35:26,3.549470611086971
2025-01-02 10:35:27,4.1460421300714
2025-01-02 10:35:28,3.8968397602772136
2025-01-02 10:35:29,3.78461479302642
2025-01-02 10:35:30,3.3189190025583626
2025-01-02 10:35:31,3.856967206811643
2025-01-02 10:35:32,3.6501876609017283
2025-01-02 10:35:33,3.9718039850985654
2025-01-02 10:35:34,4.4706064463561
2025-01-02 10:35:35,3.5998756436610213
2025-01-02 10:35:36,3.763389318225924
2025-01-02 10:35:37,3.891686990544915
2025-01-02 10:35:38,3.8908266155988027
2025-01-02 10:35:39,3.3652818097475135
2025-01-02 10:35:40,3.7740945599964606
2025-01-02 10:35:41,3.788541782614376
2025-01-02 10:35:42,4.404188055160712
2025-01-02 10:35:43,4.0032021049395885
2025-01-02 10:35:44,3.9285870638276985
2025-01-02 10:35:45,4.306979561466476
2025-01-02 10:35:46,3.3629614663271643
2025-01-02 10:35:47,4.155891550091273
2025-01-02 10:35:48,3.8652224564185813
2025-01-02 10:35:49,4.113205842160582
2025-01-02 10:35:50,3.5742594626158617
2025-01-02 10:35:51,3.868890815731857
2025-01-02 10:35:52,4.099538857955933
2025-01-02 10:35:53,4.197132004407221
2025-01-02 10:35:54,3.652745128820076
2025-01-02 10:35:55,3.232564506214157
2025-01-02 10:35:56,3.427361524091246
2025-01-02 10:35:57,3.749176669312525
2025-01-02 10:35:58,3.90175069856396
2025-01-02 10:35:59,3.4225781875111867
2025-01-02 10:36:00,3.721477476595141
2025-01-02 10:36:01,3.5775386226548327
2025-01-02 10:36:02,4.10344081817321
2025-01-02 10:36:03,4.038814799808688
2025-01-02 10:36:04,4.160343469687368
2025-01-02 10:36:05,3.6569558711162276
2025-01-02 10:36:06,4.042118917171163
2025-01-02 10:36:07,3.780251603118396
2025-01-02 10:36:08,3.8231515261181204
2025-01-02 10:36:09,3.8073820720059226
2025-01-02 10:36:10,4.068599036434444
2025-01-02 10:36:11,4.193537093805943
2025-01-02 10:36:12,4.146103699855362
2025-01-02 10:36:13,3.683404032383711
2025-01-02 10:36:14,3.950836624187758
2025-01-02 10:36:15,4.050609010403306
2025-01-02 10:36:16,4.280714388616313
2025-01-02 10:36:17,3.9979106416940366
2025-01-02 10:36:18,4.256625373579989
2025-01-02 10:36:19,3.7172731542484483
2025-01-02 10:36:20,3.7138604061127314
2025-01-02 10:36:21,3.647103950973583
2025-01-02 10:36:22,3.900704156554091
2025-01-02 10:36:23,4.176040270954672
2025-01-02 10:36:24,3.9730095603455644
2025-01-02 10:36:25,3.8640160003785775
2025-01-02 10:36:26,4.043953834777198
2025-01-02 10:36:27,3.730254998252198
2025-01-02 10:36:28,2.9821708335976895
2025-01-02 10:36:29,3.1725112331994816
2025-01-02 10:36:30,3.843250375066855
2025-01-02 10:36:31,3.6766105619620437
2025-01-02 10:36:32,4.0285739325647265
2025-01-02 10:36:33,3.5681276747959925
2025-01-02 10:36:34,3.9240262307681535
2025-01-02 10:36:35,3.6025501613420228
2025-01-02 10:36:36,4.173821642292158
2025-01-02 10:36:37,4.100407569213566
2025-01-02 10:36:38,3.3658257040691377
2025-01-02 10:36:39,3.8478663575524763
2025-01-02 10:36:40,3.4745001728899405
2025-01-02 10:36:41,4.136205463387983
2025-01-02 10:36:42,4.3404524459148055
2025-01-02 10:36:43,3.932409449933946
2025-01-02 10:36:44,3.8461839425051445
2025-01-02 10:36:45,3.991446169430702
2025-01-02 10:36:46,3.7950928460730022
2025-01-02 10:36:47,3.9216147129069383
2025-01-02 10:36:48,3.658500774027753
2025-01-02 10:36:49,4.142924887050558
2025-01-02 10:36:50,3.9823931706874105
2025-01-02 10:36:51,3.731413372757646
2025-01-02 10:36:52,4.459584938397317
2025-01-02 10:36:53,3.951533261002631
2025-01-02 10:36:54,3.8222552797018197
2025-01-02 10:36:55,3.7240044986141063
2025-01-02 10:36:56,4.267987614421948
2025-01-02 10:36:57,3.6458227685083857
2025-01-02 10:36:58,4.312214696895097
2025-01-02 10:36:59,3.592350293070032
2025-01-02 10:37:00,3.9200412668481093
2025-01-02 10:37:01,3.8399234529194115
2025-01-02 10:37:02,3.778770278005933
2025-01-02 10:37:03,4.07415656467706
2025-01-02 10:37:04,3.6570729057535756
2025-01-02 10:37:05,3.584717705231241
2025-01-02 10:37:06,3.8850422313504924
2025-01-02 10:37:07,4.3277589594401435
2025-01-02 10:37:08,4.00868726441046
2025-01-02 10:37:09,4.100001916498211
2025-01-02 10:37:10,3.40257471499807
2025-01-02 10:37:11,3.7579756722329134
2025-01-02 10:37:12,3.5390702961883718
2025-01-02 10:37:13,
2025-01-02 10:37:14,4.231321696546727
2025-01-02 10:37:15,3.561671850828424
2025-01-02 10:37:16,4.378923260838401
2025-01-02 10:37:17,4.287834583398262
2025-01-02 10:37:18,3.6119537567929223
2025-01-02 10:37:19,3.539756978918559
2025-01-02 10:37:20,4.204288057733441
2025-01-02 10:37:21,3.532231391738127
2025-01-02 10:37:22,3.1846734624957174
2025-01-02 10:37:23,3.6690415071575715
2025-01-02 10:37:24,3.708074044606345
2025-01-02 10:37:25,3.706149140514659
2025-01-02 10:37:26,3.9443790473098357
2025-01-02 10:37:27,3.4956463715949373
2025-01-02 10:37:28,4.131900285380423
2025-01-02 10:37:29,3.66067541635895
2025-01-02 10:37:30,4.3793404578424955
2025-01-02 10:37:31,3.749688592612479
2025-01-02 10:37:32,4.1128509507522555
2025-01-02 10:37:33,3.794935086484272
2025-01-02 10:37:34,3.3447587759402215
2025-01-02 10:37:35,3.9237483548748595
2025-01-02 10:37:36,4.265995592664743
2025-01-02 10:37:37,4.730745939834408
2025-01-02 10:37:38,3.8411388164657656
2025-01-02 10:37:39,3.44782320608188
2025-01-02 10:37:40,3.776151432707796
2025-01-02 10:37:41,3.809532267146786
2025-01-02 10:37:42,3.460228742919957
2025-01-02 10:37:43,3.67577904090381
2025-01-02 10:37:44,3.8702331405975023
2025-01-02 10:37:45,3.7837254829239653
2025-01-02 10:37:46,3.8700777103141735
2025-01-02 10:37:47,4.181675777788713
2025-01-02 10:37:48,3.54653165465708
2025-01-02 10:37:49,3.531570319849833
2025-01-02 10:37:50,4.369252951100596
2025-01-02 10:37:51,3.8047277047655554
2025-01-02 10:37:52,3.753263262894334
2025-01-02 10:37:53,4.063695837711643
2025-01-02 10:37:54,3.4504590254732204
2025-01-02 10:37:55,3.9768631187731054
2025-01-02 10:37:56,3.79625284516644
2025-01-02 10:37:57,4.005213593909026
2025-01-02 10:37:58,4.153328600181185
2025-01-02 10:37:59,3.9872860749019954
2025-01-02 10:38:00,3.800678399145776
2025-01-02 10:38:01,3.4354567269078555
2025-01-02 10:38:02,3.5705805280302574
2025-01-02 10:38:03,3.4662524832150376
2025-01-02 10:38:04,3.7206909102359793
2025-01-02 10:38:05,4.224605279809725
2025-01-02 10:38:06,3.5663422225205745
2025-01-02 10:38:07,3.9369832514150374
2025-01-02 10:38:08,4.020855140147015
2025-01-02 10:38:09,3.9464615078031766
2025-01-02 10:38:10,3.655440486371856
2025-01-02 10:38:11,3.5892757381274207
2025-01-02 10:38:12,3.8199526824123007
2025-01-02 10:38:13,3.754183697854988
2025-01-02 10:38:14,3.610951286077531
2025-01-02 10:38:15,3.6904221875743053
2025-01-02 10:38:16,3.313898001724329
2025-01-02 10:38:17,3.4954038085246384
2025-01-02 10:38:18,3.985187306548773
2025-01-02 10:38:19,3.889789732800161
2025-01-02 10:38:20,4.204230854401284
2025-01-02 10:38:21,4.306266307976061
2025-01-02 10:38:22,3.7269455048519533
2025-01-02 10:38:23,4.135268956955608
2025-01-02 10:38:24,3.9534029601102403
2025-01-02 10:38:25,3.6688568922792957
2025-01-02 10:38:26,3.740503025872406
2025-01-02 10:38:27,3.6430145226672255
2025-01-02 10:38:28,3.297044179975394
2025-01-02 10:38:29,4.138097336444869
2025-01-02 10:38:30,4.047212645018846
2025-01-02 10:38:31,4.110272982662983
2025-01-02 10:38:32,3.8946404656581723
2025-01-02 10:38:33,3.843648072104012
2025-01-02 10:38:34,3.3762660109437324
2025-01-02 10:38:35,4.062735748791061
2025-01-02 10:38:36,3.3133971924650605
2025-01-02 10:38:37,4.209179721965698
2025-01-02 10:38:38,3.649019898663869
2025-01-02 10:38:39,3.858280913541296
2025-01-02 10:38:40,4.144547599944435
2025-01-02 10:38:41,3.906923314480883
2025-01-02 10:38:42,3.7022784207014383
2025-01-02 10:38:43,3.4866495743063846
2025-01-02 10:38:44,3.758545130050286
2025-01-02 10:38:45,4.314892388934692
2025-01-02 10:38:46,3.5896692611405028
2025-01-02 10:38:47,4.08549962850654
2025-01-02 10:38:48,3.6588826634809277
2025-01-02 10:38:49,4.278897149248858
2025-01-02 10:38:50,3.760238461902999
2025-01-02 10:38:51,3.8281840485905576
2025-01-02 10:38:52,3.6553527882998997
2025-01-02 10:38:53,3.0915026626157966
2025-01-02 10:38:54,3.777308240236073
2025-01-02 10:38:55,4.064358842383629
2025-01-02 10:38:56,3.598499138645465
2025-01-02 10:38:57,4.111185247950886
2025-01-02 10:38:58,3.717622673382075
2025-01-02 10:38:59,3.7304830506283158
2025-01-02 10:39:00,3.5410710491743425
2025-01-02 10:39:01,3.5073610982982286
2025-01-02 10:39:02,3.690705269663714
2025-01-02 10:39:03,4.377792791003772
2025-01-02 10:39:04,4.249653832109457
2025-01-02 10:39:05,3.533387750325276
2025-01-02 10:39:06,3.6216911461676418
2025-01-02 10:39:07,3.629834102630878
2025-01-02 10:39:08,3.742220472123212
2025-01-02 10:39:09,4.073979120010227
2025-01-02 10:39:10,3.7624860045299964
2025-01-02 10:39:11,3.747844011437566
2025-01-02 10:39:12,3.7650088843830956
2025-01-02 10:39:13,4.193103977309092
2025-01-02 10:39:14,3.514330912042182
2025-01-02 10:39:15,4.1249538192042845
2025-01-02 10:39:16,3.8128036089631485
2025-01-02 10:39:17,3.707202229643659
2025-01-02 10:39:18,3.8360121319028937
2025-01-02 10:39:19,3.5282181908727206
2025-01-02 10:39:20,3.5452456903229126
2025-01-02 10:39:21,4.402110251742986
2025-01-02 10:39:22,4.165661867651352
2025-01-02 10:39:23,3.4663168145162637
2025-01-02 10:39:24,3.710580633585417
2025-01-02 10:39:25,4.12598108443546
2025-01-02 10:39:26,3.831916450737073
2025-01-02 10:39:27,3.362326158256239
2025-01-02 10:39:28,3.8327044508943016
2025-01-02 10:39:29,4.157147548577597
2025-01-02 10:39:30,3.3995977993159507
2025-01-02 10:39:31,3.938181434953067
2025-01-02 10:39:32,3.9641415060350274
2025-01-02 10:39:33,3.1933134455861705
2025-01-02 10:39:34,3.3450541731542094
2025-01-02 10:39:35,3.514516168238478
2025-01-02 10:39:36,4.572887210029764
2025-01-02 10:39:37,3.6622476022187986
2025-01-02 10:39:38,4.075076422220025
2025-01-02 10:39:39,3.7434505264178095
2025-01-02 10:39:40,4.188289733503307
2025-01-02 10:39:41,4.073338746250491
2025-01-02 10:39:42,3.1030572919041512
2025-01-02 10:39:43,3.316810827615142
2025-01-02 10:39:44,3.5687910625272306
2025-01-02 10:39:45,3.910793589253657
2025-01-02 10:39:46,4.407704030721305
2025-01-02 10:39:47,3.302949791084985
2025-01-02 10:39:48,3.339303403493259
2025-01-02 10:39:49,4.288864981913495
2025-01-02 10:39:50,3.8274084915935456
2025-01-02 10:39:51,3.983680270840293
2025-01-02 10:39:52,3.523487475782351
2025-01-02 10:39:53,4.15447884441617
2025-01-02 10:39:54,4.051906818693446
2025-01-02 10:39:55,4.4143593423785354
2025-01-02 10:39:56,4.259261616909032
2025-01-02 10:39:57,3.305882853188774
2025-01-02 10:39:58,3.8472513342108754
2025-01-02 10:39:59,3.8488086267233026
2025-01-02 10:40:00,3.6613603376403017
2025-01-02 10:40:01,4.046625959777492
2025-01-02 10:40:02,4.002781964890102
2025-01-02 10:40:03,4.4244340885982405
2025-01-02 10:40:04,4.517101327007083
2025-01-02 10:40:05,3.0537453913828894
2025-01-02 10:40:06,4.165075699714604
2025-01-02 10:40:07,3.6430324668231124
2025-01-02 10:40:08,3.6458644466249264
2025-01-02 10:40:09,4.288040269816178
2025-01-02 10:40:10,3.9056711242434154
2025-01-02 10:40:11,3.7809054280038974
2025-01-02 10:40:12,3.6621291732131223
2025-01-02 10:40:13,3.7698513499507387
2025-01-02 10:40:14,4.072318777675588
2025-01-02 10:40:15,3.949304253480656
2025-01-02 10:40:16,3.337385933271489
2025-01-02 10:40:17,3.8098947023625453
2025-01-02 10:40:18,4.232270760609785
2025-01-02 10:40:19,4.261608863810675
2025-01-02 10:40:20,4.417645854026997
2025-01-02 10:40:21,4.168654658083452
2025-01-02 10:40:22,3.7397833393311544
2025-01-02 10:40:23,3.689901527714712
2025-01-02 10:40:24,3.6828251571678816
2025-01-02 10:40:25,3.984050034349066
2025-01-02 10:40:26,3.709606155449398
2025-01-02 10:40:27,3.464373686840993
2025-01-02 10:40:28,3.863391011182025
2025-01-02 10:40:29,3.8640443138506897
2025-01-02 10:40:30,3.5126153507972395
2025-01-02 10:40:31,3.9410183394944696
2025-01-02 10:40:32,3.340777024182596
2025-01-02 10:40:33,3.7245342291178156
2025-01-02 10:40:34,4.362616387895823
2025-01-02 10:40:35,3.864266714183634
2025-01-02 10:40:36,3.555567804743545
2025-01-02 10:40:37,4.084622042400996
2025-01-02 10:40:38,4.187505229326861
2025-01-02 10:40:39,3.756625918701208
2025-01-02 10:40:40,3.747101249039423
2025-01-02 10:40:41,4.401111712251916
2025-01-02 10:40:42,4.010773716561218
2025-01-02 10:40:43,4.425834793531845
2025-01-02 10:40:44,4.5513056872144135
2025-01-02 10:40:45,3.384194582897238
2025-01-02 10:40:46,4.247090922867961
2025-01-02 10:40:47,4.376343740749461
2025-01-02 10:40:48,3.8654886039100322
2025-01-02 10:40:49,3.3797001600654744
2025-01-02 10:40:50,4.049381527418222
2025-01-02 10:40:51,4.020626334741169
2025-01-02 10:40:52,4.046188203336707
2025-01-02 10:40:53,4.189286344636608
2025-01-02 10:40:54,4.011288196435046
2025-01-02 10:40:55,3.959881787259883
2025-01-02 10:40:56,3.482335457920644
2025-01-02 10:40:57,3.661747674689358
2025-01-02 10:40:58,3.8984553836882943
2025-01-02 10:40:59,4.231572780453809
2025-01-02 10:41:00,4.027840545121937
2025-01-02 10:41:01,4.092310263584159
2025-01-02 10:41:02,3.957389364902948
2025-01-02 10:41:03,4.025977492013526
2025-01-02 10:41:04,3.355172040293752
2025-01-02 10:41:05,3.7086386892122483
2025-01-02 10:41:06,3.9217376585461925
2025-01-02 10:41:07,4.124753898726552
2025-01-02 10:41:08,4.00365596511895
2025-01-02 10:41:09,
2025-01-02 10:41:10,4.200701550153516
2025-01-02 10:41:11,4.2085637938471
2025-01-02 10:41:12,3.806014832374343
2025-01-02 10:41:13,3.5560708779637293
2025-01-02 10:41:14,3.972975643408532
2025-01-02 10:41:15,3.7007549176370507
2025-01-02 10:41:16,3.5885034141851126
2025-01-02 10:41:17,3.702483337258153
2025-01-02 10:41:18,4.363777224245499
2025-01-02 10:41:19,4.090367326617175
2025-01-02 10:41:20,3.8533686628718495
2025-01-02 10:41:21,3.8958048293149967
2025-01-02 10:41:22,3.5949958041600723
2025-01-02 10:41:23,4.136993832913484
2025-01-02 10:41:24,4.200334941374108
2025-01-02 10:41:25,3.407612056621809
2025-01-02 10:41:26,3.8734373302847893
2025-01-02 10:41:27,4.157780183820442
2025-01-02 10:41:28,3.528851266638776
2025-01-02 10:41:29,3.676563930225828
2025-01-02 10:41:30,4.3185836968325235
2025-01-02 10:41:31,4.270489432106855
2025-01-02 10:41:32,3.3807551307760737
2025-01-02 10:41:33,4.136126668482901
2025-01-02 10:41:34,4.0907298408469766
2025-01-02 10:41:35,3.9241420794191093
2025-01-02 10:41:36,4.096995542686387
2025-01-02 10:41:37,4.124437197719262
2025-01-02 10:41:38,3.392840804668886
2025-01-02 10:41:39,3.350681215641223
2025-01-02 10:41:40,3.824797686607769
2025-01-02 10:41:41,4.063063218635092
2025-01-02 10:41:42,3.5524482886100146
2025-01-02 10:41:43,4.167884929398093
2025-01-02 10:41:44,4.094314250938212
2025-01-02 10:41:45,4.105446421761527
2025-01-02 10:41:46,3.936879852904013
2025-01-02 10:41:47,4.013711180905379
2025-01-02 10:41:48,3.630408165158218
2025-01-02 10:41:49,3.8303819686104053
2025-01-02 10:41:50,4.108946936784441
2025-01-02 10:41:51,3.791285484046038
2025-01-02 10:41:52,3.5422907116384774
2025-01-02 10:41:53,3.5022316157556133
2025-01-02 10:41:54,4.568295313256899
2025-01-02 10:41:55,4.098107432675892
2025-01-02 10:41:56,3.8344275178802802
2025-01-02 10:41:57,4.235221981058719
2025-01-02 10:41:58,3.8469574246877736
2025-01-02 10:41:59,4.189782811520496
2025-01-02 10:42:00,3.034334288352436
2025-01-02 10:42:01,4.278781712178038
2025-01-02 10:42:02,3.7055284306893577
2025-01-02 10:42:03,4.065716015616778
2025-01-02 10:42:04,4.194981684514596
2025-01-02 10:42:05,3.4683906754707983
2025-01-02 10:42:06,4.0379171001294925
2025-01-02 10:42:07,3.6042711747930434
2025-01-02 10:42:08,3.653554169697962
2025-01-02 10:42:09,3.8636257702885106
2025-01-02 10:42:10,4.079017070160798
2025-01-02 10:42:11,3.888044440957817
2025-01-02 10:42:12,3.4481266395654213
2025-01-02 10:42:13,3.7067676427533893
2025-01-02 10:42:14,3.927065446059413
2025-01-02 10:42:15,3.4675809323269258
2025-01-02 10:42:16,4.304599468285468
2025-01-02 10:42:17,3.9283439770763438
2025-01-02 10:42:18,3.8256960472973676
2025-01-02 10:42:19,4.12379903157256
2025-01-02 10:42:20,3.7993180118824124
2025-01-02 10:42:21,3.7950628406378457
2025-01-02 10:42:22,3.756822358818505
2025-01-02 10:42:23,4.127702369982187
2025-01-02 10:42:24,3.5961959144948548
2025-01-02 10:42:25,3.897432155536844
2025-01-02 10:42:26,4.016647237452097
2025-01-02 10:42:27,3.9587212041679694
2025-01-02 10:42:28,3.673076544291278
2025-01-02 10:42:29,4.671775229701246
2025-01-02 10:42:30,3.5367769156893756
2025-01-02 10:42:31,3.8845479515848407
2025-01-02 10:42:32,3.8486571260464073
2025-01-02 10:42:33,3.7017492897022533
2025-01-02 10:42:34,3.6328963955608398
2025-01-02 10:42:35,3.892937672331135
2025-01-02 10:42:36,3.9594959187017658
2025-01-02 10:42:37,3.4395570497345163
2025-01-02 10:42:38,3.744892425464983
2025-01-02 10:42:39,3.5942754220156248
2025-01-02 10:42:40,3.3593709720247915
2025-01-02 10:42:41,
2025-01-02 10:42:42,3.7956030994950174
2025-01-02 10:42:43,4.271252676473651
2025-01-02 10:42:44,3.512244904007668
2025-01-02 10:42:45,3.747612496034234
2025-01-02 10:42:46,4.019423481250082
2025-01-02 10:42:47,3.3386802815274716
2025-01-02 10:42:48,3.657810551191974
2025-01-02 10:42:49,3.4899843083656217
2025-01-02 10:42:50,3.84623710076931
2025-01-02 10:42:51,4.354832373938896
2025-01-02 10:42:52,3.948197705347579
2025-01-02 10:42:53,4.276355795075167
2025-01-02 10:42:54,4.284597396906852
2025-01-02 10:42:55,3.858544403498055
2025-01-02 10:42:56,4.093599918129584
2025-01-02 10:42:57,3.928345229441659
2025-01-02 10:42:58,3.59543296802065
2025-01-02 10:42:59,4.052116438624007
2025-01-02 10:43:00,3.8034909512111725
2025-01-02 10:43:01,4.1667984931093
2025-01-02 10:43:02,4.156480393097204
2025-01-02 10:43:03,4.184932428772032
2025-01-02 10:43:04,3.804779856849751
2025-01-02 10:43:05,4.323080125263782
2025-01-02 10:43:06,3.846537932536134
2025-01-02 10:43:07,4.094821425043138
2025-01-02 10:43:08,4.016230712216329
2025-01-02 10:43:09,3.8809005598348585
2025-01-02 10:43:10,3.9348480799379817
2025-01-02 10:43:11,4.593213484145697
2025-01-02 10:43:12,3.892499017849166
2025-01-02 10:43:13,3.5664949583791956
2025-01-02 10:43:14,4.030758648555001
2025-01-02 10:43:15,4.193588017722532
2025-01-02 10:43:16,3.9896221400308596
2025-01-02 10:43:17,4.15010534334754
2025-01-02 10:43:18,4.030723131198616
2025-01-02 10:43:19,3.9895391554961277
2025-01-02 10:43:20,3.79706405409378
2025-01-02 10:43:21,
2025-01-02 10:43:22,3.765580000557264
2025-01-02 10:43:23,3.7352666431849118
2025-01-02 10:43:24,3.5496176483125823
2025-01-02 10:43:25,3.765435214767163
2025-01-02 10:43:26,3.895417638630416
2025-01-02 10:43:27,4.331948563536745
2025-01-02 10:43:28,3.830503779039124
2025-01-02 10:43:29,4.628292152363558
2025-01-02 10:43:30,3.493912764439634
2025-01-02 10:43:31,3.7485183307455463
2025-01-02 10:43:32,3.8948701112901163
2025-01-02 10:43:33,3.650551186991088
2025-01-02 10:43:34,3.910773010743305
2025-01-02 10:43:35,4.106772763655536
2025-01-02 10:43:36,3.465207344819733
2025-01-02 10:43:37,3.6553691872589598
2025-01-02 10:43:38,4.118721335176156
2025-01-02 10:43:39,3.971101078587339
2025-01-02 10:43:40,4.020546272680589
2025-01-02 10:43:41,4.15633322184708
2025-01-02 10:43:42,3.708875220906248
2025-01-02 10:43:43,4.644411073322911
2025-01-02 10:43:44,4.0439491030642305
2025-01-02 10:43:45,4.390352379726952
2025-01-02 10:43:46,
2025-01-02 10:43:47,3.953353779547691
2025-01-02 10:43:48,3.4307652088626277
2025-01-02 10:43:49,3.667238784986441
2025-01-02 10:43:50,4.313366772501058
2025-01-02 10:43:51,4.033164504242614
2025-01-02 10:43:52,3.8202953256958856
2025-01-02 10:43:53,4.218036884115594
2025-01-02 10:43:54,3.707765417462372
2025-01-02 10:43:55,
2025-01-02 10:43:56,3.992205056571908
2025-01-02 10:43:57,3.6712034356637933
2025-01-02 10:43:58,4.492683857773682
2025-01-02 10:43:59,4.1544611675826735
2025-01-02 10:44:00,4.068847270991169
2025-01-02 10:44:01,3.5381441945171392
2025-01-02 10:44:02,4.242283302765387
2025-01-02 10:44:03,3.870690934781523
2025-01-02 10:44:04,3.872585075730082
2025-01-02 10:44:05,3.8657977399900783
2025-01-02 10:44:06,4.114496163516699
2025-01-02 10:44:07,3.672279705102755
2025-01-02 10:44:08,4.361274654671624
2025-01-02 10:44:09,3.7461570631413657
2025-01-02 10:44:10,3.317644551469993
2025-01-02 10:44:11,4.278813052482737
2025-01-02 10:44:12,3.718611418771957
2025-01-02 10:44:13,4.247638586298601
2025-01-02 10:44:14,4.360971095844407
2025-01-02 10:44:15,4.309221732999473
2025-01-02 10:44:16,4.16608103917173
2025-01-02 10:44:17,3.433575774212623
2025-01-02 10:44:18,3.996704612670976
2025-01-02 10:44:19,4.4631079987127835
2025-01-02 10:44:20,4.34733577554774
2025-01-02 10:44:21,4.0542102202751655
2025-01-02 10:44:22,3.9951944898566416
2025-01-02 10:44:23,4.088785025194621
2025-01-02 10:44:24,4.215073998490995
2025-01-02 10:44:25,3.874098511407202
2025-01-02 10:44:26,3.778578358099236
2025-01-02 10:44:27,3.6393588324451325
2025-01-02 10:44:28,4.151947279128877
2025-01-02 10:44:29,3.837206626290354
2025-01-02 10:44:30,4.252542296086221
2025-01-02 10:44:31,3.5118623624202563
2025-01-02 10:44:32,4.654524198987804
2025-01-02 10:44:33,3.577612063585911
2025-01-02 10:44:34,4.140809698087088
2025-01-02 10:44:35,4.114877132908312
2025-01-02 10:44:36,4.249984322032244
2025-01-02 10:44:37,4.190904301399136
2025-01-02 10:44:38,3.2256852921124577
2025-01-02 10:44:39,4.23237360100624
2025-01-02 10:44:40,4.2056547991284665
2025-01-02 10:44:41,3.9713906100721124
2025-01-02 10:44:42,3.974040564277142
2025-01-02 10:44:43,3.908788726231829
2025-01-02 10:44:44,4.197723631798022
2025-01-02 10:44:45,4.309588642065534
2025-01-02 10:44:46,4.110609694827567
2025-01-02 10:44:47,4.245175937409823
2025-01-02 10:44:48,3.816698474735826
2025-01-02 10:44:49,3.8917529699488402
2025-01-02 10:44:50,3.8088431032571637
2025-01-02 10:44:51,4.161011986079985
2025-01-02 10:44:52,4.011062736228012
2025-01-02 10:44:53,4.213716646279168
2025-01-02 10:44:54,3.759665499429473
2025-01-02 10:44:55,4.405826622718581
2025-01-02 10:44:56,3.7997250649308683
2025-01-02 10:44:57,3.859644811059592
2025-01-02 10:44:58,4.161268424793682
2025-01-02 10:44:59,4.260252392741109
2025-01-02 10:45:00,3.951754882516818
2025-01-02 10:45:01,3.701497480905181
2025-01-02 10:45:02,3.860551518324429
2025-01-02 10:45:03,3.934938774839798
2025-01-02 10:45:04,3.920900889764686
2025-01-02 10:45:05,4.298544360911385
2025-01-02 10:45:06,3.6660300390355802
2025-01-02 10:45:07,3.7981760686634756
2025-01-02 10:45:08,3.7181903335599085
2025-01-02 10:45:09,3.924009548638683
2025-01-02 10:45:10,4.337470170728065
2025-01-02 10:45:11,3.8379102540653185
2025-01-02 10:45:12,4.061636704389098
2025-01-02 10:45:13,4.045335644936058
2025-01-02 10:45:14,3.7015893895054255
2025-01-02 10:45:15,4.296800620604242
2025-01-02 10:45:16,4.244036332648983
2025-01-02 10:45:17,4.120307302877217
2025-01-02 10:45:18,3.5036303402384554
2025-01-02 10:45:19,3.497627724851067
2025-01-02 10:45:20,3.4477831876232305
2025-01-02 10:45:21,3.7166230393516657
2025-01-02 10:45:22,4.109489011051116
2025-01-02 10:45:23,4.014555951495839
2025-01-02 10:45:24,3.2815423551427423
2025-01-02 10:45:25,4.171003886871674
2025-01-02 10:45:26,4.4319920073174375
2025-01-02 10:45:27,4.196911523813209
2025-01-02 10:45:28,3.9666738436882687
2025-01-02 10:45:29,
2025-01-02 10:45:30,3.957402084615419
2025-01-02 10:45:31,3.2017560810477477
2025-01-02 10:45:32,4.226373867049784
2025-01-02 10:45:33,4.688902166748673
2025-01-02 10:45:34,4.201039806625001
2025-01-02 10:45:35,4.00289125619221
2025-01-02 10:45:36,4.013871699225736
2025-01-02 10:45:37,4.144889324154889
2025-01-02 10:45:38,4.037663592521688
2025-01-02 10:45:39,3.6277392435702707
2025-01-02 10:45:40,3.977895764043526
2025-01-02 10:45:41,3.2564884789973245
2025-01-02 10:45:42,3.533833642603123
2025-01-02 10:45:43,3.7644369860079125
2025-01-02 10:45:44,3.812136466555146
2025-01-02 10:45:45,3.5654629834053515
2025-01-02 10:45:46,3.847967738928782
2025-01-02 10:45:47,4.18764651427404
2025-01-02 10:45:48,4.13661130202674
2025-01-02 10:45:49,3.9849787981640494
2025-01-02 10:45:50,3.2959770911238007
2025-01-02 10:45:51,3.746645018729427
2025-01-02 10:45:52,4.139639382714083
2025-01-02 10:45:53,3.6503841695850254
2025-01-02 10:45:54,3.652326210767322
2025-01-02 10:45:55,4.234591016864736
2025-01-02 10:45:56,3.9871695064884958
2025-01-02 10:45:57,4.316100168318309
2025-01-02 10:45:58,4.010489570181569
2025-01-02 10:45:59,3.981329644122309
2025-01-02 10:46:00,4.077477592994575
2025-01-02 10:46:01,3.9795023494668156
2025-01-02 10:46:02,3.8059743012415312
2025-01-02 10:46:03,
2025-01-02 10:46:04,4.037968997625564
2025-01-02 10:46:05,3.7068149915509188
2025-01-02 10:46:06,4.660887232256688
2025-01-02 10:46:07,4.533059300498383
2025-01-02 10:46:08,3.3255200880360936
2025-01-02 10:46:09,3.6705203310559242
2025-01-02 10:46:10,3.4322596636029226
2025-01-02 10:46:11,4.3174578445923695
2025-01-02 10:46:12,4.078080593273709
2025-01-02 10:46:13,
2025-01-02 10:46:14,
2025-01-02 10:46:15,3.7409481576743984
2025-01-02 10:46:16,4.067974594849442
2025-01-02 10:46:17,3.495192726965259
2025-01-02 10:46:18,4.064515096328872
2025-01-02 10:46:19,4.268782825487221
2025-01-02 10:46:20,3.807442541662187
2025-01-02 10:46:21,4.280291706206065
2025-01-02 10:46:22,3.6851381055525616
2025-01-02 10:46:23,3.9733256677926483
2025-01-02 10:46:24,3.6387240072828275
2025-01-02 10:46:25,3.8783759252064454
2025-01-02 10:46:26,3.939500458826474
2025-01-02 10:46:27,3.873088920153371
2025-01-02 10:46:28,4.021477266769199
2025-01-02 10:46:29,4.283972076429735
2025-01-02 10:46:30,4.24419108515023
2025-01-02 10:46:31,4.143981002924159
2025-01-02 10:46:32,3.888278238022703
2025-01-02 10:46:33,3.773597440608116
2025-01-02 10:46:34,4.278704436901874
2025-01-02 10:46:35,4.432957759951797
2025-01-02 10:46:36,3.9215376537046387
2025-01-02 10:46:37,4.216872431402284
2025-01-02 10:46:38,3.7533246153305413
2025-01-02 10:46:39,3.689824328675283
2025-01-02 10:46:40,4.014858948055845
2025-01-02 10:46:41,4.332591490610998
2025-01-02 10:46:42,4.130136460251498
2025-01-02 10:46:43,3.8286052897180376
2025-01-02 10:46:44,4.531691458471133
2025-01-02 10:46:45,3.9966113460442365
2025-01-02 10:46:46,4.443628817202649
2025-01-02 10:46:47,4.438632481377283
2025-01-02 10:46:48,3.7905504969121133
2025-01-02 10:46:49,4.124181569414588
2025-01-02 10:46:50,4.129871624132556
2025-01-02 10:46:51,4.328813293988737
2025-01-02 10:46:52,4.071515975935861
2025-01-02 10:46:53,3.902057113469195
2025-01-02 10:46:54,3.9517423042575435
2025-01-02 10:46:55,3.753368392760483
2025-01-02 10:46:56,3.7621518597474872
2025-01-02 10:46:57,3.902326434439165
2025-01-02 10:46:58,4.6223877218089875
2025-01-02 10:46:59,4.290285011762249
2025-01-02 10:47:00,3.818315670215268
2025-01-02 10:47:01,4.3235404182654085
2025-01-02 10:47:02,3.5958547890271966
2025-01-02 10:47:03,3.746471332852375
2025-01-02 10:47:04,4.548087215548556
2025-01-02 10:47:05,3.744565684969267
2025-01-02 10:47:06,3.7928825601402734
2025-01-02 10:47:07,3.890850273610507
2025-01-02 10:47:08,3.8176160660931755
2025-01-02 10:47:09,3.947854466572574
2025-01-02 10:47:10,
2025-01-02 10:47:11,3.7500933208958243
2025-01-02 10:47:12,4.09241352592801
2025-01-02 10:47:13,4.12458836704882
2025-01-02 10:47:14,4.116307712791953
2025-01-02 10:47:15,3.9017759397734233
2025-01-02 10:47:16,3.440018619235223
2025-01-02 10:47:17,3.707515786516831
2025-01-02 10:47:18,4.424686520081585
2025-01-02 10:47:19,4.153320789122606
2025-01-02 10:47:20,4.2288852571915925
2025-01-02 10:47:21,3.914392516145526
2025-01-02 10:47:22,3.7846788957144106
2025-01-02 10:47:23,3.9844873607661495
2025-01-02 10:47:24,3.4076459911498214
2025-01-02 10:47:25,3.4147729417161976
2025-01-02 10:47:26,3.663939481161849
2025-01-02 10:47:27,3.8580805758026715
2025-01-02 10:47:28,3.9020713358569337
2025-01-02 10:47:29,3.973085614310233
2025-01-02 10:47:30,3.92662086454631
2025-01-02 10:47:31,4.4845344709539114
2025-01-02 10:47:32,4.165476690526437
2025-01-02 10:47:33,3.5696212028099006
2025-01-02 10:47:34,4.364053088959561
2025-01-02 10:47:35,4.0568573571529525
2025-01-02 10:47:36,4.4998238037581295
2025-01-02 10:47:37,3.950961240789216
2025-01-02 10:47:38,
2025-01-02 10:47:39,
2025-01-02 10:47:40,3.9693546660778396
2025-01-02 10:47:41,3.8556366617155247
2025-01-02 10:47:42,3.7809242173504565
2025-01-02 10:47:43,3.883048931276516
2025-01-02 10:47:44,4.715599998332744
2025-01-02 10:47:45,3.6822177166179615
2025-01-02 10:47:46,4.057354930312321
2025-01-02 10:47:47,4.113302475370958
2025-01-02 10:47:48,3.9605668190441548
2025-01-02 10:47:49,4.1924925589807795
2025-01-02 10:47:50,3.668268954369948
2025-01-02 10:47:51,3.749670046719575
2025-01-02 10:47:52,3.9104674464384312
2025-01-02 10:47:53,4.326215763401821
2025-01-02 10:47:54,4.079007529352072
2025-01-02 10:47:55,4.015176616898048
2025-01-02 10:47:56,4.303542442379049
2025-01-02 10:47:57,4.243172367369549
2025-01-02 10:47:58,4.155378132262084
2025-01-02 10:47:59,4.058995874385115
2025-01-02 10:48:00,3.6468900428304214
2025-01-02 10:48:01,3.812125649272617
2025-01-02 10:48:02,4.774752778423425
2025-01-02 10:48:03,4.218677820157512
2025-01-02 10:48:04,4.3437308042986915
2025-01-02 10:48:05,4.0145928915236775
2025-01-02 10:48:06,4.308684067254727
2025-01-02 10:48:07,4.472013919333112
2025-01-02 10:48:08,4.973646454873368
2025-01-02 10:48:09,3.8965099203220754
2025-01-02 10:48:10,4.012379673192768
2025-01-02 10:48:11,4.2687356668027645
2025-01-02 10:48:12,3.726957784163806
2025-01-02 10:48:13,3.77492473199794
2025-01-02 10:48:14,3.9838284154338446
2025-01-02 10:48:15,4.182125167774668
2025-01-02 10:48:16,4.093944502990067
2025-01-02 10:48:17,4.086678123272511
2025-01-02 10:48:18,4.358919576569479
2025-01-02 10:48:19,3.8840139107163805
2025-01-02 10:48:20,4.141905896732185
2025-01-02 10:48:21,3.9800561293349563
2025-01-02 10:48:22,4.243120778713307
2025-01-02 10:48:23,4.498851449908933
2025-01-02 10:48:24,3.808157142473038
2025-01-02 10:48:25,4.313924428343992
2025-01-02 10:48:26,4.342175916168546
2025-01-02 10:48:27,3.8960217782056383
2025-01-02 10:48:28,4.228283494662935
2025-01-02 10:48:29,4.092748457548041
2025-01-02 10:48:30,4.048358788623254
2025-01-02 10:48:31,4.063473709792247
2025-01-02 10:48:32,4.239597510894795
2025-01-02 10:48:33,4.404665280960648
2025-01-02 10:48:34,3.6653776415855943
2025-01-02 10:48:35,4.129289044708557
2025-01-02 10:48:36,4.025397501487181
2025-01-02 10:48:37,3.8591899644639307
2025-01-02 10:48:38,3.7172687657587056
2025-01-02 10:48:39,4.025260964800861
2025-01-02 10:48:40,3.9634278689854416
2025-01-02 10:48:41,4.469259896779502
2025-01-02 10:48:42,4.2187586390698755
2025-01-02 10:48:43,4.355584098378582
2025-01-02 10:48:44,
2025-01-02 10:48:45,4.26023565415691
2025-01-02 10:48:46,3.860101330816775
2025-01-02 10:48:47,4.096417661282475
2025-01-02 10:48:48,3.8153838516762733
2025-01-02 10:48:49,3.9481179117520364
2025-01-02 10:48:50,4.340864419392687
2025-01-02 10:48:51,3.4215593279332333
2025-01-02 10:48:52,4.496895213804026
2025-01-02 10:48:53,4.263167852641344
2025-01-02 10:48:54,4.270023012282796
2025-01-02 10:48:55,
2025-01-02 10:48:56,3.9743383761013327
2025-01-02 10:48:57,3.731135154726659
2025-01-02 10:48:58,
2025-01-02 10:48:59,4.478360079177193
2025-01-02 10:49:00,4.312376478335819
2025-01-02 10:49:01,4.367901347708063
2025-01-02 10:49:02,3.8684981705547985
2025-01-02 10:49:03,3.9919676595244855
2025-01-02 10:49:04,3.7362618473142093
2025-01-02 10:49:05,3.6838485489501447
2025-01-02 10:49:06,3.782108361280445
2025-01-02 10:49:07,
2025-01-02 10:49:08,4.428299874140849
2025-01-02 10:49:09,4.274113811872861
2025-01-02 10:49:10,4.291409616904217
2025-01-02 10:49:11,4.099424755973757
2025-01-02 10:49:12,4.480497760671262
2025-01-02 10:49:13,4.025234253584369
2025-01-02 10:49:14,3.8502681315786154
2025-01-02 10:49:15,4.152206122481951
2025-01-02 10:49:16,3.93873964505268
2025-01-02 10:49:17,4.1829448382037455
2025-01-02 10:49:18,4.631540255791547
2025-01-02 10:49:19,4.186912183359659
2025-01-02 10:49:20,3.8893535619986497
2025-01-02 10:49:21,4.235469422649112
2025-01-02 10:49:22,3.593786782029183
2025-01-02 10:49:23,4.2352524542108725
2025-01-02 10:49:24,4.507508683727382
2025-01-02 10:49:25,4.619578794046931
2025-01-02 10:49:26,4.082902140857958
2025-01-02 10:49:27,3.605614342994159
2025-01-02 10:49:28,4.435039423519228
2025-01-02 10:49:29,4.417576553298155
2025-01-02 10:49:30,
2025-01-02 10:49:31,4.295075922491239
2025-01-02 10:49:32,3.8968624672828893
2025-01-02 10:49:33,4.052148845025448
2025-01-02 10:49:34,4.481756988984012
2025-01-02 10:49:35,4.1720471587524495
2025-01-02 10:49:36,3.801191619543017
2025-01-02 10:49:37,3.9701257093646625
2025-01-02 10:49:38,4.3770561149047795
2025-01-02 10:49:39,4.294805962371971
2025-01-02 10:49:40,4.409369257554395
2025-01-02 10:49:41,4.2243700075690365
2025-01-02 10:49:42,3.5894146961877698
2025-01-02 10:49:43,3.5255207555455477
2025-01-02 10:49:44,4.522421384281765
2025-01-02 10:49:45,
2025-01-02 10:49:46,4.116572349821363
2025-01-02 10:49:47,4.084692767382232
2025-01-02 10:49:48,4.236384220047951
2025-01-02 10:49:49,3.8491479001836018
2025-01-02 10:49:50,4.039728413354715
2025-01-02 10:49:51,4.580471236933679
2025-01-02 10:49:52,4.246080212135352
2025-01-02 10:49:53,4.359349376011657
2025-01-02 10:49:54,4.116242424603499
2025-01-02 10:49:55,3.2981162157452695
2025-01-02 10:49:56,3.8573640497904282
2025-01-02 10:49:57,3.704416686240642
2025-01-02 10:49:58,3.8396203222104575
2025-01-02 10:49:59,4.309574572015254
2025-01-02 10:50:00,4.0448975764501345
2025-01-02 10:50:01,
2025-01-02 10:50:02,3.7415032152446766
2025-01-02 10:50:03,3.8457513104411793
2025-01-02 10:50:04,4.2782225964954215
2025-01-02 10:50:05,4.028317605467415
2025-01-02 10:50:06,4.484996672985267
2025-01-02 10:50:07,4.516818987441666
2025-01-02 10:50:08,3.8861674614039265
2025-01-02 10:50:09,4.527725544645526
2025-01-02 10:50:10,3.927777514674703
2025-01-02 10:50:11,4.200906815315036
2025-01-02 10:50:12,4.261964518209587
2025-01-02 10:50:13,4.220007991991196
2025-01-02 10:50:14,3.963752737535407
2025-01-02 10:50:15,4.298494028788623
2025-01-02 10:50:16,4.0686448364743
2025-01-02 10:50:17,4.188539543466977
2025-01-02 10:50:18,4.083288779640998
2025-01-02 10:50:19,3.810841448947994
2025-01-02 10:50:20,4.039586816788617
2025-01-02 10:50:21,4.256896078742342
2025-01-02 10:50:22,4.191908075025437
2025-01-02 10:50:23,4.0627119890655505
2025-01-02 10:50:24,3.9044194555254705
2025-01-02 10:50:25,4.161385535035132
2025-01-02 10:50:26,3.9974881119983166
2025-01-02 10:50:27,4.087420908280849
2025-01-02 10:50:28,4.217876293378547
2025-01-02 10:50:29,3.5638893357662047
2025-01-02 10:50:30,4.16039279625405
2025-01-02 10:50:31,4.311762436463092
2025-01-02 10:50:32,3.867194528225951
2025-01-02 10:50:33,3.6285276523056402
2025-01-02 10:50:34,4.436178426764199
2025-01-02 10:50:35,4.3359160950735065
2025-01-02 10:50:36,4.715978519895986
2025-01-02 10:50:37,4.089611804436205
2025-01-02 10:50:38,3.901112409252253
2025-01-02 10:50:39,4.760944000123426
2025-01-02 10:50:40,4.259644552146389
2025-01-02 10:50:41,4.004632946759123
2025-01-02 10:50:42,4.149385019356163
2025-01-02 10:50:43,4.342173420640324
2025-01-02 10:50:44,4.141522407199442
2025-01-02 10:50:45,3.9391400475223546
2025-01-02 10:50:46,3.9995413499900065
2025-01-02 10:50:47,3.989645815013406
2025-01-02 10:50:48,4.348907001034655
2025-01-02 10:50:49,3.709859871363402
2025-01-02 10:50:50,3.7905074758809887
2025-01-02 10:50:51,4.247657385457248
2025-01-02 10:50:52,4.147827948905108
2025-01-02 10:50:53,4.113713527682889
2025-01-02 10:50:54,4.280140189286353
2025-01-02 10:50:55,3.827714983375296
2025-01-02 10:50:56,4.262644475862776
2025-01-02 10:50:57,4.138308160299886
2025-01-02 10:50:58,4.001097399472628
2025-01-02 10:50:59,4.057506914194166
2025-01-02 10:51:00,4.360192326544326
2025-01-02 10:51:01,4.231457798153138
2025-01-02 10:51:02,4.174078564400235
2025-01-02 10:51:03,4.1798696093427115
2025-01-02 10:51:04,4.46206955059356
2025-01-02 10:51:05,4.1889482536025096
2025-01-02 10:51:06,4.35764754276502
2025-01-02 10:51:07,4.126075224197804
2025-01-02 10:51:08,4.320099068026679
2025-01-02 10:51:09,3.570803131017968
2025-01-02 10:51:10,4.259131550020572
2025-01-02 10:51:11,4.051217331129612
2025-01-02 10:51:12,4.16280609688954
2025-01-02 10:51:13,3.9188789488154803
2025-01-02 10:51:14,4.15258191768916
2025-01-02 10:51:15,3.692193279195802
2025-01-02 10:51:16,4.432720426268493
2025-01-02 10:51:17,4.2517758164323025
2025-01-02 10:51:18,4.348703458938734
2025-01-02 10:51:19,4.03422014702731
2025-01-02 10:51:20,4.469098688936016
2025-01-02 10:51:21,4.473235508312672
2025-01-02 10:51:22,4.278669453702573
2025-01-02 10:51:23,3.348285724803264
2025-01-02 10:51:24,4.678937794828766
2025-01-02 10:51:25,3.271779525721584
2025-01-02 10:51:26,4.015002693983491
2025-01-02 10:51:27,4.151898421617638
2025-01-02 10:51:28,4.116501859397648
2025-01-02 10:51:29,4.154058201555101
2025-01-02 10:51:30,3.7372093817099055
2025-01-02 10:51:31,3.8108362947654744
2025-01-02 10:51:32,3.7758618996415243
2025-01-02 10:51:33,4.580463330277927
2025-01-02 10:51:34,4.473711360799753
2025-01-02 10:51:35,3.6623660280885595
2025-01-02 10:51:36,3.776936079426396
2025-01-02 10:51:37,4.077300440942841
2025-01-02 10:51:38,4.131871721045188
2025-01-02 10:51:39,4.616011048267795
2025-01-02 10:51:40,4.089258373857146
2025-01-02 10:51:41,4.443437980005183
2025-01-02 10:51:42,4.26590709384738
2025-01-02 10:51:43,3.7864383822799828
2025-01-02 10:51:44,4.192535260588555
2025-01-02 10:51:45,3.9086552707234654
2025-01-02 10:51:46,4.570244839242975
2025-01-02 10:51:47,4.4519053949407335
2025-01-02 10:51:48,4.200468189728774
2025-01-02 10:51:49,3.7365205470998197
2025-01-02 10:51:50,4.316829846796033
2025-01-02 10:51:51,4.583609129681977
2025-01-02 10:51:52,3.816700233444643
2025-01-02 10:51:53,4.301516712959239
2025-01-02 10:51:54,3.7970723774686155
2025-01-02 10:51:55,4.209151524140026
2025-01-02 10:51:56,3.622694486097263
2025-01-02 10:51:57,4.388395623190944
2025-01-02 10:51:58,4.346986876770531
2025-01-02 10:51:59,3.5285440367255405
2025-01-02 10:52:00,4.627697100458305
2025-01-02 10:52:01,4.3996540674367415
2025-01-02 10:52:02,4.198586910758136
2025-01-02 10:52:03,4.065134894533842
2025-01-02 10:52:04,4.302042089897818
2025-01-02 10:52:05,4.195021824261146
2025-01-02 10:52:06,4.025254416695114
2025-01-02 10:52:07,4.271926124711299
2025-01-02 10:52:08,3.6302771981586086
2025-01-02 10:52:09,4.538831671877608
2025-01-02 10:52:10,4.4414290118512065
2025-01-02 10:52:11,4.034838962962156
2025-01-02 10:52:12,4.609193435937188
2025-01-02 10:52:13,4.379829826033038
2025-01-02 10:52:14,3.7395178209409843
2025-01-02 10:52:15,3.7004922374802245
2025-01-02 10:52:16,4.023853494247048
2025-01-02 10:52:17,4.039638963987634
2025-01-02 10:52:18,4.169325012370163
2025-01-02 10:52:19,4.107815264410935
2025-01-02 10:52:20,4.212662491084459
2025-01-02 10:52:21,3.882851019520799
2025-01-02 10:52:22,4.242759939698414
2025-01-02 10:52:23,4.548123813023563
2025-01-02 10:52:24,3.75000385811305
2025-01-02 10:52:25,3.722901841918078
2025-01-02 10:52:26,3.647378028194487
2025-01-02 10:52:27,3.8296220348885126
2025-01-02 10:52:28,4.110476892116562
2025-01-02 10:52:29,3.6910179525176585
2025-01-02 10:52:30,4.642024497775631
2025-01-02 10:52:31,3.9802522205298443
2025-01-02 10:52:32,4.121027649307501
2025-01-02 10:52:33,4.943646093867527
2025-01-02 10:52:34,3.868041992360597
2025-01-02 10:52:35,4.071362300234041
2025-01-02 10:52:36,4.2562354998502805
2025-01-02 10:52:37,4.115122103682726
2025-01-02 10:52:38,5.250542589599476
2025-01-02 10:52:39,4.225870098782142
2025-01-02 10:52:40,4.229879577283629
2025-01-02 10:52:41,4.052759305641214
2025-01-02 10:52:42,3.7302224093796705
2025-01-02 10:52:43,4.456811050928363
2025-01-02 10:52:44,3.9781436844388693
2025-01-02 10:52:45,3.859882665135197
2025-01-02 10:52:46,3.835362303482131
2025-01-02 10:52:47,4.317294730728703
2025-01-02 10:52:48,3.7712846956055555
2025-01-02 10:52:49,3.762280724745041
2025-01-02 10:52:50,3.8830953184767063
2025-01-02 10:52:51,4.080893367074252
2025-01-02 10:52:52,4.228610268163773
2025-01-02 10:52:53,4.309740807192515
2025-01-02 10:52:54,4.4764037464315125
2025-01-02 10:52:55,4.311510889657348
2025-01-02 10:52:56,4.583276515176075
2025-01-02 10:52:57,4.309168454196887
2025-01-02 10:52:58,4.571747140021459
2025-01-02 10:52:59,3.95793062633311
2025-01-02 10:53:00,4.484993539626842
2025-01-02 10:53:01,4.3732277975054865
2025-01-02 10:53:02,4.159648205849151
2025-01-02 10:53:03,4.3394245965060705
2025-01-02 10:53:04,3.8930416410112585
2025-01-02 10:53:05,4.125448871502508
2025-01-02 10:53:06,3.964745564429654
2025-01-02 10:53:07,4.433086267148985
2025-01-02 10:53:08,4.008044946408215
2025-01-02 10:53:09,3.332650172879495
2025-01-02 10:53:10,3.900532357825617
2025-01-02 10:53:11,4.02424482523337
2025-01-02 10:53:12,4.6009707868228755
2025-01-02 10:53:13,4.054218819558164
2025-01-02 10:53:14,3.6767356787905134
2025-01-02 10:53:15,4.368168448766531
2025-01-02 10:53:16,3.9883764525146104
2025-01-02 10:53:17,4.127411683227064
2025-01-02 10:53:18,4.119203005115051
2025-01-02 10:53:19,4.105358915494981
2025-01-02 10:53:20,4.157646614171237
2025-01-02 10:53:21,3.848582872475949
2025-01-02 10:53:22,3.4003297768717515
2025-01-02 10:53:23,4.1716051648454915
2025-01-02 10:53:24,4.33035778787904
2025-01-02 10:53:25,3.948854398800529
2025-01-02 10:53:26,4.2753733871420225
2025-01-02 10:53:27,5.026977642838565
2025-01-02 10:53:28,3.985366290104783
2025-01-02 10:53:29,3.6273550987106016
2025-01-02 10:53:30,4.111650038083756
2025-01-02 10:53:31,4.070278599094383
2025-01-02 10:53:32,4.077327061268811
2025-01-02 10:53:33,3.9766860545234373
2025-01-02 10:53:34,3.8742049720038643
2025-01-02 10:53:35,4.1289179216701095
2025-01-02 10:53:36,4.126225237582701
2025-01-02 10:53:37,3.738209269801472
2025-01-02 10:53:38,4.463068285548566
2025-01-02 10:53:39,3.852477072238223
2025-01-02 10:53:40,4.006555326770394
2025-01-02 10:53:41,3.718368734777754
2025-01-02 10:53:42,3.9593823289092636
2025-01-02 10:53:43,3.7693084705610467
2025-01-02 10:53:44,3.667070437384295
2025-01-02 10:53:45,4.11057890377721
2025-01-02 10:53:46,4.7750825707267905
2025-01-02 10:53:47,4.129309716655551
2025-01-02 10:53:48,3.9040830581827857
2025-01-02 10:53:49,4.456022613859744
2025-01-02 10:53:50,3.760686612835277
2025-01-02 10:53:51,4.140509291198451
2025-01-02 10:53:52,4.448720587284516
2025-01-02 10:53:53,3.892864009125881
2025-01-02 10:53:54,4.047666818958908
2025-01-02 10:53:55,3.9249761060496913
2025-01-02 10:53:56,5.1532578010909855
2025-01-02 10:53:57,3.874680610782401
2025-01-02 10:53:58,3.6778852545286393
2025-01-02 10:53:59,4.175183758395768
2025-01-02 10:54:00,3.9743483079741115
2025-01-02 10:54:01,4.294042290775149
2025-01-02 10:54:02,3.4940866653595926
2025-01-02 10:54:03,4.183341188906756
2025-01-02 10:54:04,4.542766782130422
2025-01-02 10:54:05,4.01401288329479
2025-01-02 10:54:06,4.502316567798932
2025-01-02 10:54:07,4.4284452542155215
2025-01-02 10:54:08,3.6521988662071005
2025-01-02 10:54:09,3.9892190164765986
2025-01-02 10:54:10,3.6086815663830376
2025-01-02 10:54:11,4.1154779269593655
2025-01-02 10:54:12,3.575873285267181
2025-01-02 10:54:13,4.140053135648404
2025-01-02 10:54:14,
2025-01-02 10:54:15,4.330849780950257
2025-01-02 10:54:16,3.9885710203332243
2025-01-02 10:54:17,3.934516136737841
2025-01-02 10:54:18,3.7600733782362328
2025-01-02 10:54:19,3.862028207795507
2025-01-02 10:54:20,4.380157107306858
2025-01-02 10:54:21,4.4466071629916355
2025-01-02 10:54:22,3.986810388502094
2025-01-02 10:54:23,4.289329125356121
2025-01-02 10:54:24,3.932584852186795
2025-01-02 10:54:25,4.327474485725841
2025-01-02 10:54:26,4.107618905621616
2025-01-02 10:54:27,4.155850475481601
2025-01-02 10:54:28,4.938550587094498
2025-01-02 10:54:29,4.098638840712133
2025-01-02 10:54:30,4.498049642954332
2025-01-02 10:54:31,3.9150280020265074
2025-01-02 10:54:32,4.08472814491626
2025-01-02 10:54:33,4.3411650869970915
2025-01-02 10:54:34,4.103169272341841
2025-01-02 10:54:35,4.522672579980562
2025-01-02 10:54:36,4.052936650028753
2025-01-02 10:54:37,4.100382555213899
2025-01-02 10:54:38,4.6139838600382665
2025-01-02 10:54:39,4.236885791284662
2025-01-02 10:54:40,5.214718940073831
2025-01-02 10:54:41,4.02219696200258
2025-01-02 10:54:42,3.5149639143504863
2025-01-02 10:54:43,3.8560322733346943
2025-01-02 10:54:44,4.329021906433517
2025-01-02 10:54:45,3.9746950893696127
2025-01-02 10:54:46,4.738674563003556
2025-01-02 10:54:47,4.139749936929057
2025-01-02 10:54:48,3.837401352189698
2025-01-02 10:54:49,3.7827446314178568
2025-01-02 10:54:50,4.323405397398521
2025-01-02 10:54:51,4.2623094186211254
2025-01-02 10:54:52,4.3752614497864
2025-01-02 10:54:53,3.8463581617199853
2025-01-02 10:54:54,4.330487949598481
2025-01-02 10:54:55,4.236594023056353
2025-01-02 10:54:56,4.014514033386762
2025-01-02 10:54:57,3.3000153915555015
2025-01-02 10:54:58,3.9229691777222544
2025-01-02 10:54:59,3.6943801105108562
2025-01-02 10:55:00,3.855153044064698
2025-01-02 10:55:01,4.23812314715322
2025-01-02 10:55:02,4.103500813924699
2025-01-02 10:55:03,3.942411934991467
2025-01-02 10:55:04,4.301769271354898
2025-01-02 10:55:05,4.229853087792396
2025-01-02 10:55:06,4.770040051597486
2025-01-02 10:55:07,4.149726036537519
2025-01-02 10:55:08,4.131190202204451
2025-01-02 10:55:09,4.061811278707613
2025-01-02 10:55:10,3.937567404903808
2025-01-02 10:55:11,4.52147444912297
2025-01-02 10:55:12,4.119085529157768
2025-01-02 10:55:13,3.9262372321897367
2025-01-02 10:55:14,4.141808706773867
2025-01-02 10:55:15,4.344929364854792
2025-01-02 10:55:16,4.334794623057084
2025-01-02 10:55:17,4.035683001811423
2025-01-02 10:55:18,4.3118788749342425
2025-01-02 10:55:19,3.8382085853500354
2025-01-02 10:55:20,4.136597479992041
2025-01-02 10:55:21,4.533284527524624
2025-01-02 10:55:22,4.343521117016586
2025-01-02 10:55:23,3.5914360113411696
2025-01-02 10:55:24,4.218793001880178
2025-01-02 10:55:25,4.52018517582554
2025-01-02 10:55:26,3.9897479039563275
2025-01-02 10:55:27,4.09877660364406
2025-01-02 10:55:28,4.212748835654297
2025-01-02 10:55:29,4.4208462485636115
2025-01-02 10:55:30,4.282983718475025
2025-01-02 10:55:31,4.02691736955202
2025-01-02 10:55:32,3.678009906047788
2025-01-02 10:55:33,4.07912775047431
2025-01-02 10:55:34,4.187434551986175
2025-01-02 10:55:35,3.880077451586927
2025-01-02 10:55:36,3.9451450596509376
2025-01-02 10:55:37,4.115037299011961
2025-01-02 10:55:38,3.4485773837372697
2025-01-02 10:55:39,4.292893648456277
2025-01-02 10:55:40,4.21447583297003
2025-01-02 10:55:41,4.607612837472856
2025-01-02 10:55:42,4.481533138057467
2025-01-02 10:55:43,4.089986757526493
2025-01-02 10:55:44,4.027333080197291
2025-01-02 10:55:45,4.436044390459418
2025-01-02 10:55:46,4.3445274304433354
2025-01-02 10:55:47,4.333815307271202
2025-01-02 10:55:48,3.964459414894765
2025-01-02 10:55:49,4.246321528722948
2025-01-02 10:55:50,4.286768278397411
2025-01-02 10:55:51,4.2360001571853525
2025-01-02 10:55:52,4.088451421240554
2025-01-02 10:55:53,4.860527447414798
2025-01-02 10:55:54,4.234145178471221
2025-01-02 10:55:55,4.055847707704136
2025-01-02 10:55:56,4.076020865302136
2025-01-02 10:55:57,4.27794952358267
2025-01-02 10:55:58,4.376570661941805
2025-01-02 10:55:59,4.392547210249097
2025-01-02 10:56:00,4.216143854398094
2025-01-02 10:56:01,3.515589364205208
2025-01-02 10:56:02,4.114225139597539
2025-01-02 10:56:03,4.26218950429139
2025-01-02 10:56:04,3.9824459342044283
2025-01-02 10:56:05,3.559725297571904
2025-01-02 10:56:06,3.7348618463844963
2025-01-02 10:56:07,4.061334399356229
2025-01-02 10:56:08,4.111442582553714
2025-01-02 10:56:09,4.077188350906795
2025-01-02 10:56:10,4.279735002260856
2025-01-02 10:56:11,4.598682750721776
2025-01-02 10:56:12,4.421920981836948
2025-01-02 10:56:13,4.3289283715599165
2025-01-02 10:56:14,4.425399693269914
2025-01-02 10:56:15,3.5855265514938055
2025-01-02 10:56:16,4.193377231331637
2025-01-02 10:56:17,3.930105917403501
2025-01-02 10:56:18,4.049893881310001
2025-01-02 10:56:19,3.8208096354512002
2025-01-02 10:56:20,4.2215549493519475
2025-01-02 10:56:21,4.257708596353879
2025-01-02 10:56:22,4.342637690410571
2025-01-02 10:56:23,4.170042894780564
2025-01-02 10:56:24,4.72755206101176
2025-01-02 10:56:25,3.93143094551193
2025-01-02 10:56:26,4.234792258042539
2025-01-02 10:56:27,4.345678561280967
2025-01-02 10:56:28,4.186405357221418
2025-01-02 10:56:29,4.5451499469101
2025-01-02 10:56:30,4.085756987861462
2025-01-02 10:56:31,4.245940967774623
2025-01-02 10:56:32,4.406688058350673
2025-01-02 10:56:33,4.3941792307650065
2025-01-02 10:56:34,4.06254747797833
2025-01-02 10:56:35,3.8186048580942833
2025-01-02 10:56:36,
2025-01-02 10:56:37,4.494219584037119
2025-01-02 10:56:38,3.8263419695982157
2025-01-02 10:56:39,4.361020072512705
2025-01-02 10:56:40,4.089867855090054
2025-01-02 10:56:41,3.7794906925349485
2025-01-02 10:56:42,3.948569188771998
2025-01-02 10:56:43,4.040107261732608
2025-01-02 10:56:44,3.8674927236925045
2025-01-02 10:56:45,4.380627665858596
2025-01-02 10:56:46,4.402109094690366
2025-01-02 10:56:47,4.206391245133041
2025-01-02 10:56:48,4.21697188716877
2025-01-02 10:56:49,4.351116585513009
2025-01-02 10:56:50,4.214517569631228
2025-01-02 10:56:51,4.924084948838278
2025-01-02 10:56:52,4.470320513223937
2025-01-02 10:56:53,4.23055944345902
2025-01-02 10:56:54,3.96298058777214
2025-01-02 10:56:55,4.757700316237762
2025-01-02 10:56:56,4.116962907476235
2025-01-02 10:56:57,3.8276499850360945
2025-01-02 10:56:58,4.145694212635944
2025-01-02 10:56:59,4.127030186704105
2025-01-02 10:57:00,4.73830630457362
2025-01-02 10:57:01,4.315742318602825
2025-01-02 10:57:02,4.184891672196067
2025-01-02 10:57:03,4.252942943206147
2025-01-02 10:57:04,4.898476423191466
2025-01-02 10:57:05,4.564731096732494
2025-01-02 10:57:06,4.7068593573421795
2025-01-02 10:57:07,4.412697981070345
2025-01-02 10:57:08,4.508018702851918
2025-01-02 10:57:09,4.116529693551773
2025-01-02 10:57:10,4.688248812835151
2025-01-02 10:57:11,3.808794142139593
2025-01-02 10:57:12,4.366521022987277
2025-01-02 10:57:13,3.861976910841383
2025-01-02 10:57:14,4.036118029186396
2025-01-02 10:57:15,4.049248204911354
2025-01-02 10:57:16,4.04021058507048
2025-01-02 10:57:17,3.9417076354250073
2025-01-02 10:57:18,4.059436605265744
2025-01-02 10:57:19,3.848914341658046
2025-01-02 10:57:20,4.60399264625087
2025-01-02 10:57:21,4.099060472190353
2025-01-02 10:57:22,4.390691458441479
2025-01-02 10:57:23,4.089951774287412
2025-01-02 10:57:24,4.409096613509412
2025-01-02 10:57:25,4.021466199121515
2025-01-02 10:57:26,4.381732669054419
2025-01-02 10:57:27,4.185542730857046
2025-01-02 10:57:28,4.008043985035775
2025-01-02 10:57:29,4.654226879192773
2025-01-02 10:57:30,4.33000507201508
2025-01-02 10:57:31,4.034817346172159
2025-01-02 10:57:32,4.259861374896475
2025-01-02 10:57:33,4.19475972505473
2025-01-02 10:57:34,4.476770835354382
2025-01-02 10:57:35,4.6875888267795585
2025-01-02 10:57:36,4.391438273073388
2025-01-02 10:57:37,4.360574199681063
2025-01-02 10:57:38,4.46718939901152
2025-01-02 10:57:39,4.243989805065856
2025-01-02 10:57:40,4.398367462426366
2025-01-02 10:57:41,4.581454227151801
2025-01-02 10:57:42,3.5023296669222352
2025-01-02 10:57:43,3.7814497679775303
2025-01-02 10:57:44,3.7990747438359476
2025-01-02 10:57:45,4.227365864273307
2025-01-02 10:57:46,4.0109981661766305
2025-01-02 10:57:47,4.408554123158843
2025-01-02 10:57:48,4.194162248743669
2025-01-02 10:57:49,4.285517571096934
2025-01-02 10:57:50,4.183346370260983
2025-01-02 10:57:51,4.483868436335205
2025-01-02 10:57:52,4.179326911569708
2025-01-02 10:57:53,4.2016514055464675
2025-01-02 10:57:54,4.4027291767277825
2025-01-02 10:57:55,4.043596372901736
2025-01-02 10:57:56,4.205037527767679
2025-01-02 10:57:57,4.792260872132915
2025-01-02 10:57:58,4.598989296132236
2025-01-02 10:57:59,4.29210328287927
2025-01-02 10:58:00,
2025-01-02 10:58:01,4.269232625908193
2025-01-02 10:58:02,4.232987355905743
2025-01-02 10:58:03,4.322896652245396
2025-01-02 10:58:04,4.277568954252501
2025-01-02 10:58:05,4.148803248266829
2025-01-02 10:58:06,4.339583818086716
2025-01-02 10:58:07,4.426960726128826
2025-01-02 10:58:08,4.39583342027204
2025-01-02 10:58:09,4.816327351431695
2025-01-02 10:58:10,4.25887748089578
2025-01-02 10:58:11,4.975903737595894
2025-01-02 10:58:12,4.088851876244581
2025-01-02 10:58:13,3.8684393222865254
2025-01-02 10:58:14,4.213781273573074
2025-01-02 10:58:15,4.277444505762869
2025-01-02 10:58:16,4.070744212597419
2025-01-02 10:58:17,3.8495756964382064
2025-01-02 10:58:18,4.031852861401924
2025-01-02 10:58:19,4.389824798646425
2025-01-02 10:58:20,3.626582917582393
2025-01-02 10:58:21,4.720843174964897
2025-01-02 10:58:22,4.443573039876229
2025-01-02 10:58:23,4.485571395337796
2025-01-02 10:58:24,4.468036512020146
2025-01-02 10:58:25,4.240590961027334
2025-01-02 10:58:26,4.217669341027816
2025-01-02 10:58:27,3.9251276776990105
2025-01-02 10:58:28,4.007357142532566
2025-01-02 10:58:29,4.224017774114585
2025-01-02 10:58:30,4.6370768783418415
2025-01-02 10:58:31,3.7575320238497416
2025-01-02 10:58:32,4.199817355231283
2025-01-02 10:58:33,4.471697290451923
2025-01-02 10:58:34,4.244455728163607
2025-01-02 10:58:35,4.618020425700403
2025-01-02 10:58:36,3.907481742438204
2025-01-02 10:58:37,4.041234411287313
2025-01-02 10:58:38,4.558790519159402
2025-01-02 10:58:39,3.998949411911917
2025-01-02 10:58:40,3.5215156507817182
2025-01-02 10:58:41,3.8413475429422825
2025-01-02 10:58:42,4.64901355467362
2025-01-02 10:58:43,4.411547595487778
2025-01-02 10:58:44,3.860066183260688
2025-01-02 10:58:45,3.8421444778201117
2025-01-02 10:58:46,5.003219700132824
2025-01-02 10:58:47,4.5560420319785635
2025-01-02 10:58:48,4.586691489178889
2025-01-02 10:58:49,4.153828381750457
2025-01-02 10:58:50,4.682180545193067
2025-01-02 10:58:51,4.489448467053342
2025-01-02 10:58:52,4.27139083807054
2025-01-02 10:58:53,4.197070850701616
2025-01-02 10:58:54,4.343927511460092
2025-01-02 10:58:55,4.343029881544207
2025-01-02 10:58:56,4.00387050877676
2025-01-02 10:58:57,4.02827894520468
2025-01-02 10:58:58,4.225754844009859
2025-01-02 10:58:59,4.187697643867296
2025-01-02 10:59:00,4.759134766552414
2025-01-02 10:59:01,3.9079587895911474
2025-01-02 10:59:02,4.303355380447004
2025-01-02 10:59:03,4.785375741783318
2025-01-02 10:59:04,5.031675673374495
2025-01-02 10:59:05,3.9921739995614822
2025-01-02 10:59:06,4.309566212282743
2025-01-02 10:59:07,3.9975903622360764
2025-01-02 10:59:08,3.928918409852167
2025-01-02 10:59:09,4.242873991815111
2025-01-02 10:59:10,3.535399636541358
2025-01-02 10:59:11,3.9629823861499434
2025-01-02 10:59:12,3.9365635831543306
2025-01-02 10:59:13,4.593592417834151
2025-01-02 10:59:14,4.715409506786671
2025-01-02 10:59:15,4.037138878186271
2025-01-02 10:59:16,4.497616290268679
2025-01-02 10:59:17,3.9454273612328685
2025-01-02 10:59:18,4.496087928006431
2025-01-02 10:59:19,4.363106714524692
2025-01-02 10:59:20,4.681382609149548
2025-01-02 10:59:21,4.252589903583232
2025-01-02 10:59:22,4.21797948097574
2025-01-02 10:59:23,4.268726078246555
2025-01-02 10:59:24,4.072031120321089
2025-01-02 10:59:25,4.538825883630072
2025-01-02 10:59:26,4.331102255858314
2025-01-02 10:59:27,4.922677392840785
2025-01-02 10:59:28,4.1780038350973285
2025-01-02 10:59:29,4.278578819753087
2025-01-02 10:59:30,4.588182154955098
2025-01-02 10:59:31,3.819499441703368
2025-01-02 10:59:32,3.9851065157345866
2025-01-02 10:59:33,4.122569709649565
2025-01-02 10:59:34,4.542616075122985
2025-01-02 10:59:35,4.075887538889034
2025-01-02 10:59:36,3.9744170003313073
2025-01-02 10:59:37,4.033215828107541
2025-01-02 10:59:38,4.163179209461882
2025-01-02 10:59:39,4.557056047967752
2025-01-02 10:59:40,4.2931781145089065
2025-01-02 10:59:41,4.029397512156136
2025-01-02 10:59:42,4.31335989826642
2025-01-02 10:59:43,4.170724567117522
2025-01-02 10:59:44,3.977304305085289
2025-01-02 10:59:45,4.622287145742176
2025-01-02 10:59:46,4.849045481254552
2025-01-02 10:59:47,3.7292948281905667
2025-01-02 10:59:48,
2025-01-02 10:59:49,
2025-01-02 10:59:50,4.5819037357642785
2025-01-02 10:59:51,4.314791350743563
2025-01-02 10:59:52,4.318667340346727
2025-01-02 10:59:53,4.340887717309223
2025-01-02 10:59:54,4.245698201614368
2025-01-02 10:59:55,4.557783641688777
2025-01-02 10:59:56,4.303444478842314
2025-01-02 10:59:57,4.062873132310591
2025-01-02 10:59:58,4.522230573575675
2025-01-02 10:59:59,4.310476089662987
2025-01-02 11:00:00,4.470807321533905
2025-01-02 11:00:01,4.406998245973024
2025-01-02 11:00:02,4.317467008611585
2025-01-02 11:00:03,4.1392968280534665
2025-01-02 11:00:04,3.826511519569713
2025-01-02 11:00:05,4.7052951143342066
2025-01-02 11:00:06,4.185118318782242
2025-01-02 11:00:07,4.4266812215290186
2025-01-02 11:00:08,3.58175365194649
2025-01-02 11:00:09,4.394088112266131
2025-01-02 11:00:10,4.487022768941479
2025-01-02 11:00:11,4.565012878995866
2025-01-02 11:00:12,3.785804289607287
2025-01-02 11:00:13,3.969967071299427
2025-01-02 11:00:14,4.329534540682229
2025-01-02 11:00:15,4.802097762733205
2025-01-02 11:00:16,4.089439324517321
2025-01-02 11:00:17,4.356537837275976
2025-01-02 11:00:18,4.329794502130995
2025-01-02 11:00:19,4.250291751141556
2025-01-02 11:00:20,4.035153613188605
2025-01-02 11:00:21,4.160763140969068
2025-01-02 11:00:22,4.705983689681904
2025-01-02 11:00:23,4.730018453499003
2025-01-02 11:00:24,4.366933797577129
2025-01-02 11:00:25,4.350283435457196
2025-01-02 11:00:26,4.047328511678172
2025-01-02 11:00:27,4.103446433458228
2025-01-02 11:00:28,3.860298407302582
2025-01-02 11:00:29,4.170044420437653
2025-01-02 11:00:30,4.385554424851059
2025-01-02 11:00:31,4.564453716104905
2025-01-02 11:00:32,4.236565219700217
2025-01-02 11:00:33,4.405551747858165
2025-01-02 11:00:34,4.7640695819426995
2025-01-02 11:00:35,4.523206693635918
2025-01-02 11:00:36,4.342370147078358
2025-01-02 11:00:37,4.270404856153018
2025-01-02 11:00:38,4.44122095881111
2025-01-02 11:00:39,4.533535443765415
2025-01-02 11:00:40,4.475896541145252
2025-01-02 11:00:41,3.869978925626659
2025-01-02 11:00:42,3.8627636984258404
2025-01-02 11:00:43,4.15226679222573
2025-01-02 11:00:44,3.525821023031591
2025-01-02 11:00:45,4.10823027382891
2025-01-02 11:00:46,3.6425955590524763
2025-01-02 11:00:47,4.398086072893832
2025-01-02 11:00:48,3.6393720047503066
2025-01-02 11:00:49,4.445664325420958
2025-01-02 11:00:50,4.373673206428273
2025-01-02 11:00:51,4.11491673796341
2025-01-02 11:00:52,3.589632621955478
2025-01-02 11:00:53,4.318557091563918
2025-01-02 11:00:54,4.4700071599636715
2025-01-02 11:00:55,3.6599684904831165
2025-01-02 11:00:56,4.611872465327659
2025-01-02 11:00:57,4.210015310350699
2025-01-02 11:00:58,3.9727618935911986
2025-01-02 11:00:59,4.376893409277107
2025-01-02 11:01:00,4.380032200803289
2025-01-02 11:01:01,4.191265535800132
2025-01-02 11:01:02,4.043177206603057
2025-01-02 11:01:03,3.9757030487072393
2025-01-02 11:01:04,4.05350713612088
2025-01-02 11:01:05,4.310318240913887
2025-01-02 11:01:06,4.103775069449834
2025-01-02 11:01:07,4.439793193970216
2025-01-02 11:01:08,4.73999942648108
2025-01-02 11:01:09,4.517984842959119
2025-01-02 11:01:10,4.258142495518718
2025-01-02 11:01:11,3.9593130017360547
2025-01-02 11:01:12,4.37203988294908
2025-01-02 11:01:13,4.149319567758498
2025-01-02 11:01:14,4.266427368869317
2025-01-02 11:01:15,3.93010463609833
2025-01-02 11:01:16,4.140140114626194
2025-01-02 11:01:17,4.202452802150181
2025-01-02 11:01:18,4.042934604229652
2025-01-02 11:01:19,3.9634664802464155
2025-01-02 11:01:20,4.2723597188693985
2025-01-02 11:01:21,4.4687559374831824
2025-01-02 11:01:22,4.3103933435795705
2025-01-02 11:01:23,4.28240484723338
2025-01-02 11:01:24,4.4290039123498675
2025-01-02 11:01:25,4.788912093666119
2025-01-02 11:01:26,4.509612947537654
2025-01-02 11:01:27,4.020857426908825
2025-01-02 11:01:28,4.09187599266246
2025-01-02 11:01:29,4.462608483327593
2025-01-02 11:01:30,4.574021827939417
2025-01-02 11:01:31,4.952850423275897
2025-01-02 11:01:32,4.421801103857847
2025-01-02 11:01:33,4.211703053114098
2025-01-02 11:01:34,5.156769946863592
2025-01-02 11:01:35,4.52355380606165
2025-01-02 11:01:36,4.669187071656944
2025-01-02 11:01:37,4.6686818962461984
2025-01-02 11:01:38,5.05169260738081
2025-01-02 11:01:39,3.875581258117565
2025-01-02 11:01:40,4.529382776258862
2025-01-02 11:01:41,4.548335038454903
2025-01-02 11:01:42,4.855641369096352
2025-01-02 11:01:43,4.202717663406957
2025-01-02 11:01:44,5.037908809866665
2025-01-02 11:01:45,4.185910890565524
2025-01-02 11:01:46,4.309703866929228
2025-01-02 11:01:47,4.138245462379821
2025-01-02 11:01:48,4.844742160801392
2025-01-02 11:01:49,
2025-01-02 11:01:50,4.031363804470054
2025-01-02 11:01:51,4.1355367322966385
2025-01-02 11:01:52,4.38332583371032
2025-01-02 11:01:53,4.2294627488192384
2025-01-02 11:01:54,4.178579235536275
2025-01-02 11:01:55,4.442922006324946
2025-01-02 11:01:56,4.955900400737869
2025-01-02 11:01:57,4.75371996085314
2025-01-02 11:01:58,5.229593368548267
2025-01-02 11:01:59,3.8145458450208785
2025-01-02 11:02:00,4.844130525185869
2025-01-02 11:02:01,4.123120857766272
2025-01-02 11:02:02,4.552996539532295
2025-01-02 11:02:03,3.7865751585279845
2025-01-02 11:02:04,4.779065634334585
2025-01-02 11:02:05,3.6034065561767203
2025-01-02 11:02:06,4.436837779771057
2025-01-02 11:02:07,4.448210815957829
2025-01-02 11:02:08,4.092197557499564
2025-01-02 11:02:09,4.209382763421668
2025-01-02 11:02:10,3.9365294463028335
2025-01-02 11:02:11,3.6777472011686925
2025-01-02 11:02:12,4.231143626086856
2025-01-02 11:02:13,4.279721064544498
2025-01-02 11:02:14,4.43107402989702
2025-01-02 11:02:15,4.558939629755923
2025-01-02 11:02:16,4.549561930643175
2025-01-02 11:02:17,3.998135218830437
2025-01-02 11:02:18,4.434711092985308
2025-01-02 11:02:19,4.503138880865335
2025-01-02 11:02:20,4.747212193235472
2025-01-02 11:02:21,4.534470079510872
2025-01-02 11:02:22,4.559609189097869
2025-01-02 11:02:23,4.058005002798135
2025-01-02 11:02:24,4.340475022160714
2025-01-02 11:02:25,4.117189239623811
2025-01-02 11:02:26,4.48983521616106
2025-01-02 11:02:27,3.9459487033185026
2025-01-02 11:02:28,4.9088043361045735
2025-01-02 11:02:29,4.0936021053430425
2025-01-02 11:02:30,4.521107844879799
2025-01-02 11:02:31,5.074217417206888
2025-01-02 11:02:32,3.689537952303608
2025-01-02 11:02:33,3.742266189368026
2025-01-02 11:02:34,4.267297855071857
2025-01-02 11:02:35,4.087751285064269
2025-01-02 11:02:36,4.3237972712215385
2025-01-02 11:02:37,4.3940579022007356
2025-01-02 11:02:38,4.383092205812077
2025-01-02 11:02:39,4.455508884472104
2025-01-02 11:02:40,4.246426359282037
2025-01-02 11:02:41,4.582616596551171
2025-01-02 11:02:42,3.8210933697227856
2025-01-02 11:02:43,4.4008549146579
2025-01-02 11:02:44,4.377426924094731
2025-01-02 11:02:45,4.508321994164707
2025-01-02 11:02:46,4.224030189732776
2025-01-02 11:02:47,4.74861494914803
2025-01-02 11:02:48,4.169699258214044
2025-01-02 11:02:49,3.9216591434787347
2025-01-02 11:02:50,4.345744553950647
2025-01-02 11:02:51,4.583714543992967
2025-01-02 11:02:52,4.519217632614455
2025-01-02 11:02:53,4.376232474885408
2025-01-02 11:02:54,4.224227073070564
2025-01-02 11:02:55,4.784170111631864
2025-01-02 11:02:56,4.145408004597591
2025-01-02 11:02:57,4.807391508114873
2025-01-02 11:02:58,4.622740809295764
2025-01-02 11:02:59,3.867052310397287
2025-01-02 11:03:00,4.466095993628429
2025-01-02 11:03:01,4.805181466862367
2025-01-02 11:03:02,4.327636368930856
2025-01-02 11:03:03,4.115663417328535
2025-01-02 11:03:04,4.611912380082273
2025-01-02 11:03:05,4.589930861871055
2025-01-02 11:03:06,4.3097752018633475
2025-01-02 11:03:07,3.937093131265761
2025-01-02 11:03:08,4.462831840269524
2025-01-02 11:03:09,4.003742066233284
2025-01-02 11:03:10,4.628737834064856
2025-01-02 11:03:11,3.9836126349906102
2025-01-02 11:03:12,4.269205122230898
2025-01-02 11:03:13,4.088260112723665
2025-01-02 11:03:14,4.556120359811375
2025-01-02 11:03:15,4.069208326489464
2025-01-02 11:03:16,4.551616432044679
2025-01-02 11:03:17,4.418395036478557
2025-01-02 11:03:18,4.239707852248471
2025-01-02 11:03:19,3.820323400470799
2025-01-02 11:03:20,4.577491913538461
2025-01-02 11:03:21,4.5559299971277465
2025-01-02 11:03:22,4.893059480361346
2025-01-02 11:03:23,4.536840290529167
2025-01-02 11:03:24,4.273986509040115
2025-01-02 11:03:25,4.233625710655492
2025-01-02 11:03:26,4.658071892820562
2025-01-02 11:03:27,4.274066076524032
2025-01-02 11:03:28,4.175877892302676
2025-01-02 11:03:29,4.754025760854131
2025-01-02 11:03:30,4.727689226508352
2025-01-02 11:03:31,3.987785263960613
2025-01-02 11:03:32,4.261461049628317
2025-01-02 11:03:33,4.557296578483697
2025-01-02 11:03:34,4.093070566586632
2025-01-02 11:03:35,4.476143893806044
2025-01-02 11:03:36,4.993053526729385
2025-01-02 11:03:37,5.180829180272929
2025-01-02 11:03:38,4.689773284667059
2025-01-02 11:03:39,4.446884811761083
2025-01-02 11:03:40,4.381331705764158
2025-01-02 11:03:41,4.3125646457365825
2025-01-02 11:03:42,4.497099822178188
2025-01-02 11:03:43,4.2584439011336395
2025-01-02 11:03:44,4.527880082409556
2025-01-02 11:03:45,4.1355545865227095
2025-01-02 11:03:46,4.3765933642314865
2025-01-02 11:03:47,4.405163948163475
2025-01-02 11:03:48,4.0603789435437
2025-01-02 11:03:49,4.4770229228295895
2025-01-02 11:03:50,4.6958109862856405
2025-01-02 11:03:51,3.9007185149894177
2025-01-02 11:03:52,4.739755351294727
2025-01-02 11:03:53,4.919949492720794
2025-01-02 11:03:54,4.691970021408099
2025-01-02 11:03:55,4.676824277140462
2025-01-02 11:03:56,4.48249400576822
2025-01-02 11:03:57,4.60394254250125
2025-01-02 11:03:58,4.768879484449901
2025-01-02 11:03:59,4.344544051033199
2025-01-02 11:04:00,4.754738934912503
2025-01-02 11:04:01,4.3491003749470725
2025-01-02 11:04:02,3.9607025377209117
2025-01-02 11:04:03,4.3730443138598565
2025-01-02 11:04:04,4.098141596575561
2025-01-02 11:04:05,
2025-01-02 11:04:06,3.972346965095812
2025-01-02 11:04:07,4.198361362085317
2025-01-02 11:04:08,
2025-01-02 11:04:09,3.670117324174757
2025-01-02 11:04:10,4.563216872436033
2025-01-02 11:04:11,4.999514770438488
2025-01-02 11:04:12,4.090212210658288
2025-01-02 11:04:13,4.221238339724107
2025-01-02 11:04:14,3.869625539408279
2025-01-02 11:04:15,4.275160084628656
2025-01-02 11:04:16,4.828081867281806
2025-01-02 11:04:17,3.886556108517113
2025-01-02 11:04:18,4.719481285379019
2025-01-02 11:04:19,4.112884886150986
2025-01-02 11:04:20,4.409653306368158
2025-01-02 11:04:21,4.2995435953003085
2025-01-02 11:04:22,4.3759394620222
2025-01-02 11:04:23,4.381307254411295
2025-01-02 11:04:24,4.2770256866448
2025-01-02 11:04:25,4.245203453434875
2025-01-02 11:04:26,4.292761593035142
2025-01-02 11:04:27,4.658570594746993
2025-01-02 11:04:28,4.163610071822497
2025-01-02 11:04:29,4.386238194940955
2025-01-02 11:04:30,4.9615227331536875
2025-01-02 11:04:31,3.823686339414249
2025-01-02 11:04:32,4.466887193779192
2025-01-02 11:04:33,4.25053701274515
2025-01-02 11:04:34,4.661878321467497
2025-01-02 11:04:35,4.515171929512459
2025-01-02 11:04:36,4.295961071809206
2025-01-02 11:04:37,4.328270850119925
2025-01-02 11:04:38,4.10617683826222
2025-01-02 11:04:39,4.13221314358593
2025-01-02 11:04:40,4.279966751206468
2025-01-02 11:04:41,3.7818859053898137
2025-01-02 11:04:42,4.197212465178591
2025-01-02 11:04:43,4.8713912620380935
2025-01-02 11:04:44,4.771730654702008
2025-01-02 11:04:45,4.157977928127323
2025-01-02 11:04:46,4.518709181367247
2025-01-02 11:04:47,5.023159478932887
2025-01-02 11:04:48,5.022468019168254
2025-01-02 11:04:49,4.349005313989476
2025-01-02 11:04:50,4.73944230305457
2025-01-02 11:04:51,4.469964186807552
2025-01-02 11:04:52,4.652442057912861
2025-01-02 11:04:53,
2025-01-02 11:04:54,4.279829160506001
2025-01-02 11:04:55,4.6571641778723185
2025-01-02 11:04:56,4.285846512917625
2025-01-02 11:04:57,4.132065148055361
2025-01-02 11:04:58,4.173755173437917
2025-01-02 11:04:59,4.073338025640583
2025-01-02 11:05:00,4.704485646073661
2025-01-02 11:05:01,4.502496314222542
2025-01-02 11:05:02,4.753073856705577
2025-01-02 11:05:03,4.7321394345867756
2025-01-02 11:05:04,4.483980873650649
2025-01-02 11:05:05,4.556675984214112
2025-01-02 11:05:06,4.497121727997633
2025-01-02 11:05:07,4.33628429494522
2025-01-02 11:05:08,4.8106989319094495
2025-01-02 11:05:09,4.093476186386871
2025-01-02 11:05:10,4.521983440055014
2025-01-02 11:05:11,3.981441174212811
2025-01-02 11:05:12,4.49050746787095
2025-01-02 11:05:13,4.634560764600884
2025-01-02 11:05:14,4.175361594318221
2025-01-02 11:05:15,4.551585681757737
2025-01-02 11:05:16,4.394776160924004
2025-01-02 11:05:17,4.474409318576013
2025-01-02 11:05:18,4.087235349527279
2025-01-02 11:05:19,4.175295551130369
2025-01-02 11:05:20,4.288481640346827
2025-01-02 11:05:21,4.525071343224484
2025-01-02 11:05:22,4.4725377575806995
2025-01-02 11:05:23,4.403774045914034
2025-01-02 11:05:24,4.230640687865056
2025-01-02 11:05:25,4.255397536247609
2025-01-02 11:05:26,4.245357088563627
2025-01-02 11:05:27,4.106435249181158
2025-01-02 11:05:28,4.426344284116563
2025-01-02 11:05:29,4.948159934481344
2025-01-02 11:05:30,4.048971796465158
2025-01-02 11:05:31,4.9274885585046295
2025-01-02 11:05:32,4.4639836857990485
2025-01-02 11:05:33,4.2850532562131125
2025-01-02 11:05:34,4.23250230079126
2025-01-02 11:05:35,4.610649179155445
2025-01-02 11:05:36,4.555969792980254
2025-01-02 11:05:37,3.9979171839522887
2025-01-02 11:05:38,4.287382893951533
2025-01-02 11:05:39,4.315791557004786
2025-01-02 11:05:40,4.264543885924944
2025-01-02 11:05:41,4.843544184891136
2025-01-02 11:05:42,4.0545258767940116
2025-01-02 11:05:43,4.377169269071516
2025-01-02 11:05:44,4.289611742218032
2025-01-02 11:05:45,4.417522457038298
2025-01-02 11:05:46,3.9416025067307836
2025-01-02 11:05:47,4.434790075314287
2025-01-02 11:05:48,4.361227753266894
2025-01-02 11:05:49,4.22618746223277
2025-01-02 11:05:50,4.712777089751521
2025-01-02 11:05:51,4.872410697835727
2025-01-02 11:05:52,4.5468468063792224
2025-01-02 11:05:53,4.852899334953817
2025-01-02 11:05:54,3.9610531191085085
2025-01-02 11:05:55,4.493904474314028
2025-01-02 11:05:56,4.595302790622464
2025-01-02 11:05:57,4.682408886501151
2025-01-02 11:05:58,4.87999363953302
2025-01-02 11:05:59,4.231339376082353
2025-01-02 11:06:00,4.531415335535779
2025-01-02 11:06:01,4.5751584276111075
2025-01-02 11:06:02,3.9789815490429694
2025-01-02 11:06:03,3.766997123448992
2025-01-02 11:06:04,4.356136879431646
2025-01-02 11:06:05,4.632646461394408
2025-01-02 11:06:06,4.878966989933149
2025-01-02 11:06:07,4.4642939712975815
2025-01-02 11:06:08,4.39484202773266
2025-01-02 11:06:09,4.511312616852131
2025-01-02 11:06:10,4.845065546637706
2025-01-02 11:06:11,4.66014649415967
2025-01-02 11:06:12,4.449535268174943
2025-01-02 11:06:13,4.492719495076876
2025-01-02 11:06:14,4.336009114928096
2025-01-02 11:06:15,4.724199303556731
2025-01-02 11:06:16,4.098652970623434
2025-01-02 11:06:17,4.467906061985702
2025-01-02 11:06:18,4.594281132425477
2025-01-02 11:06:19,4.244142168348637
2025-01-02 11:06:20,4.319808546925816
2025-01-02 11:06:21,4.443776698706341
2025-01-02 11:06:22,4.529421090783628
2025-01-02 11:06:23,4.232971603014081
2025-01-02 11:06:24,4.194220253393292
2025-01-02 11:06:25,4.739669002919861
2025-01-02 11:06:26,4.436528458518894
2025-01-02 11:06:27,3.793014900705838
2025-01-02 11:06:28,4.2688052965036505
2025-01-02 11:06:29,4.840753684764026
2025-01-02 11:06:30,
2025-01-02 11:06:31,4.213452757249503
2025-01-02 11:06:32,4.501763274848237
2025-01-02 11:06:33,4.266407796110455
2025-01-02 11:06:34,4.663070859370285
2025-01-02 11:06:35,4.765905860352055
2025-01-02 11:06:36,4.650485392845335
2025-01-02 11:06:37,4.843136239514626
2025-01-02 11:06:38,4.559274884587323
2025-01-02 11:06:39,4.168893515800549
2025-01-02 11:06:40,4.803645200253413
2025-01-02 11:06:41,3.9985550445843834
2025-01-02 11:06:42,5.09505679456176
2025-01-02 11:06:43,4.695112908131281
2025-01-02 11:06:44,4.4809515550676275
2025-01-02 11:06:45,
2025-01-02 11:06:46,4.723545990769788
2025-01-02 11:06:47,4.564819148592909
2025-01-02 11:06:48,4.2743449188937745
2025-01-02 11:06:49,4.755068948416058
2025-01-02 11:06:50,4.199107452977958
2025-01-02 11:06:51,4.503240906834499
2025-01-02 11:06:52,4.343325417056219
2025-01-02 11:06:53,4.531579993890167
2025-01-02 11:06:54,4.717863976061307
2025-01-02 11:06:55,4.0801211690294945
2025-01-02 11:06:56,5.01016969695714
2025-01-02 11:06:57,4.642750542073757
2025-01-02 11:06:58,4.773568964226386
2025-01-02 11:06:59,4.323851702664963
2025-01-02 11:07:00,
2025-01-02 11:07:01,4.491753404665308
2025-01-02 11:07:02,4.708405690343627
2025-01-02 11:07:03,4.268775047596137
2025-01-02 11:07:04,4.169797164436108
2025-01-02 11:07:05,3.9962433459587396
2025-01-02 11:07:06,4.3618246920591295
2025-01-02 11:07:07,4.276701046726928
2025-01-02 11:07:08,4.625327036047971
2025-01-02 11:07:09,4.990731243380571
2025-01-02 11:07:10,4.265773499584664
2025-01-02 11:07:11,3.900303733848318
2025-01-02 11:07:12,4.134130447875958
2025-01-02 11:07:13,4.432516165111594
2025-01-02 11:07:14,4.416204581656648
2025-01-02 11:07:15,4.301087619329449
2025-01-02 11:07:16,4.604557121025025
2025-01-02 11:07:17,4.488596666440594
2025-01-02 11:07:18,4.404538496577971
2025-01-02 11:07:19,4.395009039681023
2025-01-02 11:07:20,4.429953436078717
2025-01-02 11:07:21,4.488604503794355
2025-01-02 11:07:22,4.209593169768012
2025-01-02 11:07:23,4.432116875323186
2025-01-02 11:07:24,4.330723039490281
2025-01-02 11:07:25,
2025-01-02 11:07:26,4.7914173880667645
2025-01-02 11:07:27,4.449558232126503
2025-01-02 11:07:28,4.184919938640445
2025-01-02 11:07:29,4.36055312234788
2025-01-02 11:07:30,4.0205237634644755
2025-01-02 11:07:31,4.44665261721456
2025-01-02 11:07:32,4.481775449059877
2025-01-02 11:07:33,4.487537274749885
2025-01-02 11:07:34,4.337065695658719
2025-01-02 11:07:35,4.189180785926447
2025-01-02 11:07:36,4.2025145308103085
2025-01-02 11:07:37,5.111954077562337
2025-01-02 11:07:38,4.50648892872313
2025-01-02 11:07:39,4.424178836457409
2025-01-02 11:07:40,4.626933130743924
2025-01-02 11:07:41,4.2911929058872245
2025-01-02 11:07:42,4.2998392299602575
2025-01-02 11:07:43,4.351768365571443
2025-01-02 11:07:44,
2025-01-02 11:07:45,4.6412783146436905
2025-01-02 11:07:46,4.84601110345704
2025-01-02 11:07:47,4.014046884960502
2025-01-02 11:07:48,4.785088677097015
2025-01-02 11:07:49,4.416701616229183
2025-01-02 11:07:50,4.450871538281194
2025-01-02 11:07:51,4.389604511158739
2025-01-02 11:07:52,4.806023445167272
2025-01-02 11:07:53,4.158348660024589
2025-01-02 11:07:54,4.330202117452615
2025-01-02 11:07:55,4.3483572193765045
2025-01-02 11:07:56,4.3861678861160085
2025-01-02 11:07:57,4.712921263202144
2025-01-02 11:07:58,3.992241383364773
2025-01-02 11:07:59,4.774886359676821
2025-01-02 11:08:00,4.776471588088238
2025-01-02 11:08:01,4.282447509069407
2025-01-02 11:08:02,4.197300164126501
2025-01-02 11:08:03,4.480068161469023
2025-01-02 11:08:04,5.214132039680303
2025-01-02 11:08:05,4.20529093643734
2025-01-02 11:08:06,4.359401317439048
2025-01-02 11:08:07,4.409669030443341
2025-01-02 11:08:08,4.484390119384189
2025-01-02 11:08:09,4.454120881389322
2025-01-02 11:08:10,4.358382758282237
2025-01-02 11:08:11,4.358555207059666
2025-01-02 11:08:12,4.576663330764328
2025-01-02 11:08:13,4.02837004924161
2025-01-02 11:08:14,4.871875071020163
2025-01-02 11:08:15,4.463123970146078
2025-01-02 11:08:16,4.447740966238674
2025-01-02 11:08:17,5.055295643019377
2025-01-02 11:08:18,4.37196929107348
2025-01-02 11:08:19,4.0411096689977555
2025-01-02 11:08:20,4.757119416709126
2025-01-02 11:08:21,4.6440513459352974
2025-01-02 11:08:22,4.805671891897439
2025-01-02 11:08:23,4.8427211415906575
2025-01-02 11:08:24,4.280922925171917
2025-01-02 11:08:25,4.647115209940282
2025-01-02 11:08:26,4.330792824095348
2025-01-02 11:08:27,4.833132522435684
2025-01-02 11:08:28,4.855913170823014
2025-01-02 11:08:29,4.721055839457318
2025-01-02 11:08:30,4.8291361345325825
2025-01-02 11:08:31,4.092661636273138
2025-01-02 11:08:32,4.4697180538431915
2025-01-02 11:08:33,4.315635161100501
2025-01-02 11:08:34,4.596039801066963
2025-01-02 11:08:35,4.580615134597869
2025-01-02 11:08:36,4.14860561575928
2025-01-02 11:08:37,4.34136696571968
2025-01-02 11:08:38,4.271182438453441
2025-01-02 11:08:39,4.838425882774743
2025-01-02 11:08:40,4.04435490335941
2025-01-02 11:08:41,4.6785480167443305
2025-01-02 11:08:42,4.792246618465447
2025-01-02 11:08:43,4.192526458512006
2025-01-02 11:08:44,4.860762948976549
2025-01-02 11:08:45,4.587280862894126
2025-01-02 11:08:46,4.74631404306553
2025-01-02 11:08:47,4.669480812703259
2025-01-02 11:08:48,4.318303339671254
2025-01-02 11:08:49,4.431645471809671
2025-01-02 11:08:50,5.047677463727456
2025-01-02 11:08:51,4.203049379695821
2025-01-02 11:08:52,5.0186936158181865
2025-01-02 11:08:53,3.854966291603766
2025-01-02 11:08:54,4.599361412476833
2025-01-02 11:08:55,4.129453425919678
2025-01-02 11:08:56,4.244142027102567
2025-01-02 11:08:57,4.006320239010158
2025-01-02 11:08:58,4.6961733839454185
2025-01-02 11:08:59,4.393182314972
2025-01-02 11:09:00,3.940802054695532
2025-01-02 11:09:01,4.233589819360261
2025-01-02 11:09:02,4.439893981836681
2025-01-02 11:09:03,4.917837045368679
2025-01-02 11:09:04,4.535691808838161
2025-01-02 11:09:05,4.254193235869463
2025-01-02 11:09:06,4.498546448071615
2025-01-02 11:09:07,4.821338317978103
2025-01-02 11:09:08,4.555119797063296
2025-01-02 11:09:09,4.820029185438588
2025-01-02 11:09:10,4.32182121859015
2025-01-02 11:09:11,4.479384339878491
2025-01-02 11:09:12,4.868619871732151
2025-01-02 11:09:13,4.58360836449439
2025-01-02 11:09:14,4.413234448226463
2025-01-02 11:09:15,5.183597701766705
2025-01-02 11:09:16,4.9116716876260895
2025-01-02 11:09:17,4.603656187008307
2025-01-02 11:09:18,4.183346633304342
2025-01-02 11:09:19,4.892858972787309
2025-01-02 11:09:20,4.107631752362725
2025-01-02 11:09:21,4.444453976603754
2025-01-02 11:09:22,4.684426523567396
2025-01-02 11:09:23,4.372255633460091
2025-01-02 11:09:24,4.8020094309888774
2025-01-02 11:09:25,4.866728302720727
2025-01-02 11:09:26,4.880240891538633
2025-01-02 11:09:27,4.168833537337677
2025-01-02 11:09:28,4.286278866328807
2025-01-02 11:09:29,4.274705568145803
2025-01-02 11:09:30,4.837775133662638
2025-01-02 11:09:31,4.5461652735232345
2025-01-02 11:09:32,
2025-01-02 11:09:33,4.399067823546363
2025-01-02 11:09:34,4.300296078535013
2025-01-02 11:09:35,4.7229522933836225
2025-01-02 11:09:36,4.393433067789633
2025-01-02 11:09:37,4.455840370280595
2025-01-02 11:09:38,4.593016436644845
2025-01-02 11:09:39,
2025-01-02 11:09:40,4.486013617452633
2025-01-02 11:09:41,4.215413988222945
2025-01-02 11:09:42,5.033401622751286
2025-01-02 11:09:43,4.576099676945014
2025-01-02 11:09:44,4.963740230008063
2025-01-02 11:09:45,4.296323623845524
2025-01-02 11:09:46,4.626041695112842
2025-01-02 11:09:47,4.258793154003477
2025-01-02 11:09:48,4.751298720368383
2025-01-02 11:09:49,4.783337790280326
2025-01-02 11:09:50,3.9107253580140755
2025-01-02 11:09:51,4.536395400130093
2025-01-02 11:09:52,4.402924811337339
2025-01-02 11:09:53,4.7122267026581
2025-01-02 11:09:54,4.310479504752481
2025-01-02 11:09:55,4.559064704734923
2025-01-02 11:09:56,4.668393835539438
2025-01-02 11:09:57,4.333535592563131
2025-01-02 11:09:58,4.365082370351107
2025-01-02 11:09:59,4.239708661176491
2025-01-02 11:10:00,4.1384365521876525
2025-01-02 11:10:01,5.124651569440988
2025-01-02 11:10:02,4.2967347551188535
2025-01-02 11:10:03,4.183848046457961
2025-01-02 11:10:04,4.814264421596353
2025-01-02 11:10:05,5.322110748784123
2025-01-02 11:10:06,4.701773801950835
2025-01-02 11:10:07,4.550618988378574
2025-01-02 11:10:08,4.896623651375625
2025-01-02 11:10:09,4.213327777778824
2025-01-02 11:10:10,4.616188781556266
2025-01-02 11:10:11,4.914619089544545
2025-01-02 11:10:12,4.634103808346379
2025-01-02 11:10:13,4.213185803175195
2025-01-02 11:10:14,3.935383474888916
2025-01-02 11:10:15,4.522046707221942
2025-01-02 11:10:16,4.544929171541311
2025-01-02 11:10:17,4.789707724362733
2025-01-02 11:10:18,5.105972762312638
2025-01-02 11:10:19,4.042252019900588
2025-01-02 11:10:20,4.075263339718714
2025-01-02 11:10:21,5.018141422717488
2025-01-02 11:10:22,5.074186955191671
2025-01-02 11:10:23,4.355063327127865
2025-01-02 11:10:24,4.53994359987253
2025-01-02 11:10:25,4.5816250753981675
2025-01-02 11:10:26,4.682813073991953
2025-01-02 11:10:27,4.651202326836353
2025-01-02 11:10:28,4.65982823547064
2025-01-02 11:10:29,4.377252344568064
2025-01-02 11:10:30,4.528448393039522
2025-01-02 11:10:31,4.607259700922121
2025-01-02 11:10:32,4.723725753847984
2025-01-02 11:10:33,4.765621033210683
2025-01-02 11:10:34,5.113331251675493
2025-01-02 11:10:35,4.5581236168508
2025-01-02 11:10:36,3.9997422807217737
2025-01-02 11:10:37,4.609320144403879
2025-01-02 11:10:38,4.819073196836639
2025-01-02 11:10:39,4.591410905187839
2025-01-02 11:10:40,4.9423312474374725
2025-01-02 11:10:41,5.154200184874963
2025-01-02 11:10:42,4.5192299748694795
2025-01-02 11:10:43,4.598216868432229
2025-01-02 11:10:44,4.203593012279631
2025-01-02 11:10:45,4.703609283149759
2025-01-02 11:10:46,
2025-01-02 11:10:47,4.479261363055551
2025-01-02 11:10:48,4.561042869808068
2025-01-02 11:10:49,5.17858449813901
2025-01-02 11:10:50,4.293534956669975
2025-01-02 11:10:51,4.10876733812086
2025-01-02 11:10:52,4.379712843341071
2025-01-02 11:10:53,4.541646781919817
2025-01-02 11:10:54,4.506382033774207
2025-01-02 11:10:55,4.833545409611206
2025-01-02 11:10:56,4.364868972909026
2025-01-02 11:10:57,4.609373729953341
2025-01-02 11:10:58,4.975559406976617
2025-01-02 11:10:59,4.3167168664523174
2025-01-02 11:11:00,4.131671561072306
2025-01-02 11:11:01,4.994909284546469
2025-01-02 11:11:02,5.038384092022967
2025-01-02 11:11:03,4.664069191546196
2025-01-02 11:11:04,5.088730389546051
2025-01-02 11:11:05,4.801557051103213
2025-01-02 11:11:06,4.570346838258772
2025-01-02 11:11:07,3.9082533672382542
2025-01-02 11:11:08,4.959690039892673
2025-01-02 11:11:09,4.629048944248145
2025-01-02 11:11:10,4.997074634691232
2025-01-02 11:11:11,4.34548550009263
2025-01-02 11:11:12,4.473757731172265
2025-01-02 11:11:13,4.757120613807677
2025-01-02 11:11:14,4.423739326235641
2025-01-02 11:11:15,4.525973371564092
2025-01-02 11:11:16,3.8618929470951673
2025-01-02 11:11:17,4.943945205016926
2025-01-02 11:11:18,4.3291765631573496
2025-01-02 11:11:19,4.514266423964241
2025-01-02 11:11:20,5.013303344683649
2025-01-02 11:11:21,4.543413718633084
2025-01-02 11:11:22,4.424260316093973
2025-01-02 11:11:23,
2025-01-02 11:11:24,4.547258608144965
2025-01-02 11:11:25,4.338805831307653
2025-01-02 11:11:26,4.506214654016241
2025-01-02 11:11:27,5.31870484576864
2025-01-02 11:11:28,4.998779985926397
2025-01-02 11:11:29,4.740594037116758
2025-01-02 11:11:30,4.691692735544468
2025-01-02 11:11:31,4.132013893481197
2025-01-02 11:11:32,4.425294384167592
2025-01-02 11:11:33,4.265557081282445
2025-01-02 11:11:34,4.305723440528797
2025-01-02 11:11:35,4.5475827605172645
2025-01-02 11:11:36,4.327901437212731
2025-01-02 11:11:37,4.646681873519573
2025-01-02 11:11:38,4.620322534941277
2025-01-02 11:11:39,4.30644701320161
2025-01-02 11:11:40,4.49153314733047
2025-01-02 11:11:41,4.537190955328434
2025-01-02 11:11:42,4.753744164638559
2025-01-02 11:11:43,5.012460761517224
2025-01-02 11:11:44,4.137393610562083
2025-01-02 11:11:45,4.148943632592849
2025-01-02 11:11:46,5.062093014957622
2025-01-02 11:11:47,4.856013705657019
2025-01-02 11:11:48,4.809187188644654
2025-01-02 11:11:49,4.851986574654868
2025-01-02 11:11:50,4.191891642852717
2025-01-02 11:11:51,4.938468748588818
2025-01-02 11:11:52,4.7189770249041265
2025-01-02 11:11:53,4.393806722339149
2025-01-02 11:11:54,4.640264904750695
2025-01-02 11:11:55,5.279788780425402
2025-01-02 11:11:56,4.821403728014554
2025-01-02 11:11:57,5.24830782650381
2025-01-02 11:11:58,4.6745848478916425
2025-01-02 11:11:59,4.595777777743319
2025-01-02 11:12:00,4.277881034933937
2025-01-02 11:12:01,4.572959300709546
2025-01-02 11:12:02,5.0886630142487235
2025-01-02 11:12:03,4.293072209397677
2025-01-02 11:12:04,4.610723581962553
2025-01-02 11:12:05,4.839591113493814
2025-01-02 11:12:06,
2025-01-02 11:12:07,4.889103056609255
2025-01-02 11:12:08,4.525967040585666
2025-01-02 11:12:09,4.803444489452202
2025-01-02 11:12:10,4.406111695298441
2025-01-02 11:12:11,4.646704329330277
2025-01-02 11:12:12,4.776570328659264
2025-01-02 11:12:13,4.933296472428926
2025-01-02 11:12:14,5.0200346735046075
2025-01-02 11:12:15,4.6347291255675005
2025-01-02 11:12:16,
2025-01-02 11:12:17,4.088036557081215
2025-01-02 11:12:18,4.308925774498356
2025-01-02 11:12:19,4.419250250054927
2025-01-02 11:12:20,4.820935468331282
2025-01-02 11:12:21,4.756071266127895
2025-01-02 11:12:22,4.531301543069185
2025-01-02 11:12:23,3.9891978883247576
2025-01-02 11:12:24,4.906092008345766
2025-01-02 11:12:25,4.460814176927516
2025-01-02 11:12:26,4.598371878684608
2025-01-02 11:12:27,4.838885786308741
2025-01-02 11:12:28,4.273789584149622
2025-01-02 11:12:29,3.787380314758788
2025-01-02 11:12:30,4.967745801228494
2025-01-02 11:12:31,4.658903247499727
2025-01-02 11:12:32,4.6762293060410105
2025-01-02 11:12:33,4.209044075149954
2025-01-02 11:12:34,4.750157288791777
2025-01-02 11:12:35,4.184983608996923
2025-01-02 11:12:36,4.696551280876453
2025-01-02 11:12:37,4.1559904229325655
2025-01-02 11:12:38,4.601988640142073
2025-01-02 11:12:39,4.742819301102573
2025-01-02 11:12:40,5.10229307654197
2025-01-02 11:12:41,4.550961625379677
2025-01-02 11:12:42,4.230650386936788
2025-01-02 11:12:43,4.862385434395597
2025-01-02 11:12:44,4.404733058268955
2025-01-02 11:12:45,4.941975371602475
2025-01-02 11:12:46,4.851579466425557
2025-01-02 11:12:47,4.120469255147915
2025-01-02 11:12:48,4.629240041185318
2025-01-02 11:12:49,4.32604905026003
2025-01-02 11:12:50,4.4128848260705045
2025-01-02 11:12:51,4.432160284373237
2025-01-02 11:12:52,5.164649965405643
2025-01-02 11:12:53,4.6613921739437485
2025-01-02 11:12:54,4.833069718644718
2025-01-02 11:12:55,4.377622683545894
2025-01-02 11:12:56,4.733073725576849
2025-01-02 11:12:57,4.915164699898132
2025-01-02 11:12:58,4.150690358816591
2025-01-02 11:12:59,4.934950252150797
2025-01-02 11:13:00,4.170533444850484
2025-01-02 11:13:01,4.939298879754357
2025-01-02 11:13:02,4.628040686269913
2025-01-02 11:13:03,4.556227964688506
2025-01-02 11:13:04,4.673250466770443
2025-01-02 11:13:05,4.435603392530006
2025-01-02 11:13:06,5.1325539622528575
2025-01-02 11:13:07,4.241935749591904
2025-01-02 11:13:08,4.23854116232526
2025-01-02 11:13:09,4.597385945482122
2025-01-02 11:13:10,4.9510026991911
2025-01-02 11:13:11,4.4515448110728135
2025-01-02 11:13:12,4.628000483997342
2025-01-02 11:13:13,4.426287247777336
2025-01-02 11:13:14,4.3939295458820045
2025-01-02 11:13:15,4.395801548356854
2025-01-02 11:13:16,4.540146485550624
2025-01-02 11:13:17,4.621976220187488
2025-01-02 11:13:18,4.529684359048789
2025-01-02 11:13:19,4.777784422574656
2025-01-02 11:13:20,4.642072909959065
2025-01-02 11:13:21,4.6190650792114285
2025-01-02 11:13:22,4.9675269180784225
2025-01-02 11:13:23,4.478701606473312
2025-01-02 11:13:24,4.652496155110837
2025-01-02 11:13:25,4.516399893211705
2025-01-02 11:13:26,4.7849899691107165
2025-01-02 11:13:27,4.654360223828692
2025-01-02 11:13:28,4.627189642283245
2025-01-02 11:13:29,5.2458623288813415
2025-01-02 11:13:30,4.711264575258561
2025-01-02 11:13:31,4.613491187589197
2025-01-02 11:13:32,4.103345635523493
2025-01-02 11:13:33,4.736899981028124
2025-01-02 11:13:34,4.448312747615316
2025-01-02 11:13:35,4.43458408691293
2025-01-02 11:13:36,4.7608950251439595
2025-01-02 11:13:37,4.656389617745763
2025-01-02 11:13:38,5.1628374306147355
2025-01-02 11:13:39,4.023138690460017
2025-01-02 11:13:40,5.2747500454483
2025-01-02 11:13:41,4.896488798228351
2025-01-02 11:13:42,4.94417895718955
2025-01-02 11:13:43,4.641551701332978
2025-01-02 11:13:44,4.963489407288676
2025-01-02 11:13:45,4.476093336330794
2025-01-02 11:13:46,4.603618166298687
2025-01-02 11:13:47,4.507915748628191
2025-01-02 11:13:48,4.510038842242102
2025-01-02 11:13:49,4.592223031722978
2025-01-02 11:13:50,4.279661473143434
2025-01-02 11:13:51,4.061576378564563
2025-01-02 11:13:52,4.613687974403088
2025-01-02 11:13:53,4.213291693985483
2025-01-02 11:13:54,4.740345431880496
2025-01-02 11:13:55,5.021886345768889
2025-01-02 11:13:56,4.089167811137964
2025-01-02 11:13:57,4.558192880759714
2025-01-02 11:13:58,4.644807057846156
2025-01-02 11:13:59,4.223144933181491
2025-01-02 11:14:00,4.930081213654264
2025-01-02 11:14:01,4.816918807524468
2025-01-02 11:14:02,4.273641467644644
2025-01-02 11:14:03,4.494656093868931
2025-01-02 11:14:04,5.012454805889577
2025-01-02 11:14:05,4.247672574933722
2025-01-02 11:14:06,4.620468484410793
2025-01-02 11:14:07,4.456319952879116
2025-01-02 11:14:08,4.3243232422893305
2025-01-02 11:14:09,4.874113125086287
2025-01-02 11:14:10,4.464419552441124
2025-01-02 11:14:11,4.407001872139189
2025-01-02 11:14:12,4.060647615247561
2025-01-02 11:14:13,4.49186062257764
2025-01-02 11:14:14,4.415210801429058
2025-01-02 11:14:15,4.182684080622787
2025-01-02 11:14:16,4.544186632803579
2025-01-02 11:14:17,4.446959503131904
2025-01-02 11:14:18,4.801016123606752
2025-01-02 11:14:19,4.629479543124961
2025-01-02 11:14:20,4.259922124142289
2025-01-02 11:14:21,4.789524811533725
2025-01-02 11:14:22,4.567631812365389
2025-01-02 11:14:23,4.53565524968099
2025-01-02 11:14:24,4.850040017966941
2025-01-02 11:14:25,4.820871153235992
2025-01-02 11:14:26,4.740689152697217
2025-01-02 11:14:27,4.581950151374406
2025-01-02 11:14:28,4.797127911524264
2025-01-02 11:14:29,4.2552810685508575
2025-01-02 11:14:30,4.184592070049055
2025-01-02 11:14:31,4.909304346362929
2025-01-02 11:14:32,4.564303330702747
2025-01-02 11:14:33,4.7724043053830645
2025-01-02 11:14:34,4.430922396765917
2025-01-02 11:14:35,4.349306862226928
2025-01-02 11:14:36,4.857775184152368
2025-01-02 11:14:37,4.3108585320875665
2025-01-02 11:14:38,4.265391043323084
2025-01-02 11:14:39,4.581298717604867
2025-01-02 11:14:40,4.808878468561115
2025-01-02 11:14:41,4.707841828513834
2025-01-02 11:14:42,4.734452361725494
2025-01-02 11:14:43,4.595660157760861
2025-01-02 11:14:44,4.56971022898381
2025-01-02 11:14:45,4.39564443718061
2025-01-02 11:14:46,5.21871353708172
2025-01-02 11:14:47,4.365793032170806
2025-01-02 11:14:48,4.840713463857088
2025-01-02 11:14:49,4.896328795390088
2025-01-02 11:14:50,4.642897561447326
2025-01-02 11:14:51,4.360815733766628
2025-01-02 11:14:52,4.297651032953575
2025-01-02 11:14:53,4.977196038699118
2025-01-02 11:14:54,4.29272919361447
2025-01-02 11:14:55,4.720561900732798
2025-01-02 11:14:56,4.574562441283161
2025-01-02 11:14:57,4.754993804248701
2025-01-02 11:14:58,4.7334630076462805
2025-01-02 11:14:59,4.332397051687962
2025-01-02 11:15:00,4.934313338013768
2025-01-02 11:15:01,5.012537523674191
2025-01-02 11:15:02,4.193335443888422
2025-01-02 11:15:03,5.079754808898776
2025-01-02 11:15:04,4.817133864158562
2025-01-02 11:15:05,4.522276503523097
2025-01-02 11:15:06,4.622833818015757
2025-01-02 11:15:07,4.674193153560883
2025-01-02 11:15:08,4.653159557153485
2025-01-02 11:15:09,4.7376819857160966
2025-01-02 11:15:10,4.404200674984089
2025-01-02 11:15:11,4.5086731319605216
2025-01-02 11:15:12,4.627925514110099
2025-01-02 11:15:13,4.776974451781317
2025-01-02 11:15:14,5.049592025435749
2025-01-02 11:15:15,4.6666922184506
2025-01-02 11:15:16,4.703373437947131
2025-01-02 11:15:17,5.205047265559544
2025-01-02 11:15:18,4.493645884037594
2025-01-02 11:15:19,5.15841704967008
2025-01-02 11:15:20,4.256677874717324
2025-01-02 11:15:21,4.653796325375968
2025-01-02 11:15:22,5.033407425580847
2025-01-02 11:15:23,4.294980103412348
2025-01-02 11:15:24,4.0559413216217015
2025-01-02 11:15:25,4.158358695599959
2025-01-02 11:15:26,5.232351833675942
2025-01-02 11:15:27,4.0576366077047075
2025-01-02 11:15:28,4.453184355136933
2025-01-02 11:15:29,4.7108664687005515
2025-01-02 11:15:30,4.242818357940135
2025-01-02 11:15:31,4.929845112959163
2025-01-02 11:15:32,4.583676839026881
2025-01-02 11:15:33,4.496401604907406
2025-01-02 11:15:34,4.410952919242295
2025-01-02 11:15:35,4.75720091095649
2025-01-02 11:15:36,4.74991865346165
2025-01-02 11:15:37,4.698953312990167
2025-01-02 11:15:38,4.821566152828525
2025-01-02 11:15:39,4.4983990408179615
2025-01-02 11:15:40,5.17079192092186
2025-01-02 11:15:41,5.193651269170086
2025-01-02 11:15:42,4.593506346136605
2025-01-02 11:15:43,4.811679013644378
2025-01-02 11:15:44,4.633378235223195
2025-01-02 11:15:45,4.716961307497411
2025-01-02 11:15:46,4.6530565082356885
2025-01-02 11:15:47,4.120215453896426
2025-01-02 11:15:48,4.669132590998244
2025-01-02 11:15:49,4.849642084827649
2025-01-02 11:15:50,5.3004771098825785
2025-01-02 11:15:51,4.789285318703269
2025-01-02 11:15:52,4.708637949501223
2025-01-02 11:15:53,4.778862534827246
2025-01-02 11:15:54,4.6161178869305175
2025-01-02 11:15:55,5.12484472997598
2025-01-02 11:15:56,4.610041067286338
2025-01-02 11:15:57,4.906566036861705
2025-01-02 11:15:58,4.681161697505624
2025-01-02 11:15:59,5.0089299046259725
2025-01-02 11:16:00,4.737190484670488
2025-01-02 11:16:01,5.193999530339358
2025-01-02 11:16:02,4.3562306727108675
2025-01-02 11:16:03,4.243028857023973
2025-01-02 11:16:04,4.080518913643084
2025-01-02 11:16:05,4.776802321363736
2025-01-02 11:16:06,4.318034699693731
2025-01-02 11:16:07,4.992446872305607
2025-01-02 11:16:08,4.702500093385646
2025-01-02 11:16:09,
2025-01-02 11:16:10,4.036214699005249
2025-01-02 11:16:11,4.45080082489055
2025-01-02 11:16:12,4.586596998806937
2025-01-02 11:16:13,4.843627330317455
2025-01-02 11:16:14,4.428757473876624
2025-01-02 11:16:15,5.068738803043379
2025-01-02 11:16:16,5.261941646040641
2025-01-02 11:16:17,5.133123626585905
2025-01-02 11:16:18,4.629170768960719
2025-01-02 11:16:19,5.11756515480177
2025-01-02 11:16:20,4.7776154859490045
2025-01-02 11:16:21,4.888369122470362
2025-01-02 11:16:22,4.509594385084075
2025-01-02 11:16:23,4.856462927713569
2025-01-02 11:16:24,4.717655590938371
2025-01-02 11:16:25,4.9047628393817595
2025-01-02 11:16:26,5.010334319733234
2025-01-02 11:16:27,4.688343232575924
2025-01-02 11:16:28,4.627841051607766
2025-01-02 11:16:29,4.675805838316684
2025-01-02 11:16:30,5.169712885293042
2025-01-02 11:16:31,4.858980844028432
2025-01-02 11:16:32,4.754511821045261
2025-01-02 11:16:33,4.793049209675456
2025-01-02 11:16:34,4.593658934425729
2025-01-02 11:16:35,4.735037704808134
2025-01-02 11:16:36,4.4651994698467625
2025-01-02 11:16:37,4.894532803775356
2025-01-02 11:16:38,4.394492490984798
2025-01-02 11:16:39,5.013836707003033
2025-01-02 11:16:40,4.113071909067097
2025-01-02 11:16:41,4.701485750622617
2025-01-02 11:16:42,5.29812101331536
2025-01-02 11:16:43,4.207147678929795
2025-01-02 11:16:44,4.878459070365783
2025-01-02 11:16:45,4.675059159157638
2025-01-02 11:16:46,4.866490392183669
2025-01-02 11:16:47,4.627240406827676
2025-01-02 11:16:48,4.51898447703825
2025-01-02 11:16:49,4.185566031014554
2025-01-02 11:16:50,4.80860199945556
2025-01-02 11:16:51,4.336882685900455
2025-01-02 11:16:52,4.90656372155985
2025-01-02 11:16:53,4.935711423620831
2025-01-02 11:16:54,
2025-01-02 11:16:55,4.236770854892408
2025-01-02 11:16:56,5.01329247698279
2025-01-02 11:16:57,4.421078609784203
2025-01-02 11:16:58,4.390743403980551
2025-01-02 11:16:59,4.728635202490071
2025-01-02 11:17:00,4.571519451698465
2025-01-02 11:17:01,4.881213782899552
2025-01-02 11:17:02,4.115500640184814
2025-01-02 11:17:03,4.8946970006064845
2025-01-02 11:17:04,4.5920295802608875
2025-01-02 11:17:05,3.829439523524371
2025-01-02 11:17:06,4.697496696271597
2025-01-02 11:17:07,4.613092082805815
2025-01-02 11:17:08,4.378413207485571
2025-01-02 11:17:09,4.715500197313809
2025-01-02 11:17:10,4.839625086912648
2025-01-02 11:17:11,4.683815893622455
2025-01-02 11:17:12,4.410844529129992
2025-01-02 11:17:13,4.81806360090671
2025-01-02 11:17:14,5.023001352339156
2025-01-02 11:17:15,5.100103677324822
2025-01-02 11:17:16,5.137269042526175
2025-01-02 11:17:17,5.27298912401024
2025-01-02 11:17:18,4.441122404329919
2025-01-02 11:17:19,4.78687830190557
2025-01-02 11:17:20,4.377781331070563
2025-01-02 11:17:21,4.996777350324331
2025-01-02 11:17:22,4.46256379999632
2025-01-02 11:17:23,4.527524562889397
2025-01-02 11:17:24,5.084003898200177
2025-01-02 11:17:25,4.409303312727254
2025-01-02 11:17:26,4.574113272592437
2025-01-02 11:17:27,4.620423326964269
2025-01-02 11:17:28,4.484098677089532
2025-01-02 11:17:29,4.729871683579378
2025-01-02 11:17:30,4.7849568362725705
2025-01-02 11:17:31,4.822991053178084
2025-01-02 11:17:32,4.7858982522251186
2025-01-02 11:17:33,4.214145850453782
2025-01-02 11:17:34,4.7166708407029
2025-01-02 11:17:35,4.399787385792481
2025-01-02 11:17:36,4.36146203972258
2025-01-02 11:17:37,4.912901719545904
2025-01-02 11:17:38,
2025-01-02 11:17:39,5.141623850696041
2025-01-02 11:17:40,4.817788053791678
2025-01-02 11:17:41,4.380751267270155
2025-01-02 11:17:42,4.249588866173915
2025-01-02 11:17:43,4.761610962226862
2025-01-02 11:17:44,4.86563824773088
2025-01-02 11:17:45,4.71830780240022
2025-01-02 11:17:46,4.724190666209352
2025-01-02 11:17:47,4.857801677507224
2025-01-02 11:17:48,5.187512279502636
2025-01-02 11:17:49,4.705382910784811
2025-01-02 11:17:50,4.539503842328898
2025-01-02 11:17:51,4.357110677745279
2025-01-02 11:17:52,4.302553017332852
2025-01-02 11:17:53,4.859516639439146
2025-01-02 11:17:54,4.660286199945363
2025-01-02 11:17:55,4.700392509521354
2025-01-02 11:17:56,4.268577432520405
2025-01-02 11:17:57,4.84842225085289
2025-01-02 11:17:58,4.604193906481793
2025-01-02 11:17:59,4.492481056146036
2025-01-02 11:18:00,5.058146704770587
2025-01-02 11:18:01,4.65552426609126
2025-01-02 11:18:02,4.515701021472085
2025-01-02 11:18:03,4.719483058736936
2025-01-02 11:18:04,4.587075094389881
2025-01-02 11:18:05,4.749945930914316
2025-01-02 11:18:06,5.026897964708464
2025-01-02 11:18:07,4.488248502188027
2025-01-02 11:18:08,4.9184086644956695
2025-01-02 11:18:09,4.591806224899357
2025-01-02 11:18:10,4.513305449024017
2025-01-02 11:18:11,4.152796019374693
2025-01-02 11:18:12,4.885494528309679
2025-01-02 11:18:13,4.695566702390186
2025-01-02 11:18:14,4.721043033175694
2025-01-02 11:18:15,4.646953762692024
2025-01-02 11:18:16,4.267064440234649
2025-01-02 11:18:17,4.64562606082239
2025-01-02 11:18:18,5.02232676687274
2025-01-02 11:18:19,5.069222927797285
2025-01-02 11:18:20,4.710315595204883
2025-01-02 11:18:21,5.010940975580658
2025-01-02 11:18:22,4.601298522632352
2025-01-02 11:18:23,4.462147618546127
2025-01-02 11:18:24,4.803692380168169
2025-01-02 11:18:25,4.932877772424611
2025-01-02 11:18:26,4.48340032502961
2025-01-02 11:18:27,4.723814557102594
2025-01-02 11:18:28,4.177130325353257
2025-01-02 11:18:29,4.872357409449039
2025-01-02 11:18:30,4.915211766535821
2025-01-02 11:18:31,4.483461734806693
2025-01-02 11:18:32,4.54975500526362
2025-01-02 11:18:33,4.625095975454397
2025-01-02 11:18:34,4.553074430994089
2025-01-02 11:18:35,4.698375822676174
2025-01-02 11:18:36,4.977265103943833
2025-01-02 11:18:37,4.290094718622986
2025-01-02 11:18:38,4.755381363002267
2025-01-02 11:18:39,4.824262501554972
2025-01-02 11:18:40,5.177083470361583
2025-01-02 11:18:41,4.8373722640065075
2025-01-02 11:18:42,4.4112429891435765
2025-01-02 11:18:43,4.827244146268368
2025-01-02 11:18:44,4.497266974853066
2025-01-02 11:18:45,4.751874257195558
2025-01-02 11:18:46,5.060015252020393
2025-01-02 11:18:47,4.191304449861663
2025-01-02 11:18:48,4.85377762274597
2025-01-02 11:18:49,5.071437649006328
2025-01-02 11:18:50,4.429869501224757
2025-01-02 11:18:51,4.947006186085489
2025-01-02 11:18:52,4.617323197566555
2025-01-02 11:18:53,4.436998969411834
2025-01-02 11:18:54,4.841443873469975
2025-01-02 11:18:55,4.940450837252031
2025-01-02 11:18:56,4.946938421576755
2025-01-02 11:18:57,5.2358916270125055
2025-01-02 11:18:58,4.734375905249956
2025-01-02 11:18:59,4.463386954711681
2025-01-02 11:19:00,4.984408232585175
2025-01-02 11:19:01,5.135928695523314
2025-01-02 11:19:02,4.340826294056175
2025-01-02 11:19:03,4.799037443947324
2025-01-02 11:19:04,4.750684782653453
2025-01-02 11:19:05,4.851066369120973
2025-01-02 11:19:06,5.034605912872816
2025-01-02 11:19:07,4.4790766692873
2025-01-02 11:19:08,4.868298469979693
2025-01-02 11:19:09,5.167974546588974
2025-01-02 11:19:10,4.873326692180896
2025-01-02 11:19:11,4.5050472377611195
2025-01-02 11:19:12,4.969425022097869
2025-01-02 11:19:13,4.341889740386759
2025-01-02 11:19:14,4.563174554959152
2025-01-02 11:19:15,5.325646170238339
2025-01-02 11:19:16,5.051119899174192
2025-01-02 11:19:17,4.825002688860575
2025-01-02 11:19:18,4.9039743195283645
2025-01-02 11:19:19,5.390638393843046
2025-01-02 11:19:20,5.2062946987631955
2025-01-02 11:19:21,4.76909891484815
2025-01-02 11:19:22,4.53131895424717
2025-01-02 11:19:23,4.4500906759519525
2025-01-02 11:19:24,5.02069233527838
2025-01-02 11:19:25,5.238490009736473
2025-01-02 11:19:26,
2025-01-02 11:19:27,5.057298711695769
2025-01-02 11:19:28,4.521021568088792
2025-01-02 11:19:29,4.6259890218518995
2025-01-02 11:19:30,4.4800015932064285
2025-01-02 11:19:31,4.3366371935158785
2025-01-02 11:19:32,5.027271342896657
2025-01-02 11:19:33,4.481483764092263
2025-01-02 11:19:34,5.277712691918245
2025-01-02 11:19:35,5.072964159681952
2025-01-02 11:19:36,4.938311950327244
2025-01-02 11:19:37,5.302469889476285
2025-01-02 11:19:38,4.9787499023192225
2025-01-02 11:19:39,4.997445692606926
2025-01-02 11:19:40,4.996553595539954
2025-01-02 11:19:41,4.8669120928977785
2025-01-02 11:19:42,4.753086434951023
2025-01-02 11:19:43,4.5387050842535634
2025-01-02 11:19:44,4.292264952344085
2025-01-02 11:19:45,5.110556970571629
2025-01-02 11:19:46,5.200796370900401
2025-01-02 11:19:47,4.746218280953474
2025-01-02 11:19:48,4.759315777869601
2025-01-02 11:19:49,4.25091283818367
2025-01-02 11:19:50,4.970382157987125
2025-01-02 11:19:51,4.5662707023134175
2025-01-02 11:19:52,5.178904069414958
2025-01-02 11:19:53,5.031631954392651
2025-01-02 11:19:54,5.179728785306819
2025-01-02 11:19:55,4.172823059863486
2025-01-02 11:19:56,4.761459241323514
2025-01-02 11:19:57,4.660267909539303
2025-01-02 11:19:58,4.86882577050677
2025-01-02 11:19:59,4.949366616891867
2025-01-02 11:20:00,5.027945649035943
2025-01-02 11:20:01,4.494646756823025
2025-01-02 11:20:02,4.5546738481051285
2025-01-02 11:20:03,4.576540566938284
2025-01-02 11:20:04,4.927740029323276
2025-01-02 11:20:05,5.1929793036880145
2025-01-02 11:20:06,4.404055107041644
2025-01-02 11:20:07,4.721452338718918
2025-01-02 11:20:08,4.724062133703934
2025-01-02 11:20:09,4.4966396402628535
2025-01-02 11:20:10,4.931874661136235
2025-01-02 11:20:11,4.623168286169094
2025-01-02 11:20:12,4.868992631122332
2025-01-02 11:20:13,5.135469990523281
2025-01-02 11:20:14,4.700939768211219
2025-01-02 11:20:15,4.765253532954636
2025-01-02 11:20:16,4.591689997142974
2025-01-02 11:20:17,4.891043745898879
2025-01-02 11:20:18,4.925027557556361
2025-01-02 11:20:19,4.515639382761437
2025-01-02 11:20:20,5.126817087730678
2025-01-02 11:20:21,4.876129710143142
2025-01-02 11:20:22,
2025-01-02 11:20:23,4.932384108686189
2025-01-02 11:20:24,4.592209469507725
2025-01-02 11:20:25,4.495355351283819
2025-01-02 11:20:26,5.270844146565047
2025-01-02 11:20:27,4.8728725668641015
2025-01-02 11:20:28,4.527415154155839
2025-01-02 11:20:29,4.617410041231246
2025-01-02 11:20:30,4.862060984489187
2025-01-02 11:20:31,4.914262195037035
2025-01-02 11:20:32,4.674994997985901
2025-01-02 11:20:33,5.045643960273548
2025-01-02 11:20:34,4.93139114464922
2025-01-02 11:20:35,5.193035785660692
2025-01-02 11:20:36,4.869502310179522
2025-01-02 11:20:37,4.0883774122223935
2025-01-02 11:20:38,4.654716593240642
2025-01-02 11:20:39,4.99977277942243
2025-01-02 11:20:40,5.232705184246599
2025-01-02 11:20:41,4.887179781674994
2025-01-02 11:20:42,4.883427609548456
2025-01-02 11:20:43,4.638903157801822
2025-01-02 11:20:44,4.357064343105707
2025-01-02 11:20:45,4.899237258212082
2025-01-02 11:20:46,4.644965066120756
2025-01-02 11:20:47,4.799516155687913
2025-01-02 11:20:48,
2025-01-02 11:20:49,4.452069001175893
2025-01-02 11:20:50,4.591842871262207
2025-01-02 11:20:51,4.662211849971204
2025-01-02 11:20:52,4.890922735968793
2025-01-02 11:20:53,4.703773061348871
2025-01-02 11:20:54,5.23627759446175
2025-01-02 11:20:55,4.71711842882287
2025-01-02 11:20:56,4.91926084895109
2025-01-02 11:20:57,4.530076229440504
2025-01-02 11:20:58,4.642973387008346
2025-01-02 11:20:59,4.8432718999270685
2025-01-02 11:21:00,5.127588753807893
2025-01-02 11:21:01,5.2225613171197445
2025-01-02 11:21:02,4.692356617749596
2025-01-02 11:21:03,4.2189587202405185
2025-01-02 11:21:04,4.697909342903938
2025-01-02 11:21:05,5.0598189891416965
2025-01-02 11:21:06,4.692080049426618
2025-01-02 11:21:07,4.616885617326188
2025-01-02 11:21:08,4.537471950264152
2025-01-02 11:21:09,4.5819554870129835
2025-01-02 11:21:10,4.609478698281659
2025-01-02 11:21:11,4.868940474416321
2025-01-02 11:21:12,5.133094143718978
2025-01-02 11:21:13,4.870082691704346
2025-01-02 11:21:14,4.647470571272258
2025-01-02 11:21:15,4.839508929310263
2025-01-02 11:21:16,4.704451282828514
2025-01-02 11:21:17,4.733814311680073
2025-01-02 11:21:18,4.785861262215227
2025-01-02 11:21:19,4.686440530248001
2025-01-02 11:21:20,4.511418563815316
2025-01-02 11:21:21,4.887333365973558
2025-01-02 11:21:22,5.432865738455071
2025-01-02 11:21:23,5.0648635433008895
2025-01-02 11:21:24,4.950809340507722
2025-01-02 11:21:25,4.641682785781629
2025-01-02 11:21:26,4.847028077510203
2025-01-02 11:21:27,4.829466359519637
2025-01-02 11:21:28,4.8935462198209105
2025-01-02 11:21:29,4.4712544294623395
2025-01-02 11:21:30,5.426887053537972
2025-01-02 11:21:31,4.941662232630046
2025-01-02 11:21:32,4.952808018292658
2025-01-02 11:21:33,4.098132588190116
2025-01-02 11:21:34,4.888389934708412
2025-01-02 11:21:35,5.076408728420933
2025-01-02 11:21:36,4.022104858454057
2025-01-02 11:21:37,5.0528573692386205
2025-01-02 11:21:38,4.509413658158387
2025-01-02 11:21:39,4.945473663631966
2025-01-02 11:21:40,4.817001978810518
2025-01-02 11:21:41,4.803420582580654
2025-01-02 11:21:42,4.923745108972369
2025-01-02 11:21:43,4.816187308778503
2025-01-02 11:21:44,5.399906442099759
2025-01-02 11:21:45,4.790258388511347
2025-01-02 11:21:46,5.038826727572405
2025-01-02 11:21:47,4.91479250979277
2025-01-02 11:21:48,4.924364180450883
2025-01-02 11:21:49,5.01281197000323
2025-01-02 11:21:50,5.1718686351970184
2025-01-02 11:21:51,5.049087311929398
2025-01-02 11:21:52,4.298850400407403
2025-01-02 11:21:53,4.925497650926297
2025-01-02 11:21:54,5.636086925448126
2025-01-02 11:21:55,5.073296003972476
2025-01-02 11:21:56,4.888074810596483
2025-01-02 11:21:57,4.764879897124979
2025-01-02 11:21:58,4.921961899477281
2025-01-02 11:21:59,4.800837219329584
2025-01-02 11:22:00,4.544107201762947
2025-01-02 11:22:01,4.049763307085007
2025-01-02 11:22:02,5.69519817828312
2025-01-02 11:22:03,5.024679998056556
2025-01-02 11:22:04,4.670492839517579
2025-01-02 11:22:05,4.762657630497943
2025-01-02 11:22:06,4.783178434636009
2025-01-02 11:22:07,5.211485144145558
2025-01-02 11:22:08,4.927984809077708
2025-01-02 11:22:09,5.084308868851167
2025-01-02 11:22:10,5.179850598737863
2025-01-02 11:22:11,4.802880369697467
2025-01-02 11:22:12,4.944428968406645
2025-01-02 11:22:13,4.620084657368292
2025-01-02 11:22:14,4.859044830348312
2025-01-02 11:22:15,4.605254596985107
2025-01-02 11:22:16,4.829262561979589
2025-01-02 11:22:17,5.07421734698034
2025-01-02 11:22:18,5.361344166476835
2025-01-02 11:22:19,5.101718173394169
2025-01-02 11:22:20,4.75469870382816
2025-01-02 11:22:21,4.7344934221193675
2025-01-02 11:22:22,4.849823914956949
2025-01-02 11:22:23,4.761975977800231
2025-01-02 11:22:24,4.389566335653539
2025-01-02 11:22:25,4.881677408241222
2025-01-02 11:22:26,4.5974398519672635
2025-01-02 11:22:27,4.565170555044008
2025-01-02 11:22:28,4.694152588238772
2025-01-02 11:22:29,4.697483985744084
2025-01-02 11:22:30,4.669790173847763
2025-01-02 11:22:31,4.5702823046291305
2025-01-02 11:22:32,4.153102605564067
2025-01-02 11:22:33,5.0316738427467875
2025-01-02 11:22:34,5.4319333866101
2025-01-02 11:22:35,4.438318939931204
2025-01-02 11:22:36,5.0561151789525525
2025-01-02 11:22:37,4.855217738974467
2025-01-02 11:22:38,4.815746081926411
2025-01-02 11:22:39,5.044527194010527
2025-01-02 11:22:40,5.270713114724673
2025-01-02 11:22:41,4.782142566789133
2025-01-02 11:22:42,4.754073373532305
2025-01-02 11:22:43,5.3516059845995265
2025-01-02 11:22:44,5.4026018538041125
2025-01-02 11:22:45,4.857933701642041
2025-01-02 11:22:46,5.383628010800544
2025-01-02 11:22:47,4.810606322041636
2025-01-02 11:22:48,5.15933518978061
2025-01-02 11:22:49,4.502693482214153
2025-01-02 11:22:50,4.809195154074742
2025-01-02 11:22:51,4.959163519615819
2025-01-02 11:22:52,4.99067692845383
2025-01-02 11:22:53,4.591981946761807
2025-01-02 11:22:54,4.705290526621159
2025-01-02 11:22:55,4.908572135854842
2025-01-02 11:22:56,4.823361158452328
2025-01-02 11:22:57,4.631211222219797
2025-01-02 11:22:58,5.008258849756423
2025-01-02 11:22:59,4.9978138286845555
2025-01-02 11:23:00,5.161261060323939
2025-01-02 11:23:01,4.551235035991506
2025-01-02 11:23:02,4.618696892290739
2025-01-02 11:23:03,4.374212994692666
2025-01-02 11:23:04,4.793192040238698
2025-01-02 11:23:05,4.689667635287619
2025-01-02 11:23:06,4.193165753713496
2025-01-02 11:23:07,4.546571892041738
2025-01-02 11:23:08,4.854125742927743
2025-01-02 11:23:09,4.730873006670228
2025-01-02 11:23:10,4.710644822298543
2025-01-02 11:23:11,5.158585193183319
2025-01-02 11:23:12,4.79229864844036
2025-01-02 11:23:13,
2025-01-02 11:23:14,4.917579768790937
2025-01-02 11:23:15,5.213120370336696
2025-01-02 11:23:16,4.6146543406330425
2025-01-02 11:23:17,5.2365352656686035
2025-01-02 11:23:18,5.616177713213314
2025-01-02 11:23:19,4.136623925580637
2025-01-02 11:23:20,5.420591815272925
2025-01-02 11:23:21,4.728820569652456
2025-01-02 11:23:22,4.985980719416327
2025-01-02 11:23:23,5.071730111238339
2025-01-02 11:23:24,4.7488225159480635
2025-01-02 11:23:25,4.887058646579493
2025-01-02 11:23:26,5.5404757234207285
2025-01-02 11:23:27,4.4447770555647965
2025-01-02 11:23:28,4.9061285084273125
2025-01-02 11:23:29,4.35859769088786
2025-01-02 11:23:30,4.339656090308043
2025-01-02 11:23:31,5.105205094368988
2025-01-02 11:23:32,5.178099725600595
2025-01-02 11:23:33,5.280861696970851
2025-01-02 11:23:34,4.750751997585592
2025-01-02 11:23:35,4.983051225825009
2025-01-02 11:23:36,5.167723759538205
2025-01-02 11:23:37,5.114696672593217
2025-01-02 11:23:38,5.070573088554057
2025-01-02 11:23:39,4.946464974492413
2025-01-02 11:23:40,5.460744148384315
2025-01-02 11:23:41,5.359083270797102
2025-01-02 11:23:42,5.251371475129748
2025-01-02 11:23:43,4.743036359593767
2025-01-02 11:23:44,4.89404897734799
2025-01-02 11:23:45,4.560861127166387
2025-01-02 11:23:46,4.94014636987795
2025-01-02 11:23:47,5.174506183784272
2025-01-02 11:23:48,4.668693335586482
2025-01-02 11:23:49,4.7541025009305065
2025-01-02 11:23:50,4.716617744124788
2025-01-02 11:23:51,4.749654896242569
2025-01-02 11:23:52,4.720493786311073
2025-01-02 11:23:53,5.521354142204197
2025-01-02 11:23:54,4.340733181997262
2025-01-02 11:23:55,5.481619893219984
2025-01-02 11:23:56,5.224295996056893
2025-01-02 11:23:57,5.42625084619855
2025-01-02 11:23:58,5.125108232017968
2025-01-02 11:23:59,4.923512647962179
2025-01-02 11:24:00,5.254962275004514
2025-01-02 11:24:01,5.031002356148043
2025-01-02 11:24:02,4.904349476987732
2025-01-02 11:24:03,4.652555850267988
2025-01-02 11:24:04,4.775972065717699
2025-01-02 11:24:05,4.824981925099191
2025-01-02 11:24:06,4.711812175147822
2025-01-02 11:24:07,4.470328765429974
2025-01-02 11:24:08,5.162611119955749
2025-01-02 11:24:09,4.5075761506663135
2025-01-02 11:24:10,4.883235813458502
2025-01-02 11:24:11,5.038339126371782
2025-01-02 11:24:12,4.961802661069967
2025-01-02 11:24:13,4.771681866214807
2025-01-02 11:24:14,4.973937772744709
2025-01-02 11:24:15,5.198553047097052
2025-01-02 11:24:16,4.893109182624504
2025-01-02 11:24:17,4.657807706846805
2025-01-02 11:24:18,5.426918343114705
2025-01-02 11:24:19,4.9585588361346336
2025-01-02 11:24:20,4.687308696710667
2025-01-02 11:24:21,5.144200085346737
2025-01-02 11:24:22,5.095517341966585
2025-01-02 11:24:23,5.606401462310366
2025-01-02 11:24:24,4.988948552140984
2025-01-02 11:24:25,4.719190903059397
2025-01-02 11:24:26,4.881471430273036
2025-01-02 11:24:27,5.076961865168678
2025-01-02 11:24:28,4.77725659125541
2025-01-02 11:24:29,4.711061641033404
2025-01-02 11:24:30,5.001319369912714
2025-01-02 11:24:31,4.873383873706252
2025-01-02 11:24:32,4.344853814937826
2025-01-02 11:24:33,5.237780282087689
2025-01-02 11:24:34,4.871415459157232
2025-01-02 11:24:35,4.940669866768535
2025-01-02 11:24:36,4.9347455148355825
2025-01-02 11:24:37,4.639389429396014
2025-01-02 11:24:38,4.7869104354220315
2025-01-02 11:24:39,4.866236510325908
2025-01-02 11:24:40,4.653141146693168
2025-01-02 11:24:41,4.820102201316762
2025-01-02 11:24:42,4.978173514628443
2025-01-02 11:24:43,4.502112035594119
2025-01-02 11:24:44,5.189189964895979
2025-01-02 11:24:45,4.620468084083042
2025-01-02 11:24:46,4.986406036434927
2025-01-02 11:24:47,4.564459967832011
2025-01-02 11:24:48,5.554613990690952
2025-01-02 11:24:49,4.813244066657629
2025-01-02 11:24:50,4.764255501588133
2025-01-02 11:24:51,5.200225727349421
2025-01-02 11:24:52,4.1528015566601315
2025-01-02 11:24:53,4.877650522065861
2025-01-02 11:24:54,4.922646183719292
2025-01-02 11:24:55,4.897757571593597
2025-01-02 11:24:56,5.0520253664744965
2025-01-02 11:24:57,4.743466997895425
2025-01-02 11:24:58,5.043792439700785
2025-01-02 11:24:59,4.859331097064582
2025-01-02 11:25:00,5.130922174211832
2025-01-02 11:25:01,5.032098143190971
2025-01-02 11:25:02,5.103015558817359
2025-01-02 11:25:03,4.328441197633274
2025-01-02 11:25:04,5.002558197725947
2025-01-02 11:25:05,4.943172803045828
2025-01-02 11:25:06,4.944367846765368
2025-01-02 11:25:07,5.084334213715897
2025-01-02 11:25:08,4.780919635425023
2025-01-02 11:25:09,5.136699590233759
2025-01-02 11:25:10,4.932070258124959
2025-01-02 11:25:11,5.37296744921559
2025-01-02 11:25:12,5.276266878934192
2025-01-02 11:25:13,4.539085624256924
2025-01-02 11:25:14,4.510100467792431
2025-01-02 11:25:15,4.748769803359678
2025-01-02 11:25:16,5.083648694925582
2025-01-02 11:25:17,4.440127087054822
2025-01-02 11:25:18,4.986810723188762
2025-01-02 11:25:19,5.039707569650462
2025-01-02 11:25:20,4.943920312231986
2025-01-02 11:25:21,4.5682682391949285
2025-01-02 11:25:22,5.252567426120292
2025-01-02 11:25:23,5.22216306522348
2025-01-02 11:25:24,4.656865256427183
2025-01-02 11:25:25,4.388399388880761
2025-01-02 11:25:26,5.118246496814199
2025-01-02 11:25:27,5.539317364364171
2025-01-02 11:25:28,4.821318381568614
2025-01-02 11:25:29,4.631724446719549
2025-01-02 11:25:30,5.049812963539548
2025-01-02 11:25:31,4.862210399470893
2025-01-02 11:25:32,5.190306386359762
2025-01-02 11:25:33,4.754724354169847
2025-01-02 11:25:34,5.052289575117183
2025-01-02 11:25:35,5.301147617498413
2025-01-02 11:25:36,5.2033683310325705
2025-01-02 11:25:37,4.944444494064293
2025-01-02 11:25:38,4.66713005042097
2025-01-02 11:25:39,4.747725938364597
2025-01-02 11:25:40,5.169810072362339
2025-01-02 11:25:41,5.190255380944433
2025-01-02 11:25:42,5.182581836986273
2025-01-02 11:25:43,4.349323548839197
2025-01-02 11:25:44,4.995563128206355
2025-01-02 11:25:45,5.087526450700917
2025-01-02 11:25:46,4.95434295434585
2025-01-02 11:25:47,4.694373958594453
2025-01-02 11:25:48,4.833034193607136
2025-01-02 11:25:49,5.07037742454619
2025-01-02 11:25:50,4.368224341041985
2025-01-02 11:25:51,4.662140827879526
2025-01-02 11:25:52,4.902051495671356
2025-01-02 11:25:53,4.775595445967986
2025-01-02 11:25:54,5.3864826207512575
2025-01-02 11:25:55,5.2870242705339825
2025-01-02 11:25:56,4.822246398154246
2025-01-02 11:25:57,5.030098571748059
2025-01-02 11:25:58,4.646869525706752
2025-01-02 11:25:59,4.556571189886147
2025-01-02 11:26:00,4.655157281151576
2025-01-02 11:26:01,5.062506927406957
2025-01-02 11:26:02,4.994196836862145
2025-01-02 11:26:03,4.923366742894218
2025-01-02 11:26:04,4.790790200570451
2025-01-02 11:26:05,5.173416446111032
2025-01-02 11:26:06,5.329510908851923
2025-01-02 11:26:07,4.719663154050601
2025-01-02 11:26:08,5.0166770388154625
2025-01-02 11:26:09,5.118021219897858
2025-01-02 11:26:10,4.963480835179124
2025-01-02 11:26:11,4.884818747841968
2025-01-02 11:26:12,4.699620021947235
2025-01-02 11:26:13,4.760028980311581
2025-01-02 11:26:14,5.03247390100688
2025-01-02 11:26:15,4.793825163911569
2025-01-02 11:26:16,4.96444404451035
2025-01-02 11:26:17,4.879791946205644
2025-01-02 11:26:18,5.410951690085583
2025-01-02 11:26:19,4.543963413048318
2025-01-02 11:26:20,5.652849604620897
2025-01-02 11:26:21,4.6721854595449
2025-01-02 11:26:22,4.963434112138451
2025-01-02 11:26:23,4.923638101984448
2025-01-02 11:26:24,4.687570980221418
2025-01-02 11:26:25,5.443319671544962
2025-01-02 11:26:26,5.112262116863333
2025-01-02 11:26:27,4.562090991344817
2025-01-02 11:26:28,4.9093400531796885
2025-01-02 11:26:29,5.135734504103538
2025-01-02 11:26:30,4.690878507304713
2025-01-02 11:26:31,4.905296942885169
2025-01-02 11:26:32,5.088227745850093
2025-01-02 11:26:33,5.207683340254419
2025-01-02 11:26:34,5.084920554721
2025-01-02 11:26:35,4.782888638490794
2025-01-02 11:26:36,4.898982183615641
2025-01-02 11:26:37,5.479806815283819
2025-01-02 11:26:38,5.220129219028681
2025-01-02 11:26:39,4.754570971768079
2025-01-02 11:26:40,5.325006158226278
2025-01-02 11:26:41,4.915805931215396
2025-01-02 11:26:42,5.064645205066322
2025-01-02 11:26:43,4.779068288987379
2025-01-02 11:26:44,4.453359010199555
2025-01-02 11:26:45,4.4815954389629
2025-01-02 11:26:46,4.461126783518155
2025-01-02 11:26:47,4.221811661224478
2025-01-02 11:26:48,4.9622267332350045
2025-01-02 11:26:49,4.756262970134203
2025-01-02 11:26:50,5.312886540555412
2025-01-02 11:26:51,4.452726760977597
2025-01-02 11:26:52,4.384195783231286
2025-01-02 11:26:53,4.4064561068934065
2025-01-02 11:26:54,5.082731600878548
2025-01-02 11:26:55,4.782036719920533
2025-01-02 11:26:56,5.190166663563414
2025-01-02 11:26:57,5.0285849716754
2025-01-02 11:26:58,5.173148989786508
2025-01-02 11:26:59,4.595993264028145
2025-01-02 11:27:00,4.713980623381932
2025-01-02 11:27:01,4.809456749382526
2025-01-02 11:27:02,5.3492437229459595
2025-01-02 11:27:03,4.943164073157629
2025-01-02 11:27:04,4.799449093251561
2025-01-02 11:27:05,4.504935957125047
2025-01-02 11:27:06,4.954834545241923
2025-01-02 11:27:07,4.783866309055027
2025-01-02 11:27:08,4.2821163246982685
2025-01-02 11:27:09,4.715400858840357
2025-01-02 11:27:10,5.097598411048719
2025-01-02 11:27:11,4.89816882121929
2025-01-02 11:27:12,4.947954269460627
2025-01-02 11:27:13,4.784556063639296
2025-01-02 11:27:14,4.935989731183345
2025-01-02 11:27:15,4.52024450227248
2025-01-02 11:27:16,5.214141718813924
2025-01-02 11:27:17,4.83021691613172
2025-01-02 11:27:18,4.8624700112953825
2025-01-02 11:27:19,4.907650068361438
2025-01-02 11:27:20,5.1264010215686024
2025-01-02 11:27:21,4.808896619021413
2025-01-02 11:27:22,4.62550484424737
2025-01-02 11:27:23,4.700394021834207
2025-01-02 11:27:24,5.0926608464433905
2025-01-02 11:27:25,4.6368733703031495
2025-01-02 11:27:26,5.557988991889356
2025-01-02 11:27:27,5.111628327420688
2025-01-02 11:27:28,5.403310759633864
2025-01-02 11:27:29,5.561923179168831
2025-01-02 11:27:30,4.500455859105153
2025-01-02 11:27:31,4.953283004818961
2025-01-02 11:27:32,4.785973711623646
2025-01-02 11:27:33,5.113344448817431
2025-01-02 11:27:34,4.822038019000438
2025-01-02 11:27:35,4.8749193830318935
2025-01-02 11:27:36,4.785573690753968
2025-01-02 11:27:37,4.505046123516052
2025-01-02 11:27:38,5.099366543628248
2025-01-02 11:27:39,5.132396656354665
2025-01-02 11:27:40,5.196955167279818
2025-01-02 11:27:41,5.1624924705393855
2025-01-02 11:27:42,5.447783688104517
2025-01-02 11:27:43,4.966829651518899
2025-01-02 11:27:44,4.847802133613969
2025-01-02 11:27:45,4.791104605844715
2025-01-02 11:27:46,5.180896634089033
2025-01-02 11:27:47,5.385040596009634
2025-01-02 11:27:48,4.799674214894156
2025-01-02 11:27:49,4.448253560077072
2025-01-02 11:27:50,4.948772260217472
2025-01-02 11:27:51,5.121887868724698
2025-01-02 11:27:52,4.961240494505761
2025-01-02 11:27:53,4.5106760122017935
2025-01-02 11:27:54,4.561864120716935
2025-01-02 11:27:55,4.47679925322651
2025-01-02 11:27:56,4.803405230749997
2025-01-02 11:27:57,5.251169186236122
2025-01-02 11:27:58,4.675614916257189
2025-01-02 11:27:59,5.4815990530584795
2025-01-02 11:28:00,4.677315417297024
2025-01-02 11:28:01,4.8696963896822005
2025-01-02 11:28:02,
2025-01-02 11:28:03,5.322248902183772
2025-01-02 11:28:04,4.839525617475527
2025-01-02 11:28:05,5.019843728117502
2025-01-02 11:28:06,5.344775255297453
2025-01-02 11:28:07,4.814443300058426
2025-01-02 11:28:08,4.5403260896709625
2025-01-02 11:28:09,5.596271839005176
2025-01-02 11:28:10,5.442571508812552
2025-01-02 11:28:11,5.117551312249251
2025-01-02 11:28:12,4.8510560494844635
2025-01-02 11:28:13,
2025-01-02 11:28:14,5.496843577807603
2025-01-02 11:28:15,4.396297495272161
2025-01-02 11:28:16,4.9515374156802725
2025-01-02 11:28:17,4.670716475615554
2025-01-02 11:28:18,5.388090780212316
2025-01-02 11:28:19,4.971162114774982
2025-01-02 11:28:20,5.023749042670664
2025-01-02 11:28:21,5.301286673661644
2025-01-02 11:28:22,5.204678563416111
2025-01-02 11:28:23,5.087826464031526
2025-01-02 11:28:24,5.056008929560668
2025-01-02 11:28:25,5.101205262181808
2025-01-02 11:28:26,4.84370841257293
2025-01-02 11:28:27,4.646243001911821
2025-01-02 11:28:28,4.70631983671008
2025-01-02 11:28:29,4.941948934489721
2025-01-02 11:28:30,4.981819798504801
2025-01-02 11:28:31,4.714497371035104
2025-01-02 11:28:32,5.582232905266428
2025-01-02 11:28:33,5.019137727251055
2025-01-02 11:28:34,5.334093174685606
2025-01-02 11:28:35,5.032701601942172
2025-01-02 11:28:36,4.506621978013086
2025-01-02 11:28:37,5.04334970879417
2025-01-02 11:28:38,4.557308066494989
2025-01-02 11:28:39,4.545719965435382
2025-01-02 11:28:40,4.830766489562305
2025-01-02 11:28:41,5.450598451957748
2025-01-02 11:28:42,5.239975191644346
2025-01-02 11:28:43,5.049222302225267
2025-01-02 11:28:44,4.857336927663566
2025-01-02 11:28:45,5.079388023205226
2025-01-02 11:28:46,4.812100673181486
2025-01-02 11:28:47,5.35872410623091
2025-01-02 11:28:48,4.867844435096368
2025-01-02 11:28:49,4.365731102772783
2025-01-02 11:28:50,4.680179770811295
2025-01-02 11:28:51,5.363493324553968
2025-01-02 11:28:52,5.15173053786921
2025-01-02 11:28:53,5.128102505347613
2025-01-02 11:28:54,4.427835994514446
2025-01-02 11:28:55,4.962376469515009
2025-01-02 11:28:56,5.218579997370976
2025-01-02 11:28:57,4.9336534541016785
2025-01-02 11:28:58,4.761628675791282
2025-01-02 11:28:59,4.593968126947506
2025-01-02 11:29:00,4.900422461669957
2025-01-02 11:29:01,4.452212302189522
2025-01-02 11:29:02,5.1941430290352395
2025-01-02 11:29:03,5.13734457877946
2025-01-02 11:29:04,4.978626834709962
2025-01-02 11:29:05,5.2954544349165955
2025-01-02 11:29:06,5.055317856150917
2025-01-02 11:29:07,4.711955253406122
2025-01-02 11:29:08,5.4260120591981815
2025-01-02 11:29:09,4.531660245171199
2025-01-02 11:29:10,5.009019968573144
2025-01-02 11:29:11,
2025-01-02 11:29:12,5.244452467495829
2025-01-02 11:29:13,4.946007229586376
2025-01-02 11:29:14,5.169306546949206
2025-01-02 11:29:15,5.084581599627427
2025-01-02 11:29:16,4.458825429138849
2025-01-02 11:29:17,5.127799536052682
2025-01-02 11:29:18,5.288920509497568
2025-01-02 11:29:19,5.01185908648157
2025-01-02 11:29:20,4.717275924272412
2025-01-02 11:29:21,4.648443123497555
2025-01-02 11:29:22,4.488218523008713
2025-01-02 11:29:23,4.851981764280258
2025-01-02 11:29:24,4.962884183962049
2025-01-02 11:29:25,4.349555591018035
2025-01-02 11:29:26,4.9397736215573085
2025-01-02 11:29:27,5.045718450640995
2025-01-02 11:29:28,5.064882634678482
2025-01-02 11:29:29,5.72452502113544
2025-01-02 11:29:30,5.301667554779034
2025-01-02 11:29:31,4.869706933381184
2025-01-02 11:29:32,5.007497146638957
2025-01-02 11:29:33,4.838941225476575
2025-01-02 11:29:34,5.703648889233197
2025-01-02 11:29:35,5.489389439578509
2025-01-02 11:29:36,5.240905268458368
2025-01-02 11:29:37,5.08445902829756
2025-01-02 11:29:38,5.349845326955325
2025-01-02 11:29:39,4.9445972070575674
2025-01-02 11:29:40,5.507201003550489
2025-01-02 11:29:41,5.017937955052352
2025-01-02 11:29:42,4.880565848458997
2025-01-02 11:29:43,4.634664922575394
2025-01-02 11:29:44,5.019921261717858
2025-01-02 11:29:45,4.69389610544879
2025-01-02 11:29:46,5.251920506060314
2025-01-02 11:29:47,5.434051538827208
2025-01-02 11:29:48,4.889480985732386
2025-01-02 11:29:49,5.513764828553784
2025-01-02 11:29:50,5.131581571576108
2025-01-02 11:29:51,5.241671114661557
2025-01-02 11:29:52,
2025-01-02 11:29:53,5.353304734488735
2025-01-02 11:29:54,5.0156470096427235
2025-01-02 11:29:55,4.901252851048533
2025-01-02 11:29:56,4.935900196249767
2025-01-02 11:29:57,4.888809406257187
2025-01-02 11:29:58,5.280685263538875
2025-01-02 11:29:59,4.782954911940575
2025-01-02 11:30:00,4.974717531539465
2025-01-02 11:30:01,4.779904618601208
2025-01-02 11:30:02,5.362703252333134
2025-01-02 11:30:03,5.064215571511141
2025-01-02 11:30:04,4.816816797671438
2025-01-02 11:30:05,4.9846422035518785
2025-01-02 11:30:06,5.2458528809243585
2025-01-02 11:30:07,4.785179054623061
2025-01-02 11:30:08,5.231933690826024
2025-01-02 11:30:09,4.694923561867255
2025-01-02 11:30:10,5.067208803425726
2025-01-02 11:30:11,5.290995825689606
2025-01-02 11:30:12,4.651271175293086
2025-01-02 11:30:13,5.094847591758031
2025-01-02 11:30:14,5.4252175256915605
2025-01-02 11:30:15,4.708369811263242
2025-01-02 11:30:16,5.291077441092571
2025-01-02 11:30:17,5.511676561141633
2025-01-02 11:30:18,4.918620469155976
2025-01-02 11:30:19,4.7432198837514115
2025-01-02 11:30:20,5.308005274891603
2025-01-02 11:30:21,4.897686165479267
2025-01-02 11:30:22,4.897378518721253
2025-01-02 11:30:23,5.321007365967027
2025-01-02 11:30:24,5.382969188323316
2025-01-02 11:30:25,5.1596551960197505
2025-01-02 11:30:26,5.037805411687908
2025-01-02 11:30:27,4.894054042678632
2025-01-02 11:30:28,5.1489487140082435
2025-01-02 11:30:29,5.767693630632465
2025-01-02 11:30:30,5.124425603700743
2025-01-02 11:30:31,4.911406375557054
2025-01-02 11:30:32,5.728537708421347
2025-01-02 11:30:33,4.719278990198635
2025-01-02 11:30:34,4.187435659334421
2025-01-02 11:30:35,4.995343765510453
2025-01-02 11:30:36,4.415059895044527
2025-01-02 11:30:37,4.975629992737638
2025-01-02 11:30:38,4.911622885878643
2025-01-02 11:30:39,4.792706369614945
2025-01-02 11:30:40,4.942304264969462
2025-01-02 11:30:41,5.067388148561602
2025-01-02 11:30:42,4.937364342412115
2025-01-02 11:30:43,4.789497855607831
2025-01-02 11:30:44,4.546507204599749
2025-01-02 11:30:45,5.02119860624903
2025-01-02 11:30:46,5.0062141025521845
2025-01-02 11:30:47,5.198444388014974
2025-01-02 11:30:48,5.350778173114809
2025-01-02 11:30:49,4.941396770433233
2025-01-02 11:30:50,4.945397931072936
2025-01-02 11:30:51,5.504242699435621
2025-01-02 11:30:52,5.235567423055013
2025-01-02 11:30:53,5.2488772124830545
2025-01-02 11:30:54,4.821012429069311
2025-01-02 11:30:55,4.268348442063021
2025-01-02 11:30:56,5.339733128630542
2025-01-02 11:30:57,5.1718304285957295
2025-01-02 11:30:58,4.903754685414046
2025-01-02 11:30:59,4.454994568458742
2025-01-02 11:31:00,4.841538246197615
2025-01-02 11:31:01,4.968582294141098
2025-01-02 11:31:02,4.855073953866453
2025-01-02 11:31:03,5.3233140588760675
2025-01-02 11:31:04,5.383224138534677
2025-01-02 11:31:05,5.542117797287884
2025-01-02 11:31:06,4.917364537593103
2025-01-02 11:31:07,5.914908215801628
2025-01-02 11:31:08,5.031397440146347
2025-01-02 11:31:09,5.221120943365619
2025-01-02 11:31:10,5.227972736291256
2025-01-02 11:31:11,5.511003259831749
2025-01-02 11:31:12,5.382356286788753
2025-01-02 11:31:13,5.251769288338442
2025-01-02 11:31:14,4.980335560542415
2025-01-02 11:31:15,5.035093853269577
2025-01-02 11:31:16,5.3207878487204425
2025-01-02 11:31:17,5.065025663845738
2025-01-02 11:31:18,4.725216051817024
2025-01-02 11:31:19,5.373751731995723
2025-01-02 11:31:20,4.992002741781964
2025-01-02 11:31:21,5.152070269626282
2025-01-02 11:31:22,4.967906224943476
2025-01-02 11:31:23,5.175096909797874
2025-01-02 11:31:24,5.284924039153252
2025-01-02 11:31:25,5.173235347607165
2025-01-02 11:31:26,4.875213144665278
2025-01-02 11:31:27,5.2323277614546635
2025-01-02 11:31:28,5.108340844759504
2025-01-02 11:31:29,4.8463685532864895
2025-01-02 11:31:30,5.118724399432694
2025-01-02 11:31:31,4.662621451976045
2025-01-02 11:31:32,4.469203436928245
2025-01-02 11:31:33,5.253390499057626
2025-01-02 11:31:34,5.480137949831346
2025-01-02 11:31:35,4.838378677392469
2025-01-02 11:31:36,5.210259056770281
2025-01-02 11:31:37,5.5788646092457785
2025-01-02 11:31:38,5.027183761529205
2025-01-02 11:31:39,5.217148133613788
2025-01-02 11:31:40,5.310561204725312
2025-01-02 11:31:41,5.192423450568137
2025-01-02 11:31:42,
2025-01-02 11:31:43,5.444655969085215
2025-01-02 11:31:44,5.054479856865634
2025-01-02 11:31:45,5.057364506724104
2025-01-02 11:31:46,4.87352583964036
2025-01-02 11:31:47,4.866001225601876
2025-01-02 11:31:48,5.073406917206367
2025-01-02 11:31:49,5.153834897520354
2025-01-02 11:31:50,5.074778747622586
2025-01-02 11:31:51,4.93967825099956
2025-01-02 11:31:52,5.045582578110313
2025-01-02 11:31:53,4.916193147505663
2025-01-02 11:31:54,5.440297123686293
2025-01-02 11:31:55,4.597793610840894
2025-01-02 11:31:56,5.4107083817581705
2025-01-02 11:31:57,5.417190822130651
2025-01-02 11:31:58,5.101706007306177
2025-01-02 11:31:59,5.294498911894383
2025-01-02 11:32:00,4.8069919988593215
2025-01-02 11:32:01,4.697340219514761
2025-01-02 11:32:02,4.665584886019909
2025-01-02 11:32:03,5.5515891852735315
2025-01-02 11:32:04,5.672254277056268
2025-01-02 11:32:05,4.965893703662131
2025-01-02 11:32:06,4.591744764292037
2025-01-02 11:32:07,4.877192390689278
2025-01-02 11:32:08,5.2175850685380185
2025-01-02 11:32:09,5.3936878878153225
2025-01-02 11:32:10,4.8126058106922995
2025-01-02 11:32:11,5.011261979366417
2025-01-02 11:32:12,5.127149410101697
2025-01-02 11:32:13,4.797702349474963
2025-01-02 11:32:14,5.022174962796844
2025-01-02 11:32:15,5.066184945465657
2025-01-02 11:32:16,5.071734613503019
2025-01-02 11:32:17,5.311901256194951
2025-01-02 11:32:18,5.072849558666362
2025-01-02 11:32:19,5.376148578491694
2025-01-02 11:32:20,4.983776012540106
2025-01-02 11:32:21,4.938351680742411
2025-01-02 11:32:22,4.984131552353627
2025-01-02 11:32:23,5.147676309013896
2025-01-02 11:32:24,4.825340351419247
2025-01-02 11:32:25,5.2846597022510435
2025-01-02 11:32:26,5.246242457408749
2025-01-02 11:32:27,5.217078166427295
2025-01-02 11:32:28,4.973642614209707
2025-01-02 11:32:29,4.975737552549533
2025-01-02 11:32:30,4.622669254617334
2025-01-02 11:32:31,4.845910859379595
2025-01-02 11:32:32,
2025-01-02 11:32:33,4.936952281772588
2025-01-02 11:32:34,4.899460173678881
2025-01-02 11:32:35,5.466703851110735
2025-01-02 11:32:36,5.282225300611567
2025-01-02 11:32:37,5.00294217576113
2025-01-02 11:32:38,5.636420443237281
2025-01-02 11:32:39,5.227620719368019
2025-01-02 11:32:40,4.888853886123832
2025-01-02 11:32:41,5.232587676591889
2025-01-02 11:32:42,5.3338543264760006
2025-01-02 11:32:43,5.540443616942666
2025-01-02 11:32:44,4.660914717507444
2025-01-02 11:32:45,5.195681908448142
2025-01-02 11:32:46,5.013905266103675
2025-01-02 11:32:47,4.8491624119040475
2025-01-02 11:32:48,4.955209076437846
2025-01-02 11:32:49,5.315756863414937
2025-01-02 11:32:50,5.291193175738369
2025-01-02 11:32:51,5.444289811796701
2025-01-02 11:32:52,4.717372028637876
2025-01-02 11:32:53,5.281865566754989
2025-01-02 11:32:54,5.302059424270962
2025-01-02 11:32:55,5.109542741139532
2025-01-02 11:32:56,4.566184883369605
2025-01-02 11:32:57,5.690002929205981
2025-01-02 11:32:58,5.429545753362203
2025-01-02 11:32:59,4.3713885615861106
2025-01-02 11:33:00,4.32848876035468
2025-01-02 11:33:01,4.320759600517089
2025-01-02 11:33:02,4.828405751507202
2025-01-02 11:33:03,5.147901585577584
2025-01-02 11:33:04,5.072964978743728
2025-01-02 11:33:05,4.8352055932200875
2025-01-02 11:33:06,4.807187157536651
2025-01-02 11:33:07,4.949671480561292
2025-01-02 11:33:08,4.875558081917481
2025-01-02 11:33:09,4.9786556142319025
2025-01-02 11:33:10,5.129962185133476
2025-01-02 11:33:11,5.477868050274934
2025-01-02 11:33:12,5.105840582196738
2025-01-02 11:33:13,5.332327754483829
2025-01-02 11:33:14,5.236177808010649
2025-01-02 11:33:15,5.039656018145095
2025-01-02 11:33:16,4.851426008970331
2025-01-02 11:33:17,5.978564677250511
2025-01-02 11:33:18,
2025-01-02 11:33:19,4.853782661836735
2025-01-02 11:33:20,5.125243528643988
2025-01-02 11:33:21,4.604111673671794
2025-01-02 11:33:22,5.00417600449894
2025-01-02 11:33:23,5.3298178914622465
2025-01-02 11:33:24,5.088668650430266
2025-01-02 11:33:25,5.740549554059745
2025-01-02 11:33:26,5.004354030571568
2025-01-02 11:33:27,4.991186191736704
2025-01-02 11:33:28,4.519430648997937
2025-01-02 11:33:29,5.025411895638137
2025-01-02 11:33:30,5.344991396488363
2025-01-02 11:33:31,4.980518846670841
2025-01-02 11:33:32,5.166500187806799
2025-01-02 11:33:33,4.835772362998447
2025-01-02 11:33:34,4.7702350651588175
2025-01-02 11:33:35,4.970286917215578
2025-01-02 11:33:36,5.208980907872418
2025-01-02 11:33:37,5.6439431994046645
2025-01-02 11:33:38,4.917008202290737
2025-01-02 11:33:39,5.114523371131995
2025-01-02 11:33:40,4.891411825560333
2025-01-02 11:33:41,5.018052412709639
2025-01-02 11:33:42,5.063235611985856
2025-01-02 11:33:43,4.529929359962856
2025-01-02 11:33:44,5.111975639394338
2025-01-02 11:33:45,4.829286691257064
2025-01-02 11:33:46,5.470393101888853
2025-01-02 11:33:47,4.880755167782008
2025-01-02 11:33:48,5.022090190444425
2025-01-02 11:33:49,5.250796019426417
2025-01-02 11:33:50,5.096385101453371
2025-01-02 11:33:51,4.881849734208686
2025-01-02 11:33:52,5.12531579658794
2025-01-02 11:33:53,5.216958430289667
2025-01-02 11:33:54,4.771598336283678
2025-01-02 11:33:55,4.6905325672203375
2025-01-02 11:33:56,5.404384134821442
2025-01-02 11:33:57,5.5040880680546875
2025-01-02 11:33:58,4.648248030627399
2025-01-02 11:33:59,4.9702018700199595
2025-01-02 11:34:00,5.185721405155258
2025-01-02 11:34:01,5.5707488399457255
2025-01-02 11:34:02,5.045331643570305
2025-01-02 11:34:03,5.803436798997063
2025-01-02 11:34:04,5.389014305272443
2025-01-02 11:34:05,5.003248062869463
2025-01-02 11:34:06,5.232350215720932
2025-01-02 11:34:07,4.732094267492063
2025-01-02 11:34:08,5.213622767388906
2025-01-02 11:34:09,4.658821093439917
2025-01-02 11:34:10,4.940922259333704
2025-01-02 11:34:11,5.184898428544208
2025-01-02 11:34:12,5.180709869530753
2025-01-02 11:34:13,4.872277133369148
2025-01-02 11:34:14,4.749526725499956
2025-01-02 11:34:15,5.1767226551328
2025-01-02 11:34:16,5.27697303118295
2025-01-02 11:34:17,5.207554123309216
2025-01-02 11:34:18,5.182539157166337
2025-01-02 11:34:19,5.363872301466046
2025-01-02 11:34:20,5.206843738204337
2025-01-02 11:34:21,5.16249708605469
2025-01-02 11:34:22,5.6685363401714755
2025-01-02 11:34:23,5.079346204734089
2025-01-02 11:34:24,4.7279610592161445
2025-01-02 11:34:25,5.257275822452574
2025-01-02 11:34:26,5.288542036264467
2025-01-02 11:34:27,4.948500507349978
2025-01-02 11:34:28,5.130004430969208
2025-01-02 11:34:29,5.447385993468745
2025-01-02 11:34:30,5.162925668139284
2025-01-02 11:34:31,5.099063050899016
2025-01-02 11:34:32,5.437596535259479
2025-01-02 11:34:33,5.254970653127601
2025-01-02 11:34:34,5.342089624269725
2025-01-02 11:34:35,5.438373064414805
2025-01-02 11:34:36,5.226377109602677
2025-01-02 11:34:37,4.749715139685114
2025-01-02 11:34:38,4.872353596271707
2025-01-02 11:34:39,5.1767791180227904
2025-01-02 11:34:40,4.684640438941903
2025-01-02 11:34:41,5.141262434168859
2025-01-02 11:34:42,4.99010957492119
2025-01-02 11:34:43,5.124696852381018
2025-01-02 11:34:44,5.068738793081102
2025-01-02 11:34:45,5.196880603538536
2025-01-02 11:34:46,5.044254578848376
2025-01-02 11:34:47,5.572389965229836
2025-01-02 11:34:48,5.411962911707474
2025-01-02 11:34:49,5.030107935224951
2025-01-02 11:34:50,4.983724369558553
2025-01-02 11:34:51,5.122132514058709
2025-01-02 11:34:52,5.2213737241103875
2025-01-02 11:34:53,5.019562511348882
2025-01-02 11:34:54,5.1531661249582195
2025-01-02 11:34:55,5.7885643233052555
2025-01-02 11:34:56,5.197656511419754
2025-01-02 11:34:57,5.100815286268722
2025-01-02 11:34:58,5.252475962330304
2025-01-02 11:34:59,4.776660277674286
2025-01-02 11:35:00,5.517120002369746
2025-01-02 11:35:01,5.500767132865001
2025-01-02 11:35:02,
2025-01-02 11:35:03,4.856032590891361
2025-01-02 11:35:04,5.2322963142080905
2025-01-02 11:35:05,5.4880887347935285
2025-01-02 11:35:06,5.72252797006995
2025-01-02 11:35:07,4.993800979249823
2025-01-02 11:35:08,5.704826525159534
2025-01-02 11:35:09,5.121762242315153
2025-01-02 11:35:10,4.840281785699065
2025-01-02 11:35:11,5.6511907102454355
2025-01-02 11:35:12,5.242320488712092
2025-01-02 11:35:13,
2025-01-02 11:35:14,5.266824376371536
2025-01-02 11:35:15,4.57358801569859
2025-01-02 11:35:16,5.3123548712363915
2025-01-02 11:35:17,5.629858842717381
2025-01-02 11:35:18,5.45509820867001
2025-01-02 11:35:19,5.518107151664196
2025-01-02 11:35:20,5.3678715254110365
2025-01-02 11:35:21,5.383981454322448
2025-01-02 11:35:22,5.133701421960955
2025-01-02 11:35:23,5.548096508728661
2025-01-02 11:35:24,5.291532621874301
2025-01-02 11:35:25,5.05160033977448
2025-01-02 11:35:26,4.867849893151019
2025-01-02 11:35:27,4.802118700349299
2025-01-02 11:35:28,5.084323766467567
2025-01-02 11:35:29,5.128640219675351
2025-01-02 11:35:30,5.064798287141537
2025-01-02 11:35:31,4.754642468688629
2025-01-02 11:35:32,5.70366605889194
2025-01-02 11:35:33,4.604886814260421
2025-01-02 11:35:34,5.427182610729648
2025-01-02 11:35:35,5.091631863528548
2025-01-02 11:35:36,5.36979068206966
2025-01-02 11:35:37,4.778740172377668
2025-01-02 11:35:38,5.5268950290943
2025-01-02 11:35:39,5.37153226008978
2025-01-02 11:35:40,4.829419056588194
2025-01-02 11:35:41,4.818769328775183
2025-01-02 11:35:42,5.173031704489326
2025-01-02 11:35:43,4.62729797975749
2025-01-02 11:35:44,4.83591024856423
2025-01-02 11:35:45,5.072490592235402
2025-01-02 11:35:46,5.417029889233885
2025-01-02 11:35:47,4.833324240006431
2025-01-02 11:35:48,5.484237404489505
2025-01-02 11:35:49,5.384237824064326
2025-01-02 11:35:50,5.168346378278331
2025-01-02 11:35:51,5.496247851250949
2025-01-02 11:35:52,5.789890176270727
2025-01-02 11:35:53,5.0480733127054975
2025-01-02 11:35:54,4.988591687796353
2025-01-02 11:35:55,5.429797441312032
2025-01-02 11:35:56,5.149602785859131
2025-01-02 11:35:57,5.0566564822462166
2025-01-02 11:35:58,4.994993207279572
2025-01-02 11:35:59,4.669260852559123
2025-01-02 11:36:00,5.316016467820086
2025-01-02 11:36:01,5.0260894790744315
2025-01-02 11:36:02,5.17824192090672
2025-01-02 11:36:03,5.611066716928808
2025-01-02 11:36:04,5.262215654186949
2025-01-02 11:36:05,
2025-01-02 11:36:06,5.883071816264469
2025-01-02 11:36:07,4.89203780064264
2025-01-02 11:36:08,5.013079938854057
2025-01-02 11:36:09,5.65247486395214
2025-01-02 11:36:10,4.936613609870513
2025-01-02 11:36:11,5.654623964476801
2025-01-02 11:36:12,4.727632389355057
2025-01-02 11:36:13,4.9261125826025705
2025-01-02 11:36:14,5.4580032850475
2025-01-02 11:36:15,4.993541098890391
2025-01-02 11:36:16,5.04662777225083
2025-01-02 11:36:17,4.942650507165509
2025-01-02 11:36:18,5.112510739439116
2025-01-02 11:36:19,5.052648781729877
2025-01-02 11:36:20,4.3839328522708865
2025-01-02 11:36:21,5.67860035998693
2025-01-02 11:36:22,5.49737198777718
2025-01-02 11:36:23,4.9172914623948385
2025-01-02 11:36:24,4.917654702657343
2025-01-02 11:36:25,5.366896800187583
2025-01-02 11:36:26,5.2241322201752824
2025-01-02 11:36:27,5.75664675922874
2025-01-02 11:36:28,4.677205690924806
2025-01-02 11:36:29,5.387640117640698
2025-01-02 11:36:30,5.24593193875236
2025-01-02 11:36:31,4.9608337046292945
2025-01-02 11:36:32,5.014206149553325
2025-01-02 11:36:33,4.477424649122459
2025-01-02 11:36:34,5.170129451917964
2025-01-02 11:36:35,5.620162354906684
2025-01-02 11:36:36,5.2826930783200154
2025-01-02 11:36:37,5.781447461582913
2025-01-02 11:36:38,4.925004558700512
2025-01-02 11:36:39,4.3720481680812275
2025-01-02 11:36:40,5.2967981022310155
2025-01-02 11:36:41,5.174910698327172
2025-01-02 11:36:42,5.237033408943071
2025-01-02 11:36:43,4.620390869948313
2025-01-02 11:36:44,5.536532289364979
2025-01-02 11:36:45,4.8288832753146655
2025-01-02 11:36:46,4.542456247915536
2025-01-02 11:36:47,5.649607966140669
2025-01-02 11:36:48,4.824970616330939
2025-01-02 11:36:49,5.1830813595288765
2025-01-02 11:36:50,5.705938979101128
2025-01-02 11:36:51,5.298692596476164
2025-01-02 11:36:52,5.678734471848182
2025-01-02 11:36:53,5.191493908765736
2025-01-02 11:36:54,4.798260958303087
2025-01-02 11:36:55,
2025-01-02 11:36:56,5.035968273890274
2025-01-02 11:36:57,5.33241208378829
2025-01-02 11:36:58,4.700395020096316
2025-01-02 11:36:59,4.6816044297362795
2025-01-02 11:37:00,5.617236318686396
2025-01-02 11:37:01,5.747686468781559
2025-01-02 11:37:02,5.297202064902461
2025-01-02 11:37:03,5.12091188971234
2025-01-02 11:37:04,5.37835182867935
2025-01-02 11:37:05,5.404206673017506
2025-01-02 11:37:06,5.31739365813964
2025-01-02 11:37:07,4.834251467607946
2025-01-02 11:37:08,4.993458312858512
2025-01-02 11:37:09,5.245992582777751
2025-01-02 11:37:10,5.324459378516594
2025-01-02 11:37:11,4.944026578368522
2025-01-02 11:37:12,5.102735708774277
2025-01-02 11:37:13,4.788542371358385
2025-01-02 11:37:14,5.261024309170545
2025-01-02 11:37:15,5.105451328692351
2025-01-02 11:37:16,5.110853818998677
2025-01-02 11:37:17,5.6546057727662395
2025-01-02 11:37:18,5.279027430432861
2025-01-02 11:37:19,5.781469042814738
2025-01-02 11:37:20,5.5299821503829945
2025-01-02 11:37:21,5.21260642126545
2025-01-02 11:37:22,5.40951081880373
2025-01-02 11:37:23,4.847866559260153
2025-01-02 11:37:24,5.231356369669348
2025-01-02 11:37:25,5.571917414578924
2025-01-02 11:37:26,6.008473888980632
2025-01-02 11:37:27,5.28387886032687
2025-01-02 11:37:28,5.174555922090097
2025-01-02 11:37:29,4.381475272181131
2025-01-02 11:37:30,5.585534184232842
2025-01-02 11:37:31,5.153884473908472
2025-01-02 11:37:32,5.754690247884504
2025-01-02 11:37:33,4.852898702461413
2025-01-02 11:37:34,5.160995911806102
2025-01-02 11:37:35,5.001679030512825
2025-01-02 11:37:36,5.886351645795331
2025-01-02 11:37:37,4.891266053220833
2025-01-02 11:37:38,5.201138560981507
2025-01-02 11:37:39,5.0748706900100435
2025-01-02 11:37:40,5.299679093238159
2025-01-02 11:37:41,5.355112485516458
2025-01-02 11:37:42,4.793254154093982
2025-01-02 11:37:43,5.31226445036895
2025-01-02 11:37:44,5.431374478448491
2025-01-02 11:37:45,4.869536705349468
2025-01-02 11:37:46,5.023790011041876
2025-01-02 11:37:47,5.294136509683384
2025-01-02 11:37:48,5.504919382223274
2025-01-02 11:37:49,5.424972384697768
2025-01-02 11:37:50,5.432782929212603
2025-01-02 11:37:51,5.244042372948817
2025-01-02 11:37:52,5.024529842697658
2025-01-02 11:37:53,5.18572407119283
2025-01-02 11:37:54,5.140276402168773
2025-01-02 11:37:55,5.177395922839097
2025-01-02 11:37:56,5.211024930773068
2025-01-02 11:37:57,5.4488916796754765
2025-01-02 11:37:58,4.873219066899612
2025-01-02 11:37:59,5.102704453228966
2025-01-02 11:38:00,4.806716026659928
2025-01-02 11:38:01,5.084049131779111
2025-01-02 11:38:02,4.8694598311684905
2025-01-02 11:38:03,5.751217876026297
2025-01-02 11:38:04,5.240343992372557
2025-01-02 11:38:05,5.701044041978131
2025-01-02 11:38:06,5.503214060151466
2025-01-02 11:38:07,5.011912452272381
2025-01-02 11:38:08,5.263943913694318
2025-01-02 11:38:09,5.305834858305623
2025-01-02 11:38:10,5.267483982190229
2025-01-02 11:38:11,5.237697722625841
2025-01-02 11:38:12,5.185201973003973
2025-01-02 11:38:13,4.930849529126555
2025-01-02 11:38:14,5.599850468587618
2025-01-02 11:38:15,4.719573831461336
2025-01-02 11:38:16,4.757173002625641
2025-01-02 11:38:17,5.341479877919677
2025-01-02 11:38:18,5.424993130407754
2025-01-02 11:38:19,5.22526479583028
2025-01-02 11:38:20,5.36866813703807
2025-01-02 11:38:21,4.706025071274228
2025-01-02 11:38:22,5.1023068368517706
2025-01-02 11:38:23,5.071655661541324
2025-01-02 11:38:24,4.974401399492583
2025-01-02 11:38:25,5.5929344005201065
2025-01-02 11:38:26,5.208633769569497
2025-01-02 11:38:27,5.181080795321901
2025-01-02 11:38:28,5.5469533104540565
2025-01-02 11:38:29,5.142304419799238
2025-01-02 11:38:30,5.295088503392109
2025-01-02 11:38:31,5.090558481600993
2025-01-02 11:38:32,5.295144650135453
2025-01-02 11:38:33,5.326102708610599
2025-01-02 11:38:34,5.0341207491068145
2025-01-02 11:38:35,5.220609893567662
2025-01-02 11:38:36,
2025-01-02 11:38:37,5.103641877096772
2025-01-02 11:38:38,5.924333928415836
2025-01-02 11:38:39,5.725755293933984
2025-01-02 11:38:40,5.295338324766613
2025-01-02 11:38:41,5.763161855237182
2025-01-02 11:38:42,5.108675785642262
2025-01-02 11:38:43,5.179239891781318
2025-01-02 11:38:44,5.168940202760654
2025-01-02 11:38:45,5.422493033265645
2025-01-02 11:38:46,5.467793415758922
2025-01-02 11:38:47,4.884888502247344
2025-01-02 11:38:48,5.027838079715198
2025-01-02 11:38:49,5.219909392502072
2025-01-02 11:38:50,5.740171249824445
2025-01-02 11:38:51,5.146718975045233
2025-01-02 11:38:52,5.498127289523076
2025-01-02 11:38:53,5.605999531563923
2025-01-02 11:38:54,5.860918434733271
2025-01-02 11:38:55,5.358696183405471
2025-01-02 11:38:56,5.600297320968829
2025-01-02 11:38:57,4.955800337625747
2025-01-02 11:38:58,5.025722243535848
2025-01-02 11:38:59,
2025-01-02 11:39:00,5.223737336985583
2025-01-02 11:39:01,5.390982988136216
2025-01-02 11:39:02,5.382462005968038
2025-01-02 11:39:03,5.363520762512346
2025-01-02 11:39:04,5.4316752679421105
2025-01-02 11:39:05,4.97704411260854
2025-01-02 11:39:06,4.883864789466007
2025-01-02 11:39:07,5.396540923035578
2025-01-02 11:39:08,
2025-01-02 11:39:09,5.4044091821499345
2025-01-02 11:39:10,5.083697971186547
2025-01-02 11:39:11,
2025-01-02 11:39:12,5.165515228695575
2025-01-02 11:39:13,5.1428848687020565
2025-01-02 11:39:14,5.208510786140303
2025-01-02 11:39:15,4.978365081887766
2025-01-02 11:39:16,5.30040081202072
2025-01-02 11:39:17,5.742253206711462
2025-01-02 11:39:18,5.3261160361782345
2025-01-02 11:39:19,5.221962186597164
2025-01-02 11:39:20,4.737750871161181
2025-01-02 11:39:21,5.37067359647202
2025-01-02 11:39:22,5.777278691667699
2025-01-02 11:39:23,5.412722479996125
2025-01-02 11:39:24,5.434624176014227
2025-01-02 11:39:25,5.8350058765495465
2025-01-02 11:39:26,5.313054262101433
2025-01-02 11:39:27,4.767652770438748
2025-01-02 11:39:28,5.597532531546275
2025-01-02 11:39:29,5.746014677141975
2025-01-02 11:39:30,5.290709500262754
2025-01-02 11:39:31,5.512430662290252
2025-01-02 11:39:32,5.509721362008034
2025-01-02 11:39:33,5.225103183321138
2025-01-02 11:39:34,5.600645287348845
2025-01-02 11:39:35,5.058925582363808
2025-01-02 11:39:36,5.23024384496608
2025-01-02 11:39:37,5.0298177166238265
2025-01-02 11:39:38,5.610763116681655
2025-01-02 11:39:39,5.60497324671498
2025-01-02 11:39:40,5.282058018455259
2025-01-02 11:39:41,4.8660790580788005
2025-01-02 11:39:42,5.297007861824236
2025-01-02 11:39:43,5.994356467034597
2025-01-02 11:39:44,5.268873837135036
2025-01-02 11:39:45,5.349476025741014
2025-01-02 11:39:46,5.121171305202705
2025-01-02 11:39:47,5.091509080893831
2025-01-02 11:39:48,5.259058515452385
2025-01-02 11:39:49,5.477927509814905
2025-01-02 11:39:50,5.657974951465208
2025-01-02 11:39:51,5.38336301015092
2025-01-02 11:39:52,5.230846267808383
2025-01-02 11:39:53,5.133132529139981
2025-01-02 11:39:54,5.010577581024795
2025-01-02 11:39:55,5.1985507561023
2025-01-02 11:39:56,4.960188774959494
2025-01-02 11:39:57,5.79056885635813
2025-01-02 11:39:58,5.195673578875253
2025-01-02 11:39:59,5.038547124981155
2025-01-02 11:40:00,5.432635867695224
2025-01-02 11:40:01,5.481554933128951
2025-01-02 11:40:02,5.371602436586721
2025-01-02 11:40:03,5.47386041429461
2025-01-02 11:40:04,5.419960930924152
2025-01-02 11:40:05,5.25095581882886
2025-01-02 11:40:06,4.874830694592817
2025-01-02 11:40:07,5.27714698452984
2025-01-02 11:40:08,5.187055596961833
2025-01-02 11:40:09,5.4432671628859
2025-01-02 11:40:10,5.249496569477946
2025-01-02 11:40:11,4.758695273521786
2025-01-02 11:40:12,5.594096397260319
2025-01-02 11:40:13,5.466514159954155
2025-01-02 11:40:14,4.885625416442785
2025-01-02 11:40:15,5.697483216492078
2025-01-02 11:40:16,5.604174566007935
2025-01-02 11:40:17,5.522468011458131
2025-01-02 11:40:18,5.365771787064788
2025-01-02 11:40:19,5.417213318515031
2025-01-02 11:40:20,5.582531071319412
2025-01-02 11:40:21,4.759189998597065
2025-01-02 11:40:22,5.002167044363693
2025-01-02 11:40:23,5.177628604302475
2025-01-02 11:40:24,5.023806087107985
2025-01-02 11:40:25,5.291182475009232
2025-01-02 11:40:26,5.394185417562171
2025-01-02 11:40:27,5.87360213140387
2025-01-02 11:40:28,5.078044052461055
2025-01-02 11:40:29,5.282382210611051
2025-01-02 11:40:30,5.589255706046785
2025-01-02 11:40:31,5.277075792442234
2025-01-02 11:40:32,5.094320044455578
2025-01-02 11:40:33,4.92598986201789
2025-01-02 11:40:34,5.4023559352663595
2025-01-02 11:40:35,5.705635805337311
2025-01-02 11:40:36,5.6547381033513515
2025-01-02 11:40:37,5.381705163009471
2025-01-02 11:40:38,4.936080711046939
2025-01-02 11:40:39,4.925769245394574
2025-01-02 11:40:40,5.648328364489161
2025-01-02 11:40:41,5.087942996557211
2025-01-02 11:40:42,5.31896452476442
2025-01-02 11:40:43,5.044753889067482
2025-01-02 11:40:44,4.678101031233529
2025-01-02 11:40:45,5.320652090115193
2025-01-02 11:40:46,5.591643030443575
2025-01-02 11:40:47,5.041857316046498
2025-01-02 11:40:48,5.036748855085039
2025-01-02 11:40:49,5.481118680939437
2025-01-02 11:40:50,5.066778362366758
2025-01-02 11:40:51,5.562619713566239
2025-01-02 11:40:52,5.22681379415351
2025-01-02 11:40:53,5.159637724248011
2025-01-02 11:40:54,4.743284790888902
2025-01-02 11:40:55,5.05163005028605
2025-01-02 11:40:56,5.458241887139928
2025-01-02 11:40:57,5.407868432982871
2025-01-02 11:40:58,5.531604651244071
2025-01-02 11:40:59,4.94318522393136
2025-01-02 11:41:00,5.087783541858455
2025-01-02 11:41:01,4.776085197014675
2025-01-02 11:41:02,5.382512260158913
2025-01-02 11:41:03,5.160394172904671
2025-01-02 11:41:04,5.588981795665885
2025-01-02 11:41:05,4.830487619691113
2025-01-02 11:41:06,5.46259879866354
2025-01-02 11:41:07,5.201617511641737
2025-01-02 11:41:08,
2025-01-02 11:41:09,5.47798207770284
2025-01-02 11:41:10,5.399684603798959
2025-01-02 11:41:11,5.5011895033082245
2025-01-02 11:41:12,5.381063006695673
2025-01-02 11:41:13,5.457281540396622
2025-01-02 11:41:14,5.109590823265118
2025-01-02 11:41:15,5.1982724165294
2025-01-02 11:41:16,5.120070463307195
2025-01-02 11:41:17,4.746573953080708
2025-01-02 11:41:18,4.609103474440754
2025-01-02 11:41:19,5.288776966270807
2025-01-02 11:41:20,5.431680045155723
2025-01-02 11:41:21,5.583908241828778
2025-01-02 11:41:22,5.705293985280492
2025-01-02 11:41:23,4.960461779752173
2025-01-02 11:41:24,5.222383409907588
2025-01-02 11:41:25,5.410748156949228
2025-01-02 11:41:26,5.059301898073788
2025-01-02 11:41:27,5.672594947234258
2025-01-02 11:41:28,5.219298963678072
2025-01-02 11:41:29,5.795719100686508
2025-01-02 11:41:30,4.879186661136449
2025-01-02 11:41:31,5.6955926977409135
2025-01-02 11:41:32,5.171108726088863
2025-01-02 11:41:33,5.151200499599072
2025-01-02 11:41:34,5.795185824759901
2025-01-02 11:41:35,
2025-01-02 11:41:36,4.554640432457653
2025-01-02 11:41:37,5.480747346398717
2025-01-02 11:41:38,5.511861107462917
2025-01-02 11:41:39,5.127635487728234
2025-01-02 11:41:40,4.8962454852083
2025-01-02 11:41:41,5.020765647795546
2025-01-02 11:41:42,5.481516514296937
2025-01-02 11:41:43,4.870444026718618
2025-01-02 11:41:44,4.943639101606601
2025-01-02 11:41:45,5.591374895052574
2025-01-02 11:41:46,5.585724507620104
2025-01-02 11:41:47,5.491935799388963
2025-01-02 11:41:48,5.132695008151005
2025-01-02 11:41:49,5.5846512201616045
2025-01-02 11:41:50,4.9589680203916275
2025-01-02 11:41:51,5.093371395406529
2025-01-02 11:41:52,5.40633577268161
2025-01-02 11:41:53,5.057925518710323
2025-01-02 11:41:54,5.032969376879301
2025-01-02 11:41:55,5.138601790996648
2025-01-02 11:41:56,5.108954270555916
2025-01-02 11:41:57,4.773670593688364
2025-01-02 11:41:58,5.508671865131262
2025-01-02 11:41:59,5.754766177525052
2025-01-02 11:42:00,5.226241127869466
2025-01-02 11:42:01,5.2884181710476055
2025-01-02 11:42:02,5.379374916494252
2025-01-02 11:42:03,5.273080160349732
2025-01-02 11:42:04,5.843022357211618
2025-01-02 11:42:05,5.64989342383685
2025-01-02 11:42:06,5.156517307378411
2025-01-02 11:42:07,5.603975659695982
2025-01-02 11:42:08,5.119782975093673
2025-01-02 11:42:09,4.769177699220804
2025-01-02 11:42:10,5.340027479341922
2025-01-02 11:42:11,5.3469977739708545
2025-01-02 11:42:12,5.198965126660388
2025-01-02 11:42:13,5.292510676891091
2025-01-02 11:42:14,5.4177200194249275
2025-01-02 11:42:15,5.151834723947526
2025-01-02 11:42:16,5.4828235336910165
2025-01-02 11:42:17,5.042398082886899
2025-01-02 11:42:18,5.376534266566878
2025-01-02 11:42:19,5.054546756627621
2025-01-02 11:42:20,5.6897645589615715
2025-01-02 11:42:21,
2025-01-02 11:42:22,4.971414638773829
2025-01-02 11:42:23,5.401750527853776
2025-01-02 11:42:24,5.137009283737051
2025-01-02 11:42:25,5.268943543985787
2025-01-02 11:42:26,5.468606300865042
2025-01-02 11:42:27,5.729376994361321
2025-01-02 11:42:28,5.425963759380078
2025-01-02 11:42:29,5.594472452384837
2025-01-02 11:42:30,4.727955592377712
2025-01-02 11:42:31,5.8291490319740324
2025-01-02 11:42:32,5.736136669324185
2025-01-02 11:42:33,5.584528171564925
2025-01-02 11:42:34,5.796507198077366
2025-01-02 11:42:35,4.898491983550666
2025-01-02 11:42:36,5.304774239670438
2025-01-02 11:42:37,5.135697898517901
2025-01-02 11:42:38,5.32334549640913
2025-01-02 11:42:39,5.649711678198152
2025-01-02 11:42:40,5.638452867890837
2025-01-02 11:42:41,5.03684317584532
2025-01-02 11:42:42,5.122560318428391
2025-01-02 11:42:43,5.112833783363121
2025-01-02 11:42:44,5.503676822223333
2025-01-02 11:42:45,4.9500672510311885
2025-01-02 11:42:46,5.547364596199127
2025-01-02 11:42:47,4.98522292683886
2025-01-02 11:42:48,4.9149365271016086
2025-01-02 11:42:49,5.060914508866204
2025-01-02 11:42:50,4.952311379909904
2025-01-02 11:42:51,6.017842560904261
2025-01-02 11:42:52,5.887242657895128
2025-01-02 11:42:53,5.3798947598619336
2025-01-02 11:42:54,4.844973768468423
2025-01-02 11:42:55,5.543839728593898
2025-01-02 11:42:56,5.584344397879942
2025-01-02 11:42:57,5.092269297781231
2025-01-02 11:42:58,5.357442145161234
2025-01-02 11:42:59,5.818083347603365
2025-01-02 11:43:00,5.9812256720349435
2025-01-02 11:43:01,5.532971820760895
2025-01-02 11:43:02,5.767954112847085
2025-01-02 11:43:03,5.3560380437012896
2025-01-02 11:43:04,5.648896164503114
2025-01-02 11:43:05,5.210552991367478
2025-01-02 11:43:06,4.809327048816279
2025-01-02 11:43:07,5.5484700018054145
2025-01-02 11:43:08,5.535412936644624
2025-01-02 11:43:09,5.312609739318372
2025-01-02 11:43:10,5.200120905758306
2025-01-02 11:43:11,5.346020497137012
2025-01-02 11:43:12,5.299750913618686
2025-01-02 11:43:13,5.006501465188721
2025-01-02 11:43:14,5.670570948228058
2025-01-02 11:43:15,5.184294723247333
2025-01-02 11:43:16,5.4240313221579175
2025-01-02 11:43:17,5.042689596316106
2025-01-02 11:43:18,5.785361549414065
2025-01-02 11:43:19,4.795667444389083
2025-01-02 11:43:20,5.064450806359223
2025-01-02 11:43:21,5.282242615783082
2025-01-02 11:43:22,6.094351171633083
2025-01-02 11:43:23,
2025-01-02 11:43:24,6.033585070060315
2025-01-02 11:43:25,4.585237519523337
2025-01-02 11:43:26,5.102029454016872
2025-01-02 11:43:27,5.092887353267165
2025-01-02 11:43:28,5.236410005939557
2025-01-02 11:43:29,5.141907351710786
2025-01-02 11:43:30,
2025-01-02 11:43:31,5.570205273495788
2025-01-02 11:43:32,5.211112232376492
2025-01-02 11:43:33,5.119977325129793
2025-01-02 11:43:34,4.614202600222553
2025-01-02 11:43:35,5.236709096137885
2025-01-02 11:43:36,5.298974900930698
2025-01-02 11:43:37,5.726906251126036
2025-01-02 11:43:38,6.10304460850495
2025-01-02 11:43:39,5.865142725105949
2025-01-02 11:43:40,5.374517025152348
2025-01-02 11:43:41,5.394311461693365
2025-01-02 11:43:42,5.097718631349688
2025-01-02 11:43:43,5.334963052875938
2025-01-02 11:43:44,5.695868141153412
2025-01-02 11:43:45,5.462899297884053
2025-01-02 11:43:46,5.263165190718407
2025-01-02 11:43:47,5.460405007029958
2025-01-02 11:43:48,5.277572837179573
2025-01-02 11:43:49,5.227084939093793
2025-01-02 11:43:50,4.983035203442611
2025-01-02 11:43:51,5.037513544958188
2025-01-02 11:43:52,5.2437797943086055
2025-01-02 11:43:53,5.362206274939982
2025-01-02 11:43:54,5.761850727332352
2025-01-02 11:43:55,5.351549691300899
2025-01-02 11:43:56,5.407260204242667
2025-01-02 11:43:57,5.4248259569683785
2025-01-02 11:43:58,
2025-01-02 11:43:59,5.382502104588106
2025-01-02 11:44:00,5.118950197721834
2025-01-02 11:44:01,5.145386061058269
2025-01-02 11:44:02,4.912083482860358
2025-01-02 11:44:03,5.1993925035420405
2025-01-02 11:44:04,5.403121016537451
2025-01-02 11:44:05,5.163102874869445
2025-01-02 11:44:06,5.492659534477451
2025-01-02 11:44:07,5.848381341649509
2025-01-02 11:44:08,5.587815507182983
2025-01-02 11:44:09,5.400058909279332
2025-01-02 11:44:10,5.334200919130819
2025-01-02 11:44:11,5.456368554097708
2025-01-02 11:44:12,5.044551262554926
2025-01-02 11:44:13,5.228282133548562
2025-01-02 11:44:14,5.331487378079687
2025-01-02 11:44:15,5.517655925212657
2025-01-02 11:44:16,5.178026461125216
2025-01-02 11:44:17,5.280564702588569
2025-01-02 11:44:18,5.440467327587202
2025-01-02 11:44:19,5.284120492000042
2025-01-02 11:44:20,5.68162310186946
2025-01-02 11:44:21,5.141851633585013
2025-01-02 11:44:22,5.221191520867847
2025-01-02 11:44:23,5.2162691914420405
2025-01-02 11:44:24,5.6334106680785725
2025-01-02 11:44:25,5.696817791019802
2025-01-02 11:44:26,4.820651917984065
2025-01-02 11:44:27,5.643217465447203
2025-01-02 11:44:28,5.768521929691167
2025-01-02 11:44:29,5.103319719953918
2025-01-02 11:44:30,5.822059088478267
2025-01-02 11:44:31,5.781281772629988
2025-01-02 11:44:32,5.114354681766507
2025-01-02 11:44:33,5.332519957863057
2025-01-02 11:44:34,4.758750270137235
2025-01-02 11:44:35,5.120399490284647
2025-01-02 11:44:36,5.532589786353783
2025-01-02 11:44:37,5.277300447379811
2025-01-02 11:44:38,5.465266060077001
2025-01-02 11:44:39,5.6075173203193
2025-01-02 11:44:40,5.033991119662572
2025-01-02 11:44:41,5.302411271154665
2025-01-02 11:44:42,5.648746240660736
2025-01-02 11:44:43,5.360938004811027
2025-01-02 11:44:44,5.583010307026949
2025-01-02 11:44:45,5.10396620437053
2025-01-02 11:44:46,5.996055786543216
2025-01-02 11:44:47,5.754573561823931
2025-01-02 11:44:48,
2025-01-02 11:44:49,5.047625078343484
2025-01-02 11:44:50,5.960732431355936
2025-01-02 11:44:51,5.1110134089704715
2025-01-02 11:44:52,5.191287311582841
2025-01-02 11:44:53,5.398050954969481
2025-01-02 11:44:54,5.138478224331767
2025-01-02 11:44:55,5.340124849729805
2025-01-02 11:44:56,4.92297780507934
2025-01-02 11:44:57,5.699354500211026
2025-01-02 11:44:58,5.199370912416591
2025-01-02 11:44:59,
2025-01-02 11:45:00,6.012215710594077
2025-01-02 11:45:01,5.897626422111197
2025-01-02 11:45:02,4.786688566910309
2025-01-02 11:45:03,5.18767551349217
2025-01-02 11:45:04,5.627898888497032
2025-01-02 11:45:05,5.779904768446094
2025-01-02 11:45:06,5.3242009150459095
2025-01-02 11:45:07,5.059832417429617
2025-01-02 11:45:08,5.664423002986875
2025-01-02 11:45:09,5.129699921499665
2025-01-02 11:45:10,4.90399076717335
2025-01-02 11:45:11,5.327468028456001
2025-01-02 11:45:12,5.51995946570465
2025-01-02 11:45:13,
2025-01-02 11:45:14,5.483622780479584
2025-01-02 11:45:15,5.749505386432184
2025-01-02 11:45:16,5.683873505944015
2025-01-02 11:45:17,5.2841392932909885
2025-01-02 11:45:18,5.835507035057061
2025-01-02 11:45:19,5.5453607689711255
2025-01-02 11:45:20,5.516606237690395
2025-01-02 11:45:21,5.277292747116519
2025-01-02 11:45:22,5.116289056458848
2025-01-02 11:45:23,5.265711354372927
2025-01-02 11:45:24,5.602154656863888
2025-01-02 11:45:25,4.828740649950399
2025-01-02 11:45:26,5.26419346984413
2025-01-02 11:45:27,5.766459810845305
2025-01-02 11:45:28,5.223924241127667
2025-01-02 11:45:29,4.752453810546511
2025-01-02 11:45:30,5.448509462987469
2025-01-02 11:45:31,5.782949471708599
2025-01-02 11:45:32,5.3060336270379915
2025-01-02 11:45:33,5.542728094325145
2025-01-02 11:45:34,5.1161458735332355
2025-01-02 11:45:35,5.650646470094634
2025-01-02 11:45:36,5.07267786036361
2025-01-02 11:45:37,5.100052867694973
2025-01-02 11:45:38,5.588601480378322
2025-01-02 11:45:39,5.38177002742065
2025-01-02 11:45:40,5.22493567717935
2025-01-02 11:45:41,5.130191231934319
2025-01-02 11:45:42,5.450949173132745
2025-01-02 11:45:43,5.3338828351723855
2025-01-02 11:45:44,5.380448300749784
2025-01-02 11:45:45,6.152784480909619
2025-01-02 11:45:46,5.227964623378841
2025-01-02 11:45:47,4.956965755943354
2025-01-02 11:45:48,5.333431270102612
2025-01-02 11:45:49,5.484590932063895
2025-01-02 11:45:50,
2025-01-02 11:45:51,5.298636776827079
2025-01-02 11:45:52,5.474042522356059
2025-01-02 11:45:53,5.757526996883667
2025-01-02 11:45:54,5.577788321326069
2025-01-02 11:45:55,5.577999331515998
2025-01-02 11:45:56,5.741205993143096
2025-01-02 11:45:57,5.260200457307688
2025-01-02 11:45:58,
2025-01-02 11:45:59,5.922673563377996
2025-01-02 11:46:00,5.349067483336805
2025-01-02 11:46:01,4.982475037266021
2025-01-02 11:46:02,
2025-01-02 11:46:03,5.759888140964011
2025-01-02 11:46:04,5.617557483879351
2025-01-02 11:46:05,5.460883215158764
2025-01-02 11:46:06,4.9425097360923695
2025-01-02 11:46:07,5.6756796683349
2025-01-02 11:46:08,4.922066903811759
2025-01-02 11:46:09,5.244045796801547
2025-01-02 11:46:10,5.026942777339397
2025-01-02 11:46:11,5.438475235156852
2025-01-02 11:46:12,5.8605567303560315
2025-01-02 11:46:13,5.026882744791653
2025-01-02 11:46:14,5.2309123105945705
2025-01-02 11:46:15,5.279700333237109
2025-01-02 11:46:16,5.324502859958568
2025-01-02 11:46:17,4.938425392131597
2025-01-02 11:46:18,5.7381703998109215
2025-01-02 11:46:19,4.866436006851973
2025-01-02 11:46:20,5.708256727199463
2025-01-02 11:46:21,5.407411146748982
2025-01-02 11:46:22,5.438853235734409
2025-01-02 11:46:23,5.5284463475791075
2025-01-02 11:46:24,5.597447484528086
2025-01-02 11:46:25,5.413278493856382
2025-01-02 11:46:26,5.713565730827202
2025-01-02 11:46:27,5.648010744785823
2025-01-02 11:46:28,5.268598848580952
2025-01-02 11:46:29,4.647136502078036
2025-01-02 11:46:30,5.319155201055339
2025-01-02 11:46:31,5.225008676916833
2025-01-02 11:46:32,5.407202187129018
2025-01-02 11:46:33,5.083612049406736
2025-01-02 11:46:34,5.4044213028469645
2025-01-02 11:46:35,6.022405150019208
2025-01-02 11:46:36,6.069130374321784
2025-01-02 11:46:37,5.3203072842643095
2025-01-02 11:46:38,5.445610566941555
2025-01-02 11:46:39,5.3262671718236065
2025-01-02 11:46:40,5.781172676407931
2025-01-02 11:46:41,5.568815235442253
2025-01-02 11:46:42,5.548412198888689
2025-01-02 11:46:43,5.774470064905988
2025-01-02 11:46:44,5.72726929340041
2025-01-02 11:46:45,5.623648416911789
2025-01-02 11:46:46,5.000421315111907
2025-01-02 11:46:47,6.001779123118594
2025-01-02 11:46:48,5.231853334782756
2025-01-02 11:46:49,5.128583413118713
2025-01-02 11:46:50,4.669765752484047
2025-01-02 11:46:51,5.179334908557127
2025-01-02 11:46:52,5.481772150386355
2025-01-02 11:46:53,5.6943566803935814
2025-01-02 11:46:54,5.5181058682353825
2025-01-02 11:46:55,5.830026767012852
2025-01-02 11:46:56,5.065610096884162
2025-01-02 11:46:57,5.401853130346531
2025-01-02 11:46:58,5.424267540854788
2025-01-02 11:46:59,5.421398741012437
2025-01-02 11:47:00,5.540300797465055
2025-01-02 11:47:01,5.623105053936397
2025-01-02 11:47:02,5.133692152511703
2025-01-02 11:47:03,5.80991263220373
2025-01-02 11:47:04,5.408929479543271
2025-01-02 11:47:05,5.657797440784873
2025-01-02 11:47:06,5.0744050077597445
2025-01-02 11:47:07,5.236914401335575
2025-01-02 11:47:08,5.375298648883727
2025-01-02 11:47:09,5.597428579105181
2025-01-02 11:47:10,5.340470171876824
2025-01-02 11:47:11,5.439733863768232
2025-01-02 11:47:12,
2025-01-02 11:47:13,5.026105534795214
2025-01-02 11:47:14,5.604128856646213
2025-01-02 11:47:15,5.634910427916063
2025-01-02 11:47:16,5.657994995374239
2025-01-02 11:47:17,5.455255153160017
2025-01-02 11:47:18,4.9281191475733515
2025-01-02 11:47:19,5.2938144298664245
2025-01-02 11:47:20,5.658636391336185
2025-01-02 11:47:21,5.490200295507151
2025-01-02 11:47:22,5.107199427409988
2025-01-02 11:47:23,5.363347231058989
2025-01-02 11:47:24,5.39897509271713
2025-01-02 11:47:25,5.698830860549604
2025-01-02 11:47:26,5.578382833772195
2025-01-02 11:47:27,5.2320665477684996
2025-01-02 11:47:28,5.3924863746057135
2025-01-02 11:47:29,5.3562523999581915
2025-01-02 11:47:30,5.4281997545225975
2025-01-02 11:47:31,5.376436067658492
2025-01-02 11:47:32,5.535467332789908
2025-01-02 11:47:33,6.252659550730441
2025-01-02 11:47:34,
2025-01-02 11:47:35,5.735762834351888
2025-01-02 11:47:36,
2025-01-02 11:47:37,5.564205297566251
2025-01-02 11:47:38,5.107908796874973
2025-01-02 11:47:39,5.5294861411673875
2025-01-02 11:47:40,5.536091987342826
2025-01-02 11:47:41,5.172098670364597
2025-01-02 11:47:42,5.376305645924803
2025-01-02 11:47:43,5.639021922125967
2025-01-02 11:47:44,5.877831307125151
2025-01-02 11:47:45,5.437768597040534
2025-01-02 11:47:46,5.9753140921322805
2025-01-02 11:47:47,5.167136662883896
2025-01-02 11:47:48,5.899776261339628
2025-01-02 11:47:49,5.486026184374524
2025-01-02 11:47:50,5.5675365434361925
2025-01-02 11:47:51,5.373845091640454
2025-01-02 11:47:52,5.706680253699828
2025-01-02 11:47:53,4.894865188342781
2025-01-02 11:47:54,5.914746681654123
2025-01-02 11:47:55,5.728952994436064
2025-01-02 11:47:56,6.1067304681126515
2025-01-02 11:47:57,5.893848946661238
2025-01-02 11:47:58,5.321319870127474
2025-01-02 11:47:59,5.021732997138439
2025-01-02 11:48:00,5.848272375665717
2025-01-02 11:48:01,5.551000118714397
2025-01-02 11:48:02,5.327812380899413
2025-01-02 11:48:03,5.327807293436721
2025-01-02 11:48:04,5.585653076369017
2025-01-02 11:48:05,5.441186850363853
2025-01-02 11:48:06,5.1199323472069835
2025-01-02 11:48:07,6.079623932628316
2025-01-02 11:48:08,5.88047725527856
2025-01-02 11:48:09,5.764945441797821
2025-01-02 11:48:10,6.018138859442286
2025-01-02 11:48:11,5.792057034999436
2025-01-02 11:48:12,5.761132724262987
2025-01-02 11:48:13,5.60789151788832
2025-01-02 11:48:14,5.307759258090705
2025-01-02 11:48:15,5.5050280425176
2025-01-02 11:48:16,5.2400007329502
2025-01-02 11:48:17,5.236812569237946
2025-01-02 11:48:18,5.980256360806198
2025-01-02 11:48:19,5.470536316191675
2025-01-02 11:48:20,5.285239709846802
2025-01-02 11:48:21,5.715315592340937
2025-01-02 11:48:22,5.33474706368645
2025-01-02 11:48:23,5.193713498516718
2025-01-02 11:48:24,5.078858266234491
2025-01-02 11:48:25,4.992961532618205
2025-01-02 11:48:26,5.615276207274396
2025-01-02 11:48:27,5.395892354471761
2025-01-02 11:48:28,5.375046943053768
2025-01-02 11:48:29,5.609642858776268
2025-01-02 11:48:30,5.9191980661645145
2025-01-02 11:48:31,
2025-01-02 11:48:32,5.071260722001562
2025-01-02 11:48:33,5.3062034068502255
2025-01-02 11:48:34,5.754860574274986
2025-01-02 11:48:35,5.240177532292079
2025-01-02 11:48:36,5.340027474769227
2025-01-02 11:48:37,6.160792497481153
2025-01-02 11:48:38,6.1482245480078355
2025-01-02 11:48:39,5.473376649297734
2025-01-02 11:48:40,5.287996660865318
2025-01-02 11:48:41,5.647833566550825
2025-01-02 11:48:42,5.229430168997025
2025-01-02 11:48:43,5.185303395356751
2025-01-02 11:48:44,6.071416840013119
2025-01-02 11:48:45,5.411507685010322
2025-01-02 11:48:46,5.616038332354649
2025-01-02 11:48:47,5.799729266033655
2025-01-02 11:48:48,5.836418557031543
2025-01-02 11:48:49,5.068964531139374
2025-01-02 11:48:50,5.355763923284161
2025-01-02 11:48:51,5.347384601733434
2025-01-02 11:48:52,5.647799818448747
2025-01-02 11:48:53,4.961839769519401
2025-01-02 11:48:54,5.299062031636589
2025-01-02 11:48:55,6.016267748690357
2025-01-02 11:48:56,5.307864672853034
2025-01-02 11:48:57,5.231877264176096
2025-01-02 11:48:58,5.5057740026086375
2025-01-02 11:48:59,5.826838517113302
2025-01-02 11:49:00,5.409951105193953
2025-01-02 11:49:01,5.3608735589538865
2025-01-02 11:49:02,5.264891872471785
2025-01-02 11:49:03,5.257267954604118
2025-01-02 11:49:04,5.055363312516934
2025-01-02 11:49:05,6.106707171016655
2025-01-02 11:49:06,5.4451984952984205
2025-01-02 11:49:07,4.976527410160712
2025-01-02 11:49:08,5.457997706014897
2025-01-02 11:49:09,5.431708405973338
2025-01-02 11:49:10,5.1718232279314895
2025-01-02 11:49:11,5.182381123018748
2025-01-02 11:49:12,5.521684699184592
2025-01-02 11:49:13,5.438248314234386
2025-01-02 11:49:14,5.258707361168561
2025-01-02 11:49:15,4.77372501818513
2025-01-02 11:49:16,5.452124024855338
2025-01-02 11:49:17,5.495072188542265
2025-01-02 11:49:18,4.9494776884291465
2025-01-02 11:49:19,5.626692360101362
2025-01-02 11:49:20,5.63930374672271
2025-01-02 11:49:21,5.545852153822562
2025-01-02 11:49:22,5.465081706444925
2025-01-02 11:49:23,5.337687270843374
2025-01-02 11:49:24,5.649679316239629
2025-01-02 11:49:25,5.027110586541724
2025-01-02 11:49:26,5.1590209633045445
2025-01-02 11:49:27,5.275772720976486
2025-01-02 11:49:28,5.988956808595899
2025-01-02 11:49:29,5.808391242727998
2025-01-02 11:49:30,5.367960214584842
2025-01-02 11:49:31,5.552648744011567
2025-01-02 11:49:32,5.257630227118961
2025-01-02 11:49:33,5.4475227575948315
2025-01-02 11:49:34,5.6597842809164325
2025-01-02 11:49:35,5.434452871161765
2025-01-02 11:49:36,5.008477778036948
2025-01-02 11:49:37,5.578929498451134
2025-01-02 11:49:38,5.33902820531225
2025-01-02 11:49:39,4.9865634556075245
2025-01-02 11:49:40,5.673678440533705
2025-01-02 11:49:41,5.208701883691489
2025-01-02 11:49:42,5.155882670986708
2025-01-02 11:49:43,5.511910563725124
2025-01-02 11:49:44,
2025-01-02 11:49:45,5.274761871702487
2025-01-02 11:49:46,5.480980437061908
2025-01-02 11:49:47,5.215398269406536
2025-01-02 11:49:48,5.498514108524935
2025-01-02 11:49:49,5.450336631196075
2025-01-02 11:49:50,6.062635469687268
2025-01-02 11:49:51,5.79095488979188
2025-01-02 11:49:52,5.167967650694587
2025-01-02 11:49:53,5.921932216932443
2025-01-02 11:49:54,5.999544843652603
2025-01-02 11:49:55,5.724155657117706
2025-01-02 11:49:56,5.436392702642244
2025-01-02 11:49:57,5.30228882637818
2025-01-02 11:49:58,5.962464658162028
2025-01-02 11:49:59,5.3719479606086855
2025-01-02 11:50:00,5.448381005964371
2025-01-02 11:50:01,5.7503506473954165
2025-01-02 11:50:02,5.8416226331223635
2025-01-02 11:50:03,5.54089262567052
2025-01-02 11:50:04,5.3279165570766445
2025-01-02 11:50:05,5.0033847386049635
2025-01-02 11:50:06,5.144234628644488
2025-01-02 11:50:07,5.743436117108301
2025-01-02 11:50:08,5.326256702659712
2025-01-02 11:50:09,5.345828752661407
2025-01-02 11:50:10,4.926918903186629
2025-01-02 11:50:11,5.6347110536459795
2025-01-02 11:50:12,5.45961388513281
2025-01-02 11:50:13,5.6051916858402935
2025-01-02 11:50:14,5.250334338056299
2025-01-02 11:50:15,5.212321368393793
2025-01-02 11:50:16,5.857437565171272
2025-01-02 11:50:17,5.591345784521932
2025-01-02 11:50:18,5.791689119174136
2025-01-02 11:50:19,5.775851848736701
2025-01-02 11:50:20,5.530863494013646
2025-01-02 11:50:21,5.276492777010693
2025-01-02 11:50:22,5.20912970586774
2025-01-02 11:50:23,5.710035712996751
2025-01-02 11:50:24,5.273016685511133
2025-01-02 11:50:25,6.176882307760754
2025-01-02 11:50:26,5.187935339494537
2025-01-02 11:50:27,5.384273483800815
2025-01-02 11:50:28,5.750569456638776
2025-01-02 11:50:29,5.84664820246102
2025-01-02 11:50:30,5.6702403560961905
2025-01-02 11:50:31,5.349924542702589
2025-01-02 11:50:32,5.437954694947797
2025-01-02 11:50:33,5.766302185664118
2025-01-02 11:50:34,5.6830651913515995
2025-01-02 11:50:35,5.427966095152187
2025-01-02 11:50:36,5.961705673480718
2025-01-02 11:50:37,5.78825829809534
2025-01-02 11:50:38,4.850290040212135
2025-01-02 11:50:39,6.083079560438905
2025-01-02 11:50:40,5.984719163291388
2025-01-02 11:50:41,5.416869687350767
2025-01-02 11:50:42,5.6869727056486505
2025-01-02 11:50:43,
2025-01-02 11:50:44,5.2492772630672535
2025-01-02 11:50:45,5.504586836221125
2025-01-02 11:50:46,5.9841497137456825
2025-01-02 11:50:47,4.798697554944259
2025-01-02 11:50:48,5.642696129469601
2025-01-02 11:50:49,5.650137824275623
2025-01-02 11:50:50,5.636526378882671
2025-01-02 11:50:51,5.594161134211086
2025-01-02 11:50:52,5.1210633992129315
2025-01-02 11:50:53,6.13805991469311
2025-01-02 11:50:54,5.292986537839851
2025-01-02 11:50:55,5.440502241260726
2025-01-02 11:50:56,5.642805409466603
2025-01-02 11:50:57,5.719978801523944
2025-01-02 11:50:58,
2025-01-02 11:50:59,5.2782783228606265
2025-01-02 11:51:00,5.498960236430304
2025-01-02 11:51:01,5.230295156341082
2025-01-02 11:51:02,5.507459186769184
2025-01-02 11:51:03,5.3931600052234705
2025-01-02 11:51:04,5.252668774353517
2025-01-02 11:51:05,5.167575699426415
2025-01-02 11:51:06,5.435211888176959
2025-01-02 11:51:07,5.461967245122124
2025-01-02 11:51:08,5.44787806262781
2025-01-02 11:51:09,5.698709951702033
2025-01-02 11:51:10,5.461461410658318
2025-01-02 11:51:11,5.655016777891333
2025-01-02 11:51:12,5.956241258578985
2025-01-02 11:51:13,5.0070078969768685
2025-01-02 11:51:14,5.261846997968204
2025-01-02 11:51:15,5.539688707030932
2025-01-02 11:51:16,5.967685134821355
2025-01-02 11:51:17,5.512172612994621
2025-01-02 11:51:18,5.355265889198292
2025-01-02 11:51:19,5.56717799237286
2025-01-02 11:51:20,5.21479508627022
2025-01-02 11:51:21,5.527211353221763
2025-01-02 11:51:22,5.227317712579825
2025-01-02 11:51:23,5.27453475431219
2025-01-02 11:51:24,5.2875519260757065
2025-01-02 11:51:25,5.45437831396294
2025-01-02 11:51:26,5.704563940992568
2025-01-02 11:51:27,5.330923254699507
2025-01-02 11:51:28,5.53394794179009
2025-01-02 11:51:29,5.540115670726264
2025-01-02 11:51:30,4.969718261212939
2025-01-02 11:51:31,5.878276724965015
2025-01-02 11:51:32,5.5445886634184465
2025-01-02 11:51:33,4.835539763932613
2025-01-02 11:51:34,5.865084618271252
2025-01-02 11:51:35,5.65893906246702
2025-01-02 11:51:36,5.756016326667462
2025-01-02 11:51:37,5.832921320836517
2025-01-02 11:51:38,5.825801048165716
2025-01-02 11:51:39,5.012499139098507
2025-01-02 11:51:40,5.482928403163732
2025-01-02 11:51:41,6.198244151936739
2025-01-02 11:51:42,5.1519800563518325
2025-01-02 11:51:43,4.92770421729899
2025-01-02 11:51:44,5.912129614020627
2025-01-02 11:51:45,5.18700572519849
2025-01-02 11:51:46,5.483449951652604
2025-01-02 11:51:47,5.268784723637836
2025-01-02 11:51:48,5.569289993037416
2025-01-02 11:51:49,5.3966895475898795
2025-01-02 11:51:50,5.301772531157306
2025-01-02 11:51:51,5.108091095787363
2025-01-02 11:51:52,6.333530504538139
2025-01-02 11:51:53,5.331861739101937
2025-01-02 11:51:54,5.719883271108641
2025-01-02 11:51:55,5.6553347967582805
2025-01-02 11:51:56,5.986106243284503
2025-01-02 11:51:57,5.502317247368474
2025-01-02 11:51:58,4.951952045515739
2025-01-02 11:51:59,5.449770510749769
2025-01-02 11:52:00,6.018559704595706
2025-01-02 11:52:01,5.243800532911522
2025-01-02 11:52:02,5.483747952890352
2025-01-02 11:52:03,5.620432610301647
2025-01-02 11:52:04,5.4327562177108115
2025-01-02 11:52:05,5.47491972573638
2025-01-02 11:52:06,
2025-01-02 11:52:07,5.384060667548695
2025-01-02 11:52:08,5.224654944473086
2025-01-02 11:52:09,5.431488810780387
2025-01-02 11:52:10,5.9190824129114565
2025-01-02 11:52:11,5.678254438536988
2025-01-02 11:52:12,5.583929141553053
2025-01-02 11:52:13,5.7931964727286545
2025-01-02 11:52:14,5.810159788682451
2025-01-02 11:52:15,6.365184884146356
2025-01-02 11:52:16,5.380299152836339
2025-01-02 11:52:17,5.641724064972832
2025-01-02 11:52:18,5.19881273636944
2025-01-02 11:52:19,5.693059987273298
2025-01-02 11:52:20,5.58570554303647
2025-01-02 11:52:21,5.784368560437324
2025-01-02 11:52:22,5.184929838286134
2025-01-02 11:52:23,5.5067788188691855
2025-01-02 11:52:24,5.910011336599516
2025-01-02 11:52:25,5.305295545867586
2025-01-02 11:52:26,5.154517682775644
2025-01-02 11:52:27,5.876347615834783
2025-01-02 11:52:28,5.895061254661236
2025-01-02 11:52:29,5.580211693364619
2025-01-02 11:52:30,5.411216991542157
2025-01-02 11:52:31,5.419488690411608
2025-01-02 11:52:32,5.82190031509315
2025-01-02 11:52:33,5.770952373114634
2025-01-02 11:52:34,5.39598864646112
2025-01-02 11:52:35,5.674688374282911
2025-01-02 11:52:36,6.078169129732227
2025-01-02 11:52:37,5.660090121625685
2025-01-02 11:52:38,5.365859072613009
2025-01-02 11:52:39,5.983098764949422
2025-01-02 11:52:40,6.152868559612771
2025-01-02 11:52:41,5.84674331665087
2025-01-02 11:52:42,5.050933417045822
2025-01-02 11:52:43,5.836167428417847
2025-01-02 11:52:44,5.654159683099967
2025-01-02 11:52:45,5.349142174412172
2025-01-02 11:52:46,5.338322044857966
2025-01-02 11:52:47,6.194492029868437
2025-01-02 11:52:48,5.489500765767254
2025-01-02 11:52:49,5.770133261928486
2025-01-02 11:52:50,5.439553334097649
2025-01-02 11:52:51,6.115930594309759
2025-01-02 11:52:52,5.129253476021851
2025-01-02 11:52:53,5.60435923111898
2025-01-02 11:52:54,6.029493211843084
2025-01-02 11:52:55,5.400395089930317
2025-01-02 11:52:56,5.7205269014260605
2025-01-02 11:52:57,5.784814017376781
2025-01-02 11:52:58,5.427643606480301
2025-01-02 11:52:59,5.45295607342396
2025-01-02 11:53:00,5.17974305284073
2025-01-02 11:53:01,5.576885703936325
2025-01-02 11:53:02,5.290756815561443
2025-01-02 11:53:03,5.649153500573888
2025-01-02 11:53:04,5.723922716753174
2025-01-02 11:53:05,5.3717578565823985
2025-01-02 11:53:06,5.688550643133593
2025-01-02 11:53:07,6.182578021447665
2025-01-02 11:53:08,5.564318145548174
2025-01-02 11:53:09,5.654498878694449
2025-01-02 11:53:10,5.589260436602547
2025-01-02 11:53:11,5.324685921244374
2025-01-02 11:53:12,
2025-01-02 11:53:13,5.876987497061614
2025-01-02 11:53:14,4.701210146559834
2025-01-02 11:53:15,5.980091993267653
2025-01-02 11:53:16,5.912737396100914
2025-01-02 11:53:17,5.793086015372871
2025-01-02 11:53:18,5.890463079816337
2025-01-02 11:53:19,5.876258080232407
2025-01-02 11:53:20,5.364960532734922
2025-01-02 11:53:21,5.089929940772783
2025-01-02 11:53:22,5.821844770917661
2025-01-02 11:53:23,5.756622906304118
2025-01-02 11:53:24,5.811907013101854
2025-01-02 11:53:25,5.297056132892459
2025-01-02 11:53:26,5.557897754084648
2025-01-02 11:53:27,5.5490112242659855
2025-01-02 11:53:28,5.518359481940269
2025-01-02 11:53:29,5.501871806417647
2025-01-02 11:53:30,5.282875457876825
2025-01-02 11:53:31,5.362079288297457
2025-01-02 11:53:32,5.63447779613202
2025-01-02 11:53:33,5.537909972627265
2025-01-02 11:53:34,5.964212894053722
2025-01-02 11:53:35,5.416807964860503
2025-01-02 11:53:36,5.733370253996982
2025-01-02 11:53:37,5.392229656835762
2025-01-02 11:53:38,5.727768094669619
2025-01-02 11:53:39,5.830482529597576
2025-01-02 11:53:40,5.792523667230953
2025-01-02 11:53:41,5.637363015312561
2025-01-02 11:53:42,5.3787116645137765
2025-01-02 11:53:43,5.315277240455743
2025-01-02 11:53:44,6.148294421326222
2025-01-02 11:53:45,5.648045159645815
2025-01-02 11:53:46,5.307070063716514
2025-01-02 11:53:47,5.9543901185713795
2025-01-02 11:53:48,5.535369724709983
2025-01-02 11:53:49,5.161020447731896
2025-01-02 11:53:50,
2025-01-02 11:53:51,
2025-01-02 11:53:52,6.192406788426061
2025-01-02 11:53:53,5.745485651406888
2025-01-02 11:53:54,5.576794890247481
2025-01-02 11:53:55,5.747394239487653
2025-01-02 11:53:56,5.240575496671759
2025-01-02 11:53:57,5.318885537125408
2025-01-02 11:53:58,5.58541649099275
2025-01-02 11:53:59,5.4986566923494635
2025-01-02 11:54:00,5.542414573722086
2025-01-02 11:54:01,6.030085556925906
2025-01-02 11:54:02,5.858175224643968
2025-01-02 11:54:03,5.625812395165885
2025-01-02 11:54:04,6.226978954176751
2025-01-02 11:54:05,5.4981344620929296
2025-01-02 11:54:06,5.545105691016793
2025-01-02 11:54:07,5.60368517353556
2025-01-02 11:54:08,4.946429248842464
2025-01-02 11:54:09,5.894194267831737
2025-01-02 11:54:10,5.788563183812458
2025-01-02 11:54:11,5.8293047757376995
2025-01-02 11:54:12,5.6249536868363155
2025-01-02 11:54:13,5.444260823030201
2025-01-02 11:54:14,5.222150705339701
2025-01-02 11:54:15,5.079188721752599
2025-01-02 11:54:16,6.073004589665117
2025-01-02 11:54:17,5.737552491677524
2025-01-02 11:54:18,5.6998056460927575
2025-01-02 11:54:19,5.464711038407058
2025-01-02 11:54:20,5.942489554907268
2025-01-02 11:54:21,5.569712283553424
2025-01-02 11:54:22,5.23585973469468
2025-01-02 11:54:23,5.4514736133284565
2025-01-02 11:54:24,5.46913967782822
2025-01-02 11:54:25,5.26480340800349
2025-01-02 11:54:26,5.458735841428443
2025-01-02 11:54:27,5.778321030428024
2025-01-02 11:54:28,5.773670870408577
2025-01-02 11:54:29,5.754806636796064
2025-01-02 11:54:30,5.986979344008155
2025-01-02 11:54:31,5.704469506925192
2025-01-02 11:54:32,5.374068839614557
2025-01-02 11:54:33,6.217198833018184
2025-01-02 11:54:34,5.9529055592400155
2025-01-02 11:54:35,5.752573189029011
2025-01-02 11:54:36,5.826638372727859
2025-01-02 11:54:37,5.254651839941784
2025-01-02 11:54:38,5.7197211184850145
2025-01-02 11:54:39,6.37472675142349
2025-01-02 11:54:40,5.44688384827216
2025-01-02 11:54:41,5.612876364932959
2025-01-02 11:54:42,5.452333745331665
2025-01-02 11:54:43,5.2553999673815746
2025-01-02 11:54:44,6.004121328735111
2025-01-02 11:54:45,6.004229861098938
2025-01-02 11:54:46,5.664116111200268
2025-01-02 11:54:47,6.132472148563439
2025-01-02 11:54:48,5.164759720216939
2025-01-02 11:54:49,5.603472650563266
2025-01-02 11:54:50,5.971626730995574
2025-01-02 11:54:51,5.510898144358613
2025-01-02 11:54:52,5.793862527881537
2025-01-02 11:54:53,5.854244328849479
2025-01-02 11:54:54,6.205415487655361
2025-01-02 11:54:55,6.136698047327146
2025-01-02 11:54:56,5.435086629456339
2025-01-02 11:54:57,5.487712608727236
2025-01-02 11:54:58,5.317079547613957
2025-01-02 11:54:59,5.084754133527076
2025-01-02 11:55:00,5.610060675550381
2025-01-02 11:55:01,5.788962892895752
2025-01-02 11:55:02,5.923350546712799
2025-01-02 11:55:03,6.06087527740877
2025-01-02 11:55:04,6.0642592765404
2025-01-02 11:55:05,5.55576007198868
2025-01-02 11:55:06,5.47920565788335
2025-01-02 11:55:07,5.785237675539659
2025-01-02 11:55:08,5.479347707961596
2025-01-02 11:55:09,5.697574558336014
2025-01-02 11:55:10,5.700459320025441
2025-01-02 11:55:11,5.539061012373274
2025-01-02 11:55:12,6.412887183364838
2025-01-02 11:55:13,5.632483256696459
2025-01-02 11:55:14,5.847467239324481
2025-01-02 11:55:15,5.697864549556193
2025-01-02 11:55:16,5.750762665723225
2025-01-02 11:55:17,6.103441729545616
2025-01-02 11:55:18,5.183079735040069
2025-01-02 11:55:19,5.743704425889736
2025-01-02 11:55:20,6.0523380191759095
2025-01-02 11:55:21,5.443191470688748
2025-01-02 11:55:22,5.549424592041586
2025-01-02 11:55:23,5.714718185950289
2025-01-02 11:55:24,5.6328445285703985
2025-01-02 11:55:25,5.501291488188357
2025-01-02 11:55:26,5.347261092560341
2025-01-02 11:55:27,5.4344123563686235
2025-01-02 11:55:28,5.812004446859893
2025-01-02 11:55:29,5.580248079302505
2025-01-02 11:55:30,5.519847187382232
2025-01-02 11:55:31,5.909289411994206
2025-01-02 11:55:32,5.847789705785836
2025-01-02 11:55:33,5.324731239235114
2025-01-02 11:55:34,5.344079168617429
2025-01-02 11:55:35,5.186416307983748
2025-01-02 11:55:36,5.532738695007366
2025-01-02 11:55:37,5.668181041223462
2025-01-02 11:55:38,6.091859431875073
2025-01-02 11:55:39,6.282571727447751
2025-01-02 11:55:40,5.738405344537473
2025-01-02 11:55:41,5.827408314366533
2025-01-02 11:55:42,5.68098021299622
2025-01-02 11:55:43,5.792013602744062
2025-01-02 11:55:44,5.435835944849979
2025-01-02 11:55:45,5.596763021489388
2025-01-02 11:55:46,5.165504339229866
2025-01-02 11:55:47,5.7711006477461515
2025-01-02 11:55:48,5.161940696153098
2025-01-02 11:55:49,5.733465875194542
2025-01-02 11:55:50,5.150240143849078
2025-01-02 11:55:51,5.185862549046847
2025-01-02 11:55:52,6.557010749278958
2025-01-02 11:55:53,4.8538554819137225
2025-01-02 11:55:54,5.460070967943178
2025-01-02 11:55:55,5.689806063578484
2025-01-02 11:55:56,5.902295171490989
2025-01-02 11:55:57,5.37853096406265
2025-01-02 11:55:58,5.693220287648046
2025-01-02 11:55:59,5.456957565091741
2025-01-02 11:56:00,5.849757696695296
2025-01-02 11:56:01,5.646505452500947
2025-01-02 11:56:02,5.792811887625137
2025-01-02 11:56:03,5.549624281322316
2025-01-02 11:56:04,5.589327542042391
2025-01-02 11:56:05,5.608222397773782
2025-01-02 11:56:06,6.156286749586727
2025-01-02 11:56:07,5.566871996001329
2025-01-02 11:56:08,5.596639807013724
2025-01-02 11:56:09,5.581772896906085
2025-01-02 11:56:10,5.272508194214748
2025-01-02 11:56:11,5.51101858674341
2025-01-02 11:56:12,5.809953524398662
2025-01-02 11:56:13,5.647974917562954
2025-01-02 11:56:14,5.937029606151609
2025-01-02 11:56:15,5.896308453087389
2025-01-02 11:56:16,5.767680050288699
2025-01-02 11:56:17,5.580807750183634
2025-01-02 11:56:18,5.544276002370663
2025-01-02 11:56:19,5.703533996574591
2025-01-02 11:56:20,6.25382008202768
2025-01-02 11:56:21,5.423479067840216
2025-01-02 11:56:22,6.122442645150019
2025-01-02 11:56:23,5.542368557747498
2025-01-02 11:56:24,5.818771716466157
2025-01-02 11:56:25,5.157944453611635
2025-01-02 11:56:26,5.542122247756959
2025-01-02 11:56:27,6.008222864907432
2025-01-02 11:56:28,6.164182129807625
2025-01-02 11:56:29,5.816139706879512
2025-01-02 11:56:30,6.058627507098714
2025-01-02 11:56:31,5.239584215220992
2025-01-02 11:56:32,5.792625297422535
2025-01-02 11:56:33,5.393807481947508
2025-01-02 11:56:34,
2025-01-02 11:56:35,5.903086249762457
2025-01-02 11:56:36,5.6602629744997905
2025-01-02 11:56:37,5.285008703007607
2025-01-02 11:56:38,5.962217355575322
2025-01-02 11:56:39,5.806103289729179
2025-01-02 11:56:40,5.458715036989524
2025-01-02 11:56:41,5.708925420991595
2025-01-02 11:56:42,5.519823459964157
2025-01-02 11:56:43,6.018846705064004
2025-01-02 11:56:44,5.165081885133095
2025-01-02 11:56:45,5.087405464978796
2025-01-02 11:56:46,5.647305643455128
2025-01-02 11:56:47,5.880434851526968
2025-01-02 11:56:48,5.536128053675673
2025-01-02 11:56:49,5.597547618434227
2025-01-02 11:56:50,5.782932598139019
2025-01-02 11:56:51,5.700563355791261
2025-01-02 11:56:52,5.228255865757208
2025-01-02 11:56:53,5.706490137693807
2025-01-02 11:56:54,5.251674811800263
2025-01-02 11:56:55,6.187320074484011
2025-01-02 11:56:56,5.930481266531829
2025-01-02 11:56:57,5.534561455908037
2025-01-02 11:56:58,6.014892325785952
2025-01-02 11:56:59,5.581069393584389
2025-01-02 11:57:00,5.575656785928011
2025-01-02 11:57:01,5.907915438724553
2025-01-02 11:57:02,5.662843347771785
2025-01-02 11:57:03,5.3477462067497425
2025-01-02 11:57:04,5.616729189742233
2025-01-02 11:57:05,6.068764198879797
2025-01-02 11:57:06,5.297772404652596
2025-01-02 11:57:07,5.602337617379007
2025-01-02 11:57:08,5.635057508284283
2025-01-02 11:57:09,5.805872037732975
2025-01-02 11:57:10,6.140337319380614
2025-01-02 11:57:11,5.964785598519002
2025-01-02 11:57:12,5.384461073099128
2025-01-02 11:57:13,
2025-01-02 11:57:14,6.097762200193814
2025-01-02 11:57:15,5.770733988628627
2025-01-02 11:57:16,5.780228899021869
2025-01-02 11:57:17,5.520467030077598
2025-01-02 11:57:18,5.292879697332577
2025-01-02 11:57:19,5.481837881975794
2025-01-02 11:57:20,5.753655574608168
2025-01-02 11:57:21,5.513481830412436
2025-01-02 11:57:22,5.287171359277587
2025-01-02 11:57:23,5.594853318084881
2025-01-02 11:57:24,5.801539297493667
2025-01-02 11:57:25,5.528599670461004
2025-01-02 11:57:26,5.246955517980468
2025-01-02 11:57:27,5.628063596307468
2025-01-02 11:57:28,5.2965164284267425
2025-01-02 11:57:29,5.368234481494805
2025-01-02 11:57:30,6.032922619777028
2025-01-02 11:57:31,5.60110746133297
2025-01-02 11:57:32,5.349160234095231
2025-01-02 11:57:33,6.492986471411127
2025-01-02 11:57:34,6.0140841811206105
2025-01-02 11:57:35,5.776859194128205
2025-01-02 11:57:36,5.821574214051263
2025-01-02 11:57:37,5.60012146183959
2025-01-02 11:57:38,5.753606355384334
2025-01-02 11:57:39,5.531632283643356
2025-01-02 11:57:40,6.0373529102562635
2025-01-02 11:57:41,5.648728839291736
2025-01-02 11:57:42,5.624604709223165
2025-01-02 11:57:43,5.206363711710893
2025-01-02 11:57:44,5.664659789487805
2025-01-02 11:57:45,5.807734208525988
2025-01-02 11:57:46,5.365250814944126
2025-01-02 11:57:47,6.129982481266406
2025-01-02 11:57:48,5.372758280931408
2025-01-02 11:57:49,5.359048081009494
2025-01-02 11:57:50,5.4950404406739555
2025-01-02 11:57:51,
2025-01-02 11:57:52,5.8774791886361815
2025-01-02 11:57:53,5.396574429163152
2025-01-02 11:57:54,5.351269561959503
2025-01-02 11:57:55,5.193483016064344
2025-01-02 11:57:56,5.496727736803795
2025-01-02 11:57:57,5.266998919083605
2025-01-02 11:57:58,5.894625494146938
2025-01-02 11:57:59,5.885906435166517
2025-01-02 11:58:00,5.877361383796667
2025-01-02 11:58:01,
2025-01-02 11:58:02,5.772353893253053
2025-01-02 11:58:03,5.339476170843824
2025-01-02 11:58:04,6.175205534601625
2025-01-02 11:58:05,5.409150763665325
2025-01-02 11:58:06,5.57505268945076
2025-01-02 11:58:07,5.588035364620687
2025-01-02 11:58:08,5.439575600251432
2025-01-02 11:58:09,5.835029878183925
2025-01-02 11:58:10,5.423376989904089
2025-01-02 11:58:11,5.952880085980149
2025-01-02 11:58:12,5.840108763260552
2025-01-02 11:58:13,5.424017880597328
2025-01-02 11:58:14,
2025-01-02 11:58:15,5.686408730161145
2025-01-02 11:58:16,6.062212190246331
2025-01-02 11:58:17,5.780585712450836
2025-01-02 11:58:18,5.48494021093744
2025-01-02 11:58:19,6.1623879056138495
2025-01-02 11:58:20,5.935534705823972
2025-01-02 11:58:21,5.434963189214132
2025-01-02 11:58:22,5.661540798468698
2025-01-02 11:58:23,
2025-01-02 11:58:24,5.518294209531826
2025-01-02 11:58:25,5.868130411219922
2025-01-02 11:58:26,6.166988578359286
2025-01-02 11:58:27,6.044483877847538
2025-01-02 11:58:28,5.444474707450441
2025-01-02 11:58:29,5.123204547638721
2025-01-02 11:58:30,5.776820325486924
2025-01-02 11:58:31,6.021304250854179
2025-01-02 11:58:32,5.586376023479332
2025-01-02 11:58:33,5.511526965641085
2025-01-02 11:58:34,5.909274525752483
2025-01-02 11:58:35,5.670366030413125
2025-01-02 11:58:36,5.739660366286568
2025-01-02 11:58:37,5.453760915991006
2025-01-02 11:58:38,5.676733405883491
2025-01-02 11:58:39,5.63960754150394
2025-01-02 11:58:40,6.020745621367348
2025-01-02 11:58:41,5.179672541195684
2025-01-02 11:58:42,5.949788858182788
2025-01-02 11:58:43,5.322254112091943
2025-01-02 11:58:44,5.958179601606418
2025-01-02 11:58:45,5.684061074047957
2025-01-02 11:58:46,6.151495776652972
2025-01-02 11:58:47,6.152385939784334
2025-01-02 11:58:48,5.687439402715353
2025-01-02 11:58:49,5.714819685964816
2025-01-02 11:58:50,5.449946346504256
2025-01-02 11:58:51,6.017265314864968
2025-01-02 11:58:52,6.15369839195237
2025-01-02 11:58:53,5.496121262901323
2025-01-02 11:58:54,5.8144551113189245
2025-01-02 11:58:55,5.973473689156471
2025-01-02 11:58:56,5.7335044205374786
2025-01-02 11:58:57,6.061069708032151
2025-01-02 11:58:58,5.758523018956633
2025-01-02 11:58:59,5.4907448396214615
2025-01-02 11:59:00,5.673769004022916
2025-01-02 11:59:01,5.848891410132267
2025-01-02 11:59:02,5.2964582013204735
2025-01-02 11:59:03,6.1453178404364195
2025-01-02 11:59:04,5.942062296520126
2025-01-02 11:59:05,5.950722138032515
2025-01-02 11:59:06,6.2394516501027315
2025-01-02 11:59:07,5.389983654778287
2025-01-02 11:59:08,5.308522547121454
2025-01-02 11:59:09,5.387647118475259
2025-01-02 11:59:10,5.618978996278245
2025-01-02 11:59:11,5.507248751110192
2025-01-02 11:59:12,6.480069043196361
2025-01-02 11:59:13,5.925185821141763
2025-01-02 11:59:14,6.0647684889097695
2025-01-02 11:59:15,5.559762902980652
2025-01-02 11:59:16,5.556948235194298
2025-01-02 11:59:17,5.595749315931621
2025-01-02 11:59:18,5.871745078903441
2025-01-02 11:59:19,5.5402596695209105
2025-01-02 11:59:20,5.7049729973457275
2025-01-02 11:59:21,6.137217710684454
2025-01-02 11:59:22,5.976814914148749
2025-01-02 11:59:23,5.445511849602017
2025-01-02 11:59:24,6.0300926652844815
2025-01-02 11:59:25,5.97007585256024
2025-01-02 11:59:26,4.849216776682417
2025-01-02 11:59:27,5.5318764322375085
2025-01-02 11:59:28,5.619116036317583
2025-01-02 11:59:29,6.43600544997802
2025-01-02 11:59:30,5.96500528235059
2025-01-02 11:59:31,5.920387081231465
2025-01-02 11:59:32,5.166651898343523
2025-01-02 11:59:33,
2025-01-02 11:59:34,5.795254217518514
2025-01-02 11:59:35,5.990440977269693
2025-01-02 11:59:36,5.58769442476139
2025-01-02 11:59:37,6.05388520499154
2025-01-02 11:59:38,5.5379878737296
2025-01-02 11:59:39,5.405975871782823
2025-01-02 11:59:40,5.1935431909797485
2025-01-02 11:59:41,5.3559125591179155
2025-01-02 11:59:42,5.588504137833664
2025-01-02 11:59:43,6.043546987428943
2025-01-02 11:59:44,5.321370201564445
2025-01-02 11:59:45,5.376654576968558
2025-01-02 11:59:46,5.200518465407235
2025-01-02 11:59:47,6.221997087581691
2025-01-02 11:59:48,5.461489448315441
2025-01-02 11:59:49,5.800452793679906
2025-01-02 11:59:50,5.7755977984837195
2025-01-02 11:59:51,5.132625509387638
2025-01-02 11:59:52,5.8336049150184
2025-01-02 11:59:53,5.685319580122511
2025-01-02 11:59:54,5.592289709054584
2025-01-02 11:59:55,5.446092678801303
2025-01-02 11:59:56,5.134424529288596
2025-01-02 11:59:57,5.563362328960706
2025-01-02 11:59:58,5.537520337380327
2025-01-02 11:59:59,5.747398047816959
2025-01-02 12:00:00,5.495184199340472
2025-01-02 12:00:01,5.8758175512371515
2025-01-02 12:00:02,5.955977465917495
2025-01-02 12:00:03,5.699835158675105
2025-01-02 12:00:04,5.910770896076602
2025-01-02 12:00:05,5.357115939798976
2025-01-02 12:00:06,5.9244059786870915
2025-01-02 12:00:07,5.674635108830339
2025-01-02 12:00:08,5.7728627643994885
2025-01-02 12:00:09,6.014379754303832
2025-01-02 12:00:10,5.543188170789016
2025-01-02 12:00:11,5.859524794531257
2025-01-02 12:00:12,5.272998418715095
2025-01-02 12:00:13,5.339481734129271
2025-01-02 12:00:14,6.299480868092091
2025-01-02 12:00:15,5.910306069619256
2025-01-02 12:00:16,6.278971129607812
2025-01-02 12:00:17,6.093695631823739
2025-01-02 12:00:18,5.516175983846293
2025-01-02 12:00:19,5.400983913719535
2025-01-02 12:00:20,5.9076156942016
2025-01-02 12:00:21,5.886718614907229
2025-01-02 12:00:22,5.674090605599411
2025-01-02 12:00:23,5.8012982324222016
2025-01-02 12:00:24,5.598312366033073
2025-01-02 12:00:25,5.11761550312834
2025-01-02 12:00:26,5.696175808719349
2025-01-02 12:00:27,5.6670262716076225
2025-01-02 12:00:28,5.770133804842277
2025-01-02 12:00:29,5.50144864479566
2025-01-02 12:00:30,5.2007684614663106
2025-01-02 12:00:31,5.5555798704891295
2025-01-02 12:00:32,5.430929119002587
2025-01-02 12:00:33,5.959853659971579
2025-01-02 12:00:34,
2025-01-02 12:00:35,5.844005646330787
2025-01-02 12:00:36,4.835303838156813
2025-01-02 12:00:37,5.710089017692505
2025-01-02 12:00:38,5.81075191710848
2025-01-02 12:00:39,5.715554398975813
2025-01-02 12:00:40,6.054401290799193
2025-01-02 12:00:41,5.867891143442222
2025-01-02 12:00:42,6.216853311915921
2025-01-02 12:00:43,5.672651741853388
2025-01-02 12:00:44,5.635281283856604
2025-01-02 12:00:45,6.073719838616276
2025-01-02 12:00:46,5.915443795670495
2025-01-02 12:00:47,5.7642978118520665
2025-01-02 12:00:48,4.958475798423497
2025-01-02 12:00:49,5.981529944930508
2025-01-02 12:00:50,5.699047456401547
2025-01-02 12:00:51,5.644518206530625
2025-01-02 12:00:52,5.5735302096577435
2025-01-02 12:00:53,6.339136824733147
2025-01-02 12:00:54,5.789201079505071
2025-01-02 12:00:55,5.356313487052304
2025-01-02 12:00:56,5.679807968762255
2025-01-02 12:00:57,5.390619413097917
2025-01-02 12:00:58,5.513680567630868
2025-01-02 12:00:59,5.614888520894988
2025-01-02 12:01:00,5.800904535284002
2025-01-02 12:01:01,5.745429599128193
2025-01-02 12:01:02,5.482840224446922
2025-01-02 12:01:03,5.378168973479827
2025-01-02 12:01:04,5.810374650207905
2025-01-02 12:01:05,5.649273543489194
2025-01-02 12:01:06,5.573489497628381
2025-01-02 12:01:07,5.5057029114057
2025-01-02 12:01:08,5.630099471970261
2025-01-02 12:01:09,5.579168434312269
2025-01-02 12:01:10,5.757061686753224
2025-01-02 12:01:11,5.0064742405309595
2025-01-02 12:01:12,5.766839735259838
2025-01-02 12:01:13,6.156879633863657
2025-01-02 12:01:14,5.9083103171865705
2025-01-02 12:01:15,5.912160961006083
2025-01-02 12:01:16,5.712720711148634
2025-01-02 12:01:17,5.7596568695757
2025-01-02 12:01:18,5.7577033527763035
2025-01-02 12:01:19,6.0045475017539065
2025-01-02 12:01:20,5.08085251415296
2025-01-02 12:01:21,6.02573164632687
2025-01-02 12:01:22,6.223082692754066
2025-01-02 12:01:23,5.482072912197177
2025-01-02 12:01:24,6.427993655455494
2025-01-02 12:01:25,5.928459534267618
2025-01-02 12:01:26,6.299643426789847
2025-01-02 12:01:27,5.4933679908030095
2025-01-02 12:01:28,5.797438879104108
2025-01-02 12:01:29,5.505644044998736
2025-01-02 12:01:30,5.642041064848209
2025-01-02 12:01:31,5.790479339337278
2025-01-02 12:01:32,5.820343967542611
2025-01-02 12:01:33,5.114403411110073
2025-01-02 12:01:34,5.295280128876545
2025-01-02 12:01:35,5.214474751234494
2025-01-02 12:01:36,6.146981346863477
2025-01-02 12:01:37,5.499348584403341
2025-01-02 12:01:38,5.613095411766693
2025-01-02 12:01:39,6.221757392951513
2025-01-02 12:01:40,5.678550544534141
2025-01-02 12:01:41,6.007321896579366
2025-01-02 12:01:42,5.421340065266165
2025-01-02 12:01:43,5.889365120149742
2025-01-02 12:01:44,6.385808816835554
2025-01-02 12:01:45,5.54321875259189
2025-01-02 12:01:46,5.929725146510852
2025-01-02 12:01:47,5.704091611534086
2025-01-02 12:01:48,5.500158578916171
2025-01-02 12:01:49,5.74878505690115
2025-01-02 12:01:50,5.2902281809327
2025-01-02 12:01:51,5.666493409432008
2025-01-02 12:01:52,5.417885580808267
2025-01-02 12:01:53,5.5381857190890615
2025-01-02 12:01:54,5.5897392275122355
2025-01-02 12:01:55,5.400051131434382
2025-01-02 12:01:56,6.354158694833987
2025-01-02 12:01:57,5.727277614320841
2025-01-02 12:01:58,5.924759481370233
2025-01-02 12:01:59,5.610297433898728
2025-01-02 12:02:00,5.7371322286387105
2025-01-02 12:02:01,5.811065480392394
2025-01-02 12:02:02,5.890754986028136
2025-01-02 12:02:03,5.905877219301752
2025-01-02 12:02:04,6.158066864798374
2025-01-02 12:02:05,6.266600990702772
2025-01-02 12:02:06,5.669212722897556
2025-01-02 12:02:07,6.278498850827129
2025-01-02 12:02:08,5.301734102520769
2025-01-02 12:02:09,5.625462544319953
2025-01-02 12:02:10,5.730625196929724
2025-01-02 12:02:11,5.7404940088910825
2025-01-02 12:02:12,5.217615993015039
2025-01-02 12:02:13,5.696587019639476
2025-01-02 12:02:14,5.912403714654193
2025-01-02 12:02:15,5.831447351765091
2025-01-02 12:02:16,6.431458645038328
2025-01-02 12:02:17,6.268844483902648
2025-01-02 12:02:18,5.477848486200745
2025-01-02 12:02:19,5.569923064454871
2025-01-02 12:02:20,5.6308262550281
2025-01-02 12:02:21,6.156846273484654
2025-01-02 12:02:22,5.666979300948138
2025-01-02 12:02:23,5.286678826348206
2025-01-02 12:02:24,6.056311514855713
2025-01-02 12:02:25,5.355539378072151
2025-01-02 12:02:26,6.079980867664994
2025-01-02 12:02:27,6.333122606828185
2025-01-02 12:02:28,5.672144361852348
2025-01-02 12:02:29,5.652856788492153
2025-01-02 12:02:30,5.989424660196422
2025-01-02 12:02:31,5.434887007704889
2025-01-02 12:02:32,5.511910095465949
2025-01-02 12:02:33,6.385655801673451
2025-01-02 12:02:34,5.6308729638836255
2025-01-02 12:02:35,6.098116004958985
2025-01-02 12:02:36,5.784894780096608
2025-01-02 12:02:37,5.757426951827122
2025-01-02 12:02:38,5.4557608957475985
2025-01-02 12:02:39,5.730707443238283
2025-01-02 12:02:40,
2025-01-02 12:02:41,5.97214202657649
2025-01-02 12:02:42,6.341419833650387
2025-01-02 12:02:43,5.696869794591671
2025-01-02 12:02:44,6.252189471535857
2025-01-02 12:02:45,
2025-01-02 12:02:46,5.7002890764909795
2025-01-02 12:02:47,5.925537221446988
2025-01-02 12:02:48,5.996337226813728
2025-01-02 12:02:49,5.2411018686507544
2025-01-02 12:02:50,5.524530068606629
2025-01-02 12:02:51,6.264618247046093
2025-01-02 12:02:52,5.885429827913684
2025-01-02 12:02:53,6.184342184182187
2025-01-02 12:02:54,6.2891645774968055
2025-01-02 12:02:55,5.424231356308305
2025-01-02 12:02:56,5.65618048391207
2025-01-02 12:02:57,5.715264643659313
2025-01-02 12:02:58,5.80691448828882
2025-01-02 12:02:59,5.6857050802753415
2025-01-02 12:03:00,5.936979375602067
2025-01-02 12:03:01,6.075347759369664
2025-01-02 12:03:02,5.921471562198826
2025-01-02 12:03:03,5.914988129795029
2025-01-02 12:03:04,5.8071602253444174
2025-01-02 12:03:05,5.821957814378383
2025-01-02 12:03:06,6.260591229333491
2025-01-02 12:03:07,5.9473129682633505
2025-01-02 12:03:08,5.87455396498451
2025-01-02 12:03:09,6.00115037022085
2025-01-02 12:03:10,5.840267030277158
2025-01-02 12:03:11,5.822883274717519
2025-01-02 12:03:12,5.9279145422361585
2025-01-02 12:03:13,5.695976265967853
2025-01-02 12:03:14,5.938071821926752
2025-01-02 12:03:15,6.383056865355119
2025-01-02 12:03:16,5.751730524114971
2025-01-02 12:03:17,5.483645216296633
2025-01-02 12:03:18,5.720736374256001
2025-01-02 12:03:19,5.343491777029628
2025-01-02 12:03:20,5.627239828901693
2025-01-02 12:03:21,5.885702476420576
2025-01-02 12:03:22,5.829796864178447
2025-01-02 12:03:23,5.6975104744401905
2025-01-02 12:03:24,5.899755243459676
2025-01-02 12:03:25,5.565676784840142
2025-01-02 12:03:26,5.726647798329713
2025-01-02 12:03:27,6.016787300886481
2025-01-02 12:03:28,5.977769205129398
2025-01-02 12:03:29,5.627366715107175
2025-01-02 12:03:30,5.884668811381096
2025-01-02 12:03:31,5.669992854929078
2025-01-02 12:03:32,5.693508535340357
2025-01-02 12:03:33,5.639812401652988
2025-01-02 12:03:34,5.955218528679491
2025-01-02 12:03:35,5.836264242617252
2025-01-02 12:03:36,5.227216265036297
2025-01-02 12:03:37,5.723370768972652
2025-01-02 12:03:38,5.40313571109679
2025-01-02 12:03:39,6.198018210969773
2025-01-02 12:03:40,6.103105438330006
2025-01-02 12:03:41,5.818527322783218
2025-01-02 12:03:42,6.160891350551971
2025-01-02 12:03:43,
2025-01-02 12:03:44,5.897995490365344
2025-01-02 12:03:45,5.838793890909304
2025-01-02 12:03:46,
2025-01-02 12:03:47,5.81427528190425
2025-01-02 12:03:48,5.80498235755677
2025-01-02 12:03:49,6.296610979998757
2025-01-02 12:03:50,5.876660225340626
2025-01-02 12:03:51,
2025-01-02 12:03:52,5.608667957575716
2025-01-02 12:03:53,6.039512237942704
2025-01-02 12:03:54,5.611629395517467
2025-01-02 12:03:55,5.701246606366195
2025-01-02 12:03:56,5.931838009266266
2025-01-02 12:03:57,6.298400666327958
2025-01-02 12:03:58,5.882451333904835
2025-01-02 12:03:59,6.068110473568902
2025-01-02 12:04:00,5.8168189105213735
2025-01-02 12:04:01,5.46485671550896
2025-01-02 12:04:02,5.414303661899344
2025-01-02 12:04:03,5.339093482996619
2025-01-02 12:04:04,5.910517000861214
2025-01-02 12:04:05,5.613284110969985
2025-01-02 12:04:06,5.647981894257654
2025-01-02 12:04:07,
2025-01-02 12:04:08,5.640389862147013
2025-01-02 12:04:09,5.856049095908091
2025-01-02 12:04:10,5.9933691638856486
2025-01-02 12:04:11,5.89565426069126
2025-01-02 12:04:12,6.040146599558602
2025-01-02 12:04:13,5.4669235978873
2025-01-02 12:04:14,
2025-01-02 12:04:15,5.9565691088418085
2025-01-02 12:04:16,5.683008554351451
2025-01-02 12:04:17,5.615333755977791
2025-01-02 12:04:18,6.099049615474932
2025-01-02 12:04:19,5.986768001634124
2025-01-02 12:04:20,5.886837714179921
2025-01-02 12:04:21,6.440061616550299
2025-01-02 12:04:22,5.295772294799712
2025-01-02 12:04:23,5.825306536863635
2025-01-02 12:04:24,5.740020719106605
2025-01-02 12:04:25,5.626415343886298
2025-01-02 12:04:26,5.4832556110915665
2025-01-02 12:04:27,6.147758660965952
2025-01-02 12:04:28,5.743210851689399
2025-01-02 12:04:29,5.902725799455657
2025-01-02 12:04:30,6.070726538539706
2025-01-02 12:04:31,5.627972841620308
2025-01-02 12:04:32,5.850914611391206
2025-01-02 12:04:33,5.976312247823899
2025-01-02 12:04:34,5.663189031268541
2025-01-02 12:04:35,5.408095034324063
2025-01-02 12:04:36,5.422272015948734
2025-01-02 12:04:37,6.009615492820039
2025-01-02 12:04:38,5.669555898709294
2025-01-02 12:04:39,5.74367851833123
2025-01-02 12:04:40,5.85864352849883
2025-01-02 12:04:41,5.846849652628784
2025-01-02 12:04:42,5.8936123735354835
2025-01-02 12:04:43,5.5839689659722955
2025-01-02 12:04:44,5.901097217634099
2025-01-02 12:04:45,5.432590064585045
2025-01-02 12:04:46,6.192228756952084
2025-01-02 12:04:47,5.847540687544967
2025-01-02 12:04:48,5.623055000815504
2025-01-02 12:04:49,5.819862646663067
2025-01-02 12:04:50,
2025-01-02 12:04:51,6.0054135354136795
2025-01-02 12:04:52,5.877332483441559
2025-01-02 12:04:53,5.879985749633025
2025-01-02 12:04:54,5.7742190493484316
2025-01-02 12:04:55,5.37525236629053
2025-01-02 12:04:56,5.836928616489677
2025-01-02 12:04:57,6.0570630347893974
2025-01-02 12:04:58,5.787630027907847
2025-01-02 12:04:59,5.838342595350432
2025-01-02 12:05:00,5.13920424379623
2025-01-02 12:05:01,5.858636350440603
2025-01-02 12:05:02,6.078930155628842
2025-01-02 12:05:03,6.39690512614718
2025-01-02 12:05:04,5.868606502040927
2025-01-02 12:05:05,5.88606726907147
2025-01-02 12:05:06,6.221865355445638
2025-01-02 12:05:07,6.242639625121933
2025-01-02 12:05:08,5.464866666886822
2025-01-02 12:05:09,5.550486970806179
2025-01-02 12:05:10,5.697640122829718
2025-01-02 12:05:11,5.5700494933981295
2025-01-02 12:05:12,6.505249236795909
2025-01-02 12:05:13,5.849951781820042
2025-01-02 12:05:14,5.8549660460983795
2025-01-02 12:05:15,5.847389428565347
2025-01-02 12:05:16,5.747255594812081
2025-01-02 12:05:17,6.001148938077411
2025-01-02 12:05:18,5.661013553578131
2025-01-02 12:05:19,6.006751193947581
2025-01-02 12:05:20,5.397064172813949
2025-01-02 12:05:21,5.4124606698185245
2025-01-02 12:05:22,5.617934314561661
2025-01-02 12:05:23,6.004487626870473
2025-01-02 12:05:24,5.432769504806833
2025-01-02 12:05:25,6.048933343511278
2025-01-02 12:05:26,5.789574045556846
2025-01-02 12:05:27,5.261846544738714
2025-01-02 12:05:28,6.271835310714796
2025-01-02 12:05:29,5.854989606261469
2025-01-02 12:05:30,5.982585875504699
2025-01-02 12:05:31,5.369914111306411
2025-01-02 12:05:32,6.0863170319190845
2025-01-02 12:05:33,
2025-01-02 12:05:34,5.4942990277095385
2025-01-02 12:05:35,6.2174088790262285
2025-01-02 12:05:36,6.372417076529779
2025-01-02 12:05:37,6.001473643831851
2025-01-02 12:05:38,5.611961968522233
2025-01-02 12:05:39,5.835587266189552
2025-01-02 12:05:40,5.882730089107544
2025-01-02 12:05:41,5.868904364899156
2025-01-02 12:05:42,6.21032091117136
2025-01-02 12:05:43,5.893587101266747
2025-01-02 12:05:44,5.807080451433213
2025-01-02 12:05:45,5.732726384313189
2025-01-02 12:05:46,5.799042097982527
2025-01-02 12:05:47,
2025-01-02 12:05:48,5.762555856216478
2025-01-02 12:05:49,5.9987149632204755
2025-01-02 12:05:50,5.7548191826690305
2025-01-02 12:05:51,5.953030435327735
2025-01-02 12:05:52,5.612133751809978
2025-01-02 12:05:53,6.071791182518586
2025-01-02 12:05:54,5.741960991660169
2025-01-02 12:05:55,5.739583684997771
2025-01-02 12:05:56,5.145043199333763
2025-01-02 12:05:57,5.911475215934963
2025-01-02 12:05:58,5.672353593361868
2025-01-02 12:05:59,6.093635759985399
2025-01-02 12:06:00,5.9267248239253
2025-01-02 12:06:01,5.738380288006485
2025-01-02 12:06:02,5.4531205751530765
2025-01-02 12:06:03,5.6685494799543035
2025-01-02 12:06:04,5.562078613753953
2025-01-02 12:06:05,5.612194842133657
2025-01-02 12:06:06,5.642311862590022
2025-01-02 12:06:07,5.569106288035279
2025-01-02 12:06:08,6.319588806967729
2025-01-02 12:06:09,6.365628797036826
2025-01-02 12:06:10,5.560481202976957
2025-01-02 12:06:11,5.923402195646743
2025-01-02 12:06:12,5.388888193610201
2025-01-02 12:06:13,5.94278882935354
2025-01-02 12:06:14,5.769278277774509
2025-01-02 12:06:15,5.421694019586833
2025-01-02 12:06:16,5.821256887913348
2025-01-02 12:06:17,5.61028269734757
2025-01-02 12:06:18,6.240420203894905
2025-01-02 12:06:19,5.725761895754029
2025-01-02 12:06:20,5.553704597576742
2025-01-02 12:06:21,6.414476456470494
2025-01-02 12:06:22,6.1490297667468115
2025-01-02 12:06:23,6.492203435625294
2025-01-02 12:06:24,5.72784529687076
2025-01-02 12:06:25,6.20716123057431
2025-01-02 12:06:26,5.721474498893266
2025-01-02 12:06:27,5.573907388333906
2025-01-02 12:06:28,
2025-01-02 12:06:29,5.82727282417357
2025-01-02 12:06:30,5.458018868586168
2025-01-02 12:06:31,6.095473352915397
2025-01-02 12:06:32,6.149190140209351
2025-01-02 12:06:33,6.7215547409459395
2025-01-02 12:06:34,6.217405694449493
2025-01-02 12:06:35,5.824092633869771
2025-01-02 12:06:36,5.646566850521604
2025-01-02 12:06:37,5.314103374570608
2025-01-02 12:06:38,5.8957199810308945
2025-01-02 12:06:39,5.643274060272648
2025-01-02 12:06:40,6.1864008496915135
2025-01-02 12:06:41,5.465334655146838
2025-01-02 12:06:42,6.013721488231947
2025-01-02 12:06:43,5.714891359129965
2025-01-02 12:06:44,5.468646010880608
2025-01-02 12:06:45,5.839463571194915
2025-01-02 12:06:46,5.80365222866072
2025-01-02 12:06:47,5.8867632852597
2025-01-02 12:06:48,5.794132224635007
2025-01-02 12:06:49,5.53828100836856
2025-01-02 12:06:50,5.966042789772197
2025-01-02 12:06:51,5.880027130939323
2025-01-02 12:06:52,6.4074154028624815
2025-01-02 12:06:53,6.022460400626148
2025-01-02 12:06:54,5.850265124892064
2025-01-02 12:06:55,6.1550172217139565
2025-01-02 12:06:56,6.133788552292918
2025-01-02 12:06:57,5.397884892745302
2025-01-02 12:06:58,5.954728672778986
2025-01-02 12:06:59,5.58415569803034
2025-01-02 12:07:00,6.245995924000202
2025-01-02 12:07:01,5.836931888567473
2025-01-02 12:07:02,5.477190513416186
2025-01-02 12:07:03,5.733784263184884
2025-01-02 12:07:04,5.999338754058529
2025-01-02 12:07:05,5.889491955696981
2025-01-02 12:07:06,5.4753744477555495
2025-01-02 12:07:07,6.082051124593495
2025-01-02 12:07:08,6.194774966625551
2025-01-02 12:07:09,5.526596162877581
2025-01-02 12:07:10,5.963165005450155
2025-01-02 12:07:11,5.861961216952178
2025-01-02 12:07:12,5.860583216822535
2025-01-02 12:07:13,5.697718531067967
2025-01-02 12:07:14,5.738387291563924
2025-01-02 12:07:15,6.352351867117811
2025-01-02 12:07:16,6.006814973212511
2025-01-02 12:07:17,5.82939612460634
2025-01-02 12:07:18,6.05896677241176
2025-01-02 12:07:19,6.345458070435333
2025-01-02 12:07:20,6.07737942012277
2025-01-02 12:07:21,6.056644151525032
2025-01-02 12:07:22,5.991163604745148
2025-01-02 12:07:23,5.9180276617750005
2025-01-02 12:07:24,5.74618051000462
2025-01-02 12:07:25,5.924096093311256
2025-01-02 12:07:26,5.5197484077588115
2025-01-02 12:07:27,5.692467527380018
2025-01-02 12:07:28,5.745915608270702
2025-01-02 12:07:29,5.661644389340843
2025-01-02 12:07:30,5.935638662051668
2025-01-02 12:07:31,5.273897989230158
2025-01-02 12:07:32,6.023158357669798
2025-01-02 12:07:33,6.0159082893071645
2025-01-02 12:07:34,5.380299808096884
2025-01-02 12:07:35,5.503295331587443
2025-01-02 12:07:36,5.51682167676713
2025-01-02 12:07:37,5.9293056098675585
2025-01-02 12:07:38,5.935253945196361
2025-01-02 12:07:39,6.02195281526593
2025-01-02 12:07:40,6.061532247179331
2025-01-02 12:07:41,5.719889275664224
2025-01-02 12:07:42,5.737195317674068
2025-01-02 12:07:43,6.008068691726996
2025-01-02 12:07:44,5.593393609922114
2025-01-02 12:07:45,6.237444343696196
2025-01-02 12:07:46,5.833483037718001
2025-01-02 12:07:47,5.643340931524187
2025-01-02 12:07:48,5.906362704652233
2025-01-02 12:07:49,5.930458996364186
2025-01-02 12:07:50,5.869853183079631
2025-01-02 12:07:51,5.865466898123715
2025-01-02 12:07:52,5.197546131770309
2025-01-02 12:07:53,5.355108326621956
2025-01-02 12:07:54,6.193133884468967
2025-01-02 12:07:55,6.253493853889764
2025-01-02 12:07:56,6.013021576179206
2025-01-02 12:07:57,5.941001904753778
2025-01-02 12:07:58,6.285298861710762
2025-01-02 12:07:59,6.322639610625759
2025-01-02 12:08:00,6.222533345144019
2025-01-02 12:08:01,5.847200960182885
2025-01-02 12:08:02,6.215071049114553
2025-01-02 12:08:03,6.319670218247636
2025-01-02 12:08:04,5.740296730286881
2025-01-02 12:08:05,6.474462592496185
2025-01-02 12:08:06,6.063110646456247
2025-01-02 12:08:07,5.924683577394064
2025-01-02 12:08:08,6.412046165345167
2025-01-02 12:08:09,5.663394689918112
2025-01-02 12:08:10,6.015862725853223
2025-01-02 12:08:11,6.003648275744768
2025-01-02 12:08:12,5.696457377254599
2025-01-02 12:08:13,6.1710773625162405
2025-01-02 12:08:14,5.718494829196646
2025-01-02 12:08:15,5.302677451268231
2025-01-02 12:08:16,5.6296215858364445
2025-01-02 12:08:17,5.596536820238105
2025-01-02 12:08:18,5.800813678910038
2025-01-02 12:08:19,5.480276840074611
2025-01-02 12:08:20,5.967235436124963
2025-01-02 12:08:21,5.570576048595552
2025-01-02 12:08:22,6.405785722686224
2025-01-02 12:08:23,5.552734097414999
2025-01-02 12:08:24,6.39054734193574
2025-01-02 12:08:25,6.474243631366439
2025-01-02 12:08:26,5.807083760381333
2025-01-02 12:08:27,5.792721953622701
2025-01-02 12:08:28,6.13255601371217
2025-01-02 12:08:29,5.741027598969312
2025-01-02 12:08:30,6.131653388146509
2025-01-02 12:08:31,5.85784196301547
2025-01-02 12:08:32,5.925736513803147
2025-01-02 12:08:33,5.877678963477398
2025-01-02 12:08:34,5.860537885374737
2025-01-02 12:08:35,5.9788616678489355
2025-01-02 12:08:36,5.812559706389815
2025-01-02 12:08:37,6.301791328096379
2025-01-02 12:08:38,5.980740439253477
2025-01-02 12:08:39,6.020514035742765
2025-01-02 12:08:40,5.41818763229103
2025-01-02 12:08:41,5.693804686713868
2025-01-02 12:08:42,6.033707887358029
2025-01-02 12:08:43,5.924716603066457
2025-01-02 12:08:44,5.763786717789613
2025-01-02 12:08:45,5.775461156857762
2025-01-02 12:08:46,5.919544299095323
2025-01-02 12:08:47,5.684334957634547
2025-01-02 12:08:48,5.684283847645055
2025-01-02 12:08:49,6.046715975016264
2025-01-02 12:08:50,5.582529225324437
2025-01-02 12:08:51,5.949788621628289
2025-01-02 12:08:52,5.955632033981386
2025-01-02 12:08:53,5.600851092133447
2025-01-02 12:08:54,6.043851954096291
2025-01-02 12:08:55,5.7424414050673125
2025-01-02 12:08:56,5.5691743029743845
2025-01-02 12:08:57,5.398436665540887
2025-01-02 12:08:58,6.190540662163341
2025-01-02 12:08:59,5.3948841019809315
2025-01-02 12:09:00,6.126318170635789
2025-01-02 12:09:01,5.180172357508848
2025-01-02 12:09:02,6.007149927422241
2025-01-02 12:09:03,6.07893006480001
2025-01-02 12:09:04,6.299522792714957
2025-01-02 12:09:05,5.347922954282502
2025-01-02 12:09:06,5.9100369621632405
2025-01-02 12:09:07,5.361190534707904
2025-01-02 12:09:08,5.3747505928323465
2025-01-02 12:09:09,5.9506582424351
2025-01-02 12:09:10,5.94616354537141
2025-01-02 12:09:11,6.464774596315245
2025-01-02 12:09:12,5.275159471959018
2025-01-02 12:09:13,5.305799421742038
2025-01-02 12:09:14,6.1187241014419245
2025-01-02 12:09:15,6.310846771510807
2025-01-02 12:09:16,5.961019109780488
2025-01-02 12:09:17,5.29318625291761
2025-01-02 12:09:18,6.292558862400781
2025-01-02 12:09:19,5.496271485938987
2025-01-02 12:09:20,5.835220389163896
2025-01-02 12:09:21,6.027265278247829
2025-01-02 12:09:22,5.634245757846444
2025-01-02 12:09:23,5.820275600097631
2025-01-02 12:09:24,5.747745462351262
2025-01-02 12:09:25,6.318515285623802
2025-01-02 12:09:26,5.728274511447714
2025-01-02 12:09:27,5.879548827284366
2025-01-02 12:09:28,5.931923766352316
2025-01-02 12:09:29,5.762540334038515
2025-01-02 12:09:30,5.511623761530781
2025-01-02 12:09:31,5.726952249234843
2025-01-02 12:09:32,5.706500880899414
2025-01-02 12:09:33,5.8194916064263795
2025-01-02 12:09:34,5.639047366247643
2025-01-02 12:09:35,5.567436804513147
2025-01-02 12:09:36,5.800432817179643
2025-01-02 12:09:37,5.616551037437271
2025-01-02 12:09:38,5.392516585523806
2025-01-02 12:09:39,5.9139072908443575
2025-01-02 12:09:40,6.378579670767241
2025-01-02 12:09:41,5.569904077434259
2025-01-02 12:09:42,6.204194819964804
2025-01-02 12:09:43,5.449131160057759
2025-01-02 12:09:44,5.698594281116831
2025-01-02 12:09:45,5.739360638859864
2025-01-02 12:09:46,6.535487198126287
2025-01-02 12:09:47,5.592864307584739
2025-01-02 12:09:48,6.160122559319447
2025-01-02 12:09:49,5.756153619617509
2025-01-02 12:09:50,
2025-01-02 12:09:51,5.983706338367932
2025-01-02 12:09:52,
2025-01-02 12:09:53,6.244889546472078
2025-01-02 12:09:54,5.204150871591869
2025-01-02 12:09:55,
2025-01-02 12:09:56,5.882561018060388
2025-01-02 12:09:57,6.041626951247532
2025-01-02 12:09:58,5.767263374503661
2025-01-02 12:09:59,5.747906604226969
2025-01-02 12:10:00,6.181451034963871
2025-01-02 12:10:01,5.518604221685093
2025-01-02 12:10:02,5.898100683590112
2025-01-02 12:10:03,6.190956682200948
2025-01-02 12:10:04,5.464549467933677
2025-01-02 12:10:05,5.877915836032129
2025-01-02 12:10:06,6.160419833887678
2025-01-02 12:10:07,5.744628994654947
2025-01-02 12:10:08,6.346162772175676
2025-01-02 12:10:09,6.215998597858097
2025-01-02 12:10:10,5.364225902021221
2025-01-02 12:10:11,6.109229694916156
2025-01-02 12:10:12,4.872133118821533
2025-01-02 12:10:13,5.766309792114454
2025-01-02 12:10:14,6.324026611741927
2025-01-02 12:10:15,5.954438589723312
2025-01-02 12:10:16,5.920578456868445
2025-01-02 12:10:17,6.254408592307493
2025-01-02 12:10:18,5.687500981474307
2025-01-02 12:10:19,6.518228598560256
2025-01-02 12:10:20,5.865978246189495
2025-01-02 12:10:21,5.928739589685709
2025-01-02 12:10:22,5.3484169214199175
2025-01-02 12:10:23,6.00962655711187
2025-01-02 12:10:24,5.7832773773354935
2025-01-02 12:10:25,5.4285675524492545
2025-01-02 12:10:26,5.7632667751814575
2025-01-02 12:10:27,6.091492788104646
2025-01-02 12:10:28,5.996289890350063
2025-01-02 12:10:29,5.927581604096513
2025-01-02 12:10:30,6.061984014919807
2025-01-02 12:10:31,5.7527896083698815
2025-01-02 12:10:32,6.545648680959444
2025-01-02 12:10:33,6.031979710768033
2025-01-02 12:10:34,5.951747429441613
2025-01-02 12:10:35,6.048875593577909
2025-01-02 12:10:36,6.10937543795913
2025-01-02 12:10:37,5.977873718701977
2025-01-02 12:10:38,5.669350233063114
2025-01-02 12:10:39,5.569398106867852
2025-01-02 12:10:40,6.204234078156171
2025-01-02 12:10:41,5.450215818756479
2025-01-02 12:10:42,5.789962123718636
2025-01-02 12:10:43,6.335162090559133
2025-01-02 12:10:44,6.16058940141173
2025-01-02 12:10:45,5.658524745941181
2025-01-02 12:10:46,6.154566918677368
2025-01-02 12:10:47,5.430817994621434
2025-01-02 12:10:48,5.588937575253299
2025-01-02 12:10:49,5.975310391222192
2025-01-02 12:10:50,6.150643045957913
2025-01-02 12:10:51,5.286940347091695
2025-01-02 12:10:52,6.002381446380904
2025-01-02 12:10:53,5.673505288591076
2025-01-02 12:10:54,5.875265034785243
2025-01-02 12:10:55,5.426077709708237
2025-01-02 12:10:56,5.996215681082576
2025-01-02 12:10:57,5.952967167125194
2025-01-02 12:10:58,5.684087162324259
2025-01-02 12:10:59,5.554139313652436
2025-01-02 12:11:00,5.896532605512048
2025-01-02 12:11:01,5.451443845074936
2025-01-02 12:11:02,6.180371163478534
2025-01-02 12:11:03,6.1709341564591
2025-01-02 12:11:04,6.06409534235078
2025-01-02 12:11:05,5.92723151401409
2025-01-02 12:11:06,6.160288284842325
2025-01-02 12:11:07,6.0751840661607055
2025-01-02 12:11:08,5.981390711863826
2025-01-02 12:11:09,6.714652384874044
2025-01-02 12:11:10,6.468067357625032
2025-01-02 12:11:11,6.115071732813147
2025-01-02 12:11:12,6.212818832098925
2025-01-02 12:11:13,5.987451369674596
2025-01-02 12:11:14,5.618628338141355
2025-01-02 12:11:15,6.118465809642247
2025-01-02 12:11:16,5.827030327370085
2025-01-02 12:11:17,5.7265550247343855
2025-01-02 12:11:18,5.53954893354698
2025-01-02 12:11:19,6.065256346443012
2025-01-02 12:11:20,6.5380926257233565
2025-01-02 12:11:21,6.667926147619372
2025-01-02 12:11:22,5.315264394473647
2025-01-02 12:11:23,6.435135630186691
2025-01-02 12:11:24,6.075330064620243
2025-01-02 12:11:25,5.964771557200073
2025-01-02 12:11:26,5.962576172537245
2025-01-02 12:11:27,5.683962731698573
2025-01-02 12:11:28,6.161685193044689
2025-01-02 12:11:29,5.927249844439095
2025-01-02 12:11:30,5.841758332966313
2025-01-02 12:11:31,6.317194759530988
2025-01-02 12:11:32,5.927551794232115
2025-01-02 12:11:33,5.977122755705793
2025-01-02 12:11:34,6.055502527469687
2025-01-02 12:11:35,5.836304315746245
2025-01-02 12:11:36,5.626884629958342
2025-01-02 12:11:37,6.351101231999282
2025-01-02 12:11:38,6.051253638956081
2025-01-02 12:11:39,5.770668418213693
2025-01-02 12:11:40,
2025-01-02 12:11:41,5.699891858235391
2025-01-02 12:11:42,6.34495905259382
2025-01-02 12:11:43,5.849351605149275
2025-01-02 12:11:44,6.194094104120266
2025-01-02 12:11:45,6.353324309998085
2025-01-02 12:11:46,5.9949452511330925
2025-01-02 12:11:47,6.147373337873766
2025-01-02 12:11:48,6.128702107030822
2025-01-02 12:11:49,6.1699274212339095
2025-01-02 12:11:50,5.943264710992359
2025-01-02 12:11:51,5.760000591462725
2025-01-02 12:11:52,6.216252068819332
2025-01-02 12:11:53,5.937502334255147
2025-01-02 12:11:54,6.002166295436639
2025-01-02 12:11:55,6.094351777845772
2025-01-02 12:11:56,6.3024348448436855
2025-01-02 12:11:57,6.123769517411402
2025-01-02 12:11:58,6.1066145069547195
2025-01-02 12:11:59,5.740965980690791
2025-01-02 12:12:00,5.741605961070824
2025-01-02 12:12:01,5.683346197012664
2025-01-02 12:12:02,6.018419484583291
2025-01-02 12:12:03,5.697625684580639
2025-01-02 12:12:04,6.098415625073091
2025-01-02 12:12:05,5.986112952029611
2025-01-02 12:12:06,6.2685359903503635
2025-01-02 12:12:07,6.255868609884865
2025-01-02 12:12:08,6.4649221683218
2025-01-02 12:12:09,5.553574378710323
2025-01-02 12:12:10,5.669694532527695
2025-01-02 12:12:11,6.254717339734338
2025-01-02 12:12:12,5.837738839293975
2025-01-02 12:12:13,5.556053948192742
2025-01-02 12:12:14,6.152376897189136
2025-01-02 12:12:15,5.900783762100162
2025-01-02 12:12:16,5.911941210510463
2025-01-02 12:12:17,5.694503644881866
2025-01-02 12:12:18,5.928807710613103
2025-01-02 12:12:19,6.365462577226382
2025-01-02 12:12:20,5.662632508642239
2025-01-02 12:12:21,5.510084790121918
2025-01-02 12:12:22,5.9581956138560255
2025-01-02 12:12:23,6.03100886760647
2025-01-02 12:12:24,5.9971634092828126
2025-01-02 12:12:25,5.957447998963195
2025-01-02 12:12:26,6.026879422551672
2025-01-02 12:12:27,5.8417739956644725
2025-01-02 12:12:28,5.648357505214358
2025-01-02 12:12:29,6.207132761137674
2025-01-02 12:12:30,5.858611799042399
2025-01-02 12:12:31,5.668895548152408
2025-01-02 12:12:32,5.96610633172726
2025-01-02 12:12:33,6.29797681938865
2025-01-02 12:12:34,5.515813641322657
2025-01-02 12:12:35,5.547700563731525
2025-01-02 12:12:36,5.913938437834803
2025-01-02 12:12:37,5.499474908188335
2025-01-02 12:12:38,6.21946132689035
2025-01-02 12:12:39,6.120145298829416
2025-01-02 12:12:40,5.428138705446581
2025-01-02 12:12:41,5.24427531725965
2025-01-02 12:12:42,5.772998321470867
2025-01-02 12:12:43,5.8392714572401765
2025-01-02 12:12:44,5.929195106802485
2025-01-02 12:12:45,5.706631287909795
2025-01-02 12:12:46,5.9176985933158885
2025-01-02 12:12:47,5.459257129368452
2025-01-02 12:12:48,6.167821516424613
2025-01-02 12:12:49,5.37077123354642
2025-01-02 12:12:50,6.183585005842264
2025-01-02 12:12:51,6.2519180297153065
2025-01-02 12:12:52,6.189027614245544
2025-01-02 12:12:53,6.511275097101733
2025-01-02 12:12:54,6.767698274365434
2025-01-02 12:12:55,5.9253404780285805
2025-01-02 12:12:56,5.799223632835209
2025-01-02 12:12:57,6.108914649011426
2025-01-02 12:12:58,6.114084545377625
2025-01-02 12:12:59,6.137572805855861
2025-01-02 12:13:00,6.051940390313912
2025-01-02 12:13:01,5.962983553476729
2025-01-02 12:13:02,5.705930876982731
2025-01-02 12:13:03,5.601675750256995
2025-01-02 12:13:04,6.0462207286172545
2025-01-02 12:13:05,6.1441043260073
2025-01-02 12:13:06,6.371828171688938
2025-01-02 12:13:07,5.818684068980401
2025-01-02 12:13:08,6.086503570050572
2025-01-02 12:13:09,5.944438797015272
2025-01-02 12:13:10,6.011253156625688
2025-01-02 12:13:11,5.992695960873388
2025-01-02 12:13:12,5.643370892521868
2025-01-02 12:13:13,5.979627923647187
2025-01-02 12:13:14,6.111033991870517
2025-01-02 12:13:15,5.432769089440556
2025-01-02 12:13:16,5.194938375800094
2025-01-02 12:13:17,6.156461051637504
2025-01-02 12:13:18,6.161863048448978
2025-01-02 12:13:19,6.26831184589654
2025-01-02 12:13:20,5.878537852240889
2025-01-02 12:13:21,6.046915550023399
2025-01-02 12:13:22,6.476754379759707
2025-01-02 12:13:23,6.171157473115324
2025-01-02 12:13:24,5.801225186953207
2025-01-02 12:13:25,5.561873625101684
2025-01-02 12:13:26,5.497412656698294
2025-01-02 12:13:27,5.749358990944478
2025-01-02 12:13:28,6.012296571937869
2025-01-02 12:13:29,6.6800583242051434
2025-01-02 12:13:30,5.667328302387638
2025-01-02 12:13:31,5.926302817678571
2025-01-02 12:13:32,5.789868268443973
2025-01-02 12:13:33,6.380016176458591
2025-01-02 12:13:34,6.0957302198490515
2025-01-02 12:13:35,5.775177628078815
2025-01-02 12:13:36,5.767629348424715
2025-01-02 12:13:37,6.1015298270812925
2025-01-02 12:13:38,6.036428830956876
2025-01-02 12:13:39,6.124235574939681
2025-01-02 12:13:40,6.081619322461491
2025-01-02 12:13:41,
2025-01-02 12:13:42,6.130999059117336
2025-01-02 12:13:43,5.107993733095796
2025-01-02 12:13:44,6.202810893020279
2025-01-02 12:13:45,5.911706575035465
2025-01-02 12:13:46,6.445894034709134
2025-01-02 12:13:47,6.324968260352708
2025-01-02 12:13:48,6.059972893017659
2025-01-02 12:13:49,6.085922611492504
2025-01-02 12:13:50,5.850811081074727
2025-01-02 12:13:51,6.052303146742984
2025-01-02 12:13:52,5.797747238661737
2025-01-02 12:13:53,6.200885673465809
2025-01-02 12:13:54,5.678395084366234
2025-01-02 12:13:55,5.956452895387995
2025-01-02 12:13:56,6.287965433775779
2025-01-02 12:13:57,6.191584363271011
2025-01-02 12:13:58,5.844046612784626
2025-01-02 12:13:59,5.57548289194983
2025-01-02 12:14:00,5.70009471308961
2025-01-02 12:14:01,6.096049318178548
2025-01-02 12:14:02,6.0328475450696
2025-01-02 12:14:03,6.004990003322889
2025-01-02 12:14:04,6.139630155758591
2025-01-02 12:14:05,6.019400453152736
2025-01-02 12:14:06,5.47355431893585
2025-01-02 12:14:07,5.688290080381027
2025-01-02 12:14:08,5.5409972555668885
2025-01-02 12:14:09,5.916776973859097
2025-01-02 12:14:10,5.701539218960787
2025-01-02 12:14:11,6.282509407990492
2025-01-02 12:14:12,5.4406938007975025
2025-01-02 12:14:13,5.914705444289635
2025-01-02 12:14:14,6.099808135190294
2025-01-02 12:14:15,6.040422648902593
2025-01-02 12:14:16,6.0255621474592855
2025-01-02 12:14:17,5.884105212295361
2025-01-02 12:14:18,5.9956822284457525
2025-01-02 12:14:19,5.683134904040674
2025-01-02 12:14:20,6.064959139547322
2025-01-02 12:14:21,5.847445262181212
2025-01-02 12:14:22,5.696559135816437
2025-01-02 12:14:23,5.802297819222014
2025-01-02 12:14:24,5.740031767664343
2025-01-02 12:14:25,5.297383900781849
2025-01-02 12:14:26,5.860626755488767
2025-01-02 12:14:27,6.419896389552138
2025-01-02 12:14:28,6.254564340528854
2025-01-02 12:14:29,5.690946465451696
2025-01-02 12:14:30,5.883788847649796
2025-01-02 12:14:31,6.504384134581026
2025-01-02 12:14:32,6.296601656437948
2025-01-02 12:14:33,5.988430867588562
2025-01-02 12:14:34,5.843051471868649
2025-01-02 12:14:35,5.865562676432751
2025-01-02 12:14:36,5.704784101456488
2025-01-02 12:14:37,6.010891389004879
2025-01-02 12:14:38,6.2818954155444215
2025-01-02 12:14:39,5.784415458180757
2025-01-02 12:14:40,5.753767265749096
2025-01-02 12:14:41,5.8494419617852955
2025-01-02 12:14:42,5.492994252596585
2025-01-02 12:14:43,6.483423295789078
2025-01-02 12:14:44,6.502484970004373
2025-01-02 12:14:45,5.828068784476702
2025-01-02 12:14:46,6.583332176702519
2025-01-02 12:14:47,6.2649879767250605
2025-01-02 12:14:48,6.251469838442436
2025-01-02 12:14:49,5.528875507873921
2025-01-02 12:14:50,6.015155977437327
2025-01-02 12:14:51,5.971043793769273
2025-01-02 12:14:52,6.4925528347705015
2025-01-02 12:14:53,5.509125583446578
2025-01-02 12:14:54,5.8594405311539175
2025-01-02 12:14:55,5.7084802511079396
2025-01-02 12:14:56,5.897525745650728
2025-01-02 12:14:57,5.991072649894432
2025-01-02 12:14:58,5.953804200524996
2025-01-02 12:14:59,5.658004748506239
2025-01-02 12:15:00,6.33325581030217
2025-01-02 12:15:01,6.153836630169612
2025-01-02 12:15:02,5.6609707476302065
2025-01-02 12:15:03,6.497764270339761
2025-01-02 12:15:04,5.937453845063491
2025-01-02 12:15:05,5.5437309301465785
2025-01-02 12:15:06,5.944934925556669
2025-01-02 12:15:07,5.592628026741392
2025-01-02 12:15:08,6.42135740741931
2025-01-02 12:15:09,6.730955486730176
2025-01-02 12:15:10,6.575382580909169
2025-01-02 12:15:11,6.372476654600057
2025-01-02 12:15:12,5.950291494961481
2025-01-02 12:15:13,
2025-01-02 12:15:14,6.1439088299336735
2025-01-02 12:15:15,6.115321388346053
2025-01-02 12:15:16,5.652127566127078
2025-01-02 12:15:17,6.507763728582501
2025-01-02 12:15:18,5.995858230118609
2025-01-02 12:15:19,5.891268569543029
2025-01-02 12:15:20,5.8470801311445415
2025-01-02 12:15:21,5.66779606691559
2025-01-02 12:15:22,6.11177074685905
2025-01-02 12:15:23,5.773719196601466
2025-01-02 12:15:24,6.416826466774735
2025-01-02 12:15:25,5.647460914582724
2025-01-02 12:15:26,6.116150386584241
2025-01-02 12:15:27,6.482039752359067
2025-01-02 12:15:28,5.917611964411595
2025-01-02 12:15:29,5.769726196265056
2025-01-02 12:15:30,5.999428695625783
2025-01-02 12:15:31,5.816628629664039
2025-01-02 12:15:32,6.2673173803090485
2025-01-02 12:15:33,5.796103369669925
2025-01-02 12:15:34,6.215805707501577
2025-01-02 12:15:35,5.936594179668023
2025-01-02 12:15:36,6.099289424421388
2025-01-02 12:15:37,5.70123326124963
2025-01-02 12:15:38,6.288146517425596
2025-01-02 12:15:39,6.31777678842785
2025-01-02 12:15:40,5.4481613634646315
2025-01-02 12:15:41,5.955736558511176
2025-01-02 12:15:42,6.722253263219153
2025-01-02 12:15:43,6.111607917161649
2025-01-02 12:15:44,5.865889325565128
2025-01-02 12:15:45,6.04275804799596
2025-01-02 12:15:46,6.211631800246977
2025-01-02 12:15:47,6.143796950229229
2025-01-02 12:15:48,5.5774308734404485
2025-01-02 12:15:49,6.04345010519927
2025-01-02 12:15:50,
2025-01-02 12:15:51,5.701033433282685
2025-01-02 12:15:52,5.787679383024789
2025-01-02 12:15:53,5.740535609224184
2025-01-02 12:15:54,6.337299023136635
2025-01-02 12:15:55,6.431010656653037
2025-01-02 12:15:56,6.606768035025217
2025-01-02 12:15:57,6.242610513119013
2025-01-02 12:15:58,5.99050248274302
2025-01-02 12:15:59,5.627508494397694
2025-01-02 12:16:00,5.898453391506187
2025-01-02 12:16:01,5.997216595809163
2025-01-02 12:16:02,6.305602790275488
2025-01-02 12:16:03,6.180062819712593
2025-01-02 12:16:04,5.689920864387079
2025-01-02 12:16:05,6.161420996772785
2025-01-02 12:16:06,5.925657507155413
2025-01-02 12:16:07,6.012722869617289
2025-01-02 12:16:08,6.018234862263592
2025-01-02 12:16:09,6.031135589929302
2025-01-02 12:16:10,6.16089161099211
2025-01-02 12:16:11,5.1944057207925
2025-01-02 12:16:12,6.019869551528486
2025-01-02 12:16:13,5.188935118329584
2025-01-02 12:16:14,6.081404946659112
2025-01-02 12:16:15,6.5193702589175295
2025-01-02 12:16:16,6.089320104915813
2025-01-02 12:16:17,6.297805336558601
2025-01-02 12:16:18,6.445014413702903
2025-01-02 12:16:19,5.81163465044679
2025-01-02 12:16:20,6.275139268407098
2025-01-02 12:16:21,6.102635700955364
2025-01-02 12:16:22,6.010894624461787
2025-01-02 12:16:23,5.631491835001763
2025-01-02 12:16:24,6.274149042145705
2025-01-02 12:16:25,6.32369313354193
2025-01-02 12:16:26,6.1045529933227165
2025-01-02 12:16:27,5.612445580093713
2025-01-02 12:16:28,6.016957087744138
2025-01-02 12:16:29,5.642390052178596
2025-01-02 12:16:30,5.639077171311747
2025-01-02 12:16:31,6.083433207953053
2025-01-02 12:16:32,6.189389668025863
2025-01-02 12:16:33,5.878907878796177
2025-01-02 12:16:34,6.390324813614206
2025-01-02 12:16:35,5.915944572190797
2025-01-02 12:16:36,5.714676450967502
2025-01-02 12:16:37,5.831777428454891
2025-01-02 12:16:38,6.126790918140206
2025-01-02 12:16:39,6.979068304507504
2025-01-02 12:16:40,5.962251256258867
2025-01-02 12:16:41,6.035000180029211
2025-01-02 12:16:42,5.8223563615536875
2025-01-02 12:16:43,5.4063102943691685
2025-01-02 12:16:44,5.820452652011132
2025-01-02 12:16:45,5.413453590356329
2025-01-02 12:16:46,5.724520827986153
2025-01-02 12:16:47,6.720503769473167
2025-01-02 12:16:48,5.876444261005383
2025-01-02 12:16:49,
2025-01-02 12:16:50,6.204035147852788
2025-01-02 12:16:51,5.622187691956042
2025-01-02 12:16:52,6.219754157404877
2025-01-02 12:16:53,6.426771458955594
2025-01-02 12:16:54,6.034195258544951
2025-01-02 12:16:55,5.3003215760501305
2025-01-02 12:16:56,6.014919528174452
2025-01-02 12:16:57,6.122760120558782
2025-01-02 12:16:58,5.432452011928539
2025-01-02 12:16:59,5.983367331448695
2025-01-02 12:17:00,6.230473983240612
2025-01-02 12:17:01,
2025-01-02 12:17:02,6.267405724149721
2025-01-02 12:17:03,6.500402943337853
2025-01-02 12:17:04,5.892263933122897
2025-01-02 12:17:05,
2025-01-02 12:17:06,6.002232596563096
2025-01-02 12:17:07,5.807065461720157
2025-01-02 12:17:08,5.984355074964807
2025-01-02 12:17:09,6.075797066173018
2025-01-02 12:17:10,6.09331881864218
2025-01-02 12:17:11,6.040545381878236
2025-01-02 12:17:12,6.463502287996086
2025-01-02 12:17:13,6.3788743843348135
2025-01-02 12:17:14,6.237346611216207
2025-01-02 12:17:15,6.341934616697401
2025-01-02 12:17:16,
2025-01-02 12:17:17,6.509750476406822
2025-01-02 12:17:18,6.2619652870754425
2025-01-02 12:17:19,6.280301979460486
2025-01-02 12:17:20,5.845077721308619
2025-01-02 12:17:21,6.3051779096397285
2025-01-02 12:17:22,5.773199332965084
2025-01-02 12:17:23,6.473847656098044
2025-01-02 12:17:24,6.035069235459433
2025-01-02 12:17:25,6.058670857531156
2025-01-02 12:17:26,6.20168036652979
2025-01-02 12:17:27,6.039557010035875
2025-01-02 12:17:28,6.641515226248552
2025-01-02 12:17:29,6.407745166573733
2025-01-02 12:17:30,6.141071530345606
2025-01-02 12:17:31,6.193109336463244
2025-01-02 12:17:32,5.655773944352856
2025-01-02 12:17:33,6.222339466239139
2025-01-02 12:17:34,6.372236511293981
2025-01-02 12:17:35,6.160695489666321
2025-01-02 12:17:36,6.132998404048304
2025-01-02 12:17:37,5.6406789097157155
2025-01-02 12:17:38,6.829145470771623
2025-01-02 12:17:39,5.703707419155634
2025-01-02 12:17:40,6.58757690914989
2025-01-02 12:17:41,6.182029461796289
2025-01-02 12:17:42,5.95990717122311
2025-01-02 12:17:43,6.5510638415169
2025-01-02 12:17:44,6.020828480461865
2025-01-02 12:17:45,6.357730760959917
2025-01-02 12:17:46,6.022103911008886
2025-01-02 12:17:47,6.129733716576377
2025-01-02 12:17:48,5.967215879312436
2025-01-02 12:17:49,5.893237938288143
2025-01-02 12:17:50,6.603356397356311
2025-01-02 12:17:51,6.361064827042645
2025-01-02 12:17:52,6.330146149805472
2025-01-02 12:17:53,6.331218495117351
2025-01-02 12:17:54,6.2383485716222395
2025-01-02 12:17:55,5.790526852215453
2025-01-02 12:17:56,6.2556342036140675
2025-01-02 12:17:57,6.175577327297769
2025-01-02 12:17:58,5.831182607759726
2025-01-02 12:17:59,6.045794428146178
2025-01-02 12:18:00,6.1737930148892755
2025-01-02 12:18:01,6.379173814744615
2025-01-02 12:18:02,5.69553749738828
2025-01-02 12:18:03,6.1719785818466635
2025-01-02 12:18:04,5.7646161130598506
2025-01-02 12:18:05,5.920317856913592
2025-01-02 12:18:06,5.998102110975624
2025-01-02 12:18:07,5.980941765186152
2025-01-02 12:18:08,6.5157451534768
2025-01-02 12:18:09,6.036014699757603
2025-01-02 12:18:10,5.9774209459478005
2025-01-02 12:18:11,6.081669960620573
2025-01-02 12:18:12,6.441345308270521
2025-01-02 12:18:13,6.129777331923965
2025-01-02 12:18:14,5.776610299706791
2025-01-02 12:18:15,6.0283644775868455
2025-01-02 12:18:16,6.251983756802408
2025-01-02 12:18:17,5.913788931503255
2025-01-02 12:18:18,5.975231167596449
2025-01-02 12:18:19,6.1195475409561215
2025-01-02 12:18:20,5.616717276291976
2025-01-02 12:18:21,6.048206389791721
2025-01-02 12:18:22,6.361847886260308
2025-01-02 12:18:23,6.1768259683897915
2025-01-02 12:18:24,5.87997828202084
2025-01-02 12:18:25,5.886050940360027
2025-01-02 12:18:26,6.0839972037035395
2025-01-02 12:18:27,6.350710971194853
2025-01-02 12:18:28,6.408596710776764
2025-01-02 12:18:29,6.131858453319683
2025-01-02 12:18:30,5.938289008793347
2025-01-02 12:18:31,5.8970638088868395
2025-01-02 12:18:32,5.682279901650014
2025-01-02 12:18:33,6.038808400622229
2025-01-02 12:18:34,5.743736227478071
2025-01-02 12:18:35,6.127325842155471
2025-01-02 12:18:36,5.658811635080772
2025-01-02 12:18:37,6.265390595104967
2025-01-02 12:18:38,6.402251480868297
2025-01-02 12:18:39,5.557166478353743
2025-01-02 12:18:40,5.796664885020819
2025-01-02 12:18:41,5.8521343355053395
2025-01-02 12:18:42,5.808155859762826
2025-01-02 12:18:43,5.6766559124960025
2025-01-02 12:18:44,5.763143667710242
2025-01-02 12:18:45,5.7020954440812615
2025-01-02 12:18:46,6.507787499544503
2025-01-02 12:18:47,6.2408406490190655
2025-01-02 12:18:48,5.838909191675119
2025-01-02 12:18:49,6.445987441463978
2025-01-02 12:18:50,5.4598127970298025
2025-01-02 12:18:51,6.208641300604086
2025-01-02 12:18:52,5.927676067197155
2025-01-02 12:18:53,5.645786138755577
2025-01-02 12:18:54,6.057386919509532
2025-01-02 12:18:55,5.448168642503859
2025-01-02 12:18:56,6.457905275438579
2025-01-02 12:18:57,5.91031615569158
2025-01-02 12:18:58,5.976205844764525
2025-01-02 12:18:59,6.066494215761965
2025-01-02 12:19:00,6.240162201171643
2025-01-02 12:19:01,6.015005308734522
2025-01-02 12:19:02,6.453009894489044
2025-01-02 12:19:03,6.32117624908057
2025-01-02 12:19:04,5.921848798561415
2025-01-02 12:19:05,6.367840254867406
2025-01-02 12:19:06,6.8643859110157255
2025-01-02 12:19:07,6.257025445953947
2025-01-02 12:19:08,6.0432985320790005
2025-01-02 12:19:09,5.764060227489502
2025-01-02 12:19:10,6.376978279773129
2025-01-02 12:19:11,5.795448045473086
2025-01-02 12:19:12,5.772067467522323
2025-01-02 12:19:13,6.200629273647565
2025-01-02 12:19:14,6.258611392197455
2025-01-02 12:19:15,6.159074881267623
2025-01-02 12:19:16,6.183130642844226
2025-01-02 12:19:17,5.847997860047047
2025-01-02 12:19:18,6.374211558600953
2025-01-02 12:19:19,6.457363746171782
2025-01-02 12:19:20,5.828141070424468
2025-01-02 12:19:21,5.221061197144907
2025-01-02 12:19:22,6.675283927642173
2025-01-02 12:19:23,6.200678427224539
2025-01-02 12:19:24,6.076631611716899
2025-01-02 12:19:25,
2025-01-02 12:19:26,6.059220223385269
2025-01-02 12:19:27,6.244482961843242
2025-01-02 12:19:28,6.216819871874947
2025-01-02 12:19:29,6.29966561164194
2025-01-02 12:19:30,6.142394843235378
2025-01-02 12:19:31,6.036482653018794
2025-01-02 12:19:32,5.944724987249795
2025-01-02 12:19:33,6.04139579349966
2025-01-02 12:19:34,5.970523134682245
2025-01-02 12:19:35,5.913635761638223
2025-01-02 12:19:36,5.8718762691094275
2025-01-02 12:19:37,
2025-01-02 12:19:38,6.105003250583155
2025-01-02 12:19:39,6.466435656144677
2025-01-02 12:19:40,6.005052804946756
2025-01-02 12:19:41,6.55769071949997
2025-01-02 12:19:42,5.728872752551432
2025-01-02 12:19:43,6.097104616693842
2025-01-02 12:19:44,6.135426925449201
2025-01-02 12:19:45,5.7900824147228205
2025-01-02 12:19:46,6.226946650942749
2025-01-02 12:19:47,6.514262415366965
2025-01-02 12:19:48,6.030561054546582
2025-01-02 12:19:49,6.037289202153571
2025-01-02 12:19:50,5.6343551147090345
2025-01-02 12:19:51,6.103953617785589
2025-01-02 12:19:52,5.872947395773125
2025-01-02 12:19:53,6.05421364090491
2025-01-02 12:19:54,5.819835868824054
2025-01-02 12:19:55,6.236121814144982
2025-01-02 12:19:56,6.503714403103765
2025-01-02 12:19:57,5.903946085928153
2025-01-02 12:19:58,5.779909247880256
2025-01-02 12:19:59,6.158171092500151
2025-01-02 12:20:00,6.105552037477146
2025-01-02 12:20:01,6.111385265203293
2025-01-02 12:20:02,6.016864310063986
2025-01-02 12:20:03,6.190305836872524
2025-01-02 12:20:04,5.9151225920756145
2025-01-02 12:20:05,6.018980320630491
2025-01-02 12:20:06,5.568081315310471
2025-01-02 12:20:07,6.000550366314823
2025-01-02 12:20:08,5.6858578704842415
2025-01-02 12:20:09,6.03152029449589
2025-01-02 12:20:10,5.987988049733158
2025-01-02 12:20:11,6.379368452122505
2025-01-02 12:20:12,5.6162625672442985
2025-01-02 12:20:13,5.588600647835391
2025-01-02 12:20:14,6.312338995267414
2025-01-02 12:20:15,6.059185208282402
2025-01-02 12:20:16,5.915579125609176
2025-01-02 12:20:17,6.544517476769433
2025-01-02 12:20:18,5.945277566491351
2025-01-02 12:20:19,6.523516758290582
2025-01-02 12:20:20,5.9497010088976845
2025-01-02 12:20:21,6.180940205508273
2025-01-02 12:20:22,5.853794622310319
2025-01-02 12:20:23,6.357898091511602
2025-01-02 12:20:24,5.766196927470575
2025-01-02 12:20:25,6.630443596493148
2025-01-02 12:20:26,6.353985914434418
2025-01-02 12:20:27,5.384291014038492
2025-01-02 12:20:28,6.258230117077826
2025-01-02 12:20:29,5.70829679315915
2025-01-02 12:20:30,6.129466269172876
2025-01-02 12:20:31,6.367065333011625
2025-01-02 12:20:32,5.982466808893215
2025-01-02 12:20:33,6.1780254324979
2025-01-02 12:20:34,5.307764995699921
2025-01-02 12:20:35,6.453708599824414
2025-01-02 12:20:36,5.997755423913048
2025-01-02 12:20:37,6.301443316764714
2025-01-02 12:20:38,5.5609047353376235
2025-01-02 12:20:39,6.347810781977142
2025-01-02 12:20:40,6.300835987199317
2025-01-02 12:20:41,6.154613621730047
2025-01-02 12:20:42,6.538891756988414
2025-01-02 12:20:43,5.769417431463569
2025-01-02 12:20:44,6.503141814283992
2025-01-02 12:20:45,6.2202491529260895
2025-01-02 12:20:46,6.294149927475641
2025-01-02 12:20:47,6.01975602862247
2025-01-02 12:20:48,5.983204698300358
2025-01-02 12:20:49,6.777236866299456
2025-01-02 12:20:50,6.184543119275959
2025-01-02 12:20:51,5.508371378668879
2025-01-02 12:20:52,5.581730429939818
2025-01-02 12:20:53,6.29591769689344
2025-01-02 12:20:54,6.26275955552529
2025-01-02 12:20:55,6.573810374727973
2025-01-02 12:20:56,6.334157744968647
2025-01-02 12:20:57,6.696193398019613
2025-01-02 12:20:58,6.242978115180308
2025-01-02 12:20:59,6.623203413618891
2025-01-02 12:21:00,6.14828900543838
2025-01-02 12:21:01,6.317162857377823
2025-01-02 12:21:02,6.1030383613692285
2025-01-02 12:21:03,5.695741794951106
2025-01-02 12:21:04,6.325570054040616
2025-01-02 12:21:05,6.257582922128064
2025-01-02 12:21:06,6.392666638366862
2025-01-02 12:21:07,5.946386372957911
2025-01-02 12:21:08,5.990804089921527
2025-01-02 12:21:09,6.206505899269314
2025-01-02 12:21:10,6.3368019327933425
2025-01-02 12:21:11,5.621465111598416
2025-01-02 12:21:12,6.186903728556981
2025-01-02 12:21:13,6.0700048967403335
2025-01-02 12:21:14,6.01598442206914
2025-01-02 12:21:15,5.671380315240501
2025-01-02 12:21:16,6.276376468605703
2025-01-02 12:21:17,6.877396020317965
2025-01-02 12:21:18,5.671718549895459
2025-01-02 12:21:19,6.166936498691836
2025-01-02 12:21:20,6.327567300750833
2025-01-02 12:21:21,5.722767455687809
2025-01-02 12:21:22,6.206637425145965
2025-01-02 12:21:23,6.049479529327854
2025-01-02 12:21:24,6.232791454731972
2025-01-02 12:21:25,5.925151440820951
2025-01-02 12:21:26,6.4247643446593825
2025-01-02 12:21:27,6.134843175419663
2025-01-02 12:21:28,6.001731084452381
2025-01-02 12:21:29,6.1657229134601
2025-01-02 12:21:30,6.322969961038915
2025-01-02 12:21:31,5.89942302712485
2025-01-02 12:21:32,6.04733929316079
2025-01-02 12:21:33,6.066724677318096
2025-01-02 12:21:34,6.146025020378315
2025-01-02 12:21:35,6.152513880946931
2025-01-02 12:21:36,5.944460949137366
2025-01-02 12:21:37,5.969771696364047
2025-01-02 12:21:38,6.123731669049788
2025-01-02 12:21:39,6.144042147982378
2025-01-02 12:21:40,6.286556565416299
2025-01-02 12:21:41,6.554231382021971
2025-01-02 12:21:42,6.726341079659754
2025-01-02 12:21:43,6.11082520730252
2025-01-02 12:21:44,6.860818746193985
2025-01-02 12:21:45,5.93145265301477
2025-01-02 12:21:46,6.070683348258643
2025-01-02 12:21:47,6.53961566333377
2025-01-02 12:21:48,5.940803275632254
2025-01-02 12:21:49,6.006970954370481
2025-01-02 12:21:50,6.330636568318472
2025-01-02 12:21:51,5.873303932135533
2025-01-02 12:21:52,6.181529616932306
2025-01-02 12:21:53,5.858066662545489
2025-01-02 12:21:54,6.01054024803408
2025-01-02 12:21:55,6.064116894743876
2025-01-02 12:21:56,6.258535882196405
2025-01-02 12:21:57,
2025-01-02 12:21:58,6.519238417354704
2025-01-02 12:21:59,5.782288581495688
2025-01-02 12:22:00,6.3081612055613485
2025-01-02 12:22:01,6.223271758408475
2025-01-02 12:22:02,6.274665400594634
2025-01-02 12:22:03,6.396183810443611
2025-01-02 12:22:04,5.781072329175538
2025-01-02 12:22:05,6.27397029875704
2025-01-02 12:22:06,6.182081943782871
2025-01-02 12:22:07,6.256999742506802
2025-01-02 12:22:08,
2025-01-02 12:22:09,6.338118588565809
2025-01-02 12:22:10,6.355830374485467
2025-01-02 12:22:11,6.192803484685502
2025-01-02 12:22:12,5.844971134269194
2025-01-02 12:22:13,5.700828726736271
2025-01-02 12:22:14,6.195666421510254
2025-01-02 12:22:15,5.978923092070684
2025-01-02 12:22:16,5.987434353144997
2025-01-02 12:22:17,6.1157780081244075
2025-01-02 12:22:18,5.896905952508745
2025-01-02 12:22:19,6.4738541522386
2025-01-02 12:22:20,6.440304154198649
2025-01-02 12:22:21,6.2088537557606855
2025-01-02 12:22:22,6.370481568628446
2025-01-02 12:22:23,6.363607906416421
2025-01-02 12:22:24,6.345571053018371
2025-01-02 12:22:25,6.281830780931785
2025-01-02 12:22:26,6.382634428037146
2025-01-02 12:22:27,6.623005293300307
2025-01-02 12:22:28,5.586951596944548
2025-01-02 12:22:29,6.638756635425809
2025-01-02 12:22:30,6.078234665819294
2025-01-02 12:22:31,6.217677589958166
2025-01-02 12:22:32,6.0751032441115305
2025-01-02 12:22:33,6.691876174075132
2025-01-02 12:22:34,6.2678382001424255
2025-01-02 12:22:35,6.185107913564067
2025-01-02 12:22:36,6.4263088487372295
2025-01-02 12:22:37,5.542539468954218
2025-01-02 12:22:38,6.654479356314129
2025-01-02 12:22:39,6.4143720734641825
2025-01-02 12:22:40,6.104683151404608
2025-01-02 12:22:41,5.891598621358742
2025-01-02 12:22:42,5.871334395312182
2025-01-02 12:22:43,5.642089461506461
2025-01-02 12:22:44,6.051041457516471
2025-01-02 12:22:45,6.113893052970958
2025-01-02 12:22:46,5.759997046967537
2025-01-02 12:22:47,5.8128237846306305
2025-01-02 12:22:48,5.958172616707345
2025-01-02 12:22:49,6.1137855781371995
2025-01-02 12:22:50,6.245034542453873
2025-01-02 12:22:51,6.196678246772749
2025-01-02 12:22:52,6.261515881441726
2025-01-02 12:22:53,5.972158874644692
2025-01-02 12:22:54,6.180759452602681
2025-01-02 12:22:55,5.9068981831398375
2025-01-02 12:22:56,
2025-01-02 12:22:57,6.413694095676908
2025-01-02 12:22:58,6.1083738738205895
2025-01-02 12:22:59,6.706465024373928
2025-01-02 12:23:00,6.098588794721448
2025-01-02 12:23:01,6.666286070581318
2025-01-02 12:23:02,5.664423489892554
2025-01-02 12:23:03,5.939079616893156
2025-01-02 12:23:04,6.2772361805377965
2025-01-02 12:23:05,6.700766275931117
2025-01-02 12:23:06,6.124192084326951
2025-01-02 12:23:07,5.961582116714602
2025-01-02 12:23:08,6.1802392088073415
2025-01-02 12:23:09,6.519156729312391
2025-01-02 12:23:10,5.322723598360804
2025-01-02 12:23:11,6.664162863489537
2025-01-02 12:23:12,6.46043015873564
2025-01-02 12:23:13,6.122270435722959
2025-01-02 12:23:14,5.843666732428028
2025-01-02 12:23:15,6.583678928550425
2025-01-02 12:23:16,5.665736894866736
2025-01-02 12:23:17,6.093292680212088
2025-01-02 12:23:18,6.656743789441038
2025-01-02 12:23:19,6.518820010493059
2025-01-02 12:23:20,6.362301623632212
2025-01-02 12:23:21,6.336019471018442
2025-01-02 12:23:22,5.820918636848443
2025-01-02 12:23:23,6.051019864236867
2025-01-02 12:23:24,6.2711006318335825
2025-01-02 12:23:25,5.862985856198697
2025-01-02 12:23:26,5.960553309246354
2025-01-02 12:23:27,5.676142327129357
2025-01-02 12:23:28,5.87552387841725
2025-01-02 12:23:29,6.144204201170989
2025-01-02 12:23:30,5.768910163508582
2025-01-02 12:23:31,6.175909146348781
2025-01-02 12:23:32,6.434923293978632
2025-01-02 12:23:33,6.60105458344929
2025-01-02 12:23:34,6.190890382892801
2025-01-02 12:23:35,6.599275449090398
2025-01-02 12:23:36,5.869515095812166
2025-01-02 12:23:37,6.384314236914262
2025-01-02 12:23:38,5.951464241434527
2025-01-02 12:23:39,6.815072114361001
2025-01-02 12:23:40,6.043278460971499
2025-01-02 12:23:41,6.3182961072100445
2025-01-02 12:23:42,6.354655875770122
2025-01-02 12:23:43,6.384700802281705
2025-01-02 12:23:44,6.400346584317478
2025-01-02 12:23:45,6.18588623977305
2025-01-02 12:23:46,5.985825830369585
2025-01-02 12:23:47,6.150095491399026
2025-01-02 12:23:48,6.424338222040472
2025-01-02 12:23:49,6.593257263156216
2025-01-02 12:23:50,6.056121745185351
2025-01-02 12:23:51,6.181302217147932
2025-01-02 12:23:52,6.020691409240177
2025-01-02 12:23:53,6.192709591035801
2025-01-02 12:23:54,5.90214135124519
2025-01-02 12:23:55,5.889643948683458
2025-01-02 12:23:56,6.074231616449141
2025-01-02 12:23:57,6.685176661647511
2025-01-02 12:23:58,6.1816718231974646
2025-01-02 12:23:59,6.079379659925455
2025-01-02 12:24:00,6.223535771976943
2025-01-02 12:24:01,6.445295245778355
2025-01-02 12:24:02,6.049225595803439
2025-01-02 12:24:03,6.33236055001344
2025-01-02 12:24:04,6.01314708959957
2025-01-02 12:24:05,6.5041090735970855
2025-01-02 12:24:06,6.416283562695954
2025-01-02 12:24:07,6.202464273604323
2025-01-02 12:24:08,6.632797227137175
2025-01-02 12:24:09,6.252033018085727
2025-01-02 12:24:10,6.368305193009079
2025-01-02 12:24:11,
2025-01-02 12:24:12,6.828152471558155
2025-01-02 12:24:13,5.866317272683756
2025-01-02 12:24:14,6.124792856219351
2025-01-02 12:24:15,6.194564509323627
2025-01-02 12:24:16,5.990834203923092
2025-01-02 12:24:17,
2025-01-02 12:24:18,6.219612847176221
2025-01-02 12:24:19,5.923601099843689
2025-01-02 12:24:20,6.524428047802226
2025-01-02 12:24:21,6.284199575715976
2025-01-02 12:24:22,6.614280178978624
2025-01-02 12:24:23,6.147969285901613
2025-01-02 12:24:24,6.5765763153409695
2025-01-02 12:24:25,6.391750662020413
2025-01-02 12:24:26,6.113407015383192
2025-01-02 12:24:27,6.272067988594561
2025-01-02 12:24:28,5.7358017279714035
2025-01-02 12:24:29,5.843821361473299
2025-01-02 12:24:30,6.239610843697178
2025-01-02 12:24:31,6.083451042264907
2025-01-02 12:24:32,6.339260331190057
2025-01-02 12:24:33,5.746948518163007
2025-01-02 12:24:34,6.289330112664084
2025-01-02 12:24:35,6.109803312704506
2025-01-02 12:24:36,6.260686136297529
2025-01-02 12:24:37,6.7823102828444375
2025-01-02 12:24:38,6.24653052847531
2025-01-02 12:24:39,6.014228646074218
2025-01-02 12:24:40,5.901360913596969
2025-01-02 12:24:41,6.654546906594593
2025-01-02 12:24:42,6.263402674688571
2025-01-02 12:24:43,6.601255694909116
2025-01-02 12:24:44,6.774998380099377
2025-01-02 12:24:45,6.163060876235749
2025-01-02 12:24:46,6.646632848126951
2025-01-02 12:24:47,6.148557798583075
2025-01-02 12:24:48,5.733818218912677
2025-01-02 12:24:49,5.614870304833588
2025-01-02 12:24:50,6.325542598161262
2025-01-02 12:24:51,6.316759795078493
2025-01-02 12:24:52,6.265306986332175
2025-01-02 12:24:53,6.424550884328959
2025-01-02 12:24:54,6.356206489728256
2025-01-02 12:24:55,6.02473250958832
2025-01-02 12:24:56,6.367864046483309
2025-01-02 12:24:57,5.915048038944791
2025-01-02 12:24:58,5.68653116331459
2025-01-02 12:24:59,6.560618138397069
2025-01-02 12:25:00,5.903468100768758
2025-01-02 12:25:01,6.03583735039989
2025-01-02 12:25:02,6.228753844204718
2025-01-02 12:25:03,6.1583444946128
2025-01-02 12:25:04,5.9277772948465985
2025-01-02 12:25:05,5.981143763014442
2025-01-02 12:25:06,
2025-01-02 12:25:07,6.191847444189854
2025-01-02 12:25:08,6.29553290598044
2025-01-02 12:25:09,6.73154062162915
2025-01-02 12:25:10,6.342515247161698
2025-01-02 12:25:11,5.8741732630313495
2025-01-02 12:25:12,6.579365058654493
2025-01-02 12:25:13,6.119752171442999
2025-01-02 12:25:14,6.704519596987106
2025-01-02 12:25:15,6.374886868558714
2025-01-02 12:25:16,6.320050224742321
2025-01-02 12:25:17,5.956271815392991
2025-01-02 12:25:18,6.826120941029715
2025-01-02 12:25:19,6.131756827080434
2025-01-02 12:25:20,5.892704339231465
2025-01-02 12:25:21,6.267398225562677
2025-01-02 12:25:22,6.431425407065022
2025-01-02 12:25:23,6.158913515635658
2025-01-02 12:25:24,6.083431239599799
2025-01-02 12:25:25,6.342559270778716
2025-01-02 12:25:26,6.063625433092281
2025-01-02 12:25:27,6.371162165213289
2025-01-02 12:25:28,6.326700030345592
2025-01-02 12:25:29,6.152246988669477
2025-01-02 12:25:30,6.653075653615689
2025-01-02 12:25:31,6.512255434490635
2025-01-02 12:25:32,6.310761732166022
2025-01-02 12:25:33,6.580243220466424
2025-01-02 12:25:34,6.232819995964315
2025-01-02 12:25:35,6.096743678791242
2025-01-02 12:25:36,6.268153157916787
2025-01-02 12:25:37,5.917241994678982
2025-01-02 12:25:38,6.006648621371604
2025-01-02 12:25:39,6.309974617036985
2025-01-02 12:25:40,6.251111958637652
2025-01-02 12:25:41,6.581273789873082
2025-01-02 12:25:42,6.32207470280347
2025-01-02 12:25:43,6.322169607010339
2025-01-02 12:25:44,6.103720276290277
2025-01-02 12:25:45,5.73407097399756
2025-01-02 12:25:46,5.837390813104122
2025-01-02 12:25:47,6.1426604807277725
2025-01-02 12:25:48,5.617905370239609
2025-01-02 12:25:49,6.969093269383181
2025-01-02 12:25:50,6.581184190228224
2025-01-02 12:25:51,6.337175597705051
2025-01-02 12:25:52,6.136859832813273
2025-01-02 12:25:53,6.207085821130285
2025-01-02 12:25:54,5.660385250544297
2025-01-02 12:25:55,6.000409901609553
2025-01-02 12:25:56,6.260254183820334
2025-01-02 12:25:57,5.975953009219542
2025-01-02 12:25:58,6.1505374304093365
2025-01-02 12:25:59,
2025-01-02 12:26:00,5.639772155108606
2025-01-02 12:26:01,5.788764898630961
2025-01-02 12:26:02,6.178880948726267
2025-01-02 12:26:03,5.802030749319611
2025-01-02 12:26:04,6.196704524125087
2025-01-02 12:26:05,6.124359395235039
2025-01-02 12:26:06,6.323747831200601
2025-01-02 12:26:07,6.272434852464059
2025-01-02 12:26:08,
2025-01-02 12:26:09,5.743753431471832
2025-01-02 12:26:10,5.747002897935431
2025-01-02 12:26:11,6.692741936845579
2025-01-02 12:26:12,5.846871163732052
2025-01-02 12:26:13,6.392835020740243
2025-01-02 12:26:14,6.408873832536955
2025-01-02 12:26:15,6.531801106655141
2025-01-02 12:26:16,5.727664047355045
2025-01-02 12:26:17,6.362591729062555
2025-01-02 12:26:18,6.246251135540932
2025-01-02 12:26:19,6.067166694415009
2025-01-02 12:26:20,6.055537111116598
2025-01-02 12:26:21,6.155668756423441
2025-01-02 12:26:22,6.363781657190767
2025-01-02 12:26:23,6.287552172944723
2025-01-02 12:26:24,6.149928728563885
2025-01-02 12:26:25,5.982847956568817
2025-01-02 12:26:26,6.560390615967339
2025-01-02 12:26:27,6.509118601601481
2025-01-02 12:26:28,6.565942544768677
2025-01-02 12:26:29,5.9561861195789065
2025-01-02 12:26:30,6.169920347875114
2025-01-02 12:26:31,5.800016008963341
2025-01-02 12:26:32,6.858914484736499
2025-01-02 12:26:33,6.377859237298948
2025-01-02 12:26:34,6.507138374078951
2025-01-02 12:26:35,6.390665377458215
2025-01-02 12:26:36,6.583298002079336
2025-01-02 12:26:37,6.177719116358375
2025-01-02 12:26:38,6.1768346342032725
2025-01-02 12:26:39,5.833308511712292
2025-01-02 12:26:40,6.377126357834324
2025-01-02 12:26:41,6.190690422359697
2025-01-02 12:26:42,6.178201518160138
2025-01-02 12:26:43,5.949841794327929
2025-01-02 12:26:44,6.5428399758728055
2025-01-02 12:26:45,6.369628430128965
2025-01-02 12:26:46,6.052609867434932
2025-01-02 12:26:47,6.44220752157272
2025-01-02 12:26:48,6.203272040431257
2025-01-02 12:26:49,6.210848672469987
2025-01-02 12:26:50,5.8505700786864345
2025-01-02 12:26:51,7.255998616120319
2025-01-02 12:26:52,6.626910158693296
2025-01-02 12:26:53,6.535393387382063
2025-01-02 12:26:54,6.603162929195073
2025-01-02 12:26:55,6.0230059217791725
2025-01-02 12:26:56,6.261943282110097
2025-01-02 12:26:57,6.814205765820198
2025-01-02 12:26:58,5.801263903094862
2025-01-02 12:26:59,6.343532809701363
2025-01-02 12:27:00,6.102383430761099
2025-01-02 12:27:01,6.46522712733606
2025-01-02 12:27:02,6.090930477439717
2025-01-02 12:27:03,6.2561301178375635
2025-01-02 12:27:04,6.346589454634898
2025-01-02 12:27:05,6.456386519995394
2025-01-02 12:27:06,6.705238196909993
2025-01-02 12:27:07,5.939522756045464
2025-01-02 12:27:08,5.973095595315361
2025-01-02 12:27:09,6.6189695954097445
2025-01-02 12:27:10,6.08858950824023
2025-01-02 12:27:11,6.327276119750781
2025-01-02 12:27:12,6.387119004213225
2025-01-02 12:27:13,6.45967274984819
2025-01-02 12:27:14,6.542318041321383
2025-01-02 12:27:15,6.389226354179813
2025-01-02 12:27:16,6.263321613325527
2025-01-02 12:27:17,
2025-01-02 12:27:18,6.3895047649493515
2025-01-02 12:27:19,6.344757615943834
2025-01-02 12:27:20,6.5567581167290685
2025-01-02 12:27:21,6.266829536854193
2025-01-02 12:27:22,5.540170232605092
2025-01-02 12:27:23,6.173137319496713
2025-01-02 12:27:24,5.891658131881029
2025-01-02 12:27:25,6.076765187989534
2025-01-02 12:27:26,5.982809970082729
2025-01-02 12:27:27,6.2867962176257
2025-01-02 12:27:28,6.610246929014466
2025-01-02 12:27:29,6.1604860465479465
2025-01-02 12:27:30,6.380578071003133
2025-01-02 12:27:31,5.927130368383527
2025-01-02 12:27:32,6.049070396956423
2025-01-02 12:27:33,6.176276285910248
2025-01-02 12:27:34,6.857947970646589
2025-01-02 12:27:35,6.211905881518126
2025-01-02 12:27:36,6.2570629479037185
2025-01-02 12:27:37,
2025-01-02 12:27:38,6.856448106448681
2025-01-02 12:27:39,6.198259068746664
2025-01-02 12:27:40,6.262900540289578
2025-01-02 12:27:41,6.5352146067435966
2025-01-02 12:27:42,6.708423011666773
2025-01-02 12:27:43,6.401966072789429
2025-01-02 12:27:44,6.493195438986051
2025-01-02 12:27:45,6.618602913403205
2025-01-02 12:27:46,6.156921184684217
2025-01-02 12:27:47,6.456740351751347
2025-01-02 12:27:48,5.990520305900392
2025-01-02 12:27:49,6.613435141096102
2025-01-02 12:27:50,6.296437646849551
2025-01-02 12:27:51,6.35138028873589
2025-01-02 12:27:52,6.180719588439843
2025-01-02 12:27:53,6.140162420269196
2025-01-02 12:27:54,6.273253503479359
2025-01-02 12:27:55,6.034503188505622
2025-01-02 12:27:56,5.87704814168341
2025-01-02 12:27:57,6.247727384290388
2025-01-02 12:27:58,6.335966193908425
2025-01-02 12:27:59,6.045364221758917
2025-01-02 12:28:00,5.929746912973059
2025-01-02 12:28:01,6.1813507322076875
2025-01-02 12:28:02,6.317568713389671
2025-01-02 12:28:03,6.2848096864417125
2025-01-02 12:28:04,6.400240559056445
2025-01-02 12:28:05,6.249146399410562
2025-01-02 12:28:06,6.250267464092951
2025-01-02 12:28:07,5.318487286302186
2025-01-02 12:28:08,6.5313136734040285
2025-01-02 12:28:09,6.424885935215219
2025-01-02 12:28:10,6.6061007711596265
2025-01-02 12:28:11,6.3923841466209455
2025-01-02 12:28:12,6.119406330101518
2025-01-02 12:28:13,6.24104982323276
2025-01-02 12:28:14,5.541144356333919
2025-01-02 12:28:15,6.236382664236574
2025-01-02 12:28:16,5.195321917131585
2025-01-02 12:28:17,6.708730966186457
2025-01-02 12:28:18,6.466973784322336
2025-01-02 12:28:19,5.871793015579804
2025-01-02 12:28:20,5.814654389710417
2025-01-02 12:28:21,6.519318330890081
2025-01-02 12:28:22,6.089067947499747
2025-01-02 12:28:23,5.676289118948861
2025-01-02 12:28:24,6.463732147641598
2025-01-02 12:28:25,6.435125507289269
2025-01-02 12:28:26,5.9682495128363175
2025-01-02 12:28:27,6.195153861147919
2025-01-02 12:28:28,6.505138459948478
2025-01-02 12:28:29,6.932614718101934
2025-01-02 12:28:30,5.808040411229412
2025-01-02 12:28:31,6.585255475291296
2025-01-02 12:28:32,6.587682472126854
2025-01-02 12:28:33,6.1512231712316305
2025-01-02 12:28:34,5.6822050840694995
2025-01-02 12:28:35,6.378034869903029
2025-01-02 12:28:36,6.149828323328681
2025-01-02 12:28:37,
2025-01-02 12:28:38,5.50391668440367
2025-01-02 12:28:39,6.8414246045494576
2025-01-02 12:28:40,6.431905682253836
2025-01-02 12:28:41,6.141540038232898
2025-01-02 12:28:42,5.9702329351619765
2025-01-02 12:28:43,6.106985560977378
2025-01-02 12:28:44,6.350460048790466
2025-01-02 12:28:45,6.396196828189647
2025-01-02 12:28:46,6.719182513251064
2025-01-02 12:28:47,6.409662999961323
2025-01-02 12:28:48,5.9696724761028355
2025-01-02 12:28:49,6.56085068162494
2025-01-02 12:28:50,6.1114850679266
2025-01-02 12:28:51,5.9748704210150905
2025-01-02 12:28:52,6.550479070915057
2025-01-02 12:28:53,6.708493883002492
2025-01-02 12:28:54,5.958177727096491
2025-01-02 12:28:55,6.119642165087174
2025-01-02 12:28:56,6.311923560632065
2025-01-02 12:28:57,6.406904124009768
2025-01-02 12:28:58,6.2477917539651555
2025-01-02 12:28:59,6.740174938756514
2025-01-02 12:29:00,5.851031378412183
2025-01-02 12:29:01,6.505602429777847
2025-01-02 12:29:02,6.236124187126367
2025-01-02 12:29:03,6.636442971538374
2025-01-02 12:29:04,6.596066992254607
2025-01-02 12:29:05,5.871525334687087
2025-01-02 12:29:06,6.351252001683635
2025-01-02 12:29:07,6.448305218543593
2025-01-02 12:29:08,6.498850901977979
2025-01-02 12:29:09,6.1023713546760705
2025-01-02 12:29:10,5.927186487306301
2025-01-02 12:29:11,6.307898956109712
2025-01-02 12:29:12,6.487238022705331
2025-01-02 12:29:13,6.553306214351789
2025-01-02 12:29:14,6.40519123105192
2025-01-02 12:29:15,5.822366909439256
2025-01-02 12:29:16,6.23341774142451
2025-01-02 12:29:17,5.637507677132556
2025-01-02 12:29:18,6.256863656380428
2025-01-02 12:29:19,6.973820502491266
2025-01-02 12:29:20,6.493280239807677
2025-01-02 12:29:21,5.9630530552313
2025-01-02 12:29:22,6.470146962565841
2025-01-02 12:29:23,6.271944722908039
2025-01-02 12:29:24,6.22945233984438
2025-01-02 12:29:25,6.188591033012001
2025-01-02 12:29:26,6.037811493178994
2025-01-02 12:29:27,6.108389344587095
2025-01-02 12:29:28,6.6364024133480415
2025-01-02 12:29:29,6.224123985614015
2025-01-02 12:29:30,6.6911797185848645
2025-01-02 12:29:31,6.449730308609176
2025-01-02 12:29:32,6.108491437985603
2025-01-02 12:29:33,6.28213335168724
2025-01-02 12:29:34,6.049608092760274
2025-01-02 12:29:35,6.546559228549177
2025-01-02 12:29:36,5.781578798171717
2025-01-02 12:29:37,5.895135910243954
2025-01-02 12:29:38,6.715463037323157
2025-01-02 12:29:39,6.215988527166229
2025-01-02 12:29:40,6.694585559647793
2025-01-02 12:29:41,6.658551893495714
2025-01-02 12:29:42,
2025-01-02 12:29:43,6.5458024934499965
2025-01-02 12:29:44,6.092811051118376
2025-01-02 12:29:45,6.380934197991825
2025-01-02 12:29:46,6.422114366128339
2025-01-02 12:29:47,6.355881697588058
2025-01-02 12:29:48,6.347874732833276
2025-01-02 12:29:49,
2025-01-02 12:29:50,6.174176034623957
2025-01-02 12:29:51,6.485656606905771
2025-01-02 12:29:52,6.035422028908054
2025-01-02 12:29:53,6.547861502969738
2025-01-02 12:29:54,6.260994945957142
2025-01-02 12:29:55,6.513810654835797
2025-01-02 12:29:56,5.908055605872919
2025-01-02 12:29:57,6.256244658402724
2025-01-02 12:29:58,6.218523995315092
2025-01-02 12:29:59,6.182828909922446
2025-01-02 12:30:00,5.837974301907966
2025-01-02 12:30:01,6.368204941470147
2025-01-02 12:30:02,6.178174032305078
2025-01-02 12:30:03,6.514644133969674
2025-01-02 12:30:04,6.265291457746091
2025-01-02 12:30:05,5.897421092995579
2025-01-02 12:30:06,5.673882428751875
2025-01-02 12:30:07,6.085020371565104
2025-01-02 12:30:08,5.874128091380097
2025-01-02 12:30:09,5.8731384708145615
2025-01-02 12:30:10,6.212720006820073
2025-01-02 12:30:11,
2025-01-02 12:30:12,6.168174779772663
2025-01-02 12:30:13,6.505421292454718
2025-01-02 12:30:14,6.168316758456248
2025-01-02 12:30:15,6.233642987749204
2025-01-02 12:30:16,6.728471293083969
2025-01-02 12:30:17,6.123102504751262
2025-01-02 12:30:18,6.415565178988443
2025-01-02 12:30:19,6.493311264522095
2025-01-02 12:30:20,6.554630662867478
2025-01-02 12:30:21,6.383841666558217
2025-01-02 12:30:22,6.000312373550901
2025-01-02 12:30:23,6.309106895843945
2025-01-02 12:30:24,5.922694290619806
2025-01-02 12:30:25,6.572118936426293
2025-01-02 12:30:26,6.301508489242316
2025-01-02 12:30:27,6.5447557610620875
2025-01-02 12:30:28,6.249458158401047
2025-01-02 12:30:29,6.618827279927985
2025-01-02 12:30:30,6.074101223585071
2025-01-02 12:30:31,6.111021388104193
2025-01-02 12:30:32,6.406831175667318
2025-01-02 12:30:33,6.49879086906828
2025-01-02 12:30:34,6.360720590046442
2025-01-02 12:30:35,6.261209359218725
2025-01-02 12:30:36,5.997252326419323
2025-01-02 12:30:37,5.839705137707627
2025-01-02 12:30:38,6.373550893737804
2025-01-02 12:30:39,6.205972947371183
2025-01-02 12:30:40,6.116938880905809
2025-01-02 12:30:41,6.4349837067023286
2025-01-02 12:30:42,6.1168959388485895
2025-01-02 12:30:43,5.885145026392935
2025-01-02 12:30:44,6.2444944542742205
2025-01-02 12:30:45,6.066159846653175
2025-01-02 12:30:46,5.952617490097145
2025-01-02 12:30:47,6.28415006347005
2025-01-02 12:30:48,5.9553951683245625
2025-01-02 12:30:49,6.222273665799265
2025-01-02 12:30:50,6.520941808033716
2025-01-02 12:30:51,6.386021064490719
2025-01-02 12:30:52,6.0660045389475075
2025-01-02 12:30:53,5.9073069051301825
2025-01-02 12:30:54,6.180807338119488
2025-01-02 12:30:55,6.24242176998885
2025-01-02 12:30:56,6.170757458321155
2025-01-02 12:30:57,5.8984185873763515
2025-01-02 12:30:58,6.448819155345923
2025-01-02 12:30:59,6.077358998213809
2025-01-02 12:31:00,6.4383734013103195
2025-01-02 12:31:01,6.314823531807418
2025-01-02 12:31:02,6.351581052388295
2025-01-02 12:31:03,6.698268071211704
2025-01-02 12:31:04,6.451210321025747
2025-01-02 12:31:05,6.972613743791988
2025-01-02 12:31:06,5.886009842737624
2025-01-02 12:31:07,6.249606188191666
2025-01-02 12:31:08,6.329932029503804
2025-01-02 12:31:09,6.45518510981878
2025-01-02 12:31:10,6.71427135632719
2025-01-02 12:31:11,6.45258716878665
2025-01-02 12:31:12,6.38196422174925
2025-01-02 12:31:13,6.197018083984597
2025-01-02 12:31:14,6.5874119264881354
2025-01-02 12:31:15,5.930693637116987
2025-01-02 12:31:16,6.19104414487575
2025-01-02 12:31:17,6.17868476478149
2025-01-02 12:31:18,6.554179977031003
2025-01-02 12:31:19,6.716721010558755
2025-01-02 12:31:20,6.231567266448299
2025-01-02 12:31:21,6.107826998130794
2025-01-02 12:31:22,6.429303779168188
2025-01-02 12:31:23,5.9947616464688025
2025-01-02 12:31:24,6.52792489673558
2025-01-02 12:31:25,6.376350548643461
2025-01-02 12:31:26,5.9831360676071865
2025-01-02 12:31:27,6.956565602439487
2025-01-02 12:31:28,6.357154825116421
2025-01-02 12:31:29,6.2405104172357735
2025-01-02 12:31:30,6.342684796876462
2025-01-02 12:31:31,6.671837915628534
2025-01-02 12:31:32,6.035310893581696
2025-01-02 12:31:33,6.2917896650729785
2025-01-02 12:31:34,6.520935504160762
2025-01-02 12:31:35,5.931316172235539
2025-01-02 12:31:36,5.9774138372318815
2025-01-02 12:31:37,6.49437169740725
2025-01-02 12:31:38,6.316296127510657
2025-01-02 12:31:39,6.296675535937491
2025-01-02 12:31:40,5.946455806512693
2025-01-02 12:31:41,6.171369143431517
2025-01-02 12:31:42,6.331852490774936
2025-01-02 12:31:43,6.027961231704753
2025-01-02 12:31:44,5.9135040610334855
2025-01-02 12:31:45,5.877840159083423
2025-01-02 12:31:46,6.112790131365067
2025-01-02 12:31:47,6.734645624522798
2025-01-02 12:31:48,5.742693625587995
2025-01-02 12:31:49,6.661752761478981
2025-01-02 12:31:50,5.740749659094852
2025-01-02 12:31:51,6.221981200231384
2025-01-02 12:31:52,6.197244889327398
2025-01-02 12:31:53,6.113548884257557
2025-01-02 12:31:54,5.525645115169749
2025-01-02 12:31:55,6.038713008890074
2025-01-02 12:31:56,6.397609135651549
2025-01-02 12:31:57,6.696465987135363
2025-01-02 12:31:58,6.0021144418295975
2025-01-02 12:31:59,5.889717551176909
2025-01-02 12:32:00,6.277976431016316
2025-01-02 12:32:01,5.9901371837315525
2025-01-02 12:32:02,6.655329216703917
2025-01-02 12:32:03,5.77658367599569
2025-01-02 12:32:04,6.337638147568393
2025-01-02 12:32:05,6.672936876702774
2025-01-02 12:32:06,6.362914290689954
2025-01-02 12:32:07,6.194219993166714
2025-01-02 12:32:08,6.118029471419264
2025-01-02 12:32:09,6.752240128010143
2025-01-02 12:32:10,5.86437980839264
2025-01-02 12:32:11,6.589884128071622
2025-01-02 12:32:12,6.081603140073546
2025-01-02 12:32:13,6.07896733433291
2025-01-02 12:32:14,5.994977463313248
2025-01-02 12:32:15,6.17447630731079
2025-01-02 12:32:16,5.7017556879106674
2025-01-02 12:32:17,6.171477065000309
2025-01-02 12:32:18,6.072107942057737
2025-01-02 12:32:19,6.278984664656892
2025-01-02 12:32:20,6.621874803977974
2025-01-02 12:32:21,5.917629751760079
2025-01-02 12:32:22,6.637708281361191
2025-01-02 12:32:23,6.806802161012345
2025-01-02 12:32:24,6.219649106663781
2025-01-02 12:32:25,6.212857137356138
2025-01-02 12:32:26,6.146150558064062
2025-01-02 12:32:27,6.253115696903226
2025-01-02 12:32:28,6.752677840646562
2025-01-02 12:32:29,6.803152113676049
2025-01-02 12:32:30,5.868980206256243
2025-01-02 12:32:31,6.1513991764102345
2025-01-02 12:32:32,6.470287268090806
2025-01-02 12:32:33,6.303088628351567
2025-01-02 12:32:34,6.126106417161016
2025-01-02 12:32:35,6.538122849542328
2025-01-02 12:32:36,6.368304311094281
2025-01-02 12:32:37,6.43434019630982
2025-01-02 12:32:38,6.473700131688723
2025-01-02 12:32:39,6.281396779217862
2025-01-02 12:32:40,6.431236915779353
2025-01-02 12:32:41,6.1587936797965375
2025-01-02 12:32:42,6.150793889810587
2025-01-02 12:32:43,6.2690526275472305
2025-01-02 12:32:44,7.0024101740279985
2025-01-02 12:32:45,6.276013865094695
2025-01-02 12:32:46,6.449740458377347
2025-01-02 12:32:47,6.129941422339219
2025-01-02 12:32:48,6.340160266876223
2025-01-02 12:32:49,5.592400661092636
2025-01-02 12:32:50,6.405977630661121
2025-01-02 12:32:51,6.720277785889152
2025-01-02 12:32:52,6.368124765444077
2025-01-02 12:32:53,6.009627398387794
2025-01-02 12:32:54,5.869779693511956
2025-01-02 12:32:55,6.210770902260079
2025-01-02 12:32:56,5.996916084100687
2025-01-02 12:32:57,6.283673868569579
2025-01-02 12:32:58,6.567722738507125
2025-01-02 12:32:59,6.2137727414958075
2025-01-02 12:33:00,6.217325090194057
2025-01-02 12:33:01,6.87788484893028
2025-01-02 12:33:02,6.479931310283586
2025-01-02 12:33:03,6.5704106391745
2025-01-02 12:33:04,6.125822149142446
2025-01-02 12:33:05,6.156230016410652
2025-01-02 12:33:06,6.412178742891455
2025-01-02 12:33:07,6.302634353377143
2025-01-02 12:33:08,6.266446802740567
2025-01-02 12:33:09,6.158343485411279
2025-01-02 12:33:10,6.5753760565926065
2025-01-02 12:33:11,6.652350056639494
2025-01-02 12:33:12,6.724307221566859
2025-01-02 12:33:13,6.07607038197036
2025-01-02 12:33:14,6.176696760617889
2025-01-02 12:33:15,5.931806867941982
2025-01-02 12:33:16,5.704021559125902
2025-01-02 12:33:17,5.957176794403534
2025-01-02 12:33:18,6.008366184878067
2025-01-02 12:33:19,6.31706719963799
2025-01-02 12:33:20,6.503805095094868
2025-01-02 12:33:21,6.186181843018127
2025-01-02 12:33:22,6.080051570504099
2025-01-02 12:33:23,6.323745649442264
2025-01-02 12:33:24,6.263857151270519
2025-01-02 12:33:25,6.587171558616185
2025-01-02 12:33:26,6.13129397786583
2025-01-02 12:33:27,6.463421966371675
2025-01-02 12:33:28,6.628338704742656
2025-01-02 12:33:29,5.550475926115354
2025-01-02 12:33:30,6.024444169673551
2025-01-02 12:33:31,6.614561541745494
2025-01-02 12:33:32,6.485200263520951
2025-01-02 12:33:33,6.040293515353001
2025-01-02 12:33:34,6.514417389395499
2025-01-02 12:33:35,5.914976649076152
2025-01-02 12:33:36,5.468607155520892
2025-01-02 12:33:37,6.201143072256635
2025-01-02 12:33:38,6.580976543068595
2025-01-02 12:33:39,6.934455530879089
2025-01-02 12:33:40,6.362773999094116
2025-01-02 12:33:41,5.904595456983025
2025-01-02 12:33:42,6.725541823157423
2025-01-02 12:33:43,6.156369141927486
2025-01-02 12:33:44,6.21654932934046
2025-01-02 12:33:45,6.492984894932238
2025-01-02 12:33:46,6.429797817055336
2025-01-02 12:33:47,6.3257907819823425
2025-01-02 12:33:48,6.008879015048477
2025-01-02 12:33:49,7.0366048140655755
2025-01-02 12:33:50,6.484659994204088
2025-01-02 12:33:51,6.656593291652433
2025-01-02 12:33:52,5.8876646602596345
2025-01-02 12:33:53,6.127101799575662
2025-01-02 12:33:54,6.062017297707696
2025-01-02 12:33:55,7.169858920523223
2025-01-02 12:33:56,6.363398410063372
2025-01-02 12:33:57,6.628712013222405
2025-01-02 12:33:58,6.524384577469996
2025-01-02 12:33:59,6.402327770644375
2025-01-02 12:34:00,5.806330323838176
2025-01-02 12:34:01,6.106295684882802
2025-01-02 12:34:02,6.54500752593509
2025-01-02 12:34:03,5.78866977852855
2025-01-02 12:34:04,5.823957554378501
2025-01-02 12:34:05,6.274668122471668
2025-01-02 12:34:06,6.943181723082946
2025-01-02 12:34:07,6.213437834049791
2025-01-02 12:34:08,6.402949383218227
2025-01-02 12:34:09,6.423270613822903
2025-01-02 12:34:10,6.605239640794276
2025-01-02 12:34:11,6.470025836465307
2025-01-02 12:34:12,6.782585519841398
2025-01-02 12:34:13,
2025-01-02 12:34:14,6.707643305803819
2025-01-02 12:34:15,6.353559459271086
2025-01-02 12:34:16,5.766051393337776
2025-01-02 12:34:17,6.385413657634015
2025-01-02 12:34:18,6.645488932701841
2025-01-02 12:34:19,6.642527815152952
2025-01-02 12:34:20,6.54359532652802
2025-01-02 12:34:21,6.376991363633761
2025-01-02 12:34:22,
2025-01-02 12:34:23,6.244016462456408
2025-01-02 12:34:24,5.940697752032253
2025-01-02 12:34:25,6.546136933436657
2025-01-02 12:34:26,6.151636594091614
2025-01-02 12:34:27,6.288772382701433
2025-01-02 12:34:28,6.317107039599083
2025-01-02 12:34:29,5.859651869940917
2025-01-02 12:34:30,6.101316263870148
2025-01-02 12:34:31,6.4242456139442385
2025-01-02 12:34:32,5.770030552396617
2025-01-02 12:34:33,6.230697919071905
2025-01-02 12:34:34,5.955731389618917
2025-01-02 12:34:35,7.018390862658664
2025-01-02 12:34:36,5.461558070581523
2025-01-02 12:34:37,5.695088337572835
2025-01-02 12:34:38,6.345097864187618
2025-01-02 12:34:39,6.053291709328621
2025-01-02 12:34:40,6.255444959616907
2025-01-02 12:34:41,5.897581075336743
2025-01-02 12:34:42,6.225409877042153
2025-01-02 12:34:43,6.0695200145317685
2025-01-02 12:34:44,6.047832245739832
2025-01-02 12:34:45,6.6169219924301785
2025-01-02 12:34:46,6.494326951581883
2025-01-02 12:34:47,6.676421764804202
2025-01-02 12:34:48,6.373579637316022
2025-01-02 12:34:49,6.013229500123011
2025-01-02 12:34:50,6.367146879467481
2025-01-02 12:34:51,6.529125202096229
2025-01-02 12:34:52,6.38209272672179
2025-01-02 12:34:53,6.321553526059445
2025-01-02 12:34:54,
2025-01-02 12:34:55,6.286163824631361
2025-01-02 12:34:56,6.788179496317784
2025-01-02 12:34:57,6.110248014708641
2025-01-02 12:34:58,6.5986565772010115
2025-01-02 12:34:59,6.811597152717111
2025-01-02 12:35:00,6.203633589741334
2025-01-02 12:35:01,6.205625066506767
2025-01-02 12:35:02,6.376823372316293
2025-01-02 12:35:03,7.023668416675557
2025-01-02 12:35:04,6.622251035861674
2025-01-02 12:35:05,6.182425761482753
2025-01-02 12:35:06,6.136661037697998
2025-01-02 12:35:07,6.718673719640364
2025-01-02 12:35:08,6.2997172526546485
2025-01-02 12:35:09,6.033140211939841
2025-01-02 12:35:10,6.15239459764094
2025-01-02 12:35:11,6.104929935289138
2025-01-02 12:35:12,6.756864551178667
2025-01-02 12:35:13,6.0353810709844
2025-01-02 12:35:14,5.824108163288039
2025-01-02 12:35:15,5.989957117303971
2025-01-02 12:35:16,
2025-01-02 12:35:17,6.524249403551873
2025-01-02 12:35:18,6.282677451147191
2025-01-02 12:35:19,6.788424777855481
2025-01-02 12:35:20,6.644801169019241
2025-01-02 12:35:21,6.521339609154301
2025-01-02 12:35:22,6.008420282921863
2025-01-02 12:35:23,5.905325201711135
2025-01-02 12:35:24,6.153892152897244
2025-01-02 12:35:25,6.457746706452586
2025-01-02 12:35:26,6.471532449289858
2025-01-02 12:35:27,6.458583455989329
2025-01-02 12:35:28,6.153473556150742
2025-01-02 12:35:29,6.600941927089496
2025-01-02 12:35:30,6.3535160502304
2025-01-02 12:35:31,
2025-01-02 12:35:32,6.308621897166141
2025-01-02 12:35:33,6.487862211472161
2025-01-02 12:35:34,6.514355280672371
2025-01-02 12:35:35,6.411108204029179
2025-01-02 12:35:36,6.318130233591001
2025-01-02 12:35:37,6.279469327428026
2025-01-02 12:35:38,6.269587668693772
2025-01-02 12:35:39,6.6331886499818795
2025-01-02 12:35:40,6.911227784482483
2025-01-02 12:35:41,6.2175217152848345
2025-01-02 12:35:42,6.5043897681038
2025-01-02 12:35:43,5.875112487236443
2025-01-02 12:35:44,6.3038474607730794
2025-01-02 12:35:45,6.353881076683008
2025-01-02 12:35:46,6.250020108018774
2025-01-02 12:35:47,6.508798398602569
2025-01-02 12:35:48,6.668325620830622
2025-01-02 12:35:49,6.299938011523506
2025-01-02 12:35:50,6.378418257025373
2025-01-02 12:35:51,6.654435504895422
2025-01-02 12:35:52,6.263284904082491
2025-01-02 12:35:53,6.143343547044495
2025-01-02 12:35:54,6.943272232558676
2025-01-02 12:35:55,6.261986866017628
2025-01-02 12:35:56,6.421230752752655
2025-01-02 12:35:57,6.599779937518115
2025-01-02 12:35:58,6.2015366952768325
2025-01-02 12:35:59,6.92061174066275
2025-01-02 12:36:00,6.276563163787042
2025-01-02 12:36:01,6.060745837094749
2025-01-02 12:36:02,5.962404151200197
2025-01-02 12:36:03,6.590480641877968
2025-01-02 12:36:04,6.431365567179401
2025-01-02 12:36:05,6.036027713913974
2025-01-02 12:36:06,6.246476455274017
2025-01-02 12:36:07,6.235337674746705
2025-01-02 12:36:08,6.241082701853451
2025-01-02 12:36:09,6.687836186502954
2025-01-02 12:36:10,6.622934713125509
2025-01-02 12:36:11,6.164140739853688
2025-01-02 12:36:12,6.21404710999895
2025-01-02 12:36:13,6.640469033697295
2025-01-02 12:36:14,5.808146405383576
2025-01-02 12:36:15,5.95047920528133
2025-01-02 12:36:16,6.0085966034439515
2025-01-02 12:36:17,5.841945007587177
2025-01-02 12:36:18,6.200386092870415
2025-01-02 12:36:19,6.749135496185359
2025-01-02 12:36:20,6.455697162977925
2025-01-02 12:36:21,6.340974589335308
2025-01-02 12:36:22,6.1353469573747645
2025-01-02 12:36:23,5.97590985312582
2025-01-02 12:36:24,6.164551901972373
2025-01-02 12:36:25,6.87624108132049
2025-01-02 12:36:26,6.783422248680713
2025-01-02 12:36:27,6.58239759794031
2025-01-02 12:36:28,6.496296045850799
2025-01-02 12:36:29,6.83519985038278
2025-01-02 12:36:30,6.241567626156091
2025-01-02 12:36:31,6.438088092142912
2025-01-02 12:36:32,6.0633066514449405
2025-01-02 12:36:33,6.6565008203381995
2025-01-02 12:36:34,5.777823371790707
2025-01-02 12:36:35,6.709572804849928
2025-01-02 12:36:36,6.4900841644375955
2025-01-02 12:36:37,6.567209207199126
2025-01-02 12:36:38,5.887291198424789
2025-01-02 12:36:39,6.294599067881387
2025-01-02 12:36:40,6.231001853902184
2025-01-02 12:36:41,6.042537765819374
2025-01-02 12:36:42,6.697742029166941
2025-01-02 12:36:43,5.941668784228302
2025-01-02 12:36:44,6.18007291750869
2025-01-02 12:36:45,6.483077067769228
2025-01-02 12:36:46,6.325669241091168
2025-01-02 12:36:47,6.001929905120332
2025-01-02 12:36:48,6.739607149249069
2025-01-02 12:36:49,6.557943041482361
2025-01-02 12:36:50,6.491845171263888
2025-01-02 12:36:51,6.98532730264413
2025-01-02 12:36:52,6.536830251936348
2025-01-02 12:36:53,6.358528814504341
2025-01-02 12:36:54,6.279749610370726
2025-01-02 12:36:55,6.340068244064065
2025-01-02 12:36:56,6.6576508378541766
2025-01-02 12:36:57,6.280558896806562
2025-01-02 12:36:58,6.616498083528492
2025-01-02 12:36:59,5.910935438149079
2025-01-02 12:37:00,6.481868535580134
2025-01-02 12:37:01,6.615307995134326
2025-01-02 12:37:02,6.537679876705253
2025-01-02 12:37:03,6.296750898921534
2025-01-02 12:37:04,6.238307890929325
2025-01-02 12:37:05,5.709032237661486
2025-01-02 12:37:06,6.484853743964056
2025-01-02 12:37:07,6.4615989302152474
2025-01-02 12:37:08,5.820185763142965
2025-01-02 12:37:09,6.318281411272053
2025-01-02 12:37:10,6.55478478529639
2025-01-02 12:37:11,5.826513914353167
2025-01-02 12:37:12,5.936108595918862
2025-01-02 12:37:13,6.493527127210793
2025-01-02 12:37:14,5.948644377636027
2025-01-02 12:37:15,5.699559496484026
2025-01-02 12:37:16,6.3782629214293065
2025-01-02 12:37:17,5.942883088633583
2025-01-02 12:37:18,6.0190371837930785
2025-01-02 12:37:19,6.488882208845462
2025-01-02 12:37:20,6.2015019464384915
2025-01-02 12:37:21,6.111438090437588
2025-01-02 12:37:22,6.620385723741579
2025-01-02 12:37:23,6.0647514815029
2025-01-02 12:37:24,6.45977251996984
2025-01-02 12:37:25,6.016750103058803
2025-01-02 12:37:26,6.685586260685079
2025-01-02 12:37:27,6.151977976078701
2025-01-02 12:37:28,7.188958477625515
2025-01-02 12:37:29,6.36416267369921
2025-01-02 12:37:30,6.521672892439539
2025-01-02 12:37:31,6.425708186999315
2025-01-02 12:37:32,6.369266218919274
2025-01-02 12:37:33,6.150532500635427
2025-01-02 12:37:34,
2025-01-02 12:37:35,6.411415586226302
2025-01-02 12:37:36,6.1593087049747055
2025-01-02 12:37:37,6.784506829108988
2025-01-02 12:37:38,5.997967543739381
2025-01-02 12:37:39,6.510240177629622
2025-01-02 12:37:40,6.3976871909858515
2025-01-02 12:37:41,5.8938566768958776
2025-01-02 12:37:42,6.259905411016196
2025-01-02 12:37:43,6.706564544837288
2025-01-02 12:37:44,
2025-01-02 12:37:45,6.809634374334579
2025-01-02 12:37:46,6.4254165046421825
2025-01-02 12:37:47,6.543425656871596
2025-01-02 12:37:48,6.3810866733591105
2025-01-02 12:37:49,6.195050304532537
2025-01-02 12:37:50,6.4531126916257175
2025-01-02 12:37:51,6.477511924522629
2025-01-02 12:37:52,6.212669679990714
2025-01-02 12:37:53,6.223686680262135
2025-01-02 12:37:54,6.484479632835736
2025-01-02 12:37:55,6.268461318152114
2025-01-02 12:37:56,6.7444365726804705
2025-01-02 12:37:57,6.258600049964006
2025-01-02 12:37:58,6.52475268316526
2025-01-02 12:37:59,6.272469438025313
2025-01-02 12:38:00,6.194008867083728
2025-01-02 12:38:01,6.151336765137182
2025-01-02 12:38:02,6.447349949837085
2025-01-02 12:38:03,6.230305998907497
2025-01-02 12:38:04,5.703015018662871
2025-01-02 12:38:05,6.706106457043726
2025-01-02 12:38:06,6.332947509880471
2025-01-02 12:38:07,
2025-01-02 12:38:08,
2025-01-02 12:38:09,6.339798145075286
2025-01-02 12:38:10,6.089990839313539
2025-01-02 12:38:11,6.073278463124966
2025-01-02 12:38:12,6.4512347446217655
2025-01-02 12:38:13,7.115324115293175
2025-01-02 12:38:14,6.564331874339668
2025-01-02 12:38:15,5.937055072585746
2025-01-02 12:38:16,6.083256531131416
2025-01-02 12:38:17,6.609635561400463
2025-01-02 12:38:18,6.5985204241121505
2025-01-02 12:38:19,6.491520477291158
2025-01-02 12:38:20,6.346848508619243
2025-01-02 12:38:21,6.320532182957509
2025-01-02 12:38:22,6.5577242494321455
2025-01-02 12:38:23,6.246970927459381
2025-01-02 12:38:24,6.537819728236769
2025-01-02 12:38:25,6.5105748044125455
2025-01-02 12:38:26,5.620309725154526
2025-01-02 12:38:27,6.535699281327859
2025-01-02 12:38:28,6.770559251798812
2025-01-02 12:38:29,6.546110229839003
2025-01-02 12:38:30,6.153091270434389
2025-01-02 12:38:31,6.148322183686206
2025-01-02 12:38:32,6.3580003317992855
2025-01-02 12:38:33,6.344739786743889
2025-01-02 12:38:34,6.533126462994107
2025-01-02 12:38:35,6.899073691447581
2025-01-02 12:38:36,6.504806211228916
2025-01-02 12:38:37,6.449395034030823
2025-01-02 12:38:38,7.010312256523076
2025-01-02 12:38:39,6.115316429536347
2025-01-02 12:38:40,6.567077874066865
2025-01-02 12:38:41,6.442967538184023
2025-01-02 12:38:42,6.668520622564324
2025-01-02 12:38:43,6.215886775821759
2025-01-02 12:38:44,6.144363909081138
2025-01-02 12:38:45,6.240068748284256
2025-01-02 12:38:46,6.614090189504721
2025-01-02 12:38:47,6.420152152951941
2025-01-02 12:38:48,6.656630780483262
2025-01-02 12:38:49,5.782177491064981
2025-01-02 12:38:50,5.749144237788071
2025-01-02 12:38:51,6.352449388764267
2025-01-02 12:38:52,6.570962089495981
2025-01-02 12:38:53,6.26740298636164
2025-01-02 12:38:54,6.704249112896132
2025-01-02 12:38:55,6.0642472002022965
2025-01-02 12:38:56,5.966508954606689
2025-01-02 12:38:57,6.234798935733541
2025-01-02 12:38:58,7.131079419891699
2025-01-02 12:38:59,6.266590568101569
2025-01-02 12:39:00,6.562181334666426
2025-01-02 12:39:01,6.515549312428854
2025-01-02 12:39:02,6.7402037535107615
2025-01-02 12:39:03,6.12570056175549
2025-01-02 12:39:04,
2025-01-02 12:39:05,6.066259993630813
2025-01-02 12:39:06,6.338712078469259
2025-01-02 12:39:07,6.658351062469304
2025-01-02 12:39:08,6.712297844532392
2025-01-02 12:39:09,6.2000696627010665
2025-01-02 12:39:10,5.964749090116523
2025-01-02 12:39:11,6.488597422383955
2025-01-02 12:39:12,6.670294442691571
2025-01-02 12:39:13,6.317115230653645
2025-01-02 12:39:14,6.210404294812864
2025-01-02 12:39:15,5.952162814848003
2025-01-02 12:39:16,5.913047096999193
2025-01-02 12:39:17,6.599850927350026
2025-01-02 12:39:18,6.285863121838602
2025-01-02 12:39:19,6.419563402546362
2025-01-02 12:39:20,7.2891566369884035
2025-01-02 12:39:21,6.508801485097849
2025-01-02 12:39:22,6.244019432382412
2025-01-02 12:39:23,5.742095214376686
2025-01-02 12:39:24,6.3778305297417965
2025-01-02 12:39:25,6.345308948735144
2025-01-02 12:39:26,6.525318675372493
2025-01-02 12:39:27,6.394888158752945
2025-01-02 12:39:28,6.646795573437985
2025-01-02 12:39:29,6.054823383482466
2025-01-02 12:39:30,6.438172699901594
2025-01-02 12:39:31,6.85681831709468
2025-01-02 12:39:32,6.207384703001019
2025-01-02 12:39:33,6.895741822149353
2025-01-02 12:39:34,6.408500781158606
2025-01-02 12:39:35,6.160165011506506
2025-01-02 12:39:36,6.403297415287823
2025-01-02 12:39:37,5.60392130508834
2025-01-02 12:39:38,6.599231985819697
2025-01-02 12:39:39,6.093041410393657
2025-01-02 12:39:40,6.088779554592904
2025-01-02 12:39:41,6.051610438273219
2025-01-02 12:39:42,6.399565998963285
2025-01-02 12:39:43,5.943109616425104
2025-01-02 12:39:44,5.680994949406217
2025-01-02 12:39:45,6.204605273902633
2025-01-02 12:39:46,6.45636094706086
2025-01-02 12:39:47,6.21273013999678
2025-01-02 12:39:48,6.76634941558582
2025-01-02 12:39:49,6.323999064068267
2025-01-02 12:39:50,6.058201033593603
2025-01-02 12:39:51,6.732731809468182
2025-01-02 12:39:52,6.7096289950855725
2025-01-02 12:39:53,6.549321522615815
2025-01-02 12:39:54,6.538572037819547
2025-01-02 12:39:55,6.592325567465604
2025-01-02 12:39:56,6.470096409847251
2025-01-02 12:39:57,6.465854930188167
2025-01-02 12:39:58,6.477487766105409
2025-01-02 12:39:59,6.165200822922004
2025-01-02 12:40:00,
2025-01-02 12:40:01,6.644787985696979
2025-01-02 12:40:02,6.423718818369282
2025-01-02 12:40:03,6.0616631024001535
2025-01-02 12:40:04,6.25147364207296
2025-01-02 12:40:05,6.397505514005772
2025-01-02 12:40:06,5.725510950066121
2025-01-02 12:40:07,6.773125060995555
2025-01-02 12:40:08,6.382042333608914
2025-01-02 12:40:09,6.187701400236872
2025-01-02 12:40:10,6.4428173638706525
2025-01-02 12:40:11,6.444695096002315
2025-01-02 12:40:12,6.890483669251996
2025-01-02 12:40:13,6.733499381325771
2025-01-02 12:40:14,5.852671159461644
2025-01-02 12:40:15,6.596522553588255
2025-01-02 12:40:16,6.452070067718901
2025-01-02 12:40:17,6.319697782240614
2025-01-02 12:40:18,6.301341141835581
2025-01-02 12:40:19,6.368099834077136
2025-01-02 12:40:20,6.632001662936514
2025-01-02 12:40:21,6.473106361910103
2025-01-02 12:40:22,6.406903511910805
2025-01-02 12:40:23,6.9213856936282365
2025-01-02 12:40:24,6.4695077917708605
2025-01-02 12:40:25,6.2978876747183685
2025-01-02 12:40:26,6.167190378456462
2025-01-02 12:40:27,6.2512971865244795
2025-01-02 12:40:28,6.307243947657338
2025-01-02 12:40:29,6.252771427448947
2025-01-02 12:40:30,6.564484849275509
2025-01-02 12:40:31,6.162262080088824
2025-01-02 12:40:32,7.022768757653562
2025-01-02 12:40:33,5.888167803241301
2025-01-02 12:40:34,6.195685120173326
2025-01-02 12:40:35,5.484719219515261
2025-01-02 12:40:36,6.213756618102814
2025-01-02 12:40:37,6.145555601663022
2025-01-02 12:40:38,6.34242709686146
2025-01-02 12:40:39,6.704561848700821
2025-01-02 12:40:40,5.987584391929458
2025-01-02 12:40:41,6.35934467466792
2025-01-02 12:40:42,6.909662420676794
2025-01-02 12:40:43,6.603233312819557
2025-01-02 12:40:44,6.259178951136694
2025-01-02 12:40:45,6.493545896127668
2025-01-02 12:40:46,6.534914527798893
2025-01-02 12:40:47,6.267496530351911
2025-01-02 12:40:48,6.423668303186776
2025-01-02 12:40:49,6.460490190361978
2025-01-02 12:40:50,6.401386838188699
2025-01-02 12:40:51,6.452080424564684
2025-01-02 12:40:52,6.738749653304476
2025-01-02 12:40:53,5.77690109464992
2025-01-02 12:40:54,6.393716878762054
2025-01-02 12:40:55,6.243064930188455
2025-01-02 12:40:56,6.651016113843183
2025-01-02 12:40:57,6.651272125137915
2025-01-02 12:40:58,6.478864103933556
2025-01-02 12:40:59,6.785294807536217
2025-01-02 12:41:00,6.775394892447502
2025-01-02 12:41:01,6.200797677373294
2025-01-02 12:41:02,6.4623670569313445
2025-01-02 12:41:03,6.665739950772724
2025-01-02 12:41:04,5.975777584362424
2025-01-02 12:41:05,6.656304272256919
2025-01-02 12:41:06,7.099028807298981
2025-01-02 12:41:07,5.886383988920898
2025-01-02 12:41:08,6.570061162860256
2025-01-02 12:41:09,6.823099227746335
2025-01-02 12:41:10,6.39343388565925
2025-01-02 12:41:11,6.373962853909325
2025-01-02 12:41:12,6.521099441702554
2025-01-02 12:41:13,6.259664879657852
2025-01-02 12:41:14,6.634824014477308
2025-01-02 12:41:15,5.898474141459639
2025-01-02 12:41:16,6.098502297020305
2025-01-02 12:41:17,6.450205553639088
2025-01-02 12:41:18,6.407988385495517
2025-01-02 12:41:19,6.342118454402621
2025-01-02 12:41:20,6.720783584987308
2025-01-02 12:41:21,6.129423062884243
2025-01-02 12:41:22,6.224320536098702
2025-01-02 12:41:23,6.401234538660198
2025-01-02 12:41:24,6.675513592787375
2025-01-02 12:41:25,6.284136371469942
2025-01-02 12:41:26,6.411638948170935
2025-01-02 12:41:27,6.392024280535393
2025-01-02 12:41:28,6.873635651976424
2025-01-02 12:41:29,6.640871873965681
2025-01-02 12:41:30,5.962186895465121
2025-01-02 12:41:31,7.049912746552545
2025-01-02 12:41:32,6.46764612686769
2025-01-02 12:41:33,6.498361918251086
2025-01-02 12:41:34,6.503764565616523
2025-01-02 12:41:35,6.3248185795679355
2025-01-02 12:41:36,6.61369817413506
2025-01-02 12:41:37,6.553936320481335
2025-01-02 12:41:38,6.400888747914741
2025-01-02 12:41:39,6.315948252440755
2025-01-02 12:41:40,6.199795077304768
2025-01-02 12:41:41,6.742488314667832
2025-01-02 12:41:42,6.442559037171855
2025-01-02 12:41:43,5.934507739005575
2025-01-02 12:41:44,6.472374602258173
2025-01-02 12:41:45,7.028242372801387
2025-01-02 12:41:46,6.2566961444268
2025-01-02 12:41:47,6.419509555019566
2025-01-02 12:41:48,6.375205983148089
2025-01-02 12:41:49,6.566820234100793
2025-01-02 12:41:50,6.57787456352035
2025-01-02 12:41:51,6.91044575291174
2025-01-02 12:41:52,6.389366309574543
2025-01-02 12:41:53,6.060767764848498
2025-01-02 12:41:54,6.527278507003471
2025-01-02 12:41:55,6.04189367763467
2025-01-02 12:41:56,6.350206173212408
2025-01-02 12:41:57,5.8699086783724415
2025-01-02 12:41:58,6.164916891051165
2025-01-02 12:41:59,6.581000229875776
2025-01-02 12:42:00,6.374374838901726
2025-01-02 12:42:01,6.501267669045927
2025-01-02 12:42:02,6.279233788319958
2025-01-02 12:42:03,6.397231318481021
2025-01-02 12:42:04,6.408523618556697
2025-01-02 12:42:05,6.996732173733577
2025-01-02 12:42:06,6.519076616211658
2025-01-02 12:42:07,6.133483631017837
2025-01-02 12:42:08,6.373892678955674
2025-01-02 12:42:09,6.182027658357527
2025-01-02 12:42:10,6.3785498377401915
2025-01-02 12:42:11,6.213419569311605
2025-01-02 12:42:12,6.0793837944981455
2025-01-02 12:42:13,6.184412930819145
2025-01-02 12:42:14,6.507044555344404
2025-01-02 12:42:15,6.730834407800888
2025-01-02 12:42:16,6.518510431838759
2025-01-02 12:42:17,6.218375100405729
2025-01-02 12:42:18,6.563778500201436
2025-01-02 12:42:19,6.254942733569496
2025-01-02 12:42:20,6.337066310418061
2025-01-02 12:42:21,5.833570120727584
2025-01-02 12:42:22,6.200922153601088
2025-01-02 12:42:23,6.6165975242687045
2025-01-02 12:42:24,6.331636103367895
2025-01-02 12:42:25,6.220607925244274
2025-01-02 12:42:26,6.407304806707008
2025-01-02 12:42:27,6.590051841521806
2025-01-02 12:42:28,6.27505839207189
2025-01-02 12:42:29,6.643117025976527
2025-01-02 12:42:30,5.9951352174461885
2025-01-02 12:42:31,6.581653820322392
2025-01-02 12:42:32,6.49147870515084
2025-01-02 12:42:33,6.428761095529907
2025-01-02 12:42:34,6.172919531909775
2025-01-02 12:42:35,6.816191780778577
2025-01-02 12:42:36,6.690360615546518
2025-01-02 12:42:37,6.562792748346679
2025-01-02 12:42:38,6.2435395277243
2025-01-02 12:42:39,6.213618078039739
2025-01-02 12:42:40,6.172849292485927
2025-01-02 12:42:41,6.404195769641397
2025-01-02 12:42:42,6.521298885148054
2025-01-02 12:42:43,6.454304689619941
2025-01-02 12:42:44,6.564808184117377
2025-01-02 12:42:45,6.11335642800513
2025-01-02 12:42:46,6.459800128767682
2025-01-02 12:42:47,6.116315605426983
2025-01-02 12:42:48,
2025-01-02 12:42:49,6.71275225606046
2025-01-02 12:42:50,6.37291606592991
2025-01-02 12:42:51,5.423852649555396
2025-01-02 12:42:52,5.904049732988218
2025-01-02 12:42:53,5.866284992171343
2025-01-02 12:42:54,6.502955551037199
2025-01-02 12:42:55,5.981877166322428
2025-01-02 12:42:56,6.882865451653961
2025-01-02 12:42:57,6.627978329816004
2025-01-02 12:42:58,5.845355020095823
2025-01-02 12:42:59,6.178908332838789
2025-01-02 12:43:00,6.354506363445442
2025-01-02 12:43:01,6.349563472996576
2025-01-02 12:43:02,6.290856746332487
2025-01-02 12:43:03,6.009235355742229
2025-01-02 12:43:04,6.914930023596256
2025-01-02 12:43:05,6.410093717444325
2025-01-02 12:43:06,6.571323785905588
2025-01-02 12:43:07,6.3642270948349635
2025-01-02 12:43:08,6.404536040461089
2025-01-02 12:43:09,6.213402187773801
2025-01-02 12:43:10,6.31054762841327
2025-01-02 12:43:11,6.42342046328052
2025-01-02 12:43:12,6.450507683921202
2025-01-02 12:43:13,6.313112945469931
2025-01-02 12:43:14,6.902017131069525
2025-01-02 12:43:15,6.889947434574332
2025-01-02 12:43:16,5.932450403062626
2025-01-02 12:43:17,6.499392809190263
2025-01-02 12:43:18,6.74149334651035
2025-01-02 12:43:19,6.378244562283546
2025-01-02 12:43:20,6.382854869788225
2025-01-02 12:43:21,6.310331069796034
2025-01-02 12:43:22,6.424340583800449
2025-01-02 12:43:23,6.4404987457409195
2025-01-02 12:43:24,6.88228537537031
2025-01-02 12:43:25,5.935763342901012
2025-01-02 12:43:26,6.290849023752903
2025-01-02 12:43:27,7.044401258167058
2025-01-02 12:43:28,6.457292783911857
2025-01-02 12:43:29,5.925144035750059
2025-01-02 12:43:30,6.267039257521583
2025-01-02 12:43:31,6.303946147263832
2025-01-02 12:43:32,6.333381606682493
2025-01-02 12:43:33,5.924973354399177
2025-01-02 12:43:34,6.785618700062732
2025-01-02 12:43:35,6.254473698421152
2025-01-02 12:43:36,5.821170992314153
2025-01-02 12:43:37,6.901197393619697
2025-01-02 12:43:38,6.426430028609321
2025-01-02 12:43:39,6.449177904374764
2025-01-02 12:43:40,6.493705298847451
2025-01-02 12:43:41,6.381312792708497
2025-01-02 12:43:42,5.850938083159193
2025-01-02 12:43:43,6.52875809769868
2025-01-02 12:43:44,6.437561209020272
2025-01-02 12:43:45,6.244161355665023
2025-01-02 12:43:46,6.455294995440302
2025-01-02 12:43:47,6.664549133583295
2025-01-02 12:43:48,6.202110066653606
2025-01-02 12:43:49,7.093550658142176
2025-01-02 12:43:50,6.636361668860038
2025-01-02 12:43:51,6.385176003774956
2025-01-02 12:43:52,5.978708120771533
2025-01-02 12:43:53,
2025-01-02 12:43:54,5.9894747756772
2025-01-02 12:43:55,6.053726061809792
2025-01-02 12:43:56,6.638839186883595
2025-01-02 12:43:57,6.3430887730653245
2025-01-02 12:43:58,6.030220963243776
2025-01-02 12:43:59,6.201124847131641
2025-01-02 12:44:00,6.663109864375354
2025-01-02 12:44:01,
2025-01-02 12:44:02,6.793194641759136
2025-01-02 12:44:03,7.2056604812316225
2025-01-02 12:44:04,6.196814870134135
2025-01-02 12:44:05,6.858705335870598
2025-01-02 12:44:06,6.700514247840327
2025-01-02 12:44:07,5.627330649673206
2025-01-02 12:44:08,6.481814872241083
2025-01-02 12:44:09,6.140188287480784
2025-01-02 12:44:10,6.384072697130889
2025-01-02 12:44:11,6.199706077345315
2025-01-02 12:44:12,7.0775486159369745
2025-01-02 12:44:13,6.539522081926619
2025-01-02 12:44:14,6.148045798135748
2025-01-02 12:44:15,6.123634971249632
2025-01-02 12:44:16,6.238061583777477
2025-01-02 12:44:17,6.4916359702118696
2025-01-02 12:44:18,6.512500649393371
2025-01-02 12:44:19,5.509318979556405
2025-01-02 12:44:20,6.581436653125944
2025-01-02 12:44:21,6.665808256776644
2025-01-02 12:44:22,6.294116818183667
2025-01-02 12:44:23,6.20546855131871
2025-01-02 12:44:24,6.534361854308835
2025-01-02 12:44:25,6.533548139237196
2025-01-02 12:44:26,5.8965955812363795
2025-01-02 12:44:27,6.242809221268745
2025-01-02 12:44:28,7.234638698460909
2025-01-02 12:44:29,6.209305305174557
2025-01-02 12:44:30,6.8302292779053895
2025-01-02 12:44:31,6.687742681285094
2025-01-02 12:44:32,6.166550397431881
2025-01-02 12:44:33,6.262274987133484
2025-01-02 12:44:34,6.057631664013141
2025-01-02 12:44:35,6.277409422423728
2025-01-02 12:44:36,7.007082862008656
2025-01-02 12:44:37,6.585877708896019
2025-01-02 12:44:38,6.690977303552858
2025-01-02 12:44:39,7.015652429592207
2025-01-02 12:44:40,6.063579769820975
2025-01-02 12:44:41,6.606870804147442
2025-01-02 12:44:42,5.676209244329616
2025-01-02 12:44:43,6.226663881619145
2025-01-02 12:44:44,6.125895202833483
2025-01-02 12:44:45,6.693072613492188
2025-01-02 12:44:46,6.587750417424662
2025-01-02 12:44:47,6.58279547586131
2025-01-02 12:44:48,6.328736234463223
2025-01-02 12:44:49,6.23878898364417
2025-01-02 12:44:50,6.605073561255031
2025-01-02 12:44:51,5.95601237160141
2025-01-02 12:44:52,6.6206438526714235
2025-01-02 12:44:53,6.598536558452425
2025-01-02 12:44:54,6.166497698134793
2025-01-02 12:44:55,6.323956830673754
2025-01-02 12:44:56,6.235182071884381
2025-01-02 12:44:57,6.438837265895952
2025-01-02 12:44:58,6.616996038530444
2025-01-02 12:44:59,6.365905600270647
2025-01-02 12:45:00,6.535985615664122
2025-01-02 12:45:01,6.7685309266563225
2025-01-02 12:45:02,5.887968837917087
2025-01-02 12:45:03,6.694956216769099
2025-01-02 12:45:04,5.811813839047593
2025-01-02 12:45:05,6.447674542392537
2025-01-02 12:45:06,6.088756992089012
2025-01-02 12:45:07,6.839930849455561
2025-01-02 12:45:08,6.028689143582092
2025-01-02 12:45:09,6.182691408121191
2025-01-02 12:45:10,
2025-01-02 12:45:11,6.687006812967025
2025-01-02 12:45:12,6.378617828459235
2025-01-02 12:45:13,6.652149762923633
2025-01-02 12:45:14,6.014452977582091
2025-01-02 12:45:15,6.512638914229384
2025-01-02 12:45:16,6.660375203697515
2025-01-02 12:45:17,6.237857042624286
2025-01-02 12:45:18,6.345848153457118
2025-01-02 12:45:19,6.319418740723611
2025-01-02 12:45:20,6.366517218759353
2025-01-02 12:45:21,6.7804665078705
2025-01-02 12:45:22,6.603543670533605
2025-01-02 12:45:23,6.596088047113936
2025-01-02 12:45:24,6.392535330515393
2025-01-02 12:45:25,6.761780830817042
2025-01-02 12:45:26,6.311203037241048
2025-01-02 12:45:27,6.625649660508476
2025-01-02 12:45:28,6.9276331388948105
2025-01-02 12:45:29,6.229555550115038
2025-01-02 12:45:30,6.311430362531202
2025-01-02 12:45:31,6.373594698828047
2025-01-02 12:45:32,6.011116975301104
2025-01-02 12:45:33,6.166354377150583
2025-01-02 12:45:34,7.032844696093633
2025-01-02 12:45:35,5.93271710853616
2025-01-02 12:45:36,6.399358056591412
2025-01-02 12:45:37,6.20999477878293
2025-01-02 12:45:38,6.670743810220935
2025-01-02 12:45:39,6.5944793803815465
2025-01-02 12:45:40,6.377333490542324
2025-01-02 12:45:41,6.392080673823756
2025-01-02 12:45:42,6.027948386887621
2025-01-02 12:45:43,6.715738242778637
2025-01-02 12:45:44,6.6522633826741036
2025-01-02 12:45:45,6.760985351482885
2025-01-02 12:45:46,6.735668776419894
2025-01-02 12:45:47,6.464808039335563
2025-01-02 12:45:48,6.477361534293609
2025-01-02 12:45:49,6.332799746782166
2025-01-02 12:45:50,6.503767911661199
2025-01-02 12:45:51,6.449260474517908
2025-01-02 12:45:52,6.668821524735743
2025-01-02 12:45:53,6.4287537556093115
2025-01-02 12:45:54,6.485175074345774
2025-01-02 12:45:55,6.563023710571345
2025-01-02 12:45:56,6.034228884449235
2025-01-02 12:45:57,5.675055460292337
2025-01-02 12:45:58,7.037654960623319
2025-01-02 12:45:59,6.9532527709125205
2025-01-02 12:46:00,6.4888932486793625
2025-01-02 12:46:01,5.826397742870781
2025-01-02 12:46:02,6.492167697985901
2025-01-02 12:46:03,6.262232106675047
2025-01-02 12:46:04,6.466553783222696
2025-01-02 12:46:05,6.40111899753682
2025-01-02 12:46:06,6.383277640466959
2025-01-02 12:46:07,6.39430496000799
2025-01-02 12:46:08,6.3624225179323775
2025-01-02 12:46:09,6.43944288287303
2025-01-02 12:46:10,6.310366110768008
2025-01-02 12:46:11,6.333558772699753
2025-01-02 12:46:12,6.552703080663108
2025-01-02 12:46:13,6.530141070781807
2025-01-02 12:46:14,6.8961867734819915
2025-01-02 12:46:15,6.484795359507156
2025-01-02 12:46:16,6.933697196147993
2025-01-02 12:46:17,6.512870316631824
2025-01-02 12:46:18,6.436355151525598
2025-01-02 12:46:19,6.495409104302216
2025-01-02 12:46:20,6.441134010969697
2025-01-02 12:46:21,6.4163696658401586
2025-01-02 12:46:22,6.7548028647162175
2025-01-02 12:46:23,5.870400403662124
2025-01-02 12:46:24,7.115875483331975
2025-01-02 12:46:25,6.462768372234196
2025-01-02 12:46:26,6.119691740237372
2025-01-02 12:46:27,6.178111263592615
2025-01-02 12:46:28,6.452338959998686
2025-01-02 12:46:29,6.354265533495013
2025-01-02 12:46:30,6.059691600934619
2025-01-02 12:46:31,6.568576781183828
2025-01-02 12:46:32,6.404779215659834
2025-01-02 12:46:33,6.51537742051815
2025-01-02 12:46:34,6.604992356903985
2025-01-02 12:46:35,6.201512438307741
2025-01-02 12:46:36,6.615210247672642
2025-01-02 12:46:37,6.644087208650205
2025-01-02 12:46:38,6.282143371092505
2025-01-02 12:46:39,6.623876885756535
2025-01-02 12:46:40,6.483536625260218
2025-01-02 12:46:41,6.3725507295371395
2025-01-02 12:46:42,6.753902972131407
2025-01-02 12:46:43,6.460598059723954
2025-01-02 12:46:44,6.180734481334033
2025-01-02 12:46:45,6.383777158943657
2025-01-02 12:46:46,6.943101584038476
2025-01-02 12:46:47,5.780479922365416
2025-01-02 12:46:48,6.254958277210298
2025-01-02 12:46:49,5.791560992713108
2025-01-02 12:46:50,6.484393585322148
2025-01-02 12:46:51,6.699904584928211
2025-01-02 12:46:52,6.265567585284605
2025-01-02 12:46:53,6.855210816111656
2025-01-02 12:46:54,6.123395202284066
2025-01-02 12:46:55,6.345358383284567
2025-01-02 12:46:56,6.231600776325222
2025-01-02 12:46:57,6.278144917674429
2025-01-02 12:46:58,6.324688694355574
2025-01-02 12:46:59,6.259861934933087
2025-01-02 12:47:00,6.494836372014413
2025-01-02 12:47:01,6.577524131477721
2025-01-02 12:47:02,6.4971585275391375
2025-01-02 12:47:03,7.067604259572438
2025-01-02 12:47:04,6.657879168046413
2025-01-02 12:47:05,6.517203957889462
2025-01-02 12:47:06,6.423147286808279
2025-01-02 12:47:07,6.070870273053697
2025-01-02 12:47:08,6.39983179652015
2025-01-02 12:47:09,6.656032999895507
2025-01-02 12:47:10,6.325542119789722
2025-01-02 12:47:11,6.831397496138516
2025-01-02 12:47:12,6.595507469510858
2025-01-02 12:47:13,6.123927078271647
2025-01-02 12:47:14,6.2555814477944205
2025-01-02 12:47:15,6.08474731527049
2025-01-02 12:47:16,6.580888107400244
2025-01-02 12:47:17,6.191869335398742
2025-01-02 12:47:18,5.8819521214945
2025-01-02 12:47:19,5.949081580755688
2025-01-02 12:47:20,6.877458224931051
2025-01-02 12:47:21,6.050585306237596
2025-01-02 12:47:22,6.266425441408291
2025-01-02 12:47:23,
2025-01-02 12:47:24,6.2043077175904875
2025-01-02 12:47:25,6.075652746647026
2025-01-02 12:47:26,6.1885565938450995
2025-01-02 12:47:27,7.07017145757494
2025-01-02 12:47:28,6.42967429642416
2025-01-02 12:47:29,6.064055650025884
2025-01-02 12:47:30,6.564732958174208
2025-01-02 12:47:31,6.424368236377171
2025-01-02 12:47:32,6.47853569946281
2025-01-02 12:47:33,6.352872032584533
2025-01-02 12:47:34,6.6895183626173536
2025-01-02 12:47:35,6.920451365057219
2025-01-02 12:47:36,6.5459525756198635
2025-01-02 12:47:37,6.574434473297394
2025-01-02 12:47:38,6.561556517036888
2025-01-02 12:47:39,6.951631017834128
2025-01-02 12:47:40,6.6931751683229885
2025-01-02 12:47:41,6.605527262203092
2025-01-02 12:47:42,6.832683310799717
2025-01-02 12:47:43,6.303360196889467
2025-01-02 12:47:44,6.605397360765013
2025-01-02 12:47:45,6.153981199196459
2025-01-02 12:47:46,6.198154977791725
2025-01-02 12:47:47,6.491505964961352
2025-01-02 12:47:48,6.170933282849555
2025-01-02 12:47:49,5.924669215330074
2025-01-02 12:47:50,6.4117670618805445
2025-01-02 12:47:51,6.887949736438914
2025-01-02 12:47:52,6.354799608092425
2025-01-02 12:47:53,6.156040406208927
2025-01-02 12:47:54,6.358786569030723
2025-01-02 12:47:55,6.911646391499604
2025-01-02 12:47:56,6.16594198676401
2025-01-02 12:47:57,6.533874346294961
2025-01-02 12:47:58,6.120946005304986
2025-01-02 12:47:59,6.8582243526243385
2025-01-02 12:48:00,6.361163485842145
2025-01-02 12:48:01,6.382747030777989
2025-01-02 12:48:02,6.871088257783676
2025-01-02 12:48:03,6.502834202065425
2025-01-02 12:48:04,6.644707412236302
2025-01-02 12:48:05,6.640479024486091
2025-01-02 12:48:06,6.458269635492731
2025-01-02 12:48:07,6.300583359233927
2025-01-02 12:48:08,6.441778539898537
2025-01-02 12:48:09,6.5665611406062645
2025-01-02 12:48:10,6.446449150628025
2025-01-02 12:48:11,6.443039137687365
2025-01-02 12:48:12,6.6798262327391065
2025-01-02 12:48:13,6.102978681724488
2025-01-02 12:48:14,6.208885462163297
2025-01-02 12:48:15,6.304094556434265
2025-01-02 12:48:16,6.766977684246395
2025-01-02 12:48:17,6.563553164981882
2025-01-02 12:48:18,6.272205583441836
2025-01-02 12:48:19,6.778575221615708
2025-01-02 12:48:20,6.315152568540576
2025-01-02 12:48:21,6.2288418968748624
2025-01-02 12:48:22,7.055311166193872
2025-01-02 12:48:23,6.386288633019052
2025-01-02 12:48:24,6.117678313905775
2025-01-02 12:48:25,6.276318946159294
2025-01-02 12:48:26,6.120248442874537
2025-01-02 12:48:27,6.340203953504865
2025-01-02 12:48:28,6.316852704769699
2025-01-02 12:48:29,6.605728496340132
2025-01-02 12:48:30,6.021018796563332
2025-01-02 12:48:31,6.780248114316619
2025-01-02 12:48:32,6.404546178024272
2025-01-02 12:48:33,6.249952311006193
2025-01-02 12:48:34,6.142368739843643
2025-01-02 12:48:35,6.61675278138293
2025-01-02 12:48:36,6.641966273673579
2025-01-02 12:48:37,6.394284137134333
2025-01-02 12:48:38,6.558931240256504
2025-01-02 12:48:39,6.109242905899562
2025-01-02 12:48:40,6.409706517950295
2025-01-02 12:48:41,6.254090757436194
2025-01-02 12:48:42,6.856432859006001
2025-01-02 12:48:43,6.327982585328413
2025-01-02 12:48:44,6.549189470305998
2025-01-02 12:48:45,6.271498693364777
2025-01-02 12:48:46,6.817232458842913
2025-01-02 12:48:47,6.1729306374450195
2025-01-02 12:48:48,6.449584206747679
2025-01-02 12:48:49,6.091307317582955
2025-01-02 12:48:50,6.50960376422444
2025-01-02 12:48:51,6.757708159301821
2025-01-02 12:48:52,6.366394128764828
2025-01-02 12:48:53,6.303165701400268
2025-01-02 12:48:54,6.278125787539165
2025-01-02 12:48:55,6.108819369765381
2025-01-02 12:48:56,6.493358954659303
2025-01-02 12:48:57,6.793796588200147
2025-01-02 12:48:58,6.345376370175904
2025-01-02 12:48:59,6.358961957451414
2025-01-02 12:49:00,6.159546714721294
2025-01-02 12:49:01,6.855704916602763
2025-01-02 12:49:02,6.56368179004055
2025-01-02 12:49:03,6.448621508301661
2025-01-02 12:49:04,6.271672220082969
2025-01-02 12:49:05,6.735179768772339
2025-01-02 12:49:06,6.085812784582323
2025-01-02 12:49:07,6.245490583748683
2025-01-02 12:49:08,6.832937913534391
2025-01-02 12:49:09,6.525464896411063
2025-01-02 12:49:10,6.092226854050111
2025-01-02 12:49:11,6.673503831033519
2025-01-02 12:49:12,6.374286199513766
2025-01-02 12:49:13,6.34102599627514
2025-01-02 12:49:14,6.429891934616089
2025-01-02 12:49:15,6.597009079190072
2025-01-02 12:49:16,6.421426693539178
2025-01-02 12:49:17,6.804407583275076
2025-01-02 12:49:18,6.0989440259071435
2025-01-02 12:49:19,6.63568832783247
2025-01-02 12:49:20,6.692528551528799
2025-01-02 12:49:21,6.6866772826682395
2025-01-02 12:49:22,6.4247051701310856
2025-01-02 12:49:23,6.053247354477448
2025-01-02 12:49:24,6.840626998141695
2025-01-02 12:49:25,6.776738459182912
2025-01-02 12:49:26,6.436004887971485
2025-01-02 12:49:27,6.183213470582089
2025-01-02 12:49:28,6.385901520264189
2025-01-02 12:49:29,6.671440327801148
2025-01-02 12:49:30,6.558366245023198
2025-01-02 12:49:31,6.5420839340515595
2025-01-02 12:49:32,7.21666670994659
2025-01-02 12:49:33,6.692702896900253
2025-01-02 12:49:34,6.343423424730348
2025-01-02 12:49:35,6.637000806753602
2025-01-02 12:49:36,6.166699735970692
2025-01-02 12:49:37,6.504575105720154
2025-01-02 12:49:38,6.6405939987375335
2025-01-02 12:49:39,6.2769738948516745
2025-01-02 12:49:40,6.499390805247315
2025-01-02 12:49:41,6.831711291497389
2025-01-02 12:49:42,6.496951216980214
2025-01-02 12:49:43,6.713861077331158
2025-01-02 12:49:44,7.203244717641526
2025-01-02 12:49:45,6.700555146229046
2025-01-02 12:49:46,6.76594360234827
2025-01-02 12:49:47,6.700319583713675
2025-01-02 12:49:48,6.405708071665199
2025-01-02 12:49:49,6.494108900476721
2025-01-02 12:49:50,6.4850208332111245
2025-01-02 12:49:51,6.447703867349279
2025-01-02 12:49:52,5.816125272051449
2025-01-02 12:49:53,6.028909636717288
2025-01-02 12:49:54,6.203319684137514
2025-01-02 12:49:55,5.921896643270469
2025-01-02 12:49:56,6.404986959202454
2025-01-02 12:49:57,6.115580290930289
2025-01-02 12:49:58,6.483785633450457
2025-01-02 12:49:59,
2025-01-02 12:50:00,6.398177204876794
2025-01-02 12:50:01,6.233066655813089
2025-01-02 12:50:02,6.476900892012849
2025-01-02 12:50:03,6.601213924358001
2025-01-02 12:50:04,5.713532217751694
2025-01-02 12:50:05,6.0357623861873595
2025-01-02 12:50:06,6.560467917134018
2025-01-02 12:50:07,6.452779866868987
2025-01-02 12:50:08,6.067072198577064
2025-01-02 12:50:09,6.160467338886848
2025-01-02 12:50:10,6.275367274466898
2025-01-02 12:50:11,6.407384629334701
2025-01-02 12:50:12,6.130519265323364
2025-01-02 12:50:13,5.911970710201764
2025-01-02 12:50:14,6.924530756425728
2025-01-02 12:50:15,6.300593186044919
2025-01-02 12:50:16,6.711085775411669
2025-01-02 12:50:17,6.593933348744463
2025-01-02 12:50:18,6.5630838093786545
2025-01-02 12:50:19,6.7094200671450395
2025-01-02 12:50:20,6.404437450266615
2025-01-02 12:50:21,6.2256211129580645
2025-01-02 12:50:22,6.036127679521588
2025-01-02 12:50:23,6.692162970124746
2025-01-02 12:50:24,6.239565789653758
2025-01-02 12:50:25,6.4091852655589685
2025-01-02 12:50:26,5.968622867604322
2025-01-02 12:50:27,6.605634983481674
2025-01-02 12:50:28,6.6438735821652015
2025-01-02 12:50:29,6.737348466522067
2025-01-02 12:50:30,6.9453013567362705
2025-01-02 12:50:31,6.465268329320982
2025-01-02 12:50:32,6.359213282726064
2025-01-02 12:50:33,6.474119898845543
2025-01-02 12:50:34,6.411909454732545
2025-01-02 12:50:35,6.818385728848056
2025-01-02 12:50:36,6.416126475873312
2025-01-02 12:50:37,6.269792552482508
2025-01-02 12:50:38,6.981948490065136
2025-01-02 12:50:39,6.319458399324153
2025-01-02 12:50:40,7.334684323619711
2025-01-02 12:50:41,6.369291462954662
2025-01-02 12:50:42,6.385316309611602
2025-01-02 12:50:43,6.836012401469332
2025-01-02 12:50:44,6.500566499538368
2025-01-02 12:50:45,6.413357265803753
2025-01-02 12:50:46,6.7925348566533845
2025-01-02 12:50:47,6.515953826027819
2025-01-02 12:50:48,6.230358942759851
2025-01-02 12:50:49,
2025-01-02 12:50:50,6.160422324227285
2025-01-02 12:50:51,6.048670727334386
2025-01-02 12:50:52,6.15877255601802
2025-01-02 12:50:53,5.843647505923294
2025-01-02 12:50:54,6.482379888172547
2025-01-02 12:50:55,6.480722335867994
2025-01-02 12:50:56,7.014800550412584
2025-01-02 12:50:57,5.867524059870655
2025-01-02 12:50:58,5.943583993605613
2025-01-02 12:50:59,6.948117866644746
2025-01-02 12:51:00,6.620279565257809
2025-01-02 12:51:01,6.339473552310482
2025-01-02 12:51:02,6.251542641114457
2025-01-02 12:51:03,6.334983830812408
2025-01-02 12:51:04,6.671444076876167
2025-01-02 12:51:05,6.2739639586573475
2025-01-02 12:51:06,6.543940143030167
2025-01-02 12:51:07,6.565485188616009
2025-01-02 12:51:08,6.255931132577174
2025-01-02 12:51:09,6.814986652981739
2025-01-02 12:51:10,6.689636720441054
2025-01-02 12:51:11,6.394605277238166
2025-01-02 12:51:12,6.420925072129201
2025-01-02 12:51:13,6.675658052660932
2025-01-02 12:51:14,6.216988929418632
2025-01-02 12:51:15,6.0750926935200615
2025-01-02 12:51:16,6.342274448625835
2025-01-02 12:51:17,6.40675022920634
2025-01-02 12:51:18,6.929780230909405
2025-01-02 12:51:19,6.791008171153324
2025-01-02 12:51:20,6.506526625000727
2025-01-02 12:51:21,6.55931574750121
2025-01-02 12:51:22,6.722067262858704
2025-01-02 12:51:23,6.407584404360529
2025-01-02 12:51:24,6.137132450873841
2025-01-02 12:51:25,6.18679942577433
2025-01-02 12:51:26,6.630735912485024
2025-01-02 12:51:27,6.1692845569077805
2025-01-02 12:51:28,6.597170753447176
2025-01-02 12:51:29,6.1434013521287865
2025-01-02 12:51:30,
2025-01-02 12:51:31,6.5339851842082695
2025-01-02 12:51:32,7.172725159213365
2025-01-02 12:51:33,6.516571963922187
2025-01-02 12:51:34,6.325228278326359
2025-01-02 12:51:35,6.386474142398152
2025-01-02 12:51:36,5.965928544053358
2025-01-02 12:51:37,6.830690496477646
2025-01-02 12:51:38,6.329509217389515
2025-01-02 12:51:39,6.582968813263657
2025-01-02 12:51:40,6.654705685633494
2025-01-02 12:51:41,6.643668426572878
2025-01-02 12:51:42,5.965769263896683
2025-01-02 12:51:43,6.536882272213584
2025-01-02 12:51:44,6.107400336560938
2025-01-02 12:51:45,6.383785796148573
2025-01-02 12:51:46,6.927534906936032
2025-01-02 12:51:47,6.438698109928953
2025-01-02 12:51:48,6.391656250595165
2025-01-02 12:51:49,6.33958798153322
2025-01-02 12:51:50,6.276086997086348
2025-01-02 12:51:51,6.0228092365541706
2025-01-02 12:51:52,6.389856265982086
2025-01-02 12:51:53,6.891971662537736
2025-01-02 12:51:54,6.626891651301217
2025-01-02 12:51:55,6.458501571287109
2025-01-02 12:51:56,6.800782271695244
2025-01-02 12:51:57,6.146058141992088
2025-01-02 12:51:58,6.460298082475179
2025-01-02 12:51:59,6.19446546200955
2025-01-02 12:52:00,6.057226866013212
2025-01-02 12:52:01,6.192910269661938
2025-01-02 12:52:02,6.359800870120909
2025-01-02 12:52:03,6.441346964991168
2025-01-02 12:52:04,6.19683530367497
2025-01-02 12:52:05,6.554368049327867
2025-01-02 12:52:06,6.7555481741149865
2025-01-02 12:52:07,6.154685834656152
2025-01-02 12:52:08,6.5475453497940235
2025-01-02 12:52:09,5.71245311528654
2025-01-02 12:52:10,6.666620915279866
2025-01-02 12:52:11,7.086794436406382
2025-01-02 12:52:12,6.679499931577269
2025-01-02 12:52:13,6.023285498877874
2025-01-02 12:52:14,6.561174124663229
2025-01-02 12:52:15,6.81715699929193
2025-01-02 12:52:16,6.474018102838927
2025-01-02 12:52:17,6.216207511044473
2025-01-02 12:52:18,6.411083351200043
2025-01-02 12:52:19,6.147294842591588
2025-01-02 12:52:20,6.6066997641191945
2025-01-02 12:52:21,6.461458863373519
2025-01-02 12:52:22,6.865143634572978
2025-01-02 12:52:23,6.157786341256937
2025-01-02 12:52:24,6.416596383881295
2025-01-02 12:52:25,6.517245717659922
2025-01-02 12:52:26,6.4341576334866355
2025-01-02 12:52:27,6.666550472957443
2025-01-02 12:52:28,6.45038406236301
2025-01-02 12:52:29,6.535545831899915
2025-01-02 12:52:30,6.491738559547037
2025-01-02 12:52:31,6.299474646867932
2025-01-02 12:52:32,6.398813969810031
2025-01-02 12:52:33,6.369391221209876
2025-01-02 12:52:34,6.90513349867382
2025-01-02 12:52:35,6.6649464755888745
2025-01-02 12:52:36,6.402723737929359
2025-01-02 12:52:37,6.625625020839437
2025-01-02 12:52:38,
2025-01-02 12:52:39,6.642330709784152
2025-01-02 12:52:40,6.777566407896082
2025-01-02 12:52:41,6.327959533399384
2025-01-02 12:52:42,6.661119687972618
2025-01-02 12:52:43,6.598760638462243
2025-01-02 12:52:44,6.632948444737881
2025-01-02 12:52:45,6.3907313933931436
2025-01-02 12:52:46,6.0570822894946055
2025-01-02 12:52:47,6.417226794979137
2025-01-02 12:52:48,5.906262301416636
2025-01-02 12:52:49,6.493808869391033
2025-01-02 12:52:50,6.784472842345916
2025-01-02 12:52:51,6.651463194250802
2025-01-02 12:52:52,
2025-01-02 12:52:53,6.021595388147393
2025-01-02 12:52:54,6.568668751146862
2025-01-02 12:52:55,7.129754710284465
2025-01-02 12:52:56,
2025-01-02 12:52:57,6.75641306508509
2025-01-02 12:52:58,7.000735686313497
2025-01-02 12:52:59,6.064863847731012
2025-01-02 12:53:00,6.76872694569937
2025-01-02 12:53:01,6.518096766152143
2025-01-02 12:53:02,6.922132523928615
2025-01-02 12:53:03,6.1901338322877
2025-01-02 12:53:04,7.002724291195768
2025-01-02 12:53:05,6.073548243029134
2025-01-02 12:53:06,6.348609521794395
2025-01-02 12:53:07,6.356032144604787
2025-01-02 12:53:08,6.515412538058601
2025-01-02 12:53:09,6.125239772987231
2025-01-02 12:53:10,6.546903139176156
2025-01-02 12:53:11,6.961977753309764
2025-01-02 12:53:12,6.390894972096274
2025-01-02 12:53:13,6.534487062066593
2025-01-02 12:53:14,6.733466312866424
2025-01-02 12:53:15,6.668285883389726
2025-01-02 12:53:16,6.815236114131931
2025-01-02 12:53:17,6.793332258949939
2025-01-02 12:53:18,6.776796902036575
2025-01-02 12:53:19,6.268209913880673
2025-01-02 12:53:20,6.8056582482547565
2025-01-02 12:53:21,5.932519059144223
2025-01-02 12:53:22,6.2081534462787005
2025-01-02 12:53:23,6.73276148747899
2025-01-02 12:53:24,6.48261796277531
2025-01-02 12:53:25,6.844765150456494
2025-01-02 12:53:26,6.076028904111666
2025-01-02 12:53:27,6.708646386325936
2025-01-02 12:53:28,6.646959181675016
2025-01-02 12:53:29,6.652397393347224
2025-01-02 12:53:30,6.86490254651573
2025-01-02 12:53:31,5.96464073607811
2025-01-02 12:53:32,6.038695101364089
2025-01-02 12:53:33,7.376502539894345
2025-01-02 12:53:34,6.7635280886193385
2025-01-02 12:53:35,6.706035737979222
2025-01-02 12:53:36,6.376514222038862
2025-01-02 12:53:37,6.1808352095453305
2025-01-02 12:53:38,6.488317575745505
2025-01-02 12:53:39,6.521077116603808
2025-01-02 12:53:40,6.544641756182925
2025-01-02 12:53:41,6.059118717044078
2025-01-02 12:53:42,6.410861885332919
2025-01-02 12:53:43,6.890771540182702
2025-01-02 12:53:44,6.816160063198082
2025-01-02 12:53:45,6.38068756271942
2025-01-02 12:53:46,6.690145600827269
2025-01-02 12:53:47,6.5925695386843435
2025-01-02 12:53:48,6.801393914879543
2025-01-02 12:53:49,6.513066014092278
2025-01-02 12:53:50,6.939609548488018
2025-01-02 12:53:51,6.4391248120890365
2025-01-02 12:53:52,6.388538382325801
2025-01-02 12:53:53,6.489312634334304
2025-01-02 12:53:54,6.48454570705936
2025-01-02 12:53:55,6.546146423049926
2025-01-02 12:53:56,6.372124287649932
2025-01-02 12:53:57,7.132102473581302
2025-01-02 12:53:58,6.596519564194446
2025-01-02 12:53:59,6.6485311690583595
2025-01-02 12:54:00,6.318078938915226
2025-01-02 12:54:01,6.945220555112288
2025-01-02 12:54:02,6.378085316805043
2025-01-02 12:54:03,6.394869977895199
2025-01-02 12:54:04,6.555899392883034
2025-01-02 12:54:05,5.93255562053375
2025-01-02 12:54:06,6.67769966170476
2025-01-02 12:54:07,6.353843456639285
2025-01-02 12:54:08,6.1214239018171686
2025-01-02 12:54:09,5.8778351858601265
2025-01-02 12:54:10,6.774315293366148
2025-01-02 12:54:11,6.458034149684662
2025-01-02 12:54:12,6.358360323006106
2025-01-02 12:54:13,6.47564155840993
2025-01-02 12:54:14,7.036021295011583
2025-01-02 12:54:15,7.035794416184592
2025-01-02 12:54:16,6.284391670776638
2025-01-02 12:54:17,6.697006215961497
2025-01-02 12:54:18,6.752954636466086
2025-01-02 12:54:19,6.687445154810782
2025-01-02 12:54:20,6.585811369474967
2025-01-02 12:54:21,6.470130440250642
2025-01-02 12:54:22,6.449329583073919
2025-01-02 12:54:23,6.6417864067730905
2025-01-02 12:54:24,6.582298278741635
2025-01-02 12:54:25,6.62953921445965
2025-01-02 12:54:26,6.101562426441708
2025-01-02 12:54:27,6.907467410958848
2025-01-02 12:54:28,6.434461766147809
2025-01-02 12:54:29,6.330041991697231
2025-01-02 12:54:30,5.85271450630211
2025-01-02 12:54:31,6.830857826670075
2025-01-02 12:54:32,6.971444725815629
2025-01-02 12:54:33,6.471981131168338
2025-01-02 12:54:34,6.96038788245472
2025-01-02 12:54:35,6.552650890209361
2025-01-02 12:54:36,6.501319997632078
2025-01-02 12:54:37,6.97002369416843
2025-01-02 12:54:38,6.471087204093867
2025-01-02 12:54:39,6.809719100346268
2025-01-02 12:54:40,6.413172454917251
2025-01-02 12:54:41,7.016384770497047
2025-01-02 12:54:42,6.333608227423902
2025-01-02 12:54:43,6.705014178832486
2025-01-02 12:54:44,
2025-01-02 12:54:45,6.236114268648985
2025-01-02 12:54:46,6.623386706319884
2025-01-02 12:54:47,6.418619483972956
2025-01-02 12:54:48,7.15376432499969
2025-01-02 12:54:49,6.05616975026365
2025-01-02 12:54:50,6.951749987225058
2025-01-02 12:54:51,6.596524229126519
2025-01-02 12:54:52,7.2780378287921925
2025-01-02 12:54:53,6.189420856008414
2025-01-02 12:54:54,6.5051672327706145
2025-01-02 12:54:55,6.783297219539406
2025-01-02 12:54:56,6.429805793892813
2025-01-02 12:54:57,6.229586299529358
2025-01-02 12:54:58,6.707042194167419
2025-01-02 12:54:59,6.011555749211951
2025-01-02 12:55:00,6.596393551980054
2025-01-02 12:55:01,6.600281179966309
2025-01-02 12:55:02,6.514011742243587
2025-01-02 12:55:03,6.2170389052045145
2025-01-02 12:55:04,
2025-01-02 12:55:05,6.657443979794982
2025-01-02 12:55:06,6.636409907966626
2025-01-02 12:55:07,5.988893238863366
2025-01-02 12:55:08,6.4630655825954495
2025-01-02 12:55:09,6.427920961813266
2025-01-02 12:55:10,6.280908638488089
2025-01-02 12:55:11,7.026918964264512
2025-01-02 12:55:12,6.6422887109967395
2025-01-02 12:55:13,6.674556764426403
2025-01-02 12:55:14,6.438525886515774
2025-01-02 12:55:15,6.950662307847797
2025-01-02 12:55:16,6.303346428915245
2025-01-02 12:55:17,6.170664675554118
2025-01-02 12:55:18,6.050846464246347
2025-01-02 12:55:19,6.810780992568536
2025-01-02 12:55:20,6.844870877181212
2025-01-02 12:55:21,6.768818666696078
2025-01-02 12:55:22,6.795981054525618
2025-01-02 12:55:23,6.729747920062443
2025-01-02 12:55:24,6.343658032823661
2025-01-02 12:55:25,6.633695951264502
2025-01-02 12:55:26,6.109452459240355
2025-01-02 12:55:27,6.070741356641338
2025-01-02 12:55:28,6.038348572992158
2025-01-02 12:55:29,6.714441722400857
2025-01-02 12:55:30,6.6740351268388185
2025-01-02 12:55:31,6.821015755268491
2025-01-02 12:55:32,6.433116514919933
2025-01-02 12:55:33,6.554744972523961
2025-01-02 12:55:34,6.784543079268695
2025-01-02 12:55:35,6.0048308981653955
2025-01-02 12:55:36,6.242165921524954
2025-01-02 12:55:37,6.651492692709209
2025-01-02 12:55:38,6.707796034083431
2025-01-02 12:55:39,6.577488972009283
2025-01-02 12:55:40,6.092364753268378
2025-01-02 12:55:41,6.483073937031047
2025-01-02 12:55:42,6.219440198019219
2025-01-02 12:55:43,6.278757650144645
2025-01-02 12:55:44,6.206536841525104
2025-01-02 12:55:45,6.603610104303687
2025-01-02 12:55:46,6.381729002320331
2025-01-02 12:55:47,6.675783539869967
2025-01-02 12:55:48,6.369000028043197
2025-01-02 12:55:49,6.651822416136996
2025-01-02 12:55:50,6.779443356754194
2025-01-02 12:55:51,6.533641520144813
2025-01-02 12:55:52,6.260004575796798
2025-01-02 12:55:53,6.14195580426593
2025-01-02 12:55:54,6.422147440097251
2025-01-02 12:55:55,6.750179702829657
2025-01-02 12:55:56,5.609364901216015
2025-01-02 12:55:57,6.631634871491144
2025-01-02 12:55:58,5.988847736718865
2025-01-02 12:55:59,6.528974700617314
2025-01-02 12:56:00,6.083551527660175
2025-01-02 12:56:01,6.418203579371892
2025-01-02 12:56:02,7.463811866289543
2025-01-02 12:56:03,6.466046536913343
2025-01-02 12:56:04,6.828419395172932
2025-01-02 12:56:05,6.492350542108359
2025-01-02 12:56:06,5.959168915356629
2025-01-02 12:56:07,6.706814869612263
2025-01-02 12:56:08,6.496220549543724
2025-01-02 12:56:09,6.3533842363510225
2025-01-02 12:56:10,6.434034104194118
2025-01-02 12:56:11,6.82701934290195
2025-01-02 12:56:12,5.616762479888959
2025-01-02 12:56:13,6.799732429786086
2025-01-02 12:56:14,5.93765016058498
2025-01-02 12:56:15,6.496794563641773
2025-01-02 12:56:16,6.4651043006977735
2025-01-02 12:56:17,6.562265898093566
2025-01-02 12:56:18,6.702612862939514
2025-01-02 12:56:19,6.407903904740524
2025-01-02 12:56:20,6.720642055233032
2025-01-02 12:56:21,6.048831358737309
2025-01-02 12:56:22,6.706760593529451
2025-01-02 12:56:23,6.3999345919989254
2025-01-02 12:56:24,
2025-01-02 12:56:25,6.480415370680346
2025-01-02 12:56:26,6.811944168844064
2025-01-02 12:56:27,6.5406410565262325
2025-01-02 12:56:28,6.790960030771857
2025-01-02 12:56:29,6.587221926501125
2025-01-02 12:56:30,5.836220702378756
2025-01-02 12:56:31,6.69662254770695
2025-01-02 12:56:32,6.270110338438283
2025-01-02 12:56:33,6.512275334940422
2025-01-02 12:56:34,6.858393632571581
2025-01-02 12:56:35,6.468072978575905
2025-01-02 12:56:36,6.625446028370472
2025-01-02 12:56:37,6.36037074469258
2025-01-02 12:56:38,6.323832520859163
2025-01-02 12:56:39,6.535201033523681
2025-01-02 12:56:40,6.918424672496647
2025-01-02 12:56:41,6.954157946478444
2025-01-02 12:56:42,6.565682406474508
2025-01-02 12:56:43,6.386475869188247
2025-01-02 12:56:44,6.0616184692553325
2025-01-02 12:56:45,6.554108770711651
2025-01-02 12:56:46,6.640334200669482
2025-01-02 12:56:47,6.39841014424948
2025-01-02 12:56:48,6.666440816009367
2025-01-02 12:56:49,6.681463842266864
2025-01-02 12:56:50,6.506526524944264
2025-01-02 12:56:51,6.700887595854264
2025-01-02 12:56:52,6.776443519053231
2025-01-02 12:56:53,6.431778895736346
2025-01-02 12:56:54,6.339126777066203
2025-01-02 12:56:55,6.202195671489214
2025-01-02 12:56:56,6.783708692175479
2025-01-02 12:56:57,6.093151119481699
2025-01-02 12:56:58,6.940219587837981
2025-01-02 12:56:59,6.166493709400143
2025-01-02 12:57:00,6.392922949991265
2025-01-02 12:57:01,6.618223240351605
2025-01-02 12:57:02,6.685700938984618
2025-01-02 12:57:03,6.511252710222433
2025-01-02 12:57:04,6.56151125454143
2025-01-02 12:57:05,6.128093084542092
2025-01-02 12:57:06,6.205149434805423
2025-01-02 12:57:07,6.535588070422075
2025-01-02 12:57:08,7.017321212688855
2025-01-02 12:57:09,6.861850511640105
2025-01-02 12:57:10,6.578164347274635
2025-01-02 12:57:11,6.299624263217156
2025-01-02 12:57:12,6.5344278080666065
2025-01-02 12:57:13,6.675826716367141
2025-01-02 12:57:14,6.404587627320735
2025-01-02 12:57:15,6.541835794472993
2025-01-02 12:57:16,6.257548905361726
2025-01-02 12:57:17,6.7513985528879426
2025-01-02 12:57:18,6.362533828283566
2025-01-02 12:57:19,6.531357015781273
2025-01-02 12:57:20,6.179749984393695
2025-01-02 12:57:21,6.389526335418744
2025-01-02 12:57:22,6.8387406984251875
2025-01-02 12:57:23,6.646353277453783
2025-01-02 12:57:24,5.680154947360956
2025-01-02 12:57:25,6.190534559557057
2025-01-02 12:57:26,6.96505331006651
2025-01-02 12:57:27,6.981423323039861
2025-01-02 12:57:28,6.161059048838752
2025-01-02 12:57:29,7.031449263833052
2025-01-02 12:57:30,6.748896089351386
2025-01-02 12:57:31,6.122276955926796
2025-01-02 12:57:32,
2025-01-02 12:57:33,6.314730910080509
2025-01-02 12:57:34,6.292587454511645
2025-01-02 12:57:35,7.138907814668718
2025-01-02 12:57:36,6.65146788206957
2025-01-02 12:57:37,6.418541561758683
2025-01-02 12:57:38,6.536636436561549
2025-01-02 12:57:39,6.588415219113792
2025-01-02 12:57:40,6.590456861349651
2025-01-02 12:57:41,6.31011189945774
2025-01-02 12:57:42,6.428273949658087
2025-01-02 12:57:43,5.965826976509822
2025-01-02 12:57:44,6.237404550696409
2025-01-02 12:57:45,6.228011454570202
2025-01-02 12:57:46,6.719157205655741
2025-01-02 12:57:47,6.711842417325514
2025-01-02 12:57:48,6.304977908449719
2025-01-02 12:57:49,6.305226397553618
2025-01-02 12:57:50,6.554114923909428
2025-01-02 12:57:51,6.746463086512199
2025-01-02 12:57:52,6.947687717091007
2025-01-02 12:57:53,
2025-01-02 12:57:54,6.558903883990451
2025-01-02 12:57:55,6.603435446502115
2025-01-02 12:57:56,6.312483054878477
2025-01-02 12:57:57,6.470512711608329
2025-01-02 12:57:58,6.222940935457583
2025-01-02 12:57:59,6.263110557006201
2025-01-02 12:58:00,6.396239287971849
2025-01-02 12:58:01,6.916644578328058
2025-01-02 12:58:02,6.783926091192898
2025-01-02 12:58:03,6.131841078692077
2025-01-02 12:58:04,6.998574656768982
2025-01-02 12:58:05,6.795253083330944
2025-01-02 12:58:06,6.408115447623127
2025-01-02 12:58:07,6.311352918652049
2025-01-02 12:58:08,6.678662814110156
2025-01-02 12:58:09,6.622599494488233
2025-01-02 12:58:10,6.783565724941683
2025-01-02 12:58:11,6.289960994146714
2025-01-02 12:58:12,7.068025455542118
2025-01-02 12:58:13,6.743239113594251
2025-01-02 12:58:14,6.583673468957651
2025-01-02 12:58:15,6.348179420981461
2025-01-02 12:58:16,6.228247424585175
2025-01-02 12:58:17,6.2989447150569005
2025-01-02 12:58:18,6.026790340501952
2025-01-02 12:58:19,6.871057979424402
2025-01-02 12:58:20,6.3576582359577625
2025-01-02 12:58:21,6.9410111072258776
2025-01-02 12:58:22,6.775594399792627
2025-01-02 12:58:23,6.428052773671891
2025-01-02 12:58:24,6.925667456335904
2025-01-02 12:58:25,5.869616015394908
2025-01-02 12:58:26,6.638127176767487
2025-01-02 12:58:27,6.423708024019952
2025-01-02 12:58:28,6.769387086293054
2025-01-02 12:58:29,6.7716103642887475
2025-01-02 12:58:30,6.444547543025293
2025-01-02 12:58:31,6.498743399083049
2025-01-02 12:58:32,6.370885024889699
2025-01-02 12:58:33,6.762328256314565
2025-01-02 12:58:34,6.769601845662483
2025-01-02 12:58:35,6.445805234132726
2025-01-02 12:58:36,6.383845730316434
2025-01-02 12:58:37,6.527789014137114
2025-01-02 12:58:38,6.647024090959756
2025-01-02 12:58:39,6.654138898937082
2025-01-02 12:58:40,6.544437869452829
2025-01-02 12:58:41,6.602903462459258
2025-01-02 12:58:42,6.657674237548923
2025-01-02 12:58:43,6.695756664555427
2025-01-02 12:58:44,6.078453516943185
2025-01-02 12:58:45,6.240530729091703
2025-01-02 12:58:46,
2025-01-02 12:58:47,6.560008678930266
2025-01-02 12:58:48,6.720080082383523
2025-01-02 12:58:49,6.269219826759959
2025-01-02 12:58:50,6.31267710796104
2025-01-02 12:58:51,5.951281575838305
2025-01-02 12:58:52,7.225246940140259
2025-01-02 12:58:53,6.314315837256689
2025-01-02 12:58:54,6.82696918222881
2025-01-02 12:58:55,6.705733248126293
2025-01-02 12:58:56,6.479196598772381
2025-01-02 12:58:57,6.829247770506705
2025-01-02 12:58:58,6.484681130868456
2025-01-02 12:58:59,6.651186812575158
2025-01-02 12:59:00,6.207259690676778
2025-01-02 12:59:01,6.343168954305409
2025-01-02 12:59:02,6.287911550382778
2025-01-02 12:59:03,6.943325747490593
2025-01-02 12:59:04,6.94836459825983
2025-01-02 12:59:05,6.263338230597722
2025-01-02 12:59:06,6.5510290066055425
2025-01-02 12:59:07,6.1780886605969485
2025-01-02 12:59:08,6.615333869889776
2025-01-02 12:59:09,6.435942386141718
2025-01-02 12:59:10,6.575410234172647
2025-01-02 12:59:11,6.529484570451499
2025-01-02 12:59:12,6.9261092002252465
2025-01-02 12:59:13,6.363604329618101
2025-01-02 12:59:14,6.595174162806491
2025-01-02 12:59:15,6.699984383778064
2025-01-02 12:59:16,6.261130798195409
2025-01-02 12:59:17,6.082543299653839
2025-01-02 12:59:18,7.1145311995544995
2025-01-02 12:59:19,6.436353422525487
2025-01-02 12:59:20,6.2557887578625
2025-01-02 12:59:21,6.509781332742433
2025-01-02 12:59:22,6.428366520968205
2025-01-02 12:59:23,7.024065919454512
2025-01-02 12:59:24,6.706380474289093
2025-01-02 12:59:25,6.596257233390277
2025-01-02 12:59:26,6.829798068522514
2025-01-02 12:59:27,6.7319357638901
2025-01-02 12:59:28,6.864313905790217
2025-01-02 12:59:29,6.26534256949633
2025-01-02 12:59:30,6.306755387481386
2025-01-02 12:59:31,6.152391152289715
2025-01-02 12:59:32,6.69875372652188
2025-01-02 12:59:33,7.076680852853114
2025-01-02 12:59:34,6.4795699516254155
2025-01-02 12:59:35,6.777175397270754
2025-01-02 12:59:36,6.721301698393473
2025-01-02 12:59:37,7.594121853530394
2025-01-02 12:59:38,6.464242398160345
2025-01-02 12:59:39,6.407687356337468
2025-01-02 12:59:40,6.967821978826758
2025-01-02 12:59:41,6.223819629780417
2025-01-02 12:59:42,6.44292043678093
2025-01-02 12:59:43,5.971545345467851
2025-01-02 12:59:44,6.606441145801646
2025-01-02 12:59:45,
2025-01-02 12:59:46,7.083358520026824
2025-01-02 12:59:47,6.818637955662537
2025-01-02 12:59:48,6.397821664797618
2025-01-02 12:59:49,6.768532150822892
2025-01-02 12:59:50,6.567695369407091
2025-01-02 12:59:51,6.752505690902825
2025-01-02 12:59:52,6.864258511044976
2025-01-02 12:59:53,6.3929242135947195
2025-01-02 12:59:54,6.341832684848753
2025-01-02 12:59:55,6.114101356025287
2025-01-02 12:59:56,6.28365675574621
2025-01-02 12:59:57,6.298672066436182
2025-01-02 12:59:58,6.692559252238068
2025-01-02 12:59:59,6.7217331344624505
2025-01-02 13:00:00,6.494008475633223
2025-01-02 13:00:01,6.014349465749366
2025-01-02 13:00:02,6.584787876170858
2025-01-02 13:00:03,6.397482706742478
2025-01-02 13:00:04,6.881726094396021
2025-01-02 13:00:05,6.969051745218234
2025-01-02 13:00:06,6.761005013531905
2025-01-02 13:00:07,7.090807647239657
2025-01-02 13:00:08,6.514044566704054
2025-01-02 13:00:09,6.112423664330895
2025-01-02 13:00:10,6.705631966619387
2025-01-02 13:00:11,6.089985979153177
2025-01-02 13:00:12,6.357287137745046
2025-01-02 13:00:13,6.5404062399554235
2025-01-02 13:00:14,7.008558578392899
2025-01-02 13:00:15,5.94703158924579
2025-01-02 13:00:16,6.924137757903373
2025-01-02 13:00:17,6.746840111819152
2025-01-02 13:00:18,6.7258663956982145
2025-01-02 13:00:19,6.480522984507536
2025-01-02 13:00:20,6.3660819942001705
2025-01-02 13:00:21,7.128219902728675
2025-01-02 13:00:22,6.37441175541602
2025-01-02 13:00:23,6.417577608216201
2025-01-02 13:00:24,6.543846568445943
2025-01-02 13:00:25,6.516581357481023
2025-01-02 13:00:26,6.602326612217661
2025-01-02 13:00:27,6.51467982329259
2025-01-02 13:00:28,6.775824194791852
2025-01-02 13:00:29,6.383083153750221
2025-01-02 13:00:30,6.858798666288536
2025-01-02 13:00:31,6.582826061436268
2025-01-02 13:00:32,6.504632859836216
2025-01-02 13:00:33,6.5415751845651755
2025-01-02 13:00:34,6.982801672635342
2025-01-02 13:00:35,6.312576824409529
2025-01-02 13:00:36,5.918234912588743
2025-01-02 13:00:37,6.792535042232728
2025-01-02 13:00:38,6.721750248006635
2025-01-02 13:00:39,6.4191991156318124
2025-01-02 13:00:40,6.756760208045748
2025-01-02 13:00:41,6.6111787697353535
2025-01-02 13:00:42,6.667293276266118
2025-01-02 13:00:43,6.715859962179424
2025-01-02 13:00:44,6.856432757067073
2025-01-02 13:00:45,6.83434326413768
2025-01-02 13:00:46,7.019718809127132
2025-01-02 13:00:47,7.291517972974199
2025-01-02 13:00:48,6.117051833501419
2025-01-02 13:00:49,6.5857969438378205
2025-01-02 13:00:50,7.226962242195514
2025-01-02 13:00:51,6.618499871373698
2025-01-02 13:00:52,6.574272309027649
2025-01-02 13:00:53,6.2794008744736916
2025-01-02 13:00:54,6.178636434786202
2025-01-02 13:00:55,6.384521078455141
2025-01-02 13:00:56,6.370080463856313
2025-01-02 13:00:57,6.604965214732635
2025-01-02 13:00:58,6.406873711777503
2025-01-02 13:00:59,6.878830814782889
2025-01-02 13:01:00,6.866278308044085
2025-01-02 13:01:01,6.231951881641163
2025-01-02 13:01:02,6.988332923037716
2025-01-02 13:01:03,7.171630692880795
2025-01-02 13:01:04,6.256875268059833
2025-01-02 13:01:05,5.964101810163835
2025-01-02 13:01:06,6.4953431781975635
2025-01-02 13:01:07,6.668582332275613
2025-01-02 13:01:08,6.390943886104733
2025-01-02 13:01:09,6.0832571326111955
2025-01-02 13:01:10,6.939727097270207
2025-01-02 13:01:11,6.50533062290885
2025-01-02 13:01:12,6.0141797239142605
2025-01-02 13:01:13,6.22054018322449
2025-01-02 13:01:14,6.260986431894906
2025-01-02 13:01:15,7.104679598428992
2025-01-02 13:01:16,5.990652565144321
2025-01-02 13:01:17,6.625981319942563
2025-01-02 13:01:18,6.447627159668299
2025-01-02 13:01:19,6.041059334529798
2025-01-02 13:01:20,6.9602067271842785
2025-01-02 13:01:21,
2025-01-02 13:01:22,7.002209662942961
2025-01-02 13:01:23,6.528452938328987
2025-01-02 13:01:24,6.6938558778082236
2025-01-02 13:01:25,6.187646568844874
2025-01-02 13:01:26,6.935701845653728
2025-01-02 13:01:27,6.213447941552624
2025-01-02 13:01:28,6.724779989985481
2025-01-02 13:01:29,6.341702112803609
2025-01-02 13:01:30,6.593987631137619
2025-01-02 13:01:31,6.680073050357403
2025-01-02 13:01:32,6.518490665902027
2025-01-02 13:01:33,6.09224864485868
2025-01-02 13:01:34,6.714861035969322
2025-01-02 13:01:35,6.124951566341567
2025-01-02 13:01:36,6.819366994753337
2025-01-02 13:01:37,6.370378748422369
2025-01-02 13:01:38,6.3493905225711655
2025-01-02 13:01:39,6.48959682273981
2025-01-02 13:01:40,6.457745030074188
2025-01-02 13:01:41,6.749654898655353
2025-01-02 13:01:42,6.527610809052173
2025-01-02 13:01:43,6.731708698805091
2025-01-02 13:01:44,6.949794880756937
2025-01-02 13:01:45,7.007470370109548
2025-01-02 13:01:46,6.456112945162947
2025-01-02 13:01:47,6.264079098256887
2025-01-02 13:01:48,6.770422011062846
2025-01-02 13:01:49,6.808808629126959
2025-01-02 13:01:50,7.003954984570216
2025-01-02 13:01:51,6.155952698639999
2025-01-02 13:01:52,6.407849465051054
2025-01-02 13:01:53,6.6005811007106665
2025-01-02 13:01:54,7.340757520971668
2025-01-02 13:01:55,6.598149656664341
2025-01-02 13:01:56,6.504710068405936
2025-01-02 13:01:57,6.636192862052073
2025-01-02 13:01:58,
2025-01-02 13:01:59,6.613344485649381
2025-01-02 13:02:00,6.496659984461704
2025-01-02 13:02:01,6.715235315098553
2025-01-02 13:02:02,6.859219233175926
2025-01-02 13:02:03,7.021854846372019
2025-01-02 13:02:04,6.879323384395592
2025-01-02 13:02:05,6.1802060520094235
2025-01-02 13:02:06,6.113962140796818
2025-01-02 13:02:07,6.85019511879734
2025-01-02 13:02:08,7.035546275616695
2025-01-02 13:02:09,6.572996406466996
2025-01-02 13:02:10,6.719431240477049
2025-01-02 13:02:11,6.168540797582323
2025-01-02 13:02:12,6.534719032092943
2025-01-02 13:02:13,6.318391946196929
2025-01-02 13:02:14,6.539260928972091
2025-01-02 13:02:15,6.109443199563342
2025-01-02 13:02:16,6.678925711934216
2025-01-02 13:02:17,6.686142131576964
2025-01-02 13:02:18,6.635005454294955
2025-01-02 13:02:19,6.239638527640516
2025-01-02 13:02:20,6.130569480985971
2025-01-02 13:02:21,6.349708821416494
2025-01-02 13:02:22,6.534815686680261
2025-01-02 13:02:23,6.432138105458595
2025-01-02 13:02:24,6.912702086777784
2025-01-02 13:02:25,6.416243989757058
2025-01-02 13:02:26,5.794566750795546
2025-01-02 13:02:27,6.650688499656323
2025-01-02 13:02:28,6.250279304336006
2025-01-02 13:02:29,6.0571785237201885
2025-01-02 13:02:30,6.721150504496191
2025-01-02 13:02:31,6.586409371664715
2025-01-02 13:02:32,6.315813294961786
2025-01-02 13:02:33,6.169770192556485
2025-01-02 13:02:34,6.333037192637333
2025-01-02 13:02:35,6.38200987479228
2025-01-02 13:02:36,6.679467098664869
2025-01-02 13:02:37,6.740631715890002
2025-01-02 13:02:38,6.12415955254983
2025-01-02 13:02:39,6.80151805555793
2025-01-02 13:02:40,7.098295783559519
2025-01-02 13:02:41,7.126936247484447
2025-01-02 13:02:42,6.216637825111331
2025-01-02 13:02:43,6.554603321309627
2025-01-02 13:02:44,6.413429792544983
2025-01-02 13:02:45,6.565917282150218
2025-01-02 13:02:46,6.16505896944032
2025-01-02 13:02:47,7.098988738928274
2025-01-02 13:02:48,6.6713119906877605
2025-01-02 13:02:49,6.760515641064782
2025-01-02 13:02:50,6.990337431230786
2025-01-02 13:02:51,6.290154307490774
2025-01-02 13:02:52,6.510273756985394
2025-01-02 13:02:53,6.782557663994315
2025-01-02 13:02:54,6.760011674018687
2025-01-02 13:02:55,6.459170107895265
2025-01-02 13:02:56,7.162134975223729
2025-01-02 13:02:57,6.508799973686812
2025-01-02 13:02:58,6.385458680628139
2025-01-02 13:02:59,6.408124754405358
2025-01-02 13:03:00,6.290761456965343
2025-01-02 13:03:01,6.233084370540777
2025-01-02 13:03:02,6.820026778803101
2025-01-02 13:03:03,7.058706566621185
2025-01-02 13:03:04,6.555296292809716
2025-01-02 13:03:05,6.192266189233439
2025-01-02 13:03:06,6.093370868836704
2025-01-02 13:03:07,6.237890934064957
2025-01-02 13:03:08,6.746087586134162
2025-01-02 13:03:09,6.854401128471739
2025-01-02 13:03:10,6.234897153265602
2025-01-02 13:03:11,6.40542733860727
2025-01-02 13:03:12,6.505737519127517
2025-01-02 13:03:13,6.718736620654222
2025-01-02 13:03:14,6.338026283037058
2025-01-02 13:03:15,6.7271223724908555
2025-01-02 13:03:16,6.207394381046124
2025-01-02 13:03:17,6.957861952156706
2025-01-02 13:03:18,6.265323116642533
2025-01-02 13:03:19,6.402008500019057
2025-01-02 13:03:20,6.475732865466523
2025-01-02 13:03:21,5.997040308545218
2025-01-02 13:03:22,6.574053769620348
2025-01-02 13:03:23,5.955230077544092
2025-01-02 13:03:24,6.380721666181195
2025-01-02 13:03:25,6.449318697001991
2025-01-02 13:03:26,6.658920245118947
2025-01-02 13:03:27,6.127023552370739
2025-01-02 13:03:28,6.604006817783374
2025-01-02 13:03:29,6.331355502596815
2025-01-02 13:03:30,6.508619604933939
2025-01-02 13:03:31,7.1780572826613405
2025-01-02 13:03:32,6.321112585937393
2025-01-02 13:03:33,6.735319107739999
2025-01-02 13:03:34,6.249093674981297
2025-01-02 13:03:35,6.05906945373046
2025-01-02 13:03:36,6.806364864458576
2025-01-02 13:03:37,6.979801860208232
2025-01-02 13:03:38,
2025-01-02 13:03:39,6.822882755242678
2025-01-02 13:03:40,6.911990639570709
2025-01-02 13:03:41,6.060948878443883
2025-01-02 13:03:42,6.92648026924454
2025-01-02 13:03:43,6.628548678418612
2025-01-02 13:03:44,5.972117795712521
2025-01-02 13:03:45,6.636933614749935
2025-01-02 13:03:46,6.730610127253405
2025-01-02 13:03:47,6.446423081611224
2025-01-02 13:03:48,6.81234518182759
2025-01-02 13:03:49,6.553074925396735
2025-01-02 13:03:50,6.706664381911199
2025-01-02 13:03:51,6.7202892241857395
2025-01-02 13:03:52,6.336888370160323
2025-01-02 13:03:53,6.195621481142118
2025-01-02 13:03:54,6.498485771429836
2025-01-02 13:03:55,6.3876114150699035
2025-01-02 13:03:56,6.748546528486898
2025-01-02 13:03:57,6.555681952228159
2025-01-02 13:03:58,5.989846054756605
2025-01-02 13:03:59,6.498904683927248
2025-01-02 13:04:00,7.2532547031411765
2025-01-02 13:04:01,7.010760819088636
2025-01-02 13:04:02,6.867263488057457
2025-01-02 13:04:03,6.03530023831031
2025-01-02 13:04:04,6.883829086162523
2025-01-02 13:04:05,7.048407369775845
2025-01-02 13:04:06,6.985984650900737
2025-01-02 13:04:07,6.424433912542075
2025-01-02 13:04:08,6.402797867636065
2025-01-02 13:04:09,7.00674560748499
2025-01-02 13:04:10,6.698267777284764
2025-01-02 13:04:11,6.111340312427213
2025-01-02 13:04:12,6.032148358495907
2025-01-02 13:04:13,6.857124021908726
2025-01-02 13:04:14,
2025-01-02 13:04:15,6.468517732609687
2025-01-02 13:04:16,6.647081907561787
2025-01-02 13:04:17,6.6374055571474955
2025-01-02 13:04:18,6.583090400662243
2025-01-02 13:04:19,6.597917055677902
2025-01-02 13:04:20,6.249048741843001
2025-01-02 13:04:21,6.385683976221795
2025-01-02 13:04:22,6.211759986364687
2025-01-02 13:04:23,6.59880323299605
2025-01-02 13:04:24,6.211967280784199
2025-01-02 13:04:25,6.344616213390362
2025-01-02 13:04:26,6.1690077468032065
2025-01-02 13:04:27,6.5018071186003965
2025-01-02 13:04:28,7.190178468566668
2025-01-02 13:04:29,6.776093575196119
2025-01-02 13:04:30,6.225341318017669
2025-01-02 13:04:31,6.393846724530154
2025-01-02 13:04:32,6.319174436479058
2025-01-02 13:04:33,6.354703145864402
2025-01-02 13:04:34,6.454586034915243
2025-01-02 13:04:35,7.20187448879299
2025-01-02 13:04:36,6.470192852221162
2025-01-02 13:04:37,6.632076318559815
2025-01-02 13:04:38,6.435798723318605
2025-01-02 13:04:39,6.3485614985907315
2025-01-02 13:04:40,7.051532767829106
2025-01-02 13:04:41,6.690113692793091
2025-01-02 13:04:42,6.75658505684133
2025-01-02 13:04:43,6.088544608089759
2025-01-02 13:04:44,6.59538347546175
2025-01-02 13:04:45,6.730717135263356
2025-01-02 13:04:46,6.563334566095937
2025-01-02 13:04:47,6.2294776779699985
2025-01-02 13:04:48,6.529079003595857
2025-01-02 13:04:49,6.621479299226392
2025-01-02 13:04:50,7.098451037944535
2025-01-02 13:04:51,6.549053628707879
2025-01-02 13:04:52,6.577299154460691
2025-01-02 13:04:53,6.426003094257309
2025-01-02 13:04:54,6.667825935171898
2025-01-02 13:04:55,6.819003368992735
2025-01-02 13:04:56,6.422703944468165
2025-01-02 13:04:57,6.120334302345017
2025-01-02 13:04:58,6.42868750150136
2025-01-02 13:04:59,5.789059637262994
2025-01-02 13:05:00,6.6169967041576205
2025-01-02 13:05:01,6.539493354757075
2025-01-02 13:05:02,6.521472105362381
2025-01-02 13:05:03,6.672310380439538
2025-01-02 13:05:04,6.367299412241389
2025-01-02 13:05:05,6.0930162394583505
2025-01-02 13:05:06,6.562448864199751
2025-01-02 13:05:07,6.723720281051459
2025-01-02 13:05:08,7.179825998989239
2025-01-02 13:05:09,6.292032750000222
2025-01-02 13:05:10,6.91684073889232
2025-01-02 13:05:11,6.612918857439162
2025-01-02 13:05:12,6.5975569087330355
2025-01-02 13:05:13,6.4562160644536055
2025-01-02 13:05:14,6.4014521368555775
2025-01-02 13:05:15,6.658710230329311
2025-01-02 13:05:16,7.014261694854553
2025-01-02 13:05:17,7.3875267142804635
2025-01-02 13:05:18,6.939899598656459
2025-01-02 13:05:19,6.172057942202047
2025-01-02 13:05:20,6.46369764259959
2025-01-02 13:05:21,7.006705371600165
2025-01-02 13:05:22,6.554139827961022
2025-01-02 13:05:23,6.583124698996095
2025-01-02 13:05:24,6.644117178054127
2025-01-02 13:05:25,6.5588396620116916
2025-01-02 13:05:26,6.44027953421128
2025-01-02 13:05:27,
2025-01-02 13:05:28,6.046787310109237
2025-01-02 13:05:29,6.387701093490926
2025-01-02 13:05:30,6.584857821726657
2025-01-02 13:05:31,6.570164464031183
2025-01-02 13:05:32,6.620045297619988
2025-01-02 13:05:33,6.694875868132794
2025-01-02 13:05:34,6.595828636847071
2025-01-02 13:05:35,7.003172983051488
2025-01-02 13:05:36,6.655861772989216
2025-01-02 13:05:37,6.478819237886638
2025-01-02 13:05:38,6.357998917905289
2025-01-02 13:05:39,6.317814005889689
2025-01-02 13:05:40,6.305021557318037
2025-01-02 13:05:41,6.6364092052108985
2025-01-02 13:05:42,6.316463544769238
2025-01-02 13:05:43,5.9854504429975695
2025-01-02 13:05:44,6.109262018767621
2025-01-02 13:05:45,
2025-01-02 13:05:46,6.491118202331483
2025-01-02 13:05:47,7.0447079853161725
2025-01-02 13:05:48,6.740843145348133
2025-01-02 13:05:49,6.680757697673187
2025-01-02 13:05:50,6.6269442333831075
2025-01-02 13:05:51,6.262749390788893
2025-01-02 13:05:52,6.620717363849246
2025-01-02 13:05:53,6.910418686283521
2025-01-02 13:05:54,6.752022942750312
2025-01-02 13:05:55,6.715859041518337
2025-01-02 13:05:56,5.927433266593556
2025-01-02 13:05:57,6.293534615290355
2025-01-02 13:05:58,6.101098043453113
2025-01-02 13:05:59,6.809200518199657
2025-01-02 13:06:00,6.405596651406154
2025-01-02 13:06:01,6.787072266572878
2025-01-02 13:06:02,6.4364344318307065
2025-01-02 13:06:03,6.4416577340210415
2025-01-02 13:06:04,6.635741450664916
2025-01-02 13:06:05,5.990308948864248
2025-01-02 13:06:06,6.925738343483743
2025-01-02 13:06:07,6.303292780046231
2025-01-02 13:06:08,6.181887084033942
2025-01-02 13:06:09,6.573824510302675
2025-01-02 13:06:10,6.418607337127621
2025-01-02 13:06:11,6.677025979823578
2025-01-02 13:06:12,6.646865632230511
2025-01-02 13:06:13,6.329328104157976
2025-01-02 13:06:14,6.5390474596088515
2025-01-02 13:06:15,6.698113562326435
2025-01-02 13:06:16,7.149332754399433
2025-01-02 13:06:17,6.06698914529298
2025-01-02 13:06:18,6.232332917681289
2025-01-02 13:06:19,6.666723032265625
2025-01-02 13:06:20,6.611164590717648
2025-01-02 13:06:21,7.14925388076156
2025-01-02 13:06:22,6.902735384875853
2025-01-02 13:06:23,6.8310064395898085
2025-01-02 13:06:24,6.386950724344613
2025-01-02 13:06:25,6.2563282376448
2025-01-02 13:06:26,6.500303296805398
2025-01-02 13:06:27,6.572628301034852
2025-01-02 13:06:28,6.518164017861819
2025-01-02 13:06:29,6.678572931497096
2025-01-02 13:06:30,6.724174176800354
2025-01-02 13:06:31,6.685516273608087
2025-01-02 13:06:32,6.792553177573543
2025-01-02 13:06:33,6.6491915304856475
2025-01-02 13:06:34,6.83950286505261
2025-01-02 13:06:35,6.473961103007818
2025-01-02 13:06:36,6.226674285548703
2025-01-02 13:06:37,6.647632696907211
2025-01-02 13:06:38,6.950183049775163
2025-01-02 13:06:39,6.297611442376616
2025-01-02 13:06:40,6.841864594509861
2025-01-02 13:06:41,6.318183857130056
2025-01-02 13:06:42,7.02372418995169
2025-01-02 13:06:43,6.469597008972202
2025-01-02 13:06:44,6.312646025415911
2025-01-02 13:06:45,6.484146718166324
2025-01-02 13:06:46,6.386906134472932
2025-01-02 13:06:47,6.980076242499116
2025-01-02 13:06:48,6.3867191445498515
2025-01-02 13:06:49,7.069738464225368
2025-01-02 13:06:50,6.906724655867827
2025-01-02 13:06:51,5.956644659427098
2025-01-02 13:06:52,6.393890204416792
2025-01-02 13:06:53,6.655357266244
2025-01-02 13:06:54,6.5570564267979
2025-01-02 13:06:55,6.537287732837131
2025-01-02 13:06:56,6.519381935427345
2025-01-02 13:06:57,6.273766990301923
2025-01-02 13:06:58,6.891687703988942
2025-01-02 13:06:59,6.7190277807987195
2025-01-02 13:07:00,6.3849892119898
2025-01-02 13:07:01,6.804468887630832
2025-01-02 13:07:02,6.73457653459431
2025-01-02 13:07:03,6.968503958383065
2025-01-02 13:07:04,6.815303185061681
2025-01-02 13:07:05,6.755540593918733
2025-01-02 13:07:06,6.276016847649986
2025-01-02 13:07:07,6.710289391623696
2025-01-02 13:07:08,6.085840309802927
2025-01-02 13:07:09,6.757678608531603
2025-01-02 13:07:10,6.455146361927318
2025-01-02 13:07:11,6.716695797473972
2025-01-02 13:07:12,6.122932429780246
2025-01-02 13:07:13,6.552287445099506
2025-01-02 13:07:14,6.612910052058635
2025-01-02 13:07:15,
2025-01-02 13:07:16,6.297175422257613
2025-01-02 13:07:17,6.474151667732338
2025-01-02 13:07:18,6.425273389770275
2025-01-02 13:07:19,6.1319438863288145
2025-01-02 13:07:20,6.762700570280204
2025-01-02 13:07:21,6.731515961772999
2025-01-02 13:07:22,7.253223061670986
2025-01-02 13:07:23,6.4850813227799335
2025-01-02 13:07:24,7.046325512277952
2025-01-02 13:07:25,6.32669365403412
2025-01-02 13:07:26,6.8552560169148835
2025-01-02 13:07:27,6.74026594714435
2025-01-02 13:07:28,6.785844073289662
2025-01-02 13:07:29,6.547301827329179
2025-01-02 13:07:30,6.121653801724993
2025-01-02 13:07:31,6.155381596158989
2025-01-02 13:07:32,6.177122460028578
2025-01-02 13:07:33,6.8589094956950145
2025-01-02 13:07:34,6.299201352975764
2025-01-02 13:07:35,6.280284637716903
2025-01-02 13:07:36,6.480769613191429
2025-01-02 13:07:37,6.433902749090231
2025-01-02 13:07:38,6.288246445256545
2025-01-02 13:07:39,7.06078080269368
2025-01-02 13:07:40,6.275510233647322
2025-01-02 13:07:41,7.3942199360114
2025-01-02 13:07:42,6.973553326469479
2025-01-02 13:07:43,6.877159643513488
2025-01-02 13:07:44,7.06062163681963
2025-01-02 13:07:45,6.527288401023681
2025-01-02 13:07:46,6.370426000849742
2025-01-02 13:07:47,6.502710599452029
2025-01-02 13:07:48,6.490030332789153
2025-01-02 13:07:49,6.596608946964092
2025-01-02 13:07:50,6.697665290907884
2025-01-02 13:07:51,6.899452824840791
2025-01-02 13:07:52,6.5250724156850906
2025-01-02 13:07:53,6.931300597042619
2025-01-02 13:07:54,6.448087598154081
2025-01-02 13:07:55,7.146483434921523
2025-01-02 13:07:56,6.417296686537382
2025-01-02 13:07:57,6.663579365960947
2025-01-02 13:07:58,6.810831086014028
2025-01-02 13:07:59,6.413293755934973
2025-01-02 13:08:00,7.00455576860039
2025-01-02 13:08:01,6.851487682247026
2025-01-02 13:08:02,6.412109764473598
2025-01-02 13:08:03,7.1304918166070275
2025-01-02 13:08:04,6.403298904908251
2025-01-02 13:08:05,6.763774103475273
2025-01-02 13:08:06,7.25664930494477
2025-01-02 13:08:07,6.564079352078999
2025-01-02 13:08:08,5.962827750126892
2025-01-02 13:08:09,6.158142277234487
2025-01-02 13:08:10,6.986376866887064
2025-01-02 13:08:11,6.714867290819745
2025-01-02 13:08:12,6.75723967442045
2025-01-02 13:08:13,6.417525677205015
2025-01-02 13:08:14,5.996430617371457
2025-01-02 13:08:15,7.196867595475629
2025-01-02 13:08:16,6.805770598087681
2025-01-02 13:08:17,6.5720040511627165
2025-01-02 13:08:18,6.89334198650964
2025-01-02 13:08:19,6.8187348690072085
2025-01-02 13:08:20,5.872623600763417
2025-01-02 13:08:21,6.359586791890077
2025-01-02 13:08:22,6.770335133086649
2025-01-02 13:08:23,6.770408721682834
2025-01-02 13:08:24,6.659775563403028
2025-01-02 13:08:25,6.652390884058674
2025-01-02 13:08:26,6.814178164855174
2025-01-02 13:08:27,6.0331964490151115
2025-01-02 13:08:28,7.058935920127923
2025-01-02 13:08:29,6.766342163624191
2025-01-02 13:08:30,7.068704637253471
2025-01-02 13:08:31,7.0848542411525415
2025-01-02 13:08:32,6.980203228040057
2025-01-02 13:08:33,6.843345342655293
2025-01-02 13:08:34,6.881255075023184
2025-01-02 13:08:35,6.832536863704934
2025-01-02 13:08:36,6.6029694252279185
2025-01-02 13:08:37,6.511319393160276
2025-01-02 13:08:38,6.430116239423765
2025-01-02 13:08:39,6.389538173469246
2025-01-02 13:08:40,6.6957487327417935
2025-01-02 13:08:41,6.542239761511858
2025-01-02 13:08:42,5.9984385484423015
2025-01-02 13:08:43,6.781604665610153
2025-01-02 13:08:44,7.024390062907239
2025-01-02 13:08:45,6.449912457108522
2025-01-02 13:08:46,6.4818560120798905
2025-01-02 13:08:47,6.435255366848045
2025-01-02 13:08:48,7.20298587767944
2025-01-02 13:08:49,6.660971641960792
2025-01-02 13:08:50,6.724598376915282
2025-01-02 13:08:51,6.81700859463248
2025-01-02 13:08:52,7.274272346698009
2025-01-02 13:08:53,6.671013574567542
2025-01-02 13:08:54,6.883847709346573
2025-01-02 13:08:55,6.123791825308438
2025-01-02 13:08:56,6.664305407842244
2025-01-02 13:08:57,7.370789245990042
2025-01-02 13:08:58,6.8029502133120205
2025-01-02 13:08:59,6.646034002188922
2025-01-02 13:09:00,6.723133886093646
2025-01-02 13:09:01,6.323304626196537
2025-01-02 13:09:02,6.199183668019217
2025-01-02 13:09:03,6.572340499712575
2025-01-02 13:09:04,6.992040023441614
2025-01-02 13:09:05,5.912374263249244
2025-01-02 13:09:06,6.819533585438375
2025-01-02 13:09:07,7.083404938456229
2025-01-02 13:09:08,6.5672531353839805
2025-01-02 13:09:09,6.57187080305384
2025-01-02 13:09:10,6.4869135806203975
2025-01-02 13:09:11,6.742378920001586
2025-01-02 13:09:12,6.475199400302975
2025-01-02 13:09:13,6.747838168924378
2025-01-02 13:09:14,7.318870650617226
2025-01-02 13:09:15,5.965567904502583
2025-01-02 13:09:16,6.686486486599567
2025-01-02 13:09:17,6.481911885440687
2025-01-02 13:09:18,6.251560176818824
2025-01-02 13:09:19,6.49385492394298
2025-01-02 13:09:20,6.037919617853927
2025-01-02 13:09:21,6.501229006165637
2025-01-02 13:09:22,6.478769608001042
2025-01-02 13:09:23,6.576635127123615
2025-01-02 13:09:24,7.058462324057826
2025-01-02 13:09:25,7.252929278862064
2025-01-02 13:09:26,6.747794447612748
2025-01-02 13:09:27,6.170255472742102
2025-01-02 13:09:28,6.512497286090994
2025-01-02 13:09:29,6.572579584304524
2025-01-02 13:09:30,6.790680300042665
2025-01-02 13:09:31,6.872556572926718
2025-01-02 13:09:32,6.508248704996048
2025-01-02 13:09:33,6.42489092174385
2025-01-02 13:09:34,6.904776499085151
2025-01-02 13:09:35,6.366368521742894
2025-01-02 13:09:36,6.397867114594263
2025-01-02 13:09:37,6.93885906745498
2025-01-02 13:09:38,6.375847371236491
2025-01-02 13:09:39,5.942803812842973
2025-01-02 13:09:40,6.568139480312089
2025-01-02 13:09:41,6.247664302697971
2025-01-02 13:09:42,6.588381963117764
2025-01-02 13:09:43,6.1186805597732965
2025-01-02 13:09:44,6.525941613590388
2025-01-02 13:09:45,6.119644835769791
2025-01-02 13:09:46,6.625821565917802
2025-01-02 13:09:47,6.301088604109532
2025-01-02 13:09:48,6.552174258066767
2025-01-02 13:09:49,6.386711599721495
2025-01-02 13:09:50,6.751081439262371
2025-01-02 13:09:51,6.658116154480033
2025-01-02 13:09:52,6.176790047804953
2025-01-02 13:09:53,6.634342396764302
2025-01-02 13:09:54,6.190636877792161
2025-01-02 13:09:55,6.470420702041512
2025-01-02 13:09:56,6.210050159965345
2025-01-02 13:09:57,6.830084965989938
2025-01-02 13:09:58,6.913220577829807
2025-01-02 13:09:59,6.164321490376955
2025-01-02 13:10:00,5.925513071798873
2025-01-02 13:10:01,6.368940516349491
2025-01-02 13:10:02,6.205196472775601
2025-01-02 13:10:03,6.293025033323931
2025-01-02 13:10:04,6.231118833152833
2025-01-02 13:10:05,7.272686181831331
2025-01-02 13:10:06,6.873082420688386
2025-01-02 13:10:07,6.925088576102265
2025-01-02 13:10:08,5.927869683222593
2025-01-02 13:10:09,7.035789955060882
2025-01-02 13:10:10,6.627726255589838
2025-01-02 13:10:11,6.434769787219453
2025-01-02 13:10:12,6.4050794396100095
2025-01-02 13:10:13,6.201160338056402
2025-01-02 13:10:14,6.420869797701177
2025-01-02 13:10:15,
2025-01-02 13:10:16,6.129940708634635
2025-01-02 13:10:17,6.71292106441486
2025-01-02 13:10:18,6.643927136570372
2025-01-02 13:10:19,6.766650509516712
2025-01-02 13:10:20,6.739727384930783
2025-01-02 13:10:21,5.913303309534447
2025-01-02 13:10:22,6.724418921748204
2025-01-02 13:10:23,6.102496173063784
2025-01-02 13:10:24,6.5141778759113915
2025-01-02 13:10:25,7.0696399701803205
2025-01-02 13:10:26,6.932930455591539
2025-01-02 13:10:27,6.3001659444359825
2025-01-02 13:10:28,6.617775276055159
2025-01-02 13:10:29,6.478032302333511
2025-01-02 13:10:30,7.0795406516838915
2025-01-02 13:10:31,6.2918281447546995
2025-01-02 13:10:32,5.920101957885313
2025-01-02 13:10:33,
2025-01-02 13:10:34,6.872983558929629
2025-01-02 13:10:35,6.600181922888693
2025-01-02 13:10:36,6.028137769470643
2025-01-02 13:10:37,5.976257764403024
2025-01-02 13:10:38,7.0008989722987645
2025-01-02 13:10:39,6.178930252776837
2025-01-02 13:10:40,6.7380990065488655
2025-01-02 13:10:41,6.153723782531773
2025-01-02 13:10:42,6.811237526679028
2025-01-02 13:10:43,6.273693818287971
2025-01-02 13:10:44,6.4726749590160075
2025-01-02 13:10:45,6.4804936085401845
2025-01-02 13:10:46,6.530866615920481
2025-01-02 13:10:47,6.286302726580264
2025-01-02 13:10:48,6.874806721220196
2025-01-02 13:10:49,6.404789099276793
2025-01-02 13:10:50,6.747451477393037
2025-01-02 13:10:51,6.724973881824029
2025-01-02 13:10:52,6.165097625549031
2025-01-02 13:10:53,6.816922506086868
2025-01-02 13:10:54,6.6425069330604485
2025-01-02 13:10:55,6.856660093371673
2025-01-02 13:10:56,6.596468962087238
2025-01-02 13:10:57,6.952435983746756
2025-01-02 13:10:58,6.554592587124707
2025-01-02 13:10:59,6.606149200237591
2025-01-02 13:11:00,7.091784563672386
2025-01-02 13:11:01,6.268802167620874
2025-01-02 13:11:02,7.0052523497006
2025-01-02 13:11:03,6.529636708971785
2025-01-02 13:11:04,6.687980056329985
2025-01-02 13:11:05,6.8673498557864985
2025-01-02 13:11:06,6.474764999857708
2025-01-02 13:11:07,6.484012178412768
2025-01-02 13:11:08,6.57463362185763
2025-01-02 13:11:09,6.086325301846032
2025-01-02 13:11:10,7.298965817608898
2025-01-02 13:11:11,6.893271420393463
2025-01-02 13:11:12,6.3765783193200445
2025-01-02 13:11:13,6.566722761715244
2025-01-02 13:11:14,5.781521185766033
2025-01-02 13:11:15,6.413766974387976
2025-01-02 13:11:16,6.233313226088169
2025-01-02 13:11:17,6.588858382560497
2025-01-02 13:11:18,6.187130248055441
2025-01-02 13:11:19,6.899317271647978
2025-01-02 13:11:20,6.78510681995243
2025-01-02 13:11:21,6.200470183953606
2025-01-02 13:11:22,6.576078015621959
2025-01-02 13:11:23,6.488333710736803
2025-01-02 13:11:24,6.379532592086258
2025-01-02 13:11:25,6.766845057948422
2025-01-02 13:11:26,6.30271003781324
2025-01-02 13:11:27,6.761071555979932
2025-01-02 13:11:28,6.596742803113932
2025-01-02 13:11:29,7.041113523691636
2025-01-02 13:11:30,6.719583838596175
2025-01-02 13:11:31,5.986413371089312
2025-01-02 13:11:32,6.565867934928516
2025-01-02 13:11:33,6.705959756965391
2025-01-02 13:11:34,6.601530077553835
2025-01-02 13:11:35,6.4180972636740945
2025-01-02 13:11:36,6.427412766100302
2025-01-02 13:11:37,6.878047840105647
2025-01-02 13:11:38,6.400731897992546
2025-01-02 13:11:39,6.919189216100232
2025-01-02 13:11:40,6.371690233836574
2025-01-02 13:11:41,6.614474061487012
2025-01-02 13:11:42,6.198622209839573
2025-01-02 13:11:43,6.8528255939779035
2025-01-02 13:11:44,6.266674276623929
2025-01-02 13:11:45,6.359366916981551
2025-01-02 13:11:46,6.888805531134923
2025-01-02 13:11:47,6.949566909004028
2025-01-02 13:11:48,6.2702476200620465
2025-01-02 13:11:49,7.096346104524099
2025-01-02 13:11:50,7.188980706132373
2025-01-02 13:11:51,6.680867949514737
2025-01-02 13:11:52,6.618379341981189
2025-01-02 13:11:53,6.43215701176482
2025-01-02 13:11:54,6.13782701957104
2025-01-02 13:11:55,6.46792932827183
2025-01-02 13:11:56,
2025-01-02 13:11:57,6.718415614580513
2025-01-02 13:11:58,6.9937936165144965
2025-01-02 13:11:59,6.285821194781949
2025-01-02 13:12:00,6.0387893148995655
2025-01-02 13:12:01,6.176715914668712
2025-01-02 13:12:02,6.811075568987864
2025-01-02 13:12:03,6.676407203585744
2025-01-02 13:12:04,6.012275887523963
2025-01-02 13:12:05,6.562728031235742
2025-01-02 13:12:06,6.467922109280343
2025-01-02 13:12:07,6.556358394712733
2025-01-02 13:12:08,6.1536042595183655
2025-01-02 13:12:09,6.6048762247419
2025-01-02 13:12:10,6.771177652389312
2025-01-02 13:12:11,6.674122903647882
2025-01-02 13:12:12,6.165263873853902
2025-01-02 13:12:13,6.827091109836631
2025-01-02 13:12:14,6.620496459625342
2025-01-02 13:12:15,6.662641938860385
2025-01-02 13:12:16,6.003580465407171
2025-01-02 13:12:17,6.798248974699017
2025-01-02 13:12:18,6.592537805883277
2025-01-02 13:12:19,7.0029459365376265
2025-01-02 13:12:20,6.949244891094431
2025-01-02 13:12:21,6.396718965342423
2025-01-02 13:12:22,6.3959579754877405
2025-01-02 13:12:23,6.2588450887980684
2025-01-02 13:12:24,6.899249228898664
2025-01-02 13:12:25,6.481016131829206
2025-01-02 13:12:26,6.471272193197958
2025-01-02 13:12:27,6.832835820771837
2025-01-02 13:12:28,6.188714578002719
2025-01-02 13:12:29,6.457605901387544
2025-01-02 13:12:30,5.977783301307793
2025-01-02 13:12:31,6.716221585693613
2025-01-02 13:12:32,5.987313863864934
2025-01-02 13:12:33,6.774190143218133
2025-01-02 13:12:34,6.079062021860325
2025-01-02 13:12:35,6.714949972825327
2025-01-02 13:12:36,5.972409952763413
2025-01-02 13:12:37,6.444916983137642
2025-01-02 13:12:38,6.179473632276995
2025-01-02 13:12:39,6.483786729526278
2025-01-02 13:12:40,6.304813870929765
2025-01-02 13:12:41,6.075796917851369
2025-01-02 13:12:42,6.196548635434698
2025-01-02 13:12:43,6.980378410855964
2025-01-02 13:12:44,6.782026944335317
2025-01-02 13:12:45,6.1128796176648645
2025-01-02 13:12:46,6.821611361665826
2025-01-02 13:12:47,6.368208620894011
2025-01-02 13:12:48,6.242144854570485
2025-01-02 13:12:49,6.414732029945009
2025-01-02 13:12:50,6.551552010122758
2025-01-02 13:12:51,6.570397728137528
2025-01-02 13:12:52,6.753327737199409
2025-01-02 13:12:53,6.839144056029496
2025-01-02 13:12:54,6.407089336026725
2025-01-02 13:12:55,7.176990890939102
2025-01-02 13:12:56,6.031806181068386
2025-01-02 13:12:57,6.712675109168418
2025-01-02 13:12:58,6.190602431449482
2025-01-02 13:12:59,6.053523257654104
2025-01-02 13:13:00,6.574137201834349
2025-01-02 13:13:01,5.949823748618597
2025-01-02 13:13:02,6.2781113784004425
2025-01-02 13:13:03,6.731015619540951
2025-01-02 13:13:04,6.488610221025422
2025-01-02 13:13:05,6.4170882071245146
2025-01-02 13:13:06,6.5981219718090705
2025-01-02 13:13:07,6.468939903556967
2025-01-02 13:13:08,6.612882641168927
2025-01-02 13:13:09,6.487857910543703
2025-01-02 13:13:10,6.638141552683268
2025-01-02 13:13:11,6.515514266114992
2025-01-02 13:13:12,6.938182609824659
2025-01-02 13:13:13,
2025-01-02 13:13:14,6.221179766457889
2025-01-02 13:13:15,6.2984902490812615
2025-01-02 13:13:16,6.660828037436823
2025-01-02 13:13:17,6.3729970519668955
2025-01-02 13:13:18,6.434340086985398
2025-01-02 13:13:19,6.15810841362368
2025-01-02 13:13:20,6.4472634506064095
2025-01-02 13:13:21,6.49908323427615
2025-01-02 13:13:22,7.036026888559111
2025-01-02 13:13:23,6.678210585345263
2025-01-02 13:13:24,6.744968182599417
2025-01-02 13:13:25,6.267488721969006
2025-01-02 13:13:26,5.934749477908757
2025-01-02 13:13:27,6.39027296313192
2025-01-02 13:13:28,6.567292716516944
2025-01-02 13:13:29,6.576036060752017
2025-01-02 13:13:30,6.925455414750625
2025-01-02 13:13:31,6.82192784055805
2025-01-02 13:13:32,6.808980453177367
2025-01-02 13:13:33,
2025-01-02 13:13:34,7.0064302376506316
2025-01-02 13:13:35,6.243413304159937
2025-01-02 13:13:36,7.356993139797702
2025-01-02 13:13:37,6.413542990663606
2025-01-02 13:13:38,6.528328869495591
2025-01-02 13:13:39,6.1538656368987885
2025-01-02 13:13:40,6.317082252919949
2025-01-02 13:13:41,6.821663432869853
2025-01-02 13:13:42,6.525586804516528
2025-01-02 13:13:43,6.6973581548509475
2025-01-02 13:13:44,6.74882588700239
2025-01-02 13:13:45,6.406477705176327
2025-01-02 13:13:46,6.112202686150977
2025-01-02 13:13:47,6.366169852644636
2025-01-02 13:13:48,6.539489274283918
2025-01-02 13:13:49,6.847761768241449
2025-01-02 13:13:50,6.707562812424382
2025-01-02 13:13:51,6.59652168894382
2025-01-02 13:13:52,6.516023096496938
2025-01-02 13:13:53,6.005005977205473
2025-01-02 13:13:54,6.243126367008023
2025-01-02 13:13:55,6.383293028896263
2025-01-02 13:13:56,6.725098915244372
2025-01-02 13:13:57,6.827875841329417
2025-01-02 13:13:58,6.270670798546806
2025-01-02 13:13:59,6.909514002066792
2025-01-02 13:14:00,6.316542101400526
2025-01-02 13:14:01,6.55815602389236
2025-01-02 13:14:02,6.42349459349434
2025-01-02 13:14:03,6.696439718980477
2025-01-02 13:14:04,6.1724725724436995
2025-01-02 13:14:05,6.747213103499785
2025-01-02 13:14:06,6.64887259119098
2025-01-02 13:14:07,6.009414698456707
2025-01-02 13:14:08,6.327210732001648
2025-01-02 13:14:09,6.515230633542493
2025-01-02 13:14:10,6.497777174894031
2025-01-02 13:14:11,6.380999942393002
2025-01-02 13:14:12,6.69817426256946
2025-01-02 13:14:13,6.697979249492313
2025-01-02 13:14:14,6.38706111724852
2025-01-02 13:14:15,6.286088551130924
2025-01-02 13:14:16,6.5021521366210875
2025-01-02 13:14:17,6.20385683326392
2025-01-02 13:14:18,6.562534464612155
2025-01-02 13:14:19,7.293696249219298
2025-01-02 13:14:20,6.232968632007262
2025-01-02 13:14:21,6.554200969888034
2025-01-02 13:14:22,6.502061953563938
2025-01-02 13:14:23,5.9648466732124445
2025-01-02 13:14:24,6.482516981386857
2025-01-02 13:14:25,6.072896896847812
2025-01-02 13:14:26,6.820687957039524
2025-01-02 13:14:27,6.565369883725326
2025-01-02 13:14:28,6.551590937532933
2025-01-02 13:14:29,6.813535583122192
2025-01-02 13:14:30,6.434958275289695
2025-01-02 13:14:31,6.131918176552615
2025-01-02 13:14:32,6.5213040638873565
2025-01-02 13:14:33,6.92057772637553
2025-01-02 13:14:34,6.508761947444143
2025-01-02 13:14:35,6.5799834092989835
2025-01-02 13:14:36,6.325518067009022
2025-01-02 13:14:37,6.322638889637827
2025-01-02 13:14:38,7.2225646402224895
2025-01-02 13:14:39,6.39875943422118
2025-01-02 13:14:40,6.755399704957709
2025-01-02 13:14:41,6.350849193287054
2025-01-02 13:14:42,
2025-01-02 13:14:43,6.794758960716124
2025-01-02 13:14:44,6.476198212840009
2025-01-02 13:14:45,6.176593968165555
2025-01-02 13:14:46,6.21000110588822
2025-01-02 13:14:47,6.243920762163972
2025-01-02 13:14:48,6.64391482871908
2025-01-02 13:14:49,6.99506991556561
2025-01-02 13:14:50,6.918074744752528
2025-01-02 13:14:51,6.399581484653085
2025-01-02 13:14:52,6.541577695278345
2025-01-02 13:14:53,6.710597910123981
2025-01-02 13:14:54,6.730732163903764
2025-01-02 13:14:55,6.384037783487758
2025-01-02 13:14:56,7.482246636192757
2025-01-02 13:14:57,6.387040384399888
2025-01-02 13:14:58,6.117249467213064
2025-01-02 13:14:59,6.39899663129649
2025-01-02 13:15:00,6.725875890460598
2025-01-02 13:15:01,6.493700965610312
2025-01-02 13:15:02,6.334878816126196
2025-01-02 13:15:03,6.2194094030147475
2025-01-02 13:15:04,6.926644060517293
2025-01-02 13:15:05,6.673391389493881
2025-01-02 13:15:06,6.882619916058476
2025-01-02 13:15:07,6.967775788334861
2025-01-02 13:15:08,6.321527465535515
2025-01-02 13:15:09,6.287297537401549
2025-01-02 13:15:10,6.517917168550627
2025-01-02 13:15:11,6.343240642252133
2025-01-02 13:15:12,7.045845515391574
2025-01-02 13:15:13,6.095734156970099
2025-01-02 13:15:14,6.405083375885595
2025-01-02 13:15:15,6.32694477061694
2025-01-02 13:15:16,6.428743275256416
2025-01-02 13:15:17,6.3087399906576005
2025-01-02 13:15:18,6.098936639530581
2025-01-02 13:15:19,6.61134181422109
2025-01-02 13:15:20,6.469245290852713
2025-01-02 13:15:21,6.561722340613782
2025-01-02 13:15:22,6.022058651917507
2025-01-02 13:15:23,6.385191393709713
2025-01-02 13:15:24,6.592115427359719
2025-01-02 13:15:25,6.289023482554646
2025-01-02 13:15:26,6.5052896081716325
2025-01-02 13:15:27,6.612861968735762
2025-01-02 13:15:28,6.108024661565392
2025-01-02 13:15:29,6.515760532135473
2025-01-02 13:15:30,6.163187213334302
2025-01-02 13:15:31,6.8328558155867025
2025-01-02 13:15:32,6.8600125221050545
2025-01-02 13:15:33,6.426953167039883
2025-01-02 13:15:34,6.525826119717627
2025-01-02 13:15:35,6.592526800431084
2025-01-02 13:15:36,6.963404171115308
2025-01-02 13:15:37,6.701682469534744
2025-01-02 13:15:38,6.740979726991585
2025-01-02 13:15:39,6.445118115869457
2025-01-02 13:15:40,6.9899031699075405
2025-01-02 13:15:41,6.892336591002133
2025-01-02 13:15:42,7.006705366530999
2025-01-02 13:15:43,6.398618451945843
2025-01-02 13:15:44,6.517278238202698
2025-01-02 13:15:45,6.482440504790329
2025-01-02 13:15:46,6.769883885081002
2025-01-02 13:15:47,6.78324453770927
2025-01-02 13:15:48,6.239848597561994
2025-01-02 13:15:49,6.588824900295503
2025-01-02 13:15:50,6.223785518691443
2025-01-02 13:15:51,6.5508292174646074
2025-01-02 13:15:52,6.257653228207932
2025-01-02 13:15:53,5.965468442104209
2025-01-02 13:15:54,5.857249550128532
2025-01-02 13:15:55,6.730957349710302
2025-01-02 13:15:56,6.671175017100911
2025-01-02 13:15:57,6.874983060245638
2025-01-02 13:15:58,6.414900920853178
2025-01-02 13:15:59,6.275242012165302
2025-01-02 13:16:00,6.844243207175333
2025-01-02 13:16:01,6.358770648654133
2025-01-02 13:16:02,6.576302094644162
2025-01-02 13:16:03,6.816876653326387
2025-01-02 13:16:04,6.4606195916239555
2025-01-02 13:16:05,6.88424580340901
2025-01-02 13:16:06,6.595989726276341
2025-01-02 13:16:07,6.571296075603554
2025-01-02 13:16:08,6.721939914960468
2025-01-02 13:16:09,
2025-01-02 13:16:10,7.05743238517465
2025-01-02 13:16:11,6.927788225256168
2025-01-02 13:16:12,6.626226267382627
2025-01-02 13:16:13,6.3678200590540435
2025-01-02 13:16:14,6.42007327848681
2025-01-02 13:16:15,6.269277840889291
2025-01-02 13:16:16,6.589810159917912
2025-01-02 13:16:17,6.617121286967282
2025-01-02 13:16:18,6.787441258314291
2025-01-02 13:16:19,6.578995033794716
2025-01-02 13:16:20,6.451400506924076
2025-01-02 13:16:21,6.365337685786121
2025-01-02 13:16:22,6.975020125037757
2025-01-02 13:16:23,7.067005740048687
2025-01-02 13:16:24,6.178205222971506
2025-01-02 13:16:25,6.8715750243288545
2025-01-02 13:16:26,7.288074939594707
2025-01-02 13:16:27,7.32094920901934
2025-01-02 13:16:28,6.673987946985987
2025-01-02 13:16:29,6.4917395466404635
2025-01-02 13:16:30,6.251666645790442
2025-01-02 13:16:31,6.4356460025147015
2025-01-02 13:16:32,6.805215270611863
2025-01-02 13:16:33,6.689628654066889
2025-01-02 13:16:34,6.754491839806512
2025-01-02 13:16:35,6.571195745374571
2025-01-02 13:16:36,6.292605982110772
2025-01-02 13:16:37,6.807435174877135
2025-01-02 13:16:38,6.620561597702125
2025-01-02 13:16:39,6.57120268967296
2025-01-02 13:16:40,6.817315265291192
2025-01-02 13:16:41,6.799701233311379
2025-01-02 13:16:42,6.725819493944924
2025-01-02 13:16:43,7.142378461435312
2025-01-02 13:16:44,6.589052017602261
2025-01-02 13:16:45,6.535701505356917
2025-01-02 13:16:46,6.645120969311748
2025-01-02 13:16:47,6.576210134717144
2025-01-02 13:16:48,6.644666966934719
2025-01-02 13:16:49,6.412526251592515
2025-01-02 13:16:50,6.385287248346568
2025-01-02 13:16:51,6.800673496134217
2025-01-02 13:16:52,6.738561094340367
2025-01-02 13:16:53,6.960896637060848
2025-01-02 13:16:54,6.497614105613546
2025-01-02 13:16:55,6.900921167847035
2025-01-02 13:16:56,6.791593735424343
2025-01-02 13:16:57,6.588490746084509
2025-01-02 13:16:58,6.4399686312479485
2025-01-02 13:16:59,6.431219271169604
2025-01-02 13:17:00,6.4969921075313515
2025-01-02 13:17:01,6.236027406861101
2025-01-02 13:17:02,6.614395618086891
2025-01-02 13:17:03,6.9910529929786325
2025-01-02 13:17:04,6.8457920885953145
2025-01-02 13:17:05,6.568242220138425
2025-01-02 13:17:06,6.226607175177962
2025-01-02 13:17:07,6.022082996773129
2025-01-02 13:17:08,6.721954654496258
2025-01-02 13:17:09,7.205411759199432
2025-01-02 13:17:10,6.790868467595886
2025-01-02 13:17:11,7.207229954065147
2025-01-02 13:17:12,6.780308163867147
2025-01-02 13:17:13,6.862000552863361
2025-01-02 13:17:14,6.911384535998536
2025-01-02 13:17:15,6.223142815152226
2025-01-02 13:17:16,6.74582418246884
2025-01-02 13:17:17,5.8369059293118895
2025-01-02 13:17:18,6.080113665332398
2025-01-02 13:17:19,6.6146911116729825
2025-01-02 13:17:20,7.0159432820465
2025-01-02 13:17:21,6.63753234097395
2025-01-02 13:17:22,6.576877351135118
2025-01-02 13:17:23,6.26302359723046
2025-01-02 13:17:24,6.6575585844911025
2025-01-02 13:17:25,6.7289257045018145
2025-01-02 13:17:26,6.438625737633978
2025-01-02 13:17:27,6.298686134771732
2025-01-02 13:17:28,6.621149552307351
2025-01-02 13:17:29,6.637921704098185
2025-01-02 13:17:30,6.500780615183651
2025-01-02 13:17:31,6.384892557401739
2025-01-02 13:17:32,6.801103592286043
2025-01-02 13:17:33,6.001133469400253
2025-01-02 13:17:34,6.925453383807293
2025-01-02 13:17:35,6.428352768477651
2025-01-02 13:17:36,6.45604936801644
2025-01-02 13:17:37,6.631682159160433
2025-01-02 13:17:38,7.097374375652837
2025-01-02 13:17:39,6.700022092447421
2025-01-02 13:17:40,6.430972958578063
2025-01-02 13:17:41,6.864269949332414
2025-01-02 13:17:42,6.402351178253757
2025-01-02 13:17:43,6.60774127023287
2025-01-02 13:17:44,6.33602704110728
2025-01-02 13:17:45,6.52742662495497
2025-01-02 13:17:46,6.586477991028748
2025-01-02 13:17:47,7.022457617155337
2025-01-02 13:17:48,6.9285823305369325
2025-01-02 13:17:49,6.608401527280768
2025-01-02 13:17:50,6.130427460776785
2025-01-02 13:17:51,6.159470181696229
2025-01-02 13:17:52,6.437921646315583
2025-01-02 13:17:53,
2025-01-02 13:17:54,6.902528499297354
2025-01-02 13:17:55,6.419068992755532
2025-01-02 13:17:56,6.398216607462857
2025-01-02 13:17:57,6.566054774155259
2025-01-02 13:17:58,6.175943532194553
2025-01-02 13:17:59,6.594822638044557
2025-01-02 13:18:00,6.080852048567036
2025-01-02 13:18:01,7.044516656385419
2025-01-02 13:18:02,6.302015250053923
2025-01-02 13:18:03,6.779263962348426
2025-01-02 13:18:04,6.199124177297529
2025-01-02 13:18:05,6.629740585336673
2025-01-02 13:18:06,6.436854673944875
2025-01-02 13:18:07,6.555865454619523
2025-01-02 13:18:08,5.8866016864214625
2025-01-02 13:18:09,6.131396151650346
2025-01-02 13:18:10,6.339999826842014
2025-01-02 13:18:11,6.66289279131237
2025-01-02 13:18:12,6.299235192088408
2025-01-02 13:18:13,6.415655986671258
2025-01-02 13:18:14,6.43267895369552
2025-01-02 13:18:15,6.809440572490439
2025-01-02 13:18:16,5.721571215438658
2025-01-02 13:18:17,6.586859284945367
2025-01-02 13:18:18,6.193603991872449
2025-01-02 13:18:19,6.511195099339271
2025-01-02 13:18:20,6.975761141703867
2025-01-02 13:18:21,6.638346351958382
2025-01-02 13:18:22,6.190665508943565
2025-01-02 13:18:23,7.037131612095861
2025-01-02 13:18:24,6.406320567034279
2025-01-02 13:18:25,7.232834624688012
2025-01-02 13:18:26,7.095073550817771
2025-01-02 13:18:27,6.5684225569917345
2025-01-02 13:18:28,6.379010670156737
2025-01-02 13:18:29,6.689246328203351
2025-01-02 13:18:30,6.770056958326312
2025-01-02 13:18:31,6.25317587798184
2025-01-02 13:18:32,6.714595072418407
2025-01-02 13:18:33,6.740361753598677
2025-01-02 13:18:34,6.4199820800759335
2025-01-02 13:18:35,6.622946271109081
2025-01-02 13:18:36,6.491196251970744
2025-01-02 13:18:37,6.320519965915744
2025-01-02 13:18:38,6.213000541819715
2025-01-02 13:18:39,6.477117726455779
2025-01-02 13:18:40,6.77159577007605
2025-01-02 13:18:41,6.670802270017558
2025-01-02 13:18:42,7.249832842062179
2025-01-02 13:18:43,6.708901720244425
2025-01-02 13:18:44,7.022037954109567
2025-01-02 13:18:45,6.458229653542198
2025-01-02 13:18:46,6.473867322815639
2025-01-02 13:18:47,6.606603143564127
2025-01-02 13:18:48,6.764878398414995
2025-01-02 13:18:49,7.3071779530561605
2025-01-02 13:18:50,6.738493980620347
2025-01-02 13:18:51,6.827509260776122
2025-01-02 13:18:52,6.919135560421063
2025-01-02 13:18:53,6.075943060910829
2025-01-02 13:18:54,6.832447249109246
2025-01-02 13:18:55,6.581701894774152
2025-01-02 13:18:56,6.245869482820345
2025-01-02 13:18:57,6.407835150928448
2025-01-02 13:18:58,6.352129037296888
2025-01-02 13:18:59,6.383581127594262
2025-01-02 13:19:00,6.461169411804171
2025-01-02 13:19:01,6.2861353567775025
2025-01-02 13:19:02,5.984413535305205
2025-01-02 13:19:03,7.299608049798327
2025-01-02 13:19:04,7.020748029384454
2025-01-02 13:19:05,6.62939071165991
2025-01-02 13:19:06,6.551694704213572
2025-01-02 13:19:07,6.447129979974847
2025-01-02 13:19:08,6.360850265267182
2025-01-02 13:19:09,6.4553301306864785
2025-01-02 13:19:10,6.791111183386784
2025-01-02 13:19:11,6.358121902183793
2025-01-02 13:19:12,6.30467354090536
2025-01-02 13:19:13,6.691853833957643
2025-01-02 13:19:14,6.948587970938243
2025-01-02 13:19:15,6.700621265635879
2025-01-02 13:19:16,6.5645275455250145
2025-01-02 13:19:17,6.854173384042795
2025-01-02 13:19:18,6.140099725780679
2025-01-02 13:19:19,6.5965605232045785
2025-01-02 13:19:20,6.847160064683649
2025-01-02 13:19:21,6.498323189533961
2025-01-02 13:19:22,5.975776003363817
2025-01-02 13:19:23,5.93321667827297
2025-01-02 13:19:24,6.582459666485248
2025-01-02 13:19:25,6.424714061170523
2025-01-02 13:19:26,6.202633711199867
2025-01-02 13:19:27,6.351355002186783
2025-01-02 13:19:28,6.181817096711974
2025-01-02 13:19:29,6.5670389475073225
2025-01-02 13:19:30,6.758241478044167
2025-01-02 13:19:31,5.793707969399855
2025-01-02 13:19:32,6.443658514761453
2025-01-02 13:19:33,6.511587994799363
2025-01-02 13:19:34,6.663662890330869
2025-01-02 13:19:35,6.310835948825713
2025-01-02 13:19:36,6.491776443657604
2025-01-02 13:19:37,6.340103659029149
2025-01-02 13:19:38,6.448436217191559
2025-01-02 13:19:39,6.703124976284647
2025-01-02 13:19:40,6.695342415543076
2025-01-02 13:19:41,6.2214591030158255
2025-01-02 13:19:42,6.515791267459503
2025-01-02 13:19:43,6.8717768027544155
2025-01-02 13:19:44,6.136430080456929
2025-01-02 13:19:45,6.667378942343012
2025-01-02 13:19:46,6.463932642750342
2025-01-02 13:19:47,6.277749410592422
2025-01-02 13:19:48,6.654156315127771
2025-01-02 13:19:49,6.551353972874986
2025-01-02 13:19:50,6.272541105120936
2025-01-02 13:19:51,5.514402596942552
2025-01-02 13:19:52,6.3259893947802155
2025-01-02 13:19:53,6.329348056626529
2025-01-02 13:19:54,6.706604960168025
2025-01-02 13:19:55,6.2564715874535235
2025-01-02 13:19:56,6.483770424052025
2025-01-02 13:19:57,6.882681173496025
2025-01-02 13:19:58,6.559652031774818
2025-01-02 13:19:59,6.168517890718455
2025-01-02 13:20:00,6.909391400314756
2025-01-02 13:20:01,7.186703771246654
2025-01-02 13:20:02,6.442858224703273
2025-01-02 13:20:03,6.920458953125267
2025-01-02 13:20:04,6.066781660058176
2025-01-02 13:20:05,6.028361797433292
2025-01-02 13:20:06,6.604224525733249
2025-01-02 13:20:07,6.013535276389363
2025-01-02 13:20:08,6.664000304152172
2025-01-02 13:20:09,6.71341755497214
2025-01-02 13:20:10,6.321934419571113
2025-01-02 13:20:11,6.684259350643691
2025-01-02 13:20:12,7.065388624688182
2025-01-02 13:20:13,6.639047945095402
2025-01-02 13:20:14,5.953769787083496
2025-01-02 13:20:15,6.483667233169783
2025-01-02 13:20:16,6.344865862224554
2025-01-02 13:20:17,6.697731849358553
2025-01-02 13:20:18,6.915373158773022
2025-01-02 13:20:19,6.3750553108571815
2025-01-02 13:20:20,6.26132916621754
2025-01-02 13:20:21,6.565633547382529
2025-01-02 13:20:22,6.437026187529961
2025-01-02 13:20:23,6.813647270677561
2025-01-02 13:20:24,6.6547721097866654
2025-01-02 13:20:25,6.4323223658193
2025-01-02 13:20:26,6.502960346520493
2025-01-02 13:20:27,6.5528205048999
2025-01-02 13:20:28,6.458943127853208
2025-01-02 13:20:29,7.127971275544519
2025-01-02 13:20:30,6.444426615670998
2025-01-02 13:20:31,6.643376337288833
2025-01-02 13:20:32,6.319785375247051
2025-01-02 13:20:33,7.222071464044962
2025-01-02 13:20:34,6.370352868729729
2025-01-02 13:20:35,6.380105765975078
2025-01-02 13:20:36,6.42364129094985
2025-01-02 13:20:37,6.249676581435235
2025-01-02 13:20:38,6.772525301948354
2025-01-02 13:20:39,6.644768448611857
2025-01-02 13:20:40,6.291045718618064
2025-01-02 13:20:41,6.79279696491774
2025-01-02 13:20:42,6.065817037191288
2025-01-02 13:20:43,6.201732712877432
2025-01-02 13:20:44,5.969645248544715
2025-01-02 13:20:45,7.025317582101031
2025-01-02 13:20:46,6.749801064556223
2025-01-02 13:20:47,6.502637181338296
2025-01-02 13:20:48,6.041582832087509
2025-01-02 13:20:49,6.4183562975766675
2025-01-02 13:20:50,6.3619914431120845
2025-01-02 13:20:51,6.08109709716039
2025-01-02 13:20:52,6.402256052647674
2025-01-02 13:20:53,6.440521703325131
2025-01-02 13:20:54,6.489689467503292
2025-01-02 13:20:55,6.546205272818163
2025-01-02 13:20:56,6.9854557255939325
2025-01-02 13:20:57,6.009889641905462
2025-01-02 13:20:58,6.441891220739548
2025-01-02 13:20:59,6.206597062872361
2025-01-02 13:21:00,7.114033013726421
2025-01-02 13:21:01,6.477162830486724
2025-01-02 13:21:02,6.674296933688659
2025-01-02 13:21:03,6.8019039176673735
2025-01-02 13:21:04,6.34972212419452
2025-01-02 13:21:05,6.842413018023848
2025-01-02 13:21:06,5.8112962768521905
2025-01-02 13:21:07,6.412793852447864
2025-01-02 13:21:08,6.005062588422911
2025-01-02 13:21:09,6.623782469508823
2025-01-02 13:21:10,
2025-01-02 13:21:11,6.330954031503281
2025-01-02 13:21:12,6.4160536369040155
2025-01-02 13:21:13,5.649992044075081
2025-01-02 13:21:14,6.47500832607462
2025-01-02 13:21:15,6.416637912404756
2025-01-02 13:21:16,6.110852392001135
2025-01-02 13:21:17,6.63782734183105
2025-01-02 13:21:18,6.14756891175178
2025-01-02 13:21:19,6.185507670363998
2025-01-02 13:21:20,6.118678411628266
2025-01-02 13:21:21,6.778399216612065
2025-01-02 13:21:22,6.69862641913535
2025-01-02 13:21:23,6.903249379734813
2025-01-02 13:21:24,6.56673840568121
2025-01-02 13:21:25,6.608491221529145
2025-01-02 13:21:26,6.381943429228016
2025-01-02 13:21:27,6.457878804885971
2025-01-02 13:21:28,6.7089306162331095
2025-01-02 13:21:29,6.440701297945328
2025-01-02 13:21:30,6.94639658479362
2025-01-02 13:21:31,7.190325874830242
2025-01-02 13:21:32,6.3079066164744635
2025-01-02 13:21:33,6.421989341464933
2025-01-02 13:21:34,6.6710820043699535
2025-01-02 13:21:35,6.416525443696
2025-01-02 13:21:36,6.29000435554462
2025-01-02 13:21:37,6.556725460658476
2025-01-02 13:21:38,6.394209995861261
2025-01-02 13:21:39,7.171480959914551
2025-01-02 13:21:40,6.383332545516362
2025-01-02 13:21:41,7.129112947687946
2025-01-02 13:21:42,6.71753835787677
2025-01-02 13:21:43,6.692702066520734
2025-01-02 13:21:44,6.6537285451924975
2025-01-02 13:21:45,6.040786611541863
2025-01-02 13:21:46,6.312661373567674
2025-01-02 13:21:47,7.125153753430483
2025-01-02 13:21:48,6.1510373266946505
2025-01-02 13:21:49,6.719478346404887
2025-01-02 13:21:50,6.3436518940142905
2025-01-02 13:21:51,6.596600704585508
2025-01-02 13:21:52,6.428672222934063
2025-01-02 13:21:53,6.743104417829207
2025-01-02 13:21:54,7.053341738719664
2025-01-02 13:21:55,6.770985689477836
2025-01-02 13:21:56,6.386805774427648
2025-01-02 13:21:57,6.4345970537253
2025-01-02 13:21:58,6.153752700805691
2025-01-02 13:21:59,
2025-01-02 13:22:00,6.4417752112785704
2025-01-02 13:22:01,6.456750396050972
2025-01-02 13:22:02,6.372895671872018
2025-01-02 13:22:03,6.082385430032232
2025-01-02 13:22:04,6.579035198658986
2025-01-02 13:22:05,6.631673674685665
2025-01-02 13:22:06,6.785037313192888
2025-01-02 13:22:07,6.484379452184736
2025-01-02 13:22:08,6.245632634942842
2025-01-02 13:22:09,6.684271643941945
2025-01-02 13:22:10,6.702009437067275
2025-01-02 13:22:11,6.492547962843784
2025-01-02 13:22:12,6.593090059294345
2025-01-02 13:22:13,6.616766205534249
2025-01-02 13:22:14,6.398488381904144
2025-01-02 13:22:15,6.502840299590093
2025-01-02 13:22:16,6.721539901174221
2025-01-02 13:22:17,6.2123514627880265
2025-01-02 13:22:18,6.828691208339013
2025-01-02 13:22:19,7.1716004819542825
2025-01-02 13:22:20,6.187343285374831
2025-01-02 13:22:21,6.549290708609962
2025-01-02 13:22:22,6.413924948479343
2025-01-02 13:22:23,6.739285525372514
2025-01-02 13:22:24,6.743779155129903
2025-01-02 13:22:25,6.3497114020256324
2025-01-02 13:22:26,6.197061579603455
2025-01-02 13:22:27,6.417480235637708
2025-01-02 13:22:28,6.543907162627232
2025-01-02 13:22:29,6.960693227400406
2025-01-02 13:22:30,6.36436066030328
2025-01-02 13:22:31,6.4549878034118455
2025-01-02 13:22:32,6.530744738722978
2025-01-02 13:22:33,6.370878070919857
2025-01-02 13:22:34,6.523654916962831
2025-01-02 13:22:35,6.257509712820835
2025-01-02 13:22:36,6.668089268333142
2025-01-02 13:22:37,6.494797957073559
2025-01-02 13:22:38,6.3394546957873334
2025-01-02 13:22:39,6.11808047874713
2025-01-02 13:22:40,6.7920202970746795
2025-01-02 13:22:41,6.155095791270196
2025-01-02 13:22:42,6.327245263982456
2025-01-02 13:22:43,6.34795067787673
2025-01-02 13:22:44,6.820823473301221
2025-01-02 13:22:45,6.791731248292142
2025-01-02 13:22:46,6.302357146736077
2025-01-02 13:22:47,6.076908936774562
2025-01-02 13:22:48,6.275187012389681
2025-01-02 13:22:49,6.820045611569553
2025-01-02 13:22:50,6.289233735703224
2025-01-02 13:22:51,6.282737567152618
2025-01-02 13:22:52,6.9661468087389915
2025-01-02 13:22:53,6.441385114136517
2025-01-02 13:22:54,6.115634741438241
2025-01-02 13:22:55,6.565895049892934
2025-01-02 13:22:56,6.901668829579708
2025-01-02 13:22:57,6.405008396051088
2025-01-02 13:22:58,6.020871414363769
2025-01-02 13:22:59,6.38409989598929
2025-01-02 13:23:00,6.518301148212175
2025-01-02 13:23:01,6.260960609950123
2025-01-02 13:23:02,6.336603467989866
2025-01-02 13:23:03,6.549581555012801
2025-01-02 13:23:04,6.739059081344535
2025-01-02 13:23:05,6.632612292552932
2025-01-02 13:23:06,6.797431629757384
2025-01-02 13:23:07,6.242604293251702
2025-01-02 13:23:08,6.228939590834234
2025-01-02 13:23:09,6.86644548350051
2025-01-02 13:23:10,7.013792592598144
2025-01-02 13:23:11,5.864657553352503
2025-01-02 13:23:12,6.7116197433651195
2025-01-02 13:23:13,6.678575521609821
2025-01-02 13:23:14,6.6073994344929705
2025-01-02 13:23:15,7.1839596516308895
2025-01-02 13:23:16,6.759335679492369
2025-01-02 13:23:17,6.505553107939556
2025-01-02 13:23:18,6.607672806272169
2025-01-02 13:23:19,6.546284358867656
2025-01-02 13:23:20,6.748814958046575
2025-01-02 13:23:21,6.666596057130043
2025-01-02 13:23:22,6.061430472409126
2025-01-02 13:23:23,6.240930948458902
2025-01-02 13:23:24,6.694577763928323
2025-01-02 13:23:25,6.465969472111134
2025-01-02 13:23:26,6.292579643455922
2025-01-02 13:23:27,6.690501959150771
2025-01-02 13:23:28,6.572089499881188
2025-01-02 13:23:29,6.762783184608953
2025-01-02 13:23:30,6.235063668326405
2025-01-02 13:23:31,6.426766844911915
2025-01-02 13:23:32,6.624216417999303
2025-01-02 13:23:33,6.501716807554205
2025-01-02 13:23:34,6.4504757555682435
2025-01-02 13:23:35,6.856856055476637
2025-01-02 13:23:36,6.315944379329535
2025-01-02 13:23:37,6.727487846209442
2025-01-02 13:23:38,6.623428781563646
2025-01-02 13:23:39,6.405410284834562
2025-01-02 13:23:40,6.463772069037022
2025-01-02 13:23:41,6.7168535648532695
2025-01-02 13:23:42,6.1791388553265145
2025-01-02 13:23:43,7.033101410439132
2025-01-02 13:23:44,6.226828087604289
2025-01-02 13:23:45,6.969127050743412
2025-01-02 13:23:46,7.05213692346426
2025-01-02 13:23:47,6.314904303122736
2025-01-02 13:23:48,6.44515444242833
2025-01-02 13:23:49,6.642966566966052
2025-01-02 13:23:50,6.6830828927135615
2025-01-02 13:23:51,5.436800039068369
2025-01-02 13:23:52,7.077244216607016
2025-01-02 13:23:53,6.47267740559383
2025-01-02 13:23:54,6.140033377021148
2025-01-02 13:23:55,6.800166198296498
2025-01-02 13:23:56,6.2687936522238585
2025-01-02 13:23:57,6.242516005092037
2025-01-02 13:23:58,6.347212051340921
2025-01-02 13:23:59,6.566890682199332
2025-01-02 13:24:00,6.494717837723605
2025-01-02 13:24:01,6.433196011492854
2025-01-02 13:24:02,6.358874087727083
2025-01-02 13:24:03,6.73776043966307
2025-01-02 13:24:04,6.300760506180798
2025-01-02 13:24:05,
2025-01-02 13:24:06,6.44806013307095
2025-01-02 13:24:07,6.61949521486037
2025-01-02 13:24:08,6.463103185748566
2025-01-02 13:24:09,6.847252304855423
2025-01-02 13:24:10,6.643343537012062
2025-01-02 13:24:11,6.326461117613597
2025-01-02 13:24:12,7.062900545767035
2025-01-02 13:24:13,6.901302861876224
2025-01-02 13:24:14,6.3758957887700545
2025-01-02 13:24:15,6.422044350114232
2025-01-02 13:24:16,6.483699857609881
2025-01-02 13:24:17,6.732898894015964
2025-01-02 13:24:18,6.208588524876912
2025-01-02 13:24:19,6.195318578809612
2025-01-02 13:24:20,6.815548687781125
2025-01-02 13:24:21,7.018575794661679
2025-01-02 13:24:22,6.502773302236622
2025-01-02 13:24:23,6.605724311455173
2025-01-02 13:24:24,6.91662617922491
2025-01-02 13:24:25,6.390151709541151
2025-01-02 13:24:26,6.360040513835492
2025-01-02 13:24:27,6.509746221365343
2025-01-02 13:24:28,7.050171962131249
2025-01-02 13:24:29,6.708498276538269
2025-01-02 13:24:30,6.541634841556721
2025-01-02 13:24:31,6.546458389895298
2025-01-02 13:24:32,6.830754613272883
2025-01-02 13:24:33,7.0915367266156135
2025-01-02 13:24:34,6.833420212359797
2025-01-02 13:24:35,7.11278436470599
2025-01-02 13:24:36,6.655999946894186
2025-01-02 13:24:37,6.084082318389074
2025-01-02 13:24:38,6.669537708940016
2025-01-02 13:24:39,6.72385157209717
2025-01-02 13:24:40,6.296724884100646
2025-01-02 13:24:41,6.1838870260956655
2025-01-02 13:24:42,6.428150868665573
2025-01-02 13:24:43,6.477956465087796
2025-01-02 13:24:44,6.830790275215948
2025-01-02 13:24:45,6.720073845981721
2025-01-02 13:24:46,5.643830169856822
2025-01-02 13:24:47,6.095196526072091
2025-01-02 13:24:48,6.846090515492133
2025-01-02 13:24:49,6.083476644752314
2025-01-02 13:24:50,6.651019070659706
2025-01-02 13:24:51,6.835182850569457
2025-01-02 13:24:52,6.635327098420381
2025-01-02 13:24:53,6.309176211168078
2025-01-02 13:24:54,6.9810429724028324
2025-01-02 13:24:55,6.095798393058893
2025-01-02 13:24:56,6.958770667323011
2025-01-02 13:24:57,6.585661483251329
2025-01-02 13:24:58,6.653800221607719
2025-01-02 13:24:59,6.20114214461959
2025-01-02 13:25:00,6.995090272497657
2025-01-02 13:25:01,7.255262834900927
2025-01-02 13:25:02,6.865929954851943
2025-01-02 13:25:03,6.1385519580632
2025-01-02 13:25:04,6.046944800112036
2025-01-02 13:25:05,6.468333648135306
2025-01-02 13:25:06,6.262786718046128
2025-01-02 13:25:07,6.662235701037816
2025-01-02 13:25:08,6.61636373805387
2025-01-02 13:25:09,6.604262956758864
2025-01-02 13:25:10,7.22825336411238
2025-01-02 13:25:11,6.959894612159802
2025-01-02 13:25:12,
2025-01-02 13:25:13,5.895716762174033
2025-01-02 13:25:14,6.2633060320018
2025-01-02 13:25:15,6.381811185155116
2025-01-02 13:25:16,6.739368007021658
2025-01-02 13:25:17,6.521601189932377
2025-01-02 13:25:18,6.410482433773842
2025-01-02 13:25:19,6.372849975304639
2025-01-02 13:25:20,6.758447610905791
2025-01-02 13:25:21,6.867917302469444
2025-01-02 13:25:22,6.6257160419397305
2025-01-02 13:25:23,7.028286531627461
2025-01-02 13:25:24,6.466640183598901
2025-01-02 13:25:25,6.3670161969863015
2025-01-02 13:25:26,6.691848623845386
2025-01-02 13:25:27,6.495007243567568
2025-01-02 13:25:28,6.666661037050378
2025-01-02 13:25:29,6.317517147644621
2025-01-02 13:25:30,6.97181228405664
2025-01-02 13:25:31,6.375817252115274
2025-01-02 13:25:32,6.031697747712503
2025-01-02 13:25:33,6.496438638673869
2025-01-02 13:25:34,6.7496606568621065
2025-01-02 13:25:35,6.686598280383073
2025-01-02 13:25:36,6.466963334956801
2025-01-02 13:25:37,6.254838282101082
2025-01-02 13:25:38,6.43997123193695
2025-01-02 13:25:39,6.567837038796251
2025-01-02 13:25:40,6.358286738099923
2025-01-02 13:25:41,6.686314235888397
2025-01-02 13:25:42,6.443765927415942
2025-01-02 13:25:43,6.617064124911539
2025-01-02 13:25:44,6.404740280095617
2025-01-02 13:25:45,6.477421361365759
2025-01-02 13:25:46,6.172464171625024
2025-01-02 13:25:47,6.653031054691011
2025-01-02 13:25:48,7.08130057321874
2025-01-02 13:25:49,6.321520127185495
2025-01-02 13:25:50,6.238497824119117
2025-01-02 13:25:51,6.173182798112453
2025-01-02 13:25:52,6.352805647821681
2025-01-02 13:25:53,5.863597501305349
2025-01-02 13:25:54,6.262548072162902
2025-01-02 13:25:55,6.977326496400105
2025-01-02 13:25:56,6.621849580429194
2025-01-02 13:25:57,6.905588528831334
2025-01-02 13:25:58,6.64485768645987
2025-01-02 13:25:59,6.7242179688540205
2025-01-02 13:26:00,6.313415959850754
2025-01-02 13:26:01,6.717509193309323
2025-01-02 13:26:02,6.868757914732419
2025-01-02 13:26:03,7.033271171718024
2025-01-02 13:26:04,6.961322150353664
2025-01-02 13:26:05,6.1193475808419775
2025-01-02 13:26:06,6.220653823611237
2025-01-02 13:26:07,6.395329074447643
2025-01-02 13:26:08,6.770289502354144
2025-01-02 13:26:09,6.9744007618623725
2025-01-02 13:26:10,6.668125405423565
2025-01-02 13:26:11,6.756306802005987
2025-01-02 13:26:12,6.651481752631038
2025-01-02 13:26:13,6.591058809706827
2025-01-02 13:26:14,6.431984214649022
2025-01-02 13:26:15,6.625166552312921
2025-01-02 13:26:16,6.3698396347476
2025-01-02 13:26:17,6.900903023320926
2025-01-02 13:26:18,5.659283404593776
2025-01-02 13:26:19,6.4500479662444175
2025-01-02 13:26:20,6.942858128236911
2025-01-02 13:26:21,6.655317082584949
2025-01-02 13:26:22,6.264304969883834
2025-01-02 13:26:23,6.0121878493038095
2025-01-02 13:26:24,6.606385003066859
2025-01-02 13:26:25,6.27546759887507
2025-01-02 13:26:26,6.8175668453914495
2025-01-02 13:26:27,6.464080367898078
2025-01-02 13:26:28,6.936997922287505
2025-01-02 13:26:29,5.616605842713654
2025-01-02 13:26:30,6.586532279181902
2025-01-02 13:26:31,6.380766303022734
2025-01-02 13:26:32,6.966595803539474
2025-01-02 13:26:33,6.105524121143848
2025-01-02 13:26:34,6.424177903208284
2025-01-02 13:26:35,
2025-01-02 13:26:36,6.5843207642363115
2025-01-02 13:26:37,6.059816325722947
2025-01-02 13:26:38,5.94122750056677
2025-01-02 13:26:39,6.068008145916331
2025-01-02 13:26:40,6.343850307881857
2025-01-02 13:26:41,6.269317920288163
2025-01-02 13:26:42,6.9392338303522525
2025-01-02 13:26:43,6.647548938305955
2025-01-02 13:26:44,6.46763922971126
2025-01-02 13:26:45,6.094271280730137
2025-01-02 13:26:46,6.705436136695702
2025-01-02 13:26:47,5.949107317574394
2025-01-02 13:26:48,6.443656332576595
2025-01-02 13:26:49,6.04894091806381
2025-01-02 13:26:50,6.4003486655175115
2025-01-02 13:26:51,6.354425273466328
2025-01-02 13:26:52,6.120478582128809
2025-01-02 13:26:53,6.604800901442629
2025-01-02 13:26:54,6.502895975810484
2025-01-02 13:26:55,6.4589640308436795
2025-01-02 13:26:56,6.438763935119744
2025-01-02 13:26:57,6.598984645144565
2025-01-02 13:26:58,6.142299472488348
2025-01-02 13:26:59,6.168844525634942
2025-01-02 13:27:00,6.784345436646422
2025-01-02 13:27:01,6.591334936409557
2025-01-02 13:27:02,6.348813205550826
2025-01-02 13:27:03,6.4856103660128435
2025-01-02 13:27:04,6.361724389096952
2025-01-02 13:27:05,6.815618970879176
2025-01-02 13:27:06,6.609968829725227
2025-01-02 13:27:07,6.656640475516104
2025-01-02 13:27:08,6.784353570060691
2025-01-02 13:27:09,6.448634427936023
2025-01-02 13:27:10,6.03391017901501
2025-01-02 13:27:11,6.189544783692217
2025-01-02 13:27:12,7.23750852778455
2025-01-02 13:27:13,6.525036516568516
2025-01-02 13:27:14,6.7056956838232225
2025-01-02 13:27:15,6.0912029105486765
2025-01-02 13:27:16,6.257361246252698
2025-01-02 13:27:17,6.8343827033227615
2025-01-02 13:27:18,6.382665713431351
2025-01-02 13:27:19,6.6860387000852235
2025-01-02 13:27:20,6.414982636851373
2025-01-02 13:27:21,6.4323623657464495
2025-01-02 13:27:22,7.198763543133603
2025-01-02 13:27:23,6.714522889276662
2025-01-02 13:27:24,6.208633087115659
2025-01-02 13:27:25,6.430738437626507
2025-01-02 13:27:26,6.777445750274136
2025-01-02 13:27:27,6.609609191446596
2025-01-02 13:27:28,6.456742348405548
2025-01-02 13:27:29,6.566284493663971
2025-01-02 13:27:30,6.45656455713911
2025-01-02 13:27:31,6.778158572982777
2025-01-02 13:27:32,6.311186501455358
2025-01-02 13:27:33,6.099645295328779
2025-01-02 13:27:34,6.585468689470045
2025-01-02 13:27:35,6.3213884567986325
2025-01-02 13:27:36,6.073172767109674
2025-01-02 13:27:37,7.188514236183213
2025-01-02 13:27:38,5.795828343390013
2025-01-02 13:27:39,
2025-01-02 13:27:40,6.825548898048496
2025-01-02 13:27:41,6.8061480867666475
2025-01-02 13:27:42,6.703151213424027
2025-01-02 13:27:43,6.729120111287228
2025-01-02 13:27:44,6.476288592482864
2025-01-02 13:27:45,6.211180751674507
2025-01-02 13:27:46,6.116696529984565
2025-01-02 13:27:47,6.792630465593671
2025-01-02 13:27:48,6.4750882507554355
2025-01-02 13:27:49,6.605635420596434
2025-01-02 13:27:50,6.440778845941932
2025-01-02 13:27:51,6.4151283084866515
2025-01-02 13:27:52,6.613567540263031
2025-01-02 13:27:53,6.011827607791907
2025-01-02 13:27:54,6.326180928249516
2025-01-02 13:27:55,6.549261092323255
2025-01-02 13:27:56,6.994734322641699
2025-01-02 13:27:57,6.865159467565814
2025-01-02 13:27:58,6.4505519234843245
2025-01-02 13:27:59,6.703635171623658
2025-01-02 13:28:00,6.771369057528317
2025-01-02 13:28:01,6.2611510971793205
2025-01-02 13:28:02,6.612444622632896
2025-01-02 13:28:03,6.36391081430855
2025-01-02 13:28:04,6.39931163740167
2025-01-02 13:28:05,6.250181298414774
2025-01-02 13:28:06,5.952465705430147
2025-01-02 13:28:07,6.3392905103821855
2025-01-02 13:28:08,6.324478790225408
2025-01-02 13:28:09,6.523741519348458
2025-01-02 13:28:10,6.482676236810233
2025-01-02 13:28:11,6.32718470726387
2025-01-02 13:28:12,6.864569136524923
2025-01-02 13:28:13,6.65214600367483
2025-01-02 13:28:14,6.124232640465969
2025-01-02 13:28:15,6.5738611869041055
2025-01-02 13:28:16,6.559297606952475
2025-01-02 13:28:17,6.865423976765118
2025-01-02 13:28:18,6.309854411850071
2025-01-02 13:28:19,6.866200513374243
2025-01-02 13:28:20,6.000389208181515
2025-01-02 13:28:21,7.2718976124679005
2025-01-02 13:28:22,5.892701512751302
2025-01-02 13:28:23,6.340941475250462
2025-01-02 13:28:24,6.420261101833819
2025-01-02 13:28:25,6.518014869209983
2025-01-02 13:28:26,6.641640885097939
2025-01-02 13:28:27,6.39063600143707
2025-01-02 13:28:28,6.214747166165047
2025-01-02 13:28:29,6.347200542811889
2025-01-02 13:28:30,6.449109829978535
2025-01-02 13:28:31,6.585987411835945
2025-01-02 13:28:32,6.242558306324962
2025-01-02 13:28:33,6.408427648929196
2025-01-02 13:28:34,6.20891033966746
2025-01-02 13:28:35,6.528535343485572
2025-01-02 13:28:36,6.527469287178481
2025-01-02 13:28:37,6.367135179871862
2025-01-02 13:28:38,6.544690071881539
2025-01-02 13:28:39,7.111059169706834
2025-01-02 13:28:40,6.487201874076088
2025-01-02 13:28:41,6.558847472249594
2025-01-02 13:28:42,6.357563333231076
2025-01-02 13:28:43,6.762592976364484
2025-01-02 13:28:44,6.748388700775421
2025-01-02 13:28:45,6.343890504452861
2025-01-02 13:28:46,6.660177176492271
2025-01-02 13:28:47,6.608825911585658
2025-01-02 13:28:48,6.017838872015155
2025-01-02 13:28:49,6.346168558294829
2025-01-02 13:28:50,6.267284376811869
2025-01-02 13:28:51,6.088356441841441
2025-01-02 13:28:52,6.330751803208403
2025-01-02 13:28:53,6.3137322203976645
2025-01-02 13:28:54,6.577525441376208
2025-01-02 13:28:55,6.757852470055506
2025-01-02 13:28:56,6.446400427147437
2025-01-02 13:28:57,6.915139648832454
2025-01-02 13:28:58,6.417330475167686
2025-01-02 13:28:59,6.008508281562272
2025-01-02 13:29:00,6.63064978095459
2025-01-02 13:29:01,6.190365605753782
2025-01-02 13:29:02,6.242109660202112
2025-01-02 13:29:03,6.578229979604762
2025-01-02 13:29:04,6.823605557708921
2025-01-02 13:29:05,6.132331355215345
2025-01-02 13:29:06,6.702275701314114
2025-01-02 13:29:07,6.566801048970044
2025-01-02 13:29:08,6.885621885467257
2025-01-02 13:29:09,6.987992279483577
2025-01-02 13:29:10,6.331040093650136
2025-01-02 13:29:11,6.898196227601951
2025-01-02 13:29:12,6.328308829120698
2025-01-02 13:29:13,6.116735968844207
2025-01-02 13:29:14,6.258773094395909
2025-01-02 13:29:15,6.67895405875257
2025-01-02 13:29:16,6.476435534109674
2025-01-02 13:29:17,6.4633842844436
2025-01-02 13:29:18,6.180739421280362
2025-01-02 13:29:19,7.07610286469551
2025-01-02 13:29:20,6.743343632318018
2025-01-02 13:29:21,6.620776454569723
2025-01-02 13:29:22,6.8007159193360005
2025-01-02 13:29:23,6.354833545633143
2025-01-02 13:29:24,7.130716873358849
2025-01-02 13:29:25,6.683534201595998
2025-01-02 13:29:26,6.407381366558075
2025-01-02 13:29:27,6.36410388281413
2025-01-02 13:29:28,6.4596784265638805
2025-01-02 13:29:29,6.8036840027750385
2025-01-02 13:29:30,6.829041229739605
2025-01-02 13:29:31,6.734969354837725
2025-01-02 13:29:32,6.128444540878902
2025-01-02 13:29:33,7.31483633832012
2025-01-02 13:29:34,6.735742005521408
2025-01-02 13:29:35,6.173316015887937
2025-01-02 13:29:36,6.847891014143338
2025-01-02 13:29:37,6.838581164105541
2025-01-02 13:29:38,6.272510792894648
2025-01-02 13:29:39,6.2323139657610485
2025-01-02 13:29:40,6.278746840531052
2025-01-02 13:29:41,6.057166774993029
2025-01-02 13:29:42,6.6481144370800695
2025-01-02 13:29:43,6.679088026177615
2025-01-02 13:29:44,6.714006115596685
2025-01-02 13:29:45,5.74438596849999
2025-01-02 13:29:46,6.760312913238316
2025-01-02 13:29:47,6.140011999865955
2025-01-02 13:29:48,6.359971528975743
2025-01-02 13:29:49,6.527581087904405
2025-01-02 13:29:50,6.127324244728246
2025-01-02 13:29:51,6.72984150102422
2025-01-02 13:29:52,6.537185072610847
2025-01-02 13:29:53,6.806336659039097
2025-01-02 13:29:54,6.511874434296497
2025-01-02 13:29:55,6.6686261275820335
2025-01-02 13:29:56,6.364548646076525
2025-01-02 13:29:57,6.677791693772121
2025-01-02 13:29:58,6.60064909586283
2025-01-02 13:29:59,6.932098605295817
2025-01-02 13:30:00,6.603044890553076
2025-01-02 13:30:01,6.459061344719749
2025-01-02 13:30:02,6.503326909815625
2025-01-02 13:30:03,5.864898592104485
2025-01-02 13:30:04,6.243295675144035
2025-01-02 13:30:05,6.841214358319232
2025-01-02 13:30:06,6.636291514059879
2025-01-02 13:30:07,6.381069577595171
2025-01-02 13:30:08,6.614880673709068
2025-01-02 13:30:09,6.388430924675916
2025-01-02 13:30:10,6.6314701393117454
2025-01-02 13:30:11,6.218844351483726
2025-01-02 13:30:12,6.861423272881818
2025-01-02 13:30:13,6.527542953016955
2025-01-02 13:30:14,6.435342790914505
2025-01-02 13:30:15,6.569784121380366
2025-01-02 13:30:16,6.389008421953735
2025-01-02 13:30:17,6.7421406026032225
2025-01-02 13:30:18,6.892409901046886
2025-01-02 13:30:19,7.073563165629483
2025-01-02 13:30:20,6.460812898282161
2025-01-02 13:30:21,6.530102808243117
2025-01-02 13:30:22,6.666360125731738
2025-01-02 13:30:23,6.564692166218794
2025-01-02 13:30:24,7.190847837245157
2025-01-02 13:30:25,5.999596448283265
2025-01-02 13:30:26,6.597118631468987
2025-01-02 13:30:27,6.85943233326649
2025-01-02 13:30:28,6.1553098788409875
2025-01-02 13:30:29,6.772670576701104
2025-01-02 13:30:30,6.106214256680328
2025-01-02 13:30:31,6.985715445513369
2025-01-02 13:30:32,6.30362263962103
2025-01-02 13:30:33,6.867069057565066
2025-01-02 13:30:34,6.307689598655198
2025-01-02 13:30:35,6.732864850475551
2025-01-02 13:30:36,6.2620962750136675
2025-01-02 13:30:37,6.7329456042336835
2025-01-02 13:30:38,6.715439801937697
2025-01-02 13:30:39,7.152210401961791
2025-01-02 13:30:40,6.758784228300488
2025-01-02 13:30:41,6.408690589041533
2025-01-02 13:30:42,6.468357679747144
2025-01-02 13:30:43,6.372517046331085
2025-01-02 13:30:44,6.489336253657993
2025-01-02 13:30:45,6.396623281375219
2025-01-02 13:30:46,6.901789220744854
2025-01-02 13:30:47,6.608376645563069
2025-01-02 13:30:48,6.570040476634927
2025-01-02 13:30:49,6.104214061610962
2025-01-02 13:30:50,6.611327174160409
2025-01-02 13:30:51,6.022776597674979
2025-01-02 13:30:52,6.438702001544501
2025-01-02 13:30:53,6.6594967434826
2025-01-02 13:30:54,6.499728327867638
2025-01-02 13:30:55,6.475699626357417
2025-01-02 13:30:56,6.322220339894577
2025-01-02 13:30:57,6.5402094718961425
2025-01-02 13:30:58,6.5735473972583165
2025-01-02 13:30:59,6.1342469477519375
2025-01-02 13:31:00,5.8195517360034135
2025-01-02 13:31:01,6.943222962771181
2025-01-02 13:31:02,6.307439368537833
2025-01-02 13:31:03,6.187671680500752
2025-01-02 13:31:04,6.063074727009925
2025-01-02 13:31:05,6.4967561407713434
2025-01-02 13:31:06,6.165269883471771
2025-01-02 13:31:07,6.337431537228728
2025-01-02 13:31:08,7.1461590008116795
2025-01-02 13:31:09,6.625482819366619
2025-01-02 13:31:10,6.049775530158712
2025-01-02 13:31:11,6.399791497440255
2025-01-02 13:31:12,6.965364538097155
2025-01-02 13:31:13,6.792239949404891
2025-01-02 13:31:14,5.655932394735413
2025-01-02 13:31:15,6.40623518518706
2025-01-02 13:31:16,6.735223114423635
2025-01-02 13:31:17,5.710639523952645
2025-01-02 13:31:18,
2025-01-02 13:31:19,6.839250521843261
2025-01-02 13:31:20,6.122072757499485
2025-01-02 13:31:21,6.786437729091333
2025-01-02 13:31:22,6.303893733629803
2025-01-02 13:31:23,6.390356713834894
2025-01-02 13:31:24,6.638625299475004
2025-01-02 13:31:25,6.45121711307047
2025-01-02 13:31:26,6.348459733426228
2025-01-02 13:31:27,6.488059441986585
2025-01-02 13:31:28,6.49053300168752
2025-01-02 13:31:29,6.703053782889869
2025-01-02 13:31:30,6.567081867609221
2025-01-02 13:31:31,6.577698467847748
2025-01-02 13:31:32,6.725118364561732
2025-01-02 13:31:33,6.306952475617959
2025-01-02 13:31:34,6.288719872339639
2025-01-02 13:31:35,6.922160764429166
2025-01-02 13:31:36,6.0233763741671575
2025-01-02 13:31:37,6.369735539423486
2025-01-02 13:31:38,6.9769553747944135
2025-01-02 13:31:39,6.702399383614709
2025-01-02 13:31:40,6.784431783524087
2025-01-02 13:31:41,6.527675167722815
2025-01-02 13:31:42,6.049315557485937
2025-01-02 13:31:43,6.515497079070893
2025-01-02 13:31:44,6.459943148620707
2025-01-02 13:31:45,6.941881301267843
2025-01-02 13:31:46,6.563391107982662
2025-01-02 13:31:47,6.740380299759734
2025-01-02 13:31:48,6.416337449242334
2025-01-02 13:31:49,7.006442191366192
2025-01-02 13:31:50,6.207355326393638
2025-01-02 13:31:51,6.960442259117437
2025-01-02 13:31:52,5.854905139112336
2025-01-02 13:31:53,6.9375584517066
2025-01-02 13:31:54,6.7842272317698225
2025-01-02 13:31:55,6.348763589492281
2025-01-02 13:31:56,6.222564342095938
2025-01-02 13:31:57,6.4343732560478415
2025-01-02 13:31:58,6.630597259802349
2025-01-02 13:31:59,6.7513730745743255
2025-01-02 13:32:00,6.568658850945071
2025-01-02 13:32:01,6.117522676539423
2025-01-02 13:32:02,6.51980000453163
2025-01-02 13:32:03,6.541240605360365
2025-01-02 13:32:04,6.3345589597974525
2025-01-02 13:32:05,6.523965840034035
2025-01-02 13:32:06,6.39194794928287
2025-01-02 13:32:07,6.378516478943867
2025-01-02 13:32:08,6.544274248037469
2025-01-02 13:32:09,6.441845612183619
2025-01-02 13:32:10,6.421413758741549
2025-01-02 13:32:11,6.502910281800297
2025-01-02 13:32:12,6.694297482389392
2025-01-02 13:32:13,6.763005511095519
2025-01-02 13:32:14,6.873585985766494
2025-01-02 13:32:15,6.711689097468026
2025-01-02 13:32:16,6.753048977377583
2025-01-02 13:32:17,6.462737290093566
2025-01-02 13:32:18,6.3829110346403235
2025-01-02 13:32:19,5.8593341397667045
2025-01-02 13:32:20,6.253835622470421
2025-01-02 13:32:21,6.868521049768907
2025-01-02 13:32:22,6.4212912223701
2025-01-02 13:32:23,6.428570392580879
2025-01-02 13:32:24,6.026336153277918
2025-01-02 13:32:25,6.492215297213689
2025-01-02 13:32:26,6.331286197544712
2025-01-02 13:32:27,6.557195873069493
2025-01-02 13:32:28,6.159913645582969
2025-01-02 13:32:29,6.344668108763036
2025-01-02 13:32:30,6.431881380584804
2025-01-02 13:32:31,6.763620358052562
2025-01-02 13:32:32,6.3732918477969625
2025-01-02 13:32:33,6.874796735713165
2025-01-02 13:32:34,6.892295590385283
2025-01-02 13:32:35,6.397269714725998
2025-01-02 13:32:36,6.744782042016326
2025-01-02 13:32:37,6.971871997338646
2025-01-02 13:32:38,6.234754405865455
2025-01-02 13:32:39,6.78801532721314
2025-01-02 13:32:40,6.836893551313472
2025-01-02 13:32:41,6.279559461275561
2025-01-02 13:32:42,6.5614066108056175
2025-01-02 13:32:43,6.344171535390837
2025-01-02 13:32:44,6.452507852876542
2025-01-02 13:32:45,6.80967547131812
2025-01-02 13:32:46,6.308665153759036
2025-01-02 13:32:47,6.508178436678733
2025-01-02 13:32:48,6.035483526084915
2025-01-02 13:32:49,6.607901167443174
2025-01-02 13:32:50,6.303058495728774
2025-01-02 13:32:51,6.42204787193745
2025-01-02 13:32:52,6.765238494653055
2025-01-02 13:32:53,6.182598319163175
2025-01-02 13:32:54,6.6688373201841005
2025-01-02 13:32:55,
2025-01-02 13:32:56,6.581034109771874
2025-01-02 13:32:57,7.035052561150204
2025-01-02 13:32:58,6.0508457966683755
2025-01-02 13:32:59,6.648693906827947
2025-01-02 13:33:00,5.997872071931031
2025-01-02 13:33:01,6.7686189871554285
2025-01-02 13:33:02,6.294804451298451
2025-01-02 13:33:03,6.946385500800383
2025-01-02 13:33:04,6.314297495447287
2025-01-02 13:33:05,6.278674506963851
2025-01-02 13:33:06,6.845077775892048
2025-01-02 13:33:07,6.5237065946062405
2025-01-02 13:33:08,6.635819856903265
2025-01-02 13:33:09,6.35033736250722
2025-01-02 13:33:10,6.398488444578039
2025-01-02 13:33:11,6.778947022559709
2025-01-02 13:33:12,6.2097668143846905
2025-01-02 13:33:13,6.557210978768101
2025-01-02 13:33:14,6.229675360360672
2025-01-02 13:33:15,6.859549541930914
2025-01-02 13:33:16,6.63212696033788
2025-01-02 13:33:17,6.610273093964249
2025-01-02 13:33:18,6.438357663666023
2025-01-02 13:33:19,6.8057021442364
2025-01-02 13:33:20,7.138602849839826
2025-01-02 13:33:21,6.552989006865195
2025-01-02 13:33:22,6.72150320308868
2025-01-02 13:33:23,6.45050796972517
2025-01-02 13:33:24,6.947209544263277
2025-01-02 13:33:25,6.5981070328539415
2025-01-02 13:33:26,6.460961835504701
2025-01-02 13:33:27,6.188536667550281
2025-01-02 13:33:28,6.85074337322921
2025-01-02 13:33:29,6.605454835019969
2025-01-02 13:33:30,6.357332713165137
2025-01-02 13:33:31,6.463178647587358
2025-01-02 13:33:32,6.815345607526836
2025-01-02 13:33:33,6.722072475723714
2025-01-02 13:33:34,5.947464476041712
2025-01-02 13:33:35,6.495465845856427
2025-01-02 13:33:36,6.81527218990642
2025-01-02 13:33:37,6.9718430639757045
2025-01-02 13:33:38,6.496262590176045
2025-01-02 13:33:39,6.4029015195935735
2025-01-02 13:33:40,6.740001984238704
2025-01-02 13:33:41,6.875231488238917
2025-01-02 13:33:42,6.585038066177305
2025-01-02 13:33:43,6.935347382922934
2025-01-02 13:33:44,6.321151713960408
2025-01-02 13:33:45,6.372715742302636
2025-01-02 13:33:46,6.39166285857039
2025-01-02 13:33:47,6.793980588733397
2025-01-02 13:33:48,
2025-01-02 13:33:49,5.965999598186151
2025-01-02 13:33:50,5.847026224997861
2025-01-02 13:33:51,6.689434301657902
2025-01-02 13:33:52,6.738329551158344
2025-01-02 13:33:53,6.256663985530406
2025-01-02 13:33:54,6.7846548343077115
2025-01-02 13:33:55,6.723255294612716
2025-01-02 13:33:56,6.498488976675256
2025-01-02 13:33:57,6.748266044934219
2025-01-02 13:33:58,6.190518755153522
2025-01-02 13:33:59,6.587087394942881
2025-01-02 13:34:00,6.323464701808812
2025-01-02 13:34:01,6.207894517118553
2025-01-02 13:34:02,6.117249229662217
2025-01-02 13:34:03,6.867644478211545
2025-01-02 13:34:04,6.148367642383049
2025-01-02 13:34:05,6.934916545862915
2025-01-02 13:34:06,6.087382165092601
2025-01-02 13:34:07,6.231763538426224
2025-01-02 13:34:08,6.218749914093448
2025-01-02 13:34:09,7.014808957698356
2025-01-02 13:34:10,6.531648435448953
2025-01-02 13:34:11,6.12825074172122
2025-01-02 13:34:12,5.95920302408045
2025-01-02 13:34:13,6.772880011079453
2025-01-02 13:34:14,6.5528461293764835
2025-01-02 13:34:15,6.5253772536192916
2025-01-02 13:34:16,6.445363612498817
2025-01-02 13:34:17,6.107641632081416
2025-01-02 13:34:18,7.190571726167712
2025-01-02 13:34:19,6.749054713790004
2025-01-02 13:34:20,6.055245658775497
2025-01-02 13:34:21,6.50945369579117
2025-01-02 13:34:22,6.12303018159319
2025-01-02 13:34:23,5.951270112378266
2025-01-02 13:34:24,6.1540567907989185
2025-01-02 13:34:25,6.5174542168946275
2025-01-02 13:34:26,6.041564736587312
2025-01-02 13:34:27,6.3004393313015425
2025-01-02 13:34:28,6.238579083480218
2025-01-02 13:34:29,6.88787283447398
2025-01-02 13:34:30,6.556292214714522
2025-01-02 13:34:31,6.880338683460972
2025-01-02 13:34:32,6.082781185830306
2025-01-02 13:34:33,6.1239257305487
2025-01-02 13:34:34,6.5155272704905185
2025-01-02 13:34:35,5.992136819935312
2025-01-02 13:34:36,6.455504677401192
2025-01-02 13:34:37,6.651244094403772
2025-01-02 13:34:38,
2025-01-02 13:34:39,6.551634287343199
2025-01-02 13:34:40,6.551246996285763
2025-01-02 13:34:41,6.455057785037318
2025-01-02 13:34:42,6.5980478007005265
2025-01-02 13:34:43,7.005802683575013
2025-01-02 13:34:44,6.3880912995082095
2025-01-02 13:34:45,6.202179699616296
2025-01-02 13:34:46,6.3337783495645885
2025-01-02 13:34:47,6.361126262960751
2025-01-02 13:34:48,6.088979910512309
2025-01-02 13:34:49,6.634533726530034
2025-01-02 13:34:50,6.076951092350736
2025-01-02 13:34:51,6.272366806655517
2025-01-02 13:34:52,6.260135342806998
2025-01-02 13:34:53,6.272966320410557
2025-01-02 13:34:54,6.331264971663543
2025-01-02 13:34:55,6.787277888532374
2025-01-02 13:34:56,6.3860281307845375
2025-01-02 13:34:57,6.711992833384662
2025-01-02 13:34:58,6.050790039573076
2025-01-02 13:34:59,6.81218544564783
2025-01-02 13:35:00,5.954920708168123
2025-01-02 13:35:01,6.493318405523384
2025-01-02 13:35:02,6.0344657569077285
2025-01-02 13:35:03,6.232334631845744
2025-01-02 13:35:04,6.0385187984840885
2025-01-02 13:35:05,6.137455385114289
2025-01-02 13:35:06,7.34115179309587
2025-01-02 13:35:07,6.018722349089794
2025-01-02 13:35:08,6.345119569264639
2025-01-02 13:35:09,6.233073282636681
2025-01-02 13:35:10,6.7653964986400945
2025-01-02 13:35:11,6.7039949615841445
2025-01-02 13:35:12,6.9973355842722516
2025-01-02 13:35:13,6.313975569585387
2025-01-02 13:35:14,6.684870340751862
2025-01-02 13:35:15,6.4149594475435645
2025-01-02 13:35:16,6.352621459616594
2025-01-02 13:35:17,6.197211703377706
2025-01-02 13:35:18,6.837345013373261
2025-01-02 13:35:19,6.1884492364310155
2025-01-02 13:35:20,7.018024279798008
2025-01-02 13:35:21,6.4062083313340885
2025-01-02 13:35:22,6.309594379302314
2025-01-02 13:35:23,
2025-01-02 13:35:24,6.2792423012791785
2025-01-02 13:35:25,6.530800709107494
2025-01-02 13:35:26,6.8816602190341145
2025-01-02 13:35:27,6.524310058964163
2025-01-02 13:35:28,6.438821214753876
2025-01-02 13:35:29,6.422383185486633
2025-01-02 13:35:30,6.321728465747013
2025-01-02 13:35:31,6.311621321617598
2025-01-02 13:35:32,6.010523144404503
2025-01-02 13:35:33,6.131833241584008
2025-01-02 13:35:34,5.993606746219178
2025-01-02 13:35:35,6.2144435993614655
2025-01-02 13:35:36,6.669938732519579
2025-01-02 13:35:37,6.7697168705355315
2025-01-02 13:35:38,5.80254448150848
2025-01-02 13:35:39,6.3585538943226965
2025-01-02 13:35:40,6.270028480606446
2025-01-02 13:35:41,6.458055473643656
2025-01-02 13:35:42,6.86939001486342
2025-01-02 13:35:43,6.999764130772747
2025-01-02 13:35:44,6.51414222861233
2025-01-02 13:35:45,6.555653930950824
2025-01-02 13:35:46,6.712703093753961
2025-01-02 13:35:47,6.661058283339967
2025-01-02 13:35:48,6.195059735186656
2025-01-02 13:35:49,6.157222567954977
2025-01-02 13:35:50,6.474053796500869
2025-01-02 13:35:51,6.386049000709224
2025-01-02 13:35:52,6.6963924163003545
2025-01-02 13:35:53,6.729403659586975
2025-01-02 13:35:54,6.740130220268851
2025-01-02 13:35:55,6.005020587448509
2025-01-02 13:35:56,6.381869067718723
2025-01-02 13:35:57,6.451988093879415
2025-01-02 13:35:58,6.376731677417326
2025-01-02 13:35:59,6.781787154986429
2025-01-02 13:36:00,6.89500872219682
2025-01-02 13:36:01,6.220283311883946
2025-01-02 13:36:02,7.510582906993543
2025-01-02 13:36:03,6.034102776155777
2025-01-02 13:36:04,6.542117506267552
2025-01-02 13:36:05,6.700131642288114
2025-01-02 13:36:06,6.7881992535833975
2025-01-02 13:36:07,6.786351857967651
2025-01-02 13:36:08,6.348754928672841
2025-01-02 13:36:09,6.460494684814094
2025-01-02 13:36:10,5.727266835349327
2025-01-02 13:36:11,6.615442619210036
2025-01-02 13:36:12,6.475336824203913
2025-01-02 13:36:13,5.676907114000475
2025-01-02 13:36:14,6.628938419145396
2025-01-02 13:36:15,6.465823401877806
2025-01-02 13:36:16,6.348503044485634
2025-01-02 13:36:17,6.424417603846586
2025-01-02 13:36:18,6.3484259867727575
2025-01-02 13:36:19,6.860297145904406
2025-01-02 13:36:20,5.9534217570648424
2025-01-02 13:36:21,6.3017199012703085
2025-01-02 13:36:22,7.005728953356459
2025-01-02 13:36:23,6.563644003063552
2025-01-02 13:36:24,6.101487821267144
2025-01-02 13:36:25,6.368460160899108
2025-01-02 13:36:26,
2025-01-02 13:36:27,6.527535214264196
2025-01-02 13:36:28,6.53563567548393
2025-01-02 13:36:29,6.330542945423686
2025-01-02 13:36:30,6.325112646159423
2025-01-02 13:36:31,6.272066582883177
2025-01-02 13:36:32,6.308907309819811
2025-01-02 13:36:33,6.365235924073742
2025-01-02 13:36:34,6.906442779249121
2025-01-02 13:36:35,6.083607517039392
2025-01-02 13:36:36,6.497947990907659
2025-01-02 13:36:37,6.427854749911318
2025-01-02 13:36:38,6.766844541442879
2025-01-02 13:36:39,6.290382747397757
2025-01-02 13:36:40,6.211880038313031
2025-01-02 13:36:41,6.30817192642036
2025-01-02 13:36:42,6.697097891920393
2025-01-02 13:36:43,6.305368972346038
2025-01-02 13:36:44,6.07672804445534
2025-01-02 13:36:45,6.601456673795347
2025-01-02 13:36:46,6.46851735523684
2025-01-02 13:36:47,6.383317117330726
2025-01-02 13:36:48,6.557170089331086
2025-01-02 13:36:49,6.6709392166322825
2025-01-02 13:36:50,6.09140920911099
2025-01-02 13:36:51,6.743360343597422
2025-01-02 13:36:52,6.475251477699459
2025-01-02 13:36:53,5.913599830564722
2025-01-02 13:36:54,6.852834161043844
2025-01-02 13:36:55,6.346429951353416
2025-01-02 13:36:56,6.5374727437680304
2025-01-02 13:36:57,6.233109047303048
2025-01-02 13:36:58,6.215220030196916
2025-01-02 13:36:59,6.434214979979329
2025-01-02 13:37:00,6.524092199456414
2025-01-02 13:37:01,6.426549689269104
2025-01-02 13:37:02,6.523738825720452
2025-01-02 13:37:03,7.08317091916463
2025-01-02 13:37:04,6.74942806179513
2025-01-02 13:37:05,6.700735411347465
2025-01-02 13:37:06,6.794452430001799
2025-01-02 13:37:07,6.320095643898033
2025-01-02 13:37:08,6.698953953987304
2025-01-02 13:37:09,6.812892934556227
2025-01-02 13:37:10,6.293179096646385
2025-01-02 13:37:11,6.821636613629086
2025-01-02 13:37:12,6.526620893305477
2025-01-02 13:37:13,6.372724689947017
2025-01-02 13:37:14,6.229251767941169
2025-01-02 13:37:15,6.58864253344193
2025-01-02 13:37:16,6.901315078625681
2025-01-02 13:37:17,7.144465530052805
2025-01-02 13:37:18,6.112744536739479
2025-01-02 13:37:19,6.4205882953528794
2025-01-02 13:37:20,6.5963733956864505
2025-01-02 13:37:21,6.1620014653883945
2025-01-02 13:37:22,6.552959014123994
2025-01-02 13:37:23,6.285480769813665
2025-01-02 13:37:24,6.419434260282004
2025-01-02 13:37:25,6.486233956582151
2025-01-02 13:37:26,6.313528650756389
2025-01-02 13:37:27,
2025-01-02 13:37:28,6.282859223672686
2025-01-02 13:37:29,7.220716749053242
2025-01-02 13:37:30,6.417694119546506
2025-01-02 13:37:31,5.943897065230237
2025-01-02 13:37:32,6.4811208793629875
2025-01-02 13:37:33,6.517648211516627
2025-01-02 13:37:34,6.478061980617692
2025-01-02 13:37:35,6.007533791087279
2025-01-02 13:37:36,6.77022546087093
2025-01-02 13:37:37,6.3529056304450195
2025-01-02 13:37:38,6.531781326597311
2025-01-02 13:37:39,5.8474460105237265
2025-01-02 13:37:40,6.694481972245425
2025-01-02 13:37:41,6.367907851083682
2025-01-02 13:37:42,6.571885302993234
2025-01-02 13:37:43,6.328513832168963
2025-01-02 13:37:44,6.554232997663733
2025-01-02 13:37:45,6.068296045124183
2025-01-02 13:37:46,5.9419978066109005
2025-01-02 13:37:47,6.227649696277386
2025-01-02 13:37:48,6.330154825457286
2025-01-02 13:37:49,5.7293826659788145
2025-01-02 13:37:50,6.196310930483291
2025-01-02 13:37:51,6.3902179762375715
2025-01-02 13:37:52,6.156102869347292
2025-01-02 13:37:53,6.5786328207177105
2025-01-02 13:37:54,6.174890902279804
2025-01-02 13:37:55,6.376374613231256
2025-01-02 13:37:56,6.294897573432659
2025-01-02 13:37:57,6.5482375558941595
2025-01-02 13:37:58,6.708726003478775
2025-01-02 13:37:59,6.315636558763609
2025-01-02 13:38:00,6.671098612380516
2025-01-02 13:38:01,6.227254744516061
2025-01-02 13:38:02,6.67932949630722
2025-01-02 13:38:03,6.7959880758675455
2025-01-02 13:38:04,7.357688189675395
2025-01-02 13:38:05,6.723987095302189
2025-01-02 13:38:06,6.639946388291906
2025-01-02 13:38:07,6.292862449367454
2025-01-02 13:38:08,6.9722503036705215
2025-01-02 13:38:09,5.901121154478944
2025-01-02 13:38:10,6.775191316373344
2025-01-02 13:38:11,6.421997087445582
2025-01-02 13:38:12,6.538951399717081
2025-01-02 13:38:13,6.342666430975597
2025-01-02 13:38:14,6.692433818286098
2025-01-02 13:38:15,6.465018829166339
2025-01-02 13:38:16,6.504910613809686
2025-01-02 13:38:17,6.861617869786601
2025-01-02 13:38:18,6.753804811023315
2025-01-02 13:38:19,6.499537062156591
2025-01-02 13:38:20,6.727918519911954
2025-01-02 13:38:21,6.0957694236385125
2025-01-02 13:38:22,6.893365227864979
2025-01-02 13:38:23,6.701448860069949
2025-01-02 13:38:24,6.837640637767843
2025-01-02 13:38:25,6.355856411447466
2025-01-02 13:38:26,6.7330320233998044
2025-01-02 13:38:27,6.401759928689824
2025-01-02 13:38:28,6.50649217004977
2025-01-02 13:38:29,6.242256307941222
2025-01-02 13:38:30,6.564649218547421
2025-01-02 13:38:31,6.3790135366315
2025-01-02 13:38:32,6.728404633715411
2025-01-02 13:38:33,6.6921411681147
2025-01-02 13:38:34,6.3642674181159595
2025-01-02 13:38:35,5.974583077503879
2025-01-02 13:38:36,6.48262448676736
2025-01-02 13:38:37,6.771565970979675
2025-01-02 13:38:38,6.4142726370563246
2025-01-02 13:38:39,6.299240846015042
2025-01-02 13:38:40,6.042443760439948
2025-01-02 13:38:41,6.562303546140914
2025-01-02 13:38:42,6.556562305809542
2025-01-02 13:38:43,6.18441239762747
2025-01-02 13:38:44,6.357013372335513
2025-01-02 13:38:45,6.710215403236801
2025-01-02 13:38:46,6.117453205601062
2025-01-02 13:38:47,6.255230156392854
2025-01-02 13:38:48,6.2223756520082505
2025-01-02 13:38:49,6.783293329816272
2025-01-02 13:38:50,6.687294545333081
2025-01-02 13:38:51,6.444370361277161
2025-01-02 13:38:52,6.630369244266296
2025-01-02 13:38:53,6.417774334678266
2025-01-02 13:38:54,6.459684550839721
2025-01-02 13:38:55,6.791832908882516
2025-01-02 13:38:56,6.199805825494451
2025-01-02 13:38:57,6.034086484026764
2025-01-02 13:38:58,6.080582704193281
2025-01-02 13:38:59,5.9753907513198925
2025-01-02 13:39:00,6.60973403683479
2025-01-02 13:39:01,6.483380003502243
2025-01-02 13:39:02,7.130596421977008
2025-01-02 13:39:03,6.252058708440229
2025-01-02 13:39:04,6.537053188179467
2025-01-02 13:39:05,7.037701101558614
2025-01-02 13:39:06,6.346660612111782
2025-01-02 13:39:07,5.861384780933833
2025-01-02 13:39:08,6.517205261067015
2025-01-02 13:39:09,6.457532313773819
2025-01-02 13:39:10,6.836489490048208
2025-01-02 13:39:11,6.391986794699013
2025-01-02 13:39:12,6.213539770246788
2025-01-02 13:39:13,6.047885835857501
2025-01-02 13:39:14,6.6768288183679205
2025-01-02 13:39:15,6.818403671418652
2025-01-02 13:39:16,6.221130101561519
2025-01-02 13:39:17,6.7187621045468475
2025-01-02 13:39:18,6.365662900315761
2025-01-02 13:39:19,7.209314811096134
2025-01-02 13:39:20,6.273873121755141
2025-01-02 13:39:21,6.7419162682238145
2025-01-02 13:39:22,6.847638102761299
2025-01-02 13:39:23,5.897855697223855
2025-01-02 13:39:24,5.942007661973871
2025-01-02 13:39:25,6.668484438104932
2025-01-02 13:39:26,6.713937153732155
2025-01-02 13:39:27,6.6523805118893415
2025-01-02 13:39:28,6.504484534559605
2025-01-02 13:39:29,6.042329787863764
2025-01-02 13:39:30,6.643163020445575
2025-01-02 13:39:31,6.125550395066654
2025-01-02 13:39:32,6.713286345454301
2025-01-02 13:39:33,6.382450367226493
2025-01-02 13:39:34,6.43888647688335
2025-01-02 13:39:35,6.705908754979858
2025-01-02 13:39:36,6.935066455988473
2025-01-02 13:39:37,6.392082373631711
2025-01-02 13:39:38,6.461825943007958
2025-01-02 13:39:39,6.510791750624687
2025-01-02 13:39:40,6.478396091722511
2025-01-02 13:39:41,6.810295355877432
2025-01-02 13:39:42,6.553899164360487
2025-01-02 13:39:43,6.564829407619986
2025-01-02 13:39:44,6.069688566130922
2025-01-02 13:39:45,6.372255102850673
2025-01-02 13:39:46,6.8348403233764525
2025-01-02 13:39:47,6.263348635190644
2025-01-02 13:39:48,6.200836791645852
2025-01-02 13:39:49,6.3136940656645315
2025-01-02 13:39:50,6.322745774190204
2025-01-02 13:39:51,6.0457770173059036
2025-01-02 13:39:52,6.50843167845221
2025-01-02 13:39:53,6.378617455963305
2025-01-02 13:39:54,6.551021912975841
2025-01-02 13:39:55,5.778325635958831
2025-01-02 13:39:56,6.562163022990588
2025-01-02 13:39:57,6.714947528280782
2025-01-02 13:39:58,6.542277051259076
2025-01-02 13:39:59,6.098418369738661
2025-01-02 13:40:00,6.1030844282409085
2025-01-02 13:40:01,6.4463632934005375
2025-01-02 13:40:02,6.527629176836923
2025-01-02 13:40:03,6.5559608222249155
2025-01-02 13:40:04,6.224794405128851
2025-01-02 13:40:05,6.780954998346415
2025-01-02 13:40:06,6.184188169119569
2025-01-02 13:40:07,6.20695241738269
2025-01-02 13:40:08,5.967435948722261
2025-01-02 13:40:09,7.0252890376920805
2025-01-02 13:40:10,6.159898583704629
2025-01-02 13:40:11,6.453704586346663
2025-01-02 13:40:12,6.55569516284373
2025-01-02 13:40:13,5.965430421180881
2025-01-02 13:40:14,6.511551805077405
2025-01-02 13:40:15,6.554723017253472
2025-01-02 13:40:16,6.465740271671324
2025-01-02 13:40:17,6.427631014945704
2025-01-02 13:40:18,6.632003436844569
2025-01-02 13:40:19,6.530473158053286
2025-01-02 13:40:20,6.488991875310544
2025-01-02 13:40:21,6.215923296092101
2025-01-02 13:40:22,6.424568090636321
2025-01-02 13:40:23,6.57904391278329
2025-01-02 13:40:24,6.457696666761591
2025-01-02 13:40:25,6.061480859926789
2025-01-02 13:40:26,6.259045832873844
2025-01-02 13:40:27,6.59609978295278
2025-01-02 13:40:28,5.7684495552072335
2025-01-02 13:40:29,5.887568272051102
2025-01-02 13:40:30,6.2282979028620105
2025-01-02 13:40:31,6.005777167644237
2025-01-02 13:40:32,6.442407279215277
2025-01-02 13:40:33,6.3841052593866054
2025-01-02 13:40:34,6.074964727112766
2025-01-02 13:40:35,6.385914516394767
2025-01-02 13:40:36,6.860185397573357
2025-01-02 13:40:37,6.643505703034063
2025-01-02 13:40:38,6.362237407980478
2025-01-02 13:40:39,6.3831243371929265
2025-01-02 13:40:40,6.42194846404658
2025-01-02 13:40:41,6.4716171846477035
2025-01-02 13:40:42,6.685449677718266
2025-01-02 13:40:43,6.220595956299246
2025-01-02 13:40:44,6.958500728293557
2025-01-02 13:40:45,6.139142550531274
2025-01-02 13:40:46,6.405137955616998
2025-01-02 13:40:47,6.286544994435961
2025-01-02 13:40:48,6.572830609746044
2025-01-02 13:40:49,6.238592724119451
2025-01-02 13:40:50,6.205576787597145
2025-01-02 13:40:51,6.308781835436239
2025-01-02 13:40:52,6.152144625740851
2025-01-02 13:40:53,6.509399855443278
2025-01-02 13:40:54,6.573418885483112
2025-01-02 13:40:55,6.39963620583933
2025-01-02 13:40:56,6.693074446024253
2025-01-02 13:40:57,6.883391382593536
2025-01-02 13:40:58,6.786133464157031
2025-01-02 13:40:59,6.653897992181553
2025-01-02 13:41:00,6.809445350548215
2025-01-02 13:41:01,6.691179340532971
2025-01-02 13:41:02,6.2199054146009765
2025-01-02 13:41:03,6.24722192757771
2025-01-02 13:41:04,6.060672876828672
2025-01-02 13:41:05,6.019028658197331
2025-01-02 13:41:06,6.597578568808611
2025-01-02 13:41:07,6.870835933393456
2025-01-02 13:41:08,6.735480500092994
2025-01-02 13:41:09,6.288780571416487
2025-01-02 13:41:10,6.470681597737466
2025-01-02 13:41:11,6.380713426683194
2025-01-02 13:41:12,6.568827625955915
2025-01-02 13:41:13,6.768167507481734
2025-01-02 13:41:14,5.8192296447063105
2025-01-02 13:41:15,5.861221198669346
2025-01-02 13:41:16,6.180354924954508
2025-01-02 13:41:17,6.53543839886255
2025-01-02 13:41:18,6.3302725336341
2025-01-02 13:41:19,6.823731942061276
2025-01-02 13:41:20,6.848039806575145
2025-01-02 13:41:21,6.68819565442435
2025-01-02 13:41:22,6.631656934344889
2025-01-02 13:41:23,6.031429768488495
2025-01-02 13:41:24,5.626252251495201
2025-01-02 13:41:25,6.422999510693964
2025-01-02 13:41:26,6.7259865474628775
2025-01-02 13:41:27,6.390061564187669
2025-01-02 13:41:28,6.9331477895339635
2025-01-02 13:41:29,6.491768592325717
2025-01-02 13:41:30,6.539967481533097
2025-01-02 13:41:31,6.446529964077809
2025-01-02 13:41:32,5.632640983122277
2025-01-02 13:41:33,6.417040763227306
2025-01-02 13:41:34,6.205845416354848
2025-01-02 13:41:35,6.394130721019502
2025-01-02 13:41:36,6.794378347393379
2025-01-02 13:41:37,6.756948681187731
2025-01-02 13:41:38,6.425640433449415
2025-01-02 13:41:39,6.30949159374591
2025-01-02 13:41:40,6.4862823546467725
2025-01-02 13:41:41,6.011617145666109
2025-01-02 13:41:42,5.922407930197979
2025-01-02 13:41:43,6.530704250857752
2025-01-02 13:41:44,6.438625847649098
2025-01-02 13:41:45,6.144801688067611
2025-01-02 13:41:46,6.559055003530974
2025-01-02 13:41:47,6.638874418288922
2025-01-02 13:41:48,6.421997196081103
2025-01-02 13:41:49,6.3842133249714
2025-01-02 13:41:50,6.772935481329187
2025-01-02 13:41:51,5.999823461438961
2025-01-02 13:41:52,6.52877926959091
2025-01-02 13:41:53,6.106610473033237
2025-01-02 13:41:54,6.96133496691825
2025-01-02 13:41:55,5.9632730551433335
2025-01-02 13:41:56,6.600552331074214
2025-01-02 13:41:57,6.367848755156092
2025-01-02 13:41:58,6.582195696112945
2025-01-02 13:41:59,6.0426555558596595
2025-01-02 13:42:00,6.247132682448489
2025-01-02 13:42:01,6.412588578656955
2025-01-02 13:42:02,6.369754663026103
2025-01-02 13:42:03,6.598844286197767
2025-01-02 13:42:04,6.140202065195875
2025-01-02 13:42:05,6.488465880795556
2025-01-02 13:42:06,5.977424035755293
2025-01-02 13:42:07,6.057207940041231
2025-01-02 13:42:08,6.3813062253226915
2025-01-02 13:42:09,7.024325334997873
2025-01-02 13:42:10,6.68193633976343
2025-01-02 13:42:11,6.8162928045141955
2025-01-02 13:42:12,6.0956992999653075
2025-01-02 13:42:13,6.313630274352203
2025-01-02 13:42:14,6.83920848287623
2025-01-02 13:42:15,6.508798687676506
2025-01-02 13:42:16,6.2424202214340525
2025-01-02 13:42:17,6.592189702999939
2025-01-02 13:42:18,5.8656926658369635
2025-01-02 13:42:19,6.403393207226099
2025-01-02 13:42:20,6.735909191549497
2025-01-02 13:42:21,6.376444698892325
2025-01-02 13:42:22,6.039038736756365
2025-01-02 13:42:23,6.52496961634419
2025-01-02 13:42:24,6.358037501495917
2025-01-02 13:42:25,6.45977996759791
2025-01-02 13:42:26,5.965852449920932
2025-01-02 13:42:27,6.285571126786518
2025-01-02 13:42:28,6.809964141500256
2025-01-02 13:42:29,6.07538990825053
2025-01-02 13:42:30,6.229701666788143
2025-01-02 13:42:31,6.364767465668239
2025-01-02 13:42:32,6.1795840643437145
2025-01-02 13:42:33,6.509180778606711
2025-01-02 13:42:34,6.179738388037843
2025-01-02 13:42:35,6.315169235979334
2025-01-02 13:42:36,5.967402436506369
2025-01-02 13:42:37,
2025-01-02 13:42:38,6.596279410039643
2025-01-02 13:42:39,6.2091655460957345
2025-01-02 13:42:40,6.130048384326893
2025-01-02 13:42:41,6.720666071528015
2025-01-02 13:42:42,6.508184974686761
2025-01-02 13:42:43,6.243713667012177
2025-01-02 13:42:44,6.002785664076885
2025-01-02 13:42:45,6.558495109175406
2025-01-02 13:42:46,6.186741950236791
2025-01-02 13:42:47,6.112739214417114
2025-01-02 13:42:48,6.3103751560700045
2025-01-02 13:42:49,6.428502340857893
2025-01-02 13:42:50,6.541498102544646
2025-01-02 13:42:51,6.215162285228101
2025-01-02 13:42:52,6.094080497184974
2025-01-02 13:42:53,6.51736234091741
2025-01-02 13:42:54,6.470075577442645
2025-01-02 13:42:55,5.747475433009669
2025-01-02 13:42:56,6.704817685237995
2025-01-02 13:42:57,6.512635918766711
2025-01-02 13:42:58,6.668896310212367
2025-01-02 13:42:59,6.798468652920446
2025-01-02 13:43:00,6.311370946350315
2025-01-02 13:43:01,5.944918559711338
2025-01-02 13:43:02,6.335348109614315
2025-01-02 13:43:03,6.684362369651737
2025-01-02 13:43:04,6.488346846120974
2025-01-02 13:43:05,6.207623702141166
2025-01-02 13:43:06,6.503774465827942
2025-01-02 13:43:07,6.754820285455125
2025-01-02 13:43:08,5.920536443199129
2025-01-02 13:43:09,6.737783621118466
2025-01-02 13:43:10,6.288663700361817
2025-01-02 13:43:11,6.075833265217509
2025-01-02 13:43:12,6.541313309598232
2025-01-02 13:43:13,6.089576290172954
2025-01-02 13:43:14,5.685721991695967
2025-01-02 13:43:15,6.42307219530313
2025-01-02 13:43:16,6.256786536304533
2025-01-02 13:43:17,6.634398048850788
2025-01-02 13:43:18,6.413504222861341
2025-01-02 13:43:19,6.504631645496801
2025-01-02 13:43:20,6.5946210987548755
2025-01-02 13:43:21,6.078521150938808
2025-01-02 13:43:22,6.238397057718125
2025-01-02 13:43:23,6.478424834656045
2025-01-02 13:43:24,5.9884442645921565
2025-01-02 13:43:25,6.596932311119606
2025-01-02 13:43:26,6.446090116497447
2025-01-02 13:43:27,6.730782012515416
2025-01-02 13:43:28,6.203801777872854
2025-01-02 13:43:29,5.637992594237709
2025-01-02 13:43:30,6.631446967074773
2025-01-02 13:43:31,5.953127926159904
2025-01-02 13:43:32,6.550077790618036
2025-01-02 13:43:33,6.72491928165479
2025-01-02 13:43:34,6.224913211598073
2025-01-02 13:43:35,6.363784995700206
2025-01-02 13:43:36,6.5454489505592175
2025-01-02 13:43:37,6.222743941625597
2025-01-02 13:43:38,7.222985716206169
2025-01-02 13:43:39,5.856959135800702
2025-01-02 13:43:40,6.658929418946701
2025-01-02 13:43:41,6.492527993041621
2025-01-02 13:43:42,5.835555232680131
2025-01-02 13:43:43,6.369218428227844
2025-01-02 13:43:44,6.951564872073295
2025-01-02 13:43:45,6.962201485414435
2025-01-02 13:43:46,6.331565966731071
2025-01-02 13:43:47,6.555218941928669
2025-01-02 13:43:48,6.544564350872136
2025-01-02 13:43:49,6.3934246253735525
2025-01-02 13:43:50,6.03796879769919
2025-01-02 13:43:51,5.993828533327306
2025-01-02 13:43:52,6.149697742302616
2025-01-02 13:43:53,6.867915304472363
2025-01-02 13:43:54,6.243633936904179
2025-01-02 13:43:55,5.8485056809778
2025-01-02 13:43:56,6.390910713893952
2025-01-02 13:43:57,7.2608880538176725
2025-01-02 13:43:58,6.65009833563073
2025-01-02 13:43:59,6.176154071581474
2025-01-02 13:44:00,6.490639336690415
2025-01-02 13:44:01,6.290494935340682
2025-01-02 13:44:02,6.547697124082236
2025-01-02 13:44:03,6.465830670366202
2025-01-02 13:44:04,6.4200362788276255
2025-01-02 13:44:05,6.475662250994435
2025-01-02 13:44:06,6.382498761019412
2025-01-02 13:44:07,6.253816643572807
2025-01-02 13:44:08,6.97959698230727
2025-01-02 13:44:09,6.4876185618048146
2025-01-02 13:44:10,5.797118258083396
2025-01-02 13:44:11,6.557266997631996
2025-01-02 13:44:12,5.973523798827435
2025-01-02 13:44:13,6.890129873519557
2025-01-02 13:44:14,6.6685247761393
2025-01-02 13:44:15,6.5376378011471825
2025-01-02 13:44:16,6.392788287110195
2025-01-02 13:44:17,6.351148742045912
2025-01-02 13:44:18,6.310490986541716
2025-01-02 13:44:19,5.634240940870834
2025-01-02 13:44:20,6.61293672929684
2025-01-02 13:44:21,5.843658740241199
2025-01-02 13:44:22,6.3031972760825115
2025-01-02 13:44:23,6.496643106356659
2025-01-02 13:44:24,6.049856498881839
2025-01-02 13:44:25,7.060852847006196
2025-01-02 13:44:26,6.633371795080873
2025-01-02 13:44:27,6.16004616581725
2025-01-02 13:44:28,6.3586433221884855
2025-01-02 13:44:29,6.5047381493171015
2025-01-02 13:44:30,6.86483253842198
2025-01-02 13:44:31,6.512272739524761
2025-01-02 13:44:32,6.5224644757163635
2025-01-02 13:44:33,6.360544631686809
2025-01-02 13:44:34,6.288291683754023
2025-01-02 13:44:35,7.063183057629091
2025-01-02 13:44:36,6.7050229997723925
2025-01-02 13:44:37,6.286988015580151
2025-01-02 13:44:38,6.707113307526495
2025-01-02 13:44:39,6.0739489964054485
2025-01-02 13:44:40,6.138759338621128
2025-01-02 13:44:41,6.684946337619519
2025-01-02 13:44:42,6.73188588812944
2025-01-02 13:44:43,6.383842602386768
2025-01-02 13:44:44,6.072657457447155
2025-01-02 13:44:45,6.4836482519891305
2025-01-02 13:44:46,6.504100450441247
2025-01-02 13:44:47,5.99502006094208
2025-01-02 13:44:48,6.90818641107321
2025-01-02 13:44:49,6.474617760870666
2025-01-02 13:44:50,6.072907151742722
2025-01-02 13:44:51,6.781494837708546
2025-01-02 13:44:52,5.942890966925751
2025-01-02 13:44:53,6.556565794700608
2025-01-02 13:44:54,6.650927739009553
2025-01-02 13:44:55,6.2702374351876005
2025-01-02 13:44:56,6.684526213907372
2025-01-02 13:44:57,6.190110915398165
2025-01-02 13:44:58,7.063777749946282
2025-01-02 13:44:59,6.623583043709033
2025-01-02 13:45:00,5.582080860092481
2025-01-02 13:45:01,6.133240955764497
2025-01-02 13:45:02,6.857996584006649
2025-01-02 13:45:03,7.144649995636362
2025-01-02 13:45:04,6.350786574926267
2025-01-02 13:45:05,6.600294955230658
2025-01-02 13:45:06,6.2263524072324605
2025-01-02 13:45:07,6.225209242873204
2025-01-02 13:45:08,6.328232905063187
2025-01-02 13:45:09,6.7080111485917655
2025-01-02 13:45:10,6.118494812936741
2025-01-02 13:45:11,6.365174403142357
2025-01-02 13:45:12,6.6192208470880995
2025-01-02 13:45:13,6.151884136907474
2025-01-02 13:45:14,6.632781309765444
2025-01-02 13:45:15,6.4499665152860075
2025-01-02 13:45:16,6.880852680598193
2025-01-02 13:45:17,6.167222919188896
2025-01-02 13:45:18,6.584801832738872
2025-01-02 13:45:19,6.3299845792998095
2025-01-02 13:45:20,6.445413457585854
2025-01-02 13:45:21,6.329416066534314
2025-01-02 13:45:22,7.195311836600286
2025-01-02 13:45:23,6.850528649971495
2025-01-02 13:45:24,6.328567883821955
2025-01-02 13:45:25,6.087548021389511
2025-01-02 13:45:26,6.332710135157412
2025-01-02 13:45:27,6.333179107201617
2025-01-02 13:45:28,6.322862412821033
2025-01-02 13:45:29,6.502288331638228
2025-01-02 13:45:30,6.243737971645954
2025-01-02 13:45:31,6.068549316751968
2025-01-02 13:45:32,6.6878991874239775
2025-01-02 13:45:33,6.37654070217467
2025-01-02 13:45:34,6.578924465646891
2025-01-02 13:45:35,5.906022829080761
2025-01-02 13:45:36,6.358606429691701
2025-01-02 13:45:37,6.263701967066686
2025-01-02 13:45:38,6.338088571801267
2025-01-02 13:45:39,6.865245632521834
2025-01-02 13:45:40,5.962859809890353
2025-01-02 13:45:41,6.614822231155346
2025-01-02 13:45:42,5.97658828866655
2025-01-02 13:45:43,6.482888837840449
2025-01-02 13:45:44,5.532201975723935
2025-01-02 13:45:45,6.796847825016566
2025-01-02 13:45:46,6.336778390921108
2025-01-02 13:45:47,6.229026231520395
2025-01-02 13:45:48,5.941055487693211
2025-01-02 13:45:49,6.597261856987368
2025-01-02 13:45:50,6.331089731730537
2025-01-02 13:45:51,6.60871923818849
2025-01-02 13:45:52,6.0464569156643115
2025-01-02 13:45:53,6.369250360556243
2025-01-02 13:45:54,6.717241492634905
2025-01-02 13:45:55,6.444743091880005
2025-01-02 13:45:56,6.967145207762131
2025-01-02 13:45:57,6.198604570153961
2025-01-02 13:45:58,6.26469223513559
2025-01-02 13:45:59,6.3809642664562665
2025-01-02 13:46:00,6.555814323805951
2025-01-02 13:46:01,6.435599963792314
2025-01-02 13:46:02,6.063089028193146
2025-01-02 13:46:03,6.308129887752647
2025-01-02 13:46:04,5.9379923880556245
2025-01-02 13:46:05,6.29468274713608
2025-01-02 13:46:06,6.7264685840891545
2025-01-02 13:46:07,6.480132543950483
2025-01-02 13:46:08,6.719020485800513
2025-01-02 13:46:09,6.880049550675411
2025-01-02 13:46:10,5.957758339204458
2025-01-02 13:46:11,5.8098657613502835
2025-01-02 13:46:12,5.804158553226165
2025-01-02 13:46:13,6.010402416376554
2025-01-02 13:46:14,6.672772817870788
2025-01-02 13:46:15,6.49379129001045
2025-01-02 13:46:16,6.495163798075927
2025-01-02 13:46:17,6.270920741553677
2025-01-02 13:46:18,6.786427582343007
2025-01-02 13:46:19,6.5437201976802575
2025-01-02 13:46:20,6.1392072642138675
2025-01-02 13:46:21,5.995525664694261
2025-01-02 13:46:22,7.060841666874081
2025-01-02 13:46:23,
2025-01-02 13:46:24,6.741790608357945
2025-01-02 13:46:25,6.341650690922609
2025-01-02 13:46:26,6.778495331444946
2025-01-02 13:46:27,5.9420470902425615
2025-01-02 13:46:28,
2025-01-02 13:46:29,7.022403242531935
2025-01-02 13:46:30,6.970269904718217
2025-01-02 13:46:31,6.0811783673569275
2025-01-02 13:46:32,6.62068156665048
2025-01-02 13:46:33,6.439805442523434
2025-01-02 13:46:34,6.705295546711672
2025-01-02 13:46:35,6.257853631433023
2025-01-02 13:46:36,6.596407364656176
2025-01-02 13:46:37,6.36360410416312
2025-01-02 13:46:38,6.0857660168539525
2025-01-02 13:46:39,6.60234211511928
2025-01-02 13:46:40,6.211747844713179
2025-01-02 13:46:41,7.248020447815206
2025-01-02 13:46:42,6.609623159504972
2025-01-02 13:46:43,6.139849720772823
2025-01-02 13:46:44,6.55199830469993
2025-01-02 13:46:45,6.030157344698015
2025-01-02 13:46:46,6.704433771072495
2025-01-02 13:46:47,6.244513001203679
2025-01-02 13:46:48,6.343440052854862
2025-01-02 13:46:49,6.324008665889579
2025-01-02 13:46:50,6.342689466946023
2025-01-02 13:46:51,6.2081723407086935
2025-01-02 13:46:52,6.221155713428369
2025-01-02 13:46:53,6.128022716094649
2025-01-02 13:46:54,6.32353693635973
2025-01-02 13:46:55,6.139185802571302
2025-01-02 13:46:56,6.893734100331427
2025-01-02 13:46:57,6.6634176062755275
2025-01-02 13:46:58,6.143446303029342
2025-01-02 13:46:59,6.97577111403684
2025-01-02 13:47:00,6.845645934565581
2025-01-02 13:47:01,6.635356420585424
2025-01-02 13:47:02,5.916727804534942
2025-01-02 13:47:03,6.363797269118395
2025-01-02 13:47:04,6.366777498571066
2025-01-02 13:47:05,6.246191148869745
2025-01-02 13:47:06,6.676190729452545
2025-01-02 13:47:07,6.6406478492306285
2025-01-02 13:47:08,6.674454467606694
2025-01-02 13:47:09,6.425136343749466
2025-01-02 13:47:10,6.2526438423141855
2025-01-02 13:47:11,5.768593211351484
2025-01-02 13:47:12,6.754132859728636
2025-01-02 13:47:13,6.459906377873191
2025-01-02 13:47:14,5.999546563505728
2025-01-02 13:47:15,6.393855987751882
2025-01-02 13:47:16,6.295876437640902
2025-01-02 13:47:17,6.7818628424176675
2025-01-02 13:47:18,6.3804886532089595
2025-01-02 13:47:19,5.390401590911078
2025-01-02 13:47:20,6.184077527437636
2025-01-02 13:47:21,6.299222685386824
2025-01-02 13:47:22,6.378649837586643
2025-01-02 13:47:23,6.611404920603909
2025-01-02 13:47:24,6.218746470566429
2025-01-02 13:47:25,6.531789923102816
2025-01-02 13:47:26,6.087960495536875
2025-01-02 13:47:27,5.983191309482125
2025-01-02 13:47:28,6.749521247506217
2025-01-02 13:47:29,6.566633696365417
2025-01-02 13:47:30,6.70852905802125
2025-01-02 13:47:31,6.398182288034701
2025-01-02 13:47:32,6.1890432370591
2025-01-02 13:47:33,6.475910030939798
2025-01-02 13:47:34,5.83260401218884
2025-01-02 13:47:35,6.218912853092944
2025-01-02 13:47:36,7.00398154268532
2025-01-02 13:47:37,6.205151473300664
2025-01-02 13:47:38,6.510114311276224
2025-01-02 13:47:39,6.147397403112319
2025-01-02 13:47:40,6.330964173476918
2025-01-02 13:47:41,6.74959133991707
2025-01-02 13:47:42,6.428832415799005
2025-01-02 13:47:43,6.138828174110349
2025-01-02 13:47:44,6.452161637944553
2025-01-02 13:47:45,5.864966849370075
2025-01-02 13:47:46,6.359293022713068
2025-01-02 13:47:47,6.938294232808531
2025-01-02 13:47:48,6.639576978467822
2025-01-02 13:47:49,6.8021425888128055
2025-01-02 13:47:50,6.4392679037219756
2025-01-02 13:47:51,6.330967282995413
2025-01-02 13:47:52,5.835769045514095
2025-01-02 13:47:53,5.7804408100271205
2025-01-02 13:47:54,6.355404481091818
2025-01-02 13:47:55,6.58487937499264
2025-01-02 13:47:56,6.310338018130862
2025-01-02 13:47:57,6.353202571621097
2025-01-02 13:47:58,6.227347141786968
2025-01-02 13:47:59,6.288572001049338
2025-01-02 13:48:00,6.70655032041029
2025-01-02 13:48:01,6.643437693663381
2025-01-02 13:48:02,6.648200440832145
2025-01-02 13:48:03,6.521595010623938
2025-01-02 13:48:04,6.664100245306177
2025-01-02 13:48:05,6.422045929216593
2025-01-02 13:48:06,7.0844058659161595
2025-01-02 13:48:07,6.733399125713333
2025-01-02 13:48:08,6.291332071511502
2025-01-02 13:48:09,6.075118590110206
2025-01-02 13:48:10,6.709771890773838
2025-01-02 13:48:11,6.1308719161679335
2025-01-02 13:48:12,6.5260648018789595
2025-01-02 13:48:13,6.318727325451874
2025-01-02 13:48:14,6.182891410436618
2025-01-02 13:48:15,6.317006246400628
2025-01-02 13:48:16,6.26663701142564
2025-01-02 13:48:17,6.219841061762527
2025-01-02 13:48:18,5.815406879970945
2025-01-02 13:48:19,6.657987757335421
2025-01-02 13:48:20,6.787696825886551
2025-01-02 13:48:21,6.629441660225116
2025-01-02 13:48:22,6.512650386247707
2025-01-02 13:48:23,
2025-01-02 13:48:24,6.722623824674115
2025-01-02 13:48:25,6.956599291377746
2025-01-02 13:48:26,6.3425584655248315
2025-01-02 13:48:27,6.4173084130032025
2025-01-02 13:48:28,6.332200998283095
2025-01-02 13:48:29,6.4103966994116
2025-01-02 13:48:30,6.422520815102276
2025-01-02 13:48:31,6.761856320479306
2025-01-02 13:48:32,5.971105438536368
2025-01-02 13:48:33,6.34876088018566
2025-01-02 13:48:34,6.23520212656212
2025-01-02 13:48:35,6.798486919962411
2025-01-02 13:48:36,6.053595956596908
2025-01-02 13:48:37,6.282437811652036
2025-01-02 13:48:38,6.806033127362217
2025-01-02 13:48:39,6.359895827269459
2025-01-02 13:48:40,6.354030603528316
2025-01-02 13:48:41,6.354726596902066
2025-01-02 13:48:42,6.37492205616088
2025-01-02 13:48:43,
2025-01-02 13:48:44,6.506964360898928
2025-01-02 13:48:45,6.728608924796156
2025-01-02 13:48:46,6.161764917197397
2025-01-02 13:48:47,6.841997089789471
2025-01-02 13:48:48,6.118137572085976
2025-01-02 13:48:49,6.471804498864823
2025-01-02 13:48:50,5.803394926695767
2025-01-02 13:48:51,6.395553604500718
2025-01-02 13:48:52,6.039939926628853
2025-01-02 13:48:53,5.927264713121553
2025-01-02 13:48:54,6.579056112326964
2025-01-02 13:48:55,6.590341511818671
2025-01-02 13:48:56,5.925390606833616
2025-01-02 13:48:57,6.015078769857653
2025-01-02 13:48:58,6.334302619547826
2025-01-02 13:48:59,6.568788282617377
2025-01-02 13:49:00,5.404094397431125
2025-01-02 13:49:01,6.438452294185897
2025-01-02 13:49:02,6.540035189792178
2025-01-02 13:49:03,5.892397116956502
2025-01-02 13:49:04,6.552089081145338
2025-01-02 13:49:05,5.738999453725896
2025-01-02 13:49:06,5.879487341362289
2025-01-02 13:49:07,6.438925155035499
2025-01-02 13:49:08,6.335272008439949
2025-01-02 13:49:09,6.5277032355838
2025-01-02 13:49:10,5.7133612753703185
2025-01-02 13:49:11,6.573582407710415
2025-01-02 13:49:12,6.6262748227762565
2025-01-02 13:49:13,6.3441877965300835
2025-01-02 13:49:14,6.282536031070421
2025-01-02 13:49:15,6.118735556592091
2025-01-02 13:49:16,6.238308335273192
2025-01-02 13:49:17,6.074343623936741
2025-01-02 13:49:18,6.556952401018644
2025-01-02 13:49:19,6.0715020856444
2025-01-02 13:49:20,6.7468980304069435
2025-01-02 13:49:21,6.267360155488485
2025-01-02 13:49:22,6.523815860416387
2025-01-02 13:49:23,6.644658053931355
2025-01-02 13:49:24,6.1920756668434525
2025-01-02 13:49:25,6.243658676882665
2025-01-02 13:49:26,6.567058170881163
2025-01-02 13:49:27,5.8441070357401665
2025-01-02 13:49:28,6.06612938421168
2025-01-02 13:49:29,6.821449166732702
2025-01-02 13:49:30,6.844711544207388
2025-01-02 13:49:31,6.502520804919951
2025-01-02 13:49:32,5.867781966589191
2025-01-02 13:49:33,6.381265447277112
2025-01-02 13:49:34,6.680851631130267
2025-01-02 13:49:35,6.2971469728085765
2025-01-02 13:49:36,6.010806940105702
2025-01-02 13:49:37,6.875897983679886
2025-01-02 13:49:38,6.1146075811215495
2025-01-02 13:49:39,6.382659436995433
2025-01-02 13:49:40,6.749121625425445
2025-01-02 13:49:41,6.248986892936981
2025-01-02 13:49:42,5.890327985704736
2025-01-02 13:49:43,6.492904131601596
2025-01-02 13:49:44,6.3104825997740415
2025-01-02 13:49:45,6.482734224974994
2025-01-02 13:49:46,6.102438001960005
2025-01-02 13:49:47,6.226652203323769
2025-01-02 13:49:48,
2025-01-02 13:49:49,6.245045542068276
2025-01-02 13:49:50,6.029916001509403
2025-01-02 13:49:51,6.749286587452074
2025-01-02 13:49:52,6.355259241873263
2025-01-02 13:49:53,6.328795131439553
2025-01-02 13:49:54,6.219669486377511
2025-01-02 13:49:55,6.407315083280819
2025-01-02 13:49:56,6.435700136923006
2025-01-02 13:49:57,6.321334348119827
2025-01-02 13:49:58,6.21740556778939
2025-01-02 13:49:59,6.765136777775172
2025-01-02 13:50:00,6.376485642464934
2025-01-02 13:50:01,6.613662370018551
2025-01-02 13:50:02,6.1532066616710495
2025-01-02 13:50:03,6.587102765234183
2025-01-02 13:50:04,6.745890815825732
2025-01-02 13:50:05,6.545877859386239
2025-01-02 13:50:06,6.461337734882864
2025-01-02 13:50:07,6.543112718258694
2025-01-02 13:50:08,6.576245941455599
2025-01-02 13:50:09,6.094828860029552
2025-01-02 13:50:10,6.023325938852403
2025-01-02 13:50:11,6.175970487121931
2025-01-02 13:50:12,6.064831938787465
2025-01-02 13:50:13,6.40284687740852
2025-01-02 13:50:14,5.794989854544606
2025-01-02 13:50:15,5.999981743154479
2025-01-02 13:50:16,6.009252644660261
2025-01-02 13:50:17,5.639785880776319
2025-01-02 13:50:18,6.442273852088083
2025-01-02 13:50:19,6.287829122600218
2025-01-02 13:50:20,5.519193304141225
2025-01-02 13:50:21,5.675827700075207
2025-01-02 13:50:22,6.078849355788292
2025-01-02 13:50:23,6.263388490832842
2025-01-02 13:50:24,6.621079701958914
2025-01-02 13:50:25,6.169705685644035
2025-01-02 13:50:26,6.262399739489513
2025-01-02 13:50:27,6.064474242747046
2025-01-02 13:50:28,6.392680960753271
2025-01-02 13:50:29,6.665316916617091
2025-01-02 13:50:30,6.703974435415086
2025-01-02 13:50:31,6.308894727708569
2025-01-02 13:50:32,6.667873688101103
2025-01-02 13:50:33,6.679388684701907
2025-01-02 13:50:34,5.913706859181522
2025-01-02 13:50:35,6.0732017649157735
2025-01-02 13:50:36,6.167225921912365
2025-01-02 13:50:37,6.800442581421726
2025-01-02 13:50:38,6.241421991777219
2025-01-02 13:50:39,6.810406501855761
2025-01-02 13:50:40,6.567915534753543
2025-01-02 13:50:41,6.667353899095657
2025-01-02 13:50:42,6.195701629950035
2025-01-02 13:50:43,6.00060993237027
2025-01-02 13:50:44,5.857711656170744
2025-01-02 13:50:45,6.120053040907196
2025-01-02 13:50:46,5.562904581426113
2025-01-02 13:50:47,6.466859198270002
2025-01-02 13:50:48,6.072856297080252
2025-01-02 13:50:49,6.0778157994675945
2025-01-02 13:50:50,6.481317595094043
2025-01-02 13:50:51,6.074270526875217
2025-01-02 13:50:52,6.147236797144724
2025-01-02 13:50:53,6.05633983525985
2025-01-02 13:50:54,6.250469023356463
2025-01-02 13:50:55,5.749484670039304
2025-01-02 13:50:56,6.616313609985386
2025-01-02 13:50:57,6.432045404012467
2025-01-02 13:50:58,6.5675952737373775
2025-01-02 13:50:59,6.127976197875376
2025-01-02 13:51:00,6.5895239926255815
2025-01-02 13:51:01,5.984703574991442
2025-01-02 13:51:02,6.586516319081443
2025-01-02 13:51:03,6.698732846729796
2025-01-02 13:51:04,6.262755535665699
2025-01-02 13:51:05,5.995944235661002
2025-01-02 13:51:06,6.387098882996841
2025-01-02 13:51:07,6.004511053948762
2025-01-02 13:51:08,6.313216837178942
2025-01-02 13:51:09,6.0933715789959635
2025-01-02 13:51:10,6.092197970634769
2025-01-02 13:51:11,6.31183333221632
2025-01-02 13:51:12,6.282763868910877
2025-01-02 13:51:13,6.277776913383879
2025-01-02 13:51:14,6.587932914605936
2025-01-02 13:51:15,6.054661287673201
2025-01-02 13:51:16,5.707174200942837
2025-01-02 13:51:17,5.840507830074297
2025-01-02 13:51:18,6.356469281816723
2025-01-02 13:51:19,6.156477240376054
2025-01-02 13:51:20,6.785571612046248
2025-01-02 13:51:21,6.29110382660189
2025-01-02 13:51:22,6.512323798051419
2025-01-02 13:51:23,6.667931700443652
2025-01-02 13:51:24,6.357607966208642
2025-01-02 13:51:25,6.397183141420481
2025-01-02 13:51:26,6.355980990997522
2025-01-02 13:51:27,5.872894225744844
2025-01-02 13:51:28,5.522931560091095
2025-01-02 13:51:29,6.310237030604396
2025-01-02 13:51:30,6.2569917103120885
2025-01-02 13:51:31,6.538332850281454
2025-01-02 13:51:32,5.811085766755458
2025-01-02 13:51:33,6.391247591748003
2025-01-02 13:51:34,6.233511715515283
2025-01-02 13:51:35,6.3724800551527565
2025-01-02 13:51:36,6.164956933937725
2025-01-02 13:51:37,6.068384506764507
2025-01-02 13:51:38,6.239235940935537
2025-01-02 13:51:39,6.873610856231293
2025-01-02 13:51:40,6.192127466838666
2025-01-02 13:51:41,6.135148930772844
2025-01-02 13:51:42,6.4603177197538635
2025-01-02 13:51:43,6.124833462684536
2025-01-02 13:51:44,6.475908491191947
2025-01-02 13:51:45,5.815933285095329
2025-01-02 13:51:46,5.813779847027662
2025-01-02 13:51:47,6.172761368943253
2025-01-02 13:51:48,6.36552510005122
2025-01-02 13:51:49,6.446262977463803
2025-01-02 13:51:50,6.3398113349388145
2025-01-02 13:51:51,6.641065043330757
2025-01-02 13:51:52,6.112758318793205
2025-01-02 13:51:53,6.412797019276192
2025-01-02 13:51:54,6.579983677792207
2025-01-02 13:51:55,5.927440533809783
2025-01-02 13:51:56,6.090295485835175
2025-01-02 13:51:57,6.086827618547645
2025-01-02 13:51:58,6.419025996486113
2025-01-02 13:51:59,5.3415361255805935
2025-01-02 13:52:00,5.968816885509975
2025-01-02 13:52:01,6.392230795866563
2025-01-02 13:52:02,6.219013648033601
2025-01-02 13:52:03,6.127862055242133
2025-01-02 13:52:04,6.577999934622167
2025-01-02 13:52:05,6.149812606898247
2025-01-02 13:52:06,6.447483850938927
2025-01-02 13:52:07,6.771833459369199
2025-01-02 13:52:08,5.719815627360441
2025-01-02 13:52:09,
2025-01-02 13:52:10,6.583283813757101
2025-01-02 13:52:11,6.042752890913562
2025-01-02 13:52:12,6.351154284297895
2025-01-02 13:52:13,6.5586508551509235
2025-01-02 13:52:14,6.5722692450556695
2025-01-02 13:52:15,6.254317429857331
2025-01-02 13:52:16,6.1984197174087114
2025-01-02 13:52:17,6.30749576555445
2025-01-02 13:52:18,6.05317511239752
2025-01-02 13:52:19,6.260354144194881
2025-01-02 13:52:20,6.432868502654411
2025-01-02 13:52:21,6.373469400963624
2025-01-02 13:52:22,6.287738394981679
2025-01-02 13:52:23,6.001561623594926
2025-01-02 13:52:24,6.110954340593459
2025-01-02 13:52:25,6.357541530565279
2025-01-02 13:52:26,6.405618171225591
2025-01-02 13:52:27,6.069127573563528
2025-01-02 13:52:28,5.812241235464918
2025-01-02 13:52:29,6.048058102224786
2025-01-02 13:52:30,6.384087167492689
2025-01-02 13:52:31,6.21616826367906
2025-01-02 13:52:32,6.075090428780385
2025-01-02 13:52:33,6.085630224932732
2025-01-02 13:52:34,6.623068613413138
2025-01-02 13:52:35,6.777648556384864
2025-01-02 13:52:36,6.225681930600768
2025-01-02 13:52:37,6.252256708401851
2025-01-02 13:52:38,6.248130486107015
2025-01-02 13:52:39,6.49780281698754
2025-01-02 13:52:40,5.651399716390001
2025-01-02 13:52:41,6.278720192052707
2025-01-02 13:52:42,6.148214532091821
2025-01-02 13:52:43,6.595366881101165
2025-01-02 13:52:44,6.790728348547053
2025-01-02 13:52:45,6.379396077734658
2025-01-02 13:52:46,6.071480209531088
2025-01-02 13:52:47,6.371246343412087
2025-01-02 13:52:48,
2025-01-02 13:52:49,6.398374831029903
2025-01-02 13:52:50,6.34991688355733
2025-01-02 13:52:51,6.458266902523981
2025-01-02 13:52:52,6.672330434867641
2025-01-02 13:52:53,5.883926077806084
2025-01-02 13:52:54,6.247651725199373
2025-01-02 13:52:55,6.5357280758073335
2025-01-02 13:52:56,6.78847678278067
2025-01-02 13:52:57,6.0564671415297076
2025-01-02 13:52:58,6.293515189215703
2025-01-02 13:52:59,6.576877675360923
2025-01-02 13:53:00,6.675833898826458
2025-01-02 13:53:01,6.617989941087519
2025-01-02 13:53:02,6.006462720287864
2025-01-02 13:53:03,5.970108071901604
2025-01-02 13:53:04,6.058918569970403
2025-01-02 13:53:05,6.06831187448596
2025-01-02 13:53:06,6.348405285782174
2025-01-02 13:53:07,5.761688609811544
2025-01-02 13:53:08,6.220523385146569
2025-01-02 13:53:09,6.333119273644854
2025-01-02 13:53:10,6.7274469737083695
2025-01-02 13:53:11,6.036435953221165
2025-01-02 13:53:12,6.49199786758615
2025-01-02 13:53:13,6.18901191229016
2025-01-02 13:53:14,6.430467766093966
2025-01-02 13:53:15,5.708950735719753
2025-01-02 13:53:16,6.6399086568178936
2025-01-02 13:53:17,5.498947105548402
2025-01-02 13:53:18,6.505477773535095
2025-01-02 13:53:19,5.7651668482234895
2025-01-02 13:53:20,6.089001016596904
2025-01-02 13:53:21,6.874022104402409
2025-01-02 13:53:22,6.174436382634594
2025-01-02 13:53:23,6.532759303566358
2025-01-02 13:53:24,6.177444774046998
2025-01-02 13:53:25,6.141140353560596
2025-01-02 13:53:26,6.427288675237591
2025-01-02 13:53:27,6.006127426512668
2025-01-02 13:53:28,6.358479240024866
2025-01-02 13:53:29,
2025-01-02 13:53:30,6.005690081425587
2025-01-02 13:53:31,7.110676445932865
2025-01-02 13:53:32,5.883900204942786
2025-01-02 13:53:33,6.120637619457964
2025-01-02 13:53:34,6.304671309626639
2025-01-02 13:53:35,6.086102065436483
2025-01-02 13:53:36,6.161299841416037
2025-01-02 13:53:37,6.247295094255836
2025-01-02 13:53:38,5.8362530247645275
2025-01-02 13:53:39,6.120103598840944
2025-01-02 13:53:40,6.444231014075004
2025-01-02 13:53:41,6.484967736564696
2025-01-02 13:53:42,6.0560830463766395
2025-01-02 13:53:43,6.4984115626617385
2025-01-02 13:53:44,5.883135577333243
2025-01-02 13:53:45,6.601604899028105
2025-01-02 13:53:46,6.087114289531588
2025-01-02 13:53:47,6.140394645825438
2025-01-02 13:53:48,6.368472736024022
2025-01-02 13:53:49,6.561940616761822
2025-01-02 13:53:50,6.518345894820076
2025-01-02 13:53:51,6.3408526003917665
2025-01-02 13:53:52,5.945356743364632
2025-01-02 13:53:53,6.079368918894773
2025-01-02 13:53:54,6.624212014825057
2025-01-02 13:53:55,6.450748533940457
2025-01-02 13:53:56,6.5041615875579915
2025-01-02 13:53:57,6.588942673805705
2025-01-02 13:53:58,6.037821670738902
2025-01-02 13:53:59,6.319655547646805
2025-01-02 13:54:00,6.891413193356734
2025-01-02 13:54:01,6.710528188958157
2025-01-02 13:54:02,6.370040724175591
2025-01-02 13:54:03,6.349837932730113
2025-01-02 13:54:04,7.088094061040106
2025-01-02 13:54:05,6.095784342652799
2025-01-02 13:54:06,5.824844272345323
2025-01-02 13:54:07,6.489490629279509
2025-01-02 13:54:08,6.535506171017084
2025-01-02 13:54:09,6.474792712885014
2025-01-02 13:54:10,6.073697723146496
2025-01-02 13:54:11,6.444944679994475
2025-01-02 13:54:12,6.487292582361147
2025-01-02 13:54:13,6.34707160952998
2025-01-02 13:54:14,6.87522451949573
2025-01-02 13:54:15,5.84545358630342
2025-01-02 13:54:16,6.116355437567485
2025-01-02 13:54:17,5.774674764432269
2025-01-02 13:54:18,6.197975671991003
2025-01-02 13:54:19,6.817561205062751
2025-01-02 13:54:20,6.392198994986271
2025-01-02 13:54:21,6.466555748105806
2025-01-02 13:54:22,6.660965354468228
2025-01-02 13:54:23,5.9234336484571415
2025-01-02 13:54:24,6.242563835256057
2025-01-02 13:54:25,6.423186503250013
2025-01-02 13:54:26,6.2504686677137204
2025-01-02 13:54:27,6.147875469748297
2025-01-02 13:54:28,6.136042356254779
2025-01-02 13:54:29,5.743537045126927
2025-01-02 13:54:30,5.995845166257948
2025-01-02 13:54:31,6.402197877301007
2025-01-02 13:54:32,5.977665571689551
2025-01-02 13:54:33,6.234131276684557
2025-01-02 13:54:34,6.262864904914176
2025-01-02 13:54:35,5.781115930657628
2025-01-02 13:54:36,6.261042206810696
2025-01-02 13:54:37,6.128995081962276
2025-01-02 13:54:38,6.325888112780217
2025-01-02 13:54:39,6.61116145484936
2025-01-02 13:54:40,6.599268836237512
2025-01-02 13:54:41,
2025-01-02 13:54:42,6.173709877282412
2025-01-02 13:54:43,6.1480973035417925
2025-01-02 13:54:44,6.375742677917848
2025-01-02 13:54:45,
2025-01-02 13:54:46,5.8485922629706435
2025-01-02 13:54:47,5.882801341340595
2025-01-02 13:54:48,5.955875998367433
2025-01-02 13:54:49,5.816562585640873
2025-01-02 13:54:50,6.155124703661341
2025-01-02 13:54:51,6.242167750296584
2025-01-02 13:54:52,6.624062087057833
2025-01-02 13:54:53,6.314143214246807
2025-01-02 13:54:54,6.487526326625024
2025-01-02 13:54:55,6.75439574814003
2025-01-02 13:54:56,6.306476486912213
2025-01-02 13:54:57,6.412687343334529
2025-01-02 13:54:58,6.324953992948894
2025-01-02 13:54:59,5.660174737150485
2025-01-02 13:55:00,6.082939723505856
2025-01-02 13:55:01,6.264668589004619
2025-01-02 13:55:02,5.991011275892724
2025-01-02 13:55:03,6.60754331698627
2025-01-02 13:55:04,5.6322858119094965
2025-01-02 13:55:05,5.952821075547143
2025-01-02 13:55:06,5.9677364898537375
2025-01-02 13:55:07,5.93752671355567
2025-01-02 13:55:08,6.540012192733748
2025-01-02 13:55:09,6.060655623719028
2025-01-02 13:55:10,5.622899943755763
2025-01-02 13:55:11,5.907579703670124
2025-01-02 13:55:12,6.635250501038421
2025-01-02 13:55:13,5.860050483143684
2025-01-02 13:55:14,6.185383080814644
2025-01-02 13:55:15,6.426615772272068
2025-01-02 13:55:16,6.233438193784293
2025-01-02 13:55:17,6.52959675771493
2025-01-02 13:55:18,5.934683527947644
2025-01-02 13:55:19,6.207412527898599
2025-01-02 13:55:20,6.2008205851558476
2025-01-02 13:55:21,6.126554633957121
2025-01-02 13:55:22,6.444847450408806
2025-01-02 13:55:23,7.039727440231115
2025-01-02 13:55:24,6.179924512456652
2025-01-02 13:55:25,6.128927889871902
2025-01-02 13:55:26,5.996493394133608
2025-01-02 13:55:27,5.7110152592737515
2025-01-02 13:55:28,5.809855532216112
2025-01-02 13:55:29,6.525627981994516
2025-01-02 13:55:30,6.032568207874665
2025-01-02 13:55:31,5.354543710181588
2025-01-02 13:55:32,6.3906830174146805
2025-01-02 13:55:33,6.471185725582335
2025-01-02 13:55:34,6.428638201264073
2025-01-02 13:55:35,7.0483740967161035
2025-01-02 13:55:36,6.231329835036414
2025-01-02 13:55:37,6.290970028466005
2025-01-02 13:55:38,6.100810140322392
2025-01-02 13:55:39,5.861176238940297
2025-01-02 13:55:40,6.010262459240895
2025-01-02 13:55:41,6.480888117935887
2025-01-02 13:55:42,6.341451977729744
2025-01-02 13:55:43,5.9608329488438185
2025-01-02 13:55:44,5.730542099996898
2025-01-02 13:55:45,6.358401201457352
2025-01-02 13:55:46,6.657562024930654
2025-01-02 13:55:47,6.189813081796849
2025-01-02 13:55:48,5.900849314278146
2025-01-02 13:55:49,6.264396850831615
2025-01-02 13:55:50,6.779639493919403
2025-01-02 13:55:51,6.213683336278895
2025-01-02 13:55:52,6.287558177473573
2025-01-02 13:55:53,6.2045589643269725
2025-01-02 13:55:54,6.24978138649001
2025-01-02 13:55:55,6.066139216851627
2025-01-02 13:55:56,5.784790615842102
2025-01-02 13:55:57,6.476194031647959
2025-01-02 13:55:58,6.087843713933159
2025-01-02 13:55:59,6.245725687902714
2025-01-02 13:56:00,6.105350360626758
2025-01-02 13:56:01,6.668582166607408
2025-01-02 13:56:02,6.322445552629142
2025-01-02 13:56:03,6.213154519307783
2025-01-02 13:56:04,5.935050387917007
2025-01-02 13:56:05,6.36662558027265
2025-01-02 13:56:06,6.402992187364745
2025-01-02 13:56:07,6.685525883973376
2025-01-02 13:56:08,6.15912349142522
2025-01-02 13:56:09,6.252596585473178
2025-01-02 13:56:10,6.329792487431588
2025-01-02 13:56:11,6.401359160278034
2025-01-02 13:56:12,5.998188649153629
2025-01-02 13:56:13,6.230164748801173
2025-01-02 13:56:14,6.721148010149748
2025-01-02 13:56:15,6.270505635904507
2025-01-02 13:56:16,6.234621973074858
2025-01-02 13:56:17,5.881296411451524
2025-01-02 13:56:18,6.030163396361651
2025-01-02 13:56:19,6.124829754176084
2025-01-02 13:56:20,5.907123802157704
2025-01-02 13:56:21,
2025-01-02 13:56:22,5.998289539630112
2025-01-02 13:56:23,6.196612029965734
2025-01-02 13:56:24,6.402449101892886
2025-01-02 13:56:25,6.042107256804955
2025-01-02 13:56:26,5.7505081173171195
2025-01-02 13:56:27,6.756902201823039
2025-01-02 13:56:28,6.030666136360827
2025-01-02 13:56:29,5.989532776417701
2025-01-02 13:56:30,6.708149064851221
2025-01-02 13:56:31,6.334923547838245
2025-01-02 13:56:32,6.62002554707004
2025-01-02 13:56:33,6.4011395666021595
2025-01-02 13:56:34,6.2740679784530835
2025-01-02 13:56:35,5.924332217364205
2025-01-02 13:56:36,6.637277123690298
2025-01-02 13:56:37,6.28751013405521
2025-01-02 13:56:38,6.590125299134454
2025-01-02 13:56:39,6.722810941111024
2025-01-02 13:56:40,6.039362466976132
2025-01-02 13:56:41,5.9943029700591905
2025-01-02 13:56:42,6.0222603153840275
2025-01-02 13:56:43,6.121219462963685
2025-01-02 13:56:44,6.113176218508844
2025-01-02 13:56:45,6.155996347858098
2025-01-02 13:56:46,5.839095691709031
2025-01-02 13:56:47,6.07957352265235
2025-01-02 13:56:48,5.850995953950371
2025-01-02 13:56:49,6.454062029441511
2025-01-02 13:56:50,6.020961369955475
2025-01-02 13:56:51,6.0624222406300685
2025-01-02 13:56:52,5.852155112483378
2025-01-02 13:56:53,5.705294085456321
2025-01-02 13:56:54,7.17076564017895
2025-01-02 13:56:55,6.238499885764985
2025-01-02 13:56:56,6.181223106890013
2025-01-02 13:56:57,6.3583619768402375
2025-01-02 13:56:58,6.120999903372992
2025-01-02 13:56:59,6.18765728001958
2025-01-02 13:57:00,5.6804226346284326
2025-01-02 13:57:01,5.9397606509720235
2025-01-02 13:57:02,6.259270379650839
2025-01-02 13:57:03,5.79004027064795
2025-01-02 13:57:04,6.162531196041117
2025-01-02 13:57:05,6.5300206681373485
2025-01-02 13:57:06,6.997660662609004
2025-01-02 13:57:07,5.997671320512381
2025-01-02 13:57:08,6.205124206123438
2025-01-02 13:57:09,6.252338809700922
2025-01-02 13:57:10,6.410743071642187
2025-01-02 13:57:11,6.2209790369539615
2025-01-02 13:57:12,5.6794775575287355
2025-01-02 13:57:13,5.887249750826541
2025-01-02 13:57:14,6.491367497961074
2025-01-02 13:57:15,6.045095562654636
2025-01-02 13:57:16,5.681901988463496
2025-01-02 13:57:17,6.638527251126753
2025-01-02 13:57:18,5.724912827997352
2025-01-02 13:57:19,6.467375463473253
2025-01-02 13:57:20,6.4514115057230885
2025-01-02 13:57:21,6.4025853528677406
2025-01-02 13:57:22,6.2754139913093345
2025-01-02 13:57:23,5.993433987757571
2025-01-02 13:57:24,6.007752207852831
2025-01-02 13:57:25,5.903721720106931
2025-01-02 13:57:26,6.458210541565113
2025-01-02 13:57:27,6.379665091893971
2025-01-02 13:57:28,5.620749103516603
2025-01-02 13:57:29,5.960748170054665
2025-01-02 13:57:30,6.291339557785532
2025-01-02 13:57:31,6.486653156419304
2025-01-02 13:57:32,6.496966255421508
2025-01-02 13:57:33,6.180827510084355
2025-01-02 13:57:34,6.5286743153211475
2025-01-02 13:57:35,6.174774641068877
2025-01-02 13:57:36,6.224640607649032
2025-01-02 13:57:37,5.413233094455668
2025-01-02 13:57:38,6.249959221967602
2025-01-02 13:57:39,6.525117024441459
2025-01-02 13:57:40,5.9407820690823065
2025-01-02 13:57:41,6.2919523549642085
2025-01-02 13:57:42,6.098106292401727
2025-01-02 13:57:43,6.511488981618428
2025-01-02 13:57:44,5.9791130206421705
2025-01-02 13:57:45,6.131831999872204
2025-01-02 13:57:46,6.666915689211151
2025-01-02 13:57:47,6.504690804427858
2025-01-02 13:57:48,6.390879771483024
2025-01-02 13:57:49,5.887638408500988
2025-01-02 13:57:50,5.721347411913056
2025-01-02 13:57:51,6.0824688759301
2025-01-02 13:57:52,5.986781721614952
2025-01-02 13:57:53,6.355107427184359
2025-01-02 13:57:54,6.2661427184360585
2025-01-02 13:57:55,6.652680169445144
2025-01-02 13:57:56,6.156764562513463
2025-01-02 13:57:57,6.55399302630001
2025-01-02 13:57:58,6.249532286352206
2025-01-02 13:57:59,6.428346709552903
2025-01-02 13:58:00,
2025-01-02 13:58:01,5.928659181603573
2025-01-02 13:58:02,5.677165351964596
2025-01-02 13:58:03,6.550753612648302
2025-01-02 13:58:04,6.134285430608657
2025-01-02 13:58:05,6.236297564625818
2025-01-02 13:58:06,6.592598415943336
2025-01-02 13:58:07,6.099630834390605
2025-01-02 13:58:08,5.544137650298944
2025-01-02 13:58:09,5.968596848888502
2025-01-02 13:58:10,6.411432336846316
2025-01-02 13:58:11,6.546477763720235
2025-01-02 13:58:12,6.219497921365837
2025-01-02 13:58:13,6.760464892991681
2025-01-02 13:58:14,6.220138996993136
2025-01-02 13:58:15,5.680731646934834
2025-01-02 13:58:16,6.185951627178335
2025-01-02 13:58:17,5.975468474067888
2025-01-02 13:58:18,5.968754275224701
2025-01-02 13:58:19,6.228375028302694
2025-01-02 13:58:20,6.2181020716766735
2025-01-02 13:58:21,6.460696631396374
2025-01-02 13:58:22,6.063418012662094
2025-01-02 13:58:23,
2025-01-02 13:58:24,5.312589016453393
2025-01-02 13:58:25,6.137727085249525
2025-01-02 13:58:26,6.818779575929023
2025-01-02 13:58:27,5.787976291736313
2025-01-02 13:58:28,6.002440014037637
2025-01-02 13:58:29,5.939096194899491
2025-01-02 13:58:30,6.25094025276775
2025-01-02 13:58:31,5.76028387002778
2025-01-02 13:58:32,6.091448770796837
2025-01-02 13:58:33,6.071569301224062
2025-01-02 13:58:34,6.088677402402464
2025-01-02 13:58:35,5.521785943012259
2025-01-02 13:58:36,6.342220755811737
2025-01-02 13:58:37,5.991378617905445
2025-01-02 13:58:38,6.129096047045795
2025-01-02 13:58:39,6.0105935560005515
2025-01-02 13:58:40,5.997944675249592
2025-01-02 13:58:41,6.136748790819846
2025-01-02 13:58:42,6.1616983921993285
2025-01-02 13:58:43,6.265047021479073
2025-01-02 13:58:44,6.398138043804638
2025-01-02 13:58:45,6.819393998455692
2025-01-02 13:58:46,6.570469005620425
2025-01-02 13:58:47,6.593813377581917
2025-01-02 13:58:48,6.091151985855721
2025-01-02 13:58:49,6.470120217223558
2025-01-02 13:58:50,5.888128652406545
2025-01-02 13:58:51,5.7427622209112075
2025-01-02 13:58:52,5.5696668329977514
2025-01-02 13:58:53,6.032589764325507
2025-01-02 13:58:54,6.1462541603471115
2025-01-02 13:58:55,6.08342203222952
2025-01-02 13:58:56,6.161130778985844
2025-01-02 13:58:57,6.274245695378148
2025-01-02 13:58:58,6.3216589459411505
2025-01-02 13:58:59,6.550358665465984
2025-01-02 13:59:00,6.342753832324787
2025-01-02 13:59:01,6.053522257481837
2025-01-02 13:59:02,6.311409863133519
2025-01-02 13:59:03,5.919358127863312
2025-01-02 13:59:04,6.06171794944879
2025-01-02 13:59:05,6.436900458913938
2025-01-02 13:59:06,6.391679664243223
2025-01-02 13:59:07,6.341119573263588
2025-01-02 13:59:08,6.012607666609214
2025-01-02 13:59:09,6.0769280737336
2025-01-02 13:59:10,6.290588162290896
2025-01-02 13:59:11,6.109606733103148
2025-01-02 13:59:12,5.92081846905745
2025-01-02 13:59:13,6.491289646527679
2025-01-02 13:59:14,6.375875252853777
2025-01-02 13:59:15,5.432737147480492
2025-01-02 13:59:16,6.591215709477617
2025-01-02 13:59:17,6.386138066023346
2025-01-02 13:59:18,5.951849893850341
2025-01-02 13:59:19,6.262112456706487
2025-01-02 13:59:20,6.273742670983576
2025-01-02 13:59:21,6.570148160549888
2025-01-02 13:59:22,6.303167369601419
2025-01-02 13:59:23,6.457003885871468
2025-01-02 13:59:24,6.187303822429342
2025-01-02 13:59:25,6.094602040006599
2025-01-02 13:59:26,5.948381248178934
2025-01-02 13:59:27,
2025-01-02 13:59:28,6.420431798283784
2025-01-02 13:59:29,6.329239075539466
2025-01-02 13:59:30,6.55109329242287
2025-01-02 13:59:31,6.174857931427165
2025-01-02 13:59:32,6.604266301854714
2025-01-02 13:59:33,6.347318745816358
2025-01-02 13:59:34,
2025-01-02 13:59:35,6.352550181007496
2025-01-02 13:59:36,5.9121032167564405
2025-01-02 13:59:37,6.3740431044309
2025-01-02 13:59:38,5.733968920916548
2025-01-02 13:59:39,5.926254036348578
2025-01-02 13:59:40,5.796920761100816
2025-01-02 13:59:41,6.669633034100807
2025-01-02 13:59:42,6.2102733729610975
2025-01-02 13:59:43,6.2047497052253435
2025-01-02 13:59:44,6.248072440841116
2025-01-02 13:59:45,6.165409992505184
2025-01-02 13:59:46,6.04204204735309
2025-01-02 13:59:47,6.3172543624707895
2025-01-02 13:59:48,6.3850233867065835
2025-01-02 13:59:49,6.620649606199305
2025-01-02 13:59:50,6.285168637423014
2025-01-02 13:59:51,5.544741676258748
2025-01-02 13:59:52,6.243580917864381
2025-01-02 13:59:53,5.475379794965445
2025-01-02 13:59:54,6.232498072791483
2025-01-02 13:59:55,5.811745140856245
2025-01-02 13:59:56,
2025-01-02 13:59:57,5.824362118543071
2025-01-02 13:59:58,6.000125383026024
2025-01-02 13:59:59,5.826519527967265
2025-01-02 14:00:00,5.667027272917121
2025-01-02 14:00:01,5.936458308783376
2025-01-02 14:00:02,6.611019316553043
2025-01-02 14:00:03,6.264229292075039
2025-01-02 14:00:04,6.150550596291479
2025-01-02 14:00:05,6.6581569455316165
2025-01-02 14:00:06,6.4753458950942395
2025-01-02 14:00:07,6.2867362169725745
2025-01-02 14:00:08,6.357058177544579
2025-01-02 14:00:09,6.491869356917055
2025-01-02 14:00:10,6.0397333747198285
2025-01-02 14:00:11,6.09857709127946
2025-01-02 14:00:12,6.024248172660777
2025-01-02 14:00:13,6.665449537355664
2025-01-02 14:00:14,6.128969256945033
2025-01-02 14:00:15,5.883168261228144
2025-01-02 14:00:16,5.854880697681587
2025-01-02 14:00:17,6.523323052509228
2025-01-02 14:00:18,6.2620233612661895
2025-01-02 14:00:19,6.477835194291642
2025-01-02 14:00:20,6.664491597465476
2025-01-02 14:00:21,6.087545226826311
2025-01-02 14:00:22,5.597406431132353
2025-01-02 14:00:23,6.195456669244707
2025-01-02 14:00:24,6.004243896622263
2025-01-02 14:00:25,6.551089005708586
2025-01-02 14:00:26,6.355866971935654
2025-01-02 14:00:27,5.859685778508408
2025-01-02 14:00:28,6.17648972512823
2025-01-02 14:00:29,6.0244858378459964
2025-01-02 14:00:30,6.2050248950462885
2025-01-02 14:00:31,6.14812254805373
2025-01-02 14:00:32,5.991727400506705
2025-01-02 14:00:33,6.099704785005644
2025-01-02 14:00:34,5.755390905109215
2025-01-02 14:00:35,6.054229424072001
2025-01-02 14:00:36,5.952906911197875
2025-01-02 14:00:37,6.126843544311267
2025-01-02 14:00:38,
2025-01-02 14:00:39,6.591192986795984
2025-01-02 14:00:40,6.223933456084572
2025-01-02 14:00:41,6.23430966381931
2025-01-02 14:00:42,7.055176461774681
2025-01-02 14:00:43,6.400977314978347
2025-01-02 14:00:44,5.429691982743549
2025-01-02 14:00:45,6.633026525252166
2025-01-02 14:00:46,6.034872152595517
2025-01-02 14:00:47,6.314576385881417
2025-01-02 14:00:48,6.491972668594886
2025-01-02 14:00:49,6.396198410658915
2025-01-02 14:00:50,6.756796131376499
2025-01-02 14:00:51,5.883864380260399
2025-01-02 14:00:52,6.153997838964184
2025-01-02 14:00:53,6.322727759266798
2025-01-02 14:00:54,6.397879296311839
2025-01-02 14:00:55,6.193579063744469
2025-01-02 14:00:56,6.35718750173733
2025-01-02 14:00:57,6.209528427359808
2025-01-02 14:00:58,6.2046868952521095
2025-01-02 14:00:59,6.436311886264204
2025-01-02 14:01:00,5.680032949345992
2025-01-02 14:01:01,6.069538656881871
2025-01-02 14:01:02,5.959069531873629
2025-01-02 14:01:03,6.311996730876646
2025-01-02 14:01:04,6.341176325176873
2025-01-02 14:01:05,6.738418664542383
2025-01-02 14:01:06,6.100275043261172
2025-01-02 14:01:07,6.575962822621997
2025-01-02 14:01:08,5.713218053360448
2025-01-02 14:01:09,5.649307748757203
2025-01-02 14:01:10,6.322259921553461
2025-01-02 14:01:11,6.06774643161533
2025-01-02 14:01:12,6.521806340997632
2025-01-02 14:01:13,6.513436216761007
2025-01-02 14:01:14,6.200372217153195
2025-01-02 14:01:15,5.426752587820677
2025-01-02 14:01:16,5.961315633353028
2025-01-02 14:01:17,6.521438747625744
2025-01-02 14:01:18,6.077699674966046
2025-01-02 14:01:19,6.135004515775736
2025-01-02 14:01:20,6.003155523854678
2025-01-02 14:01:21,5.838254157712005
2025-01-02 14:01:22,6.095500363619462
2025-01-02 14:01:23,5.622260637848145
2025-01-02 14:01:24,5.708990408087909
2025-01-02 14:01:25,6.052870992919878
2025-01-02 14:01:26,5.969805710599816
2025-01-02 14:01:27,5.8318415216446295
2025-01-02 14:01:28,5.944576162576638
2025-01-02 14:01:29,5.804946299489924
2025-01-02 14:01:30,5.7865577647971485
2025-01-02 14:01:31,6.385614705024624
2025-01-02 14:01:32,6.040053808226265
2025-01-02 14:01:33,6.509087715280909
2025-01-02 14:01:34,5.378044808599773
2025-01-02 14:01:35,6.168390045939373
2025-01-02 14:01:36,6.342343870629285
2025-01-02 14:01:37,6.061472444697639
2025-01-02 14:01:38,5.747515069877798
2025-01-02 14:01:39,6.0508836130779695
2025-01-02 14:01:40,6.0709210039337975
2025-01-02 14:01:41,6.086706209341473
2025-01-02 14:01:42,6.409035195855608
2025-01-02 14:01:43,5.898379463869569
2025-01-02 14:01:44,6.055600035784505
2025-01-02 14:01:45,5.841764577877503
2025-01-02 14:01:46,6.133325251634414
2025-01-02 14:01:47,6.2564809216030755
2025-01-02 14:01:48,5.793211817138598
2025-01-02 14:01:49,5.452650677734038
2025-01-02 14:01:50,6.031346891975953
2025-01-02 14:01:51,5.8002768648339424
2025-01-02 14:01:52,6.087627489779393
2025-01-02 14:01:53,6.2245289600476825
2025-01-02 14:01:54,5.863919008553342
2025-01-02 14:01:55,6.207128319985959
2025-01-02 14:01:56,6.518327059406679
2025-01-02 14:01:57,5.979249650762718
2025-01-02 14:01:58,5.822432838424315
2025-01-02 14:01:59,5.725866255443185
2025-01-02 14:02:00,5.982264389050912
2025-01-02 14:02:01,6.438649827799505
2025-01-02 14:02:02,5.953049338404254
2025-01-02 14:02:03,6.150071769441114
2025-01-02 14:02:04,5.940943456284972
2025-01-02 14:02:05,5.716930180197603
2025-01-02 14:02:06,6.118788443506543
2025-01-02 14:02:07,5.94318490017037
2025-01-02 14:02:08,5.943485450581234
2025-01-02 14:02:09,5.767816065090489
2025-01-02 14:02:10,6.0225653948247935
2025-01-02 14:02:11,5.959591249731686
2025-01-02 14:02:12,6.3700323636785035
2025-01-02 14:02:13,5.72318558265316
2025-01-02 14:02:14,6.654359503328203
2025-01-02 14:02:15,5.676400724880232
2025-01-02 14:02:16,6.327310914452601
2025-01-02 14:02:17,6.403637228152703
2025-01-02 14:02:18,5.861811084761487
2025-01-02 14:02:19,5.694295524341994
2025-01-02 14:02:20,5.927839747008442
2025-01-02 14:02:21,6.0817898520351195
2025-01-02 14:02:22,6.037179233144002
2025-01-02 14:02:23,6.548104612579016
2025-01-02 14:02:24,6.0984869934049994
2025-01-02 14:02:25,6.248004121749823
2025-01-02 14:02:26,6.216877209028139
2025-01-02 14:02:27,6.028821676260672
2025-01-02 14:02:28,6.201711900513657
2025-01-02 14:02:29,6.619502778176174
2025-01-02 14:02:30,5.634763904241977
2025-01-02 14:02:31,5.868396524825898
2025-01-02 14:02:32,5.942432566534208
2025-01-02 14:02:33,6.305845504002962
2025-01-02 14:02:34,5.527171140806478
2025-01-02 14:02:35,6.090848589884412
2025-01-02 14:02:36,5.8772153993727985
2025-01-02 14:02:37,5.852623578387616
2025-01-02 14:02:38,6.520661275131529
2025-01-02 14:02:39,5.9262683682751565
2025-01-02 14:02:40,5.994596495408497
2025-01-02 14:02:41,6.344698804715501
2025-01-02 14:02:42,5.621211420292567
2025-01-02 14:02:43,6.321688636057837
2025-01-02 14:02:44,6.4674046753659855
2025-01-02 14:02:45,5.882339405500369
2025-01-02 14:02:46,6.7282160448283195
2025-01-02 14:02:47,6.112538237545674
2025-01-02 14:02:48,5.798363630986278
2025-01-02 14:02:49,6.097176874438217
2025-01-02 14:02:50,6.156787669798459
2025-01-02 14:02:51,5.842391643613765
2025-01-02 14:02:52,6.236578286963363
2025-01-02 14:02:53,5.597984792651662
2025-01-02 14:02:54,6.192205406799919
2025-01-02 14:02:55,5.975274964060403
2025-01-02 14:02:56,6.114915545394957
2025-01-02 14:02:57,5.963254846533616
2025-01-02 14:02:58,6.224251524207411
2025-01-02 14:02:59,6.5155905840498916
2025-01-02 14:03:00,6.523052785378431
2025-01-02 14:03:01,6.071939258930342
2025-01-02 14:03:02,6.358637748606118
2025-01-02 14:03:03,6.654302468827286
2025-01-02 14:03:04,6.114431114685476
2025-01-02 14:03:05,6.144988904465204
2025-01-02 14:03:06,6.169543003884739
2025-01-02 14:03:07,5.984533994033212
2025-01-02 14:03:08,5.82682117476285
2025-01-02 14:03:09,5.942254145263913
2025-01-02 14:03:10,5.978673343821075
2025-01-02 14:03:11,5.702588564522564
2025-01-02 14:03:12,5.7028423714282415
2025-01-02 14:03:13,6.745980657204418
2025-01-02 14:03:14,5.523486773284477
2025-01-02 14:03:15,5.585380097962379
2025-01-02 14:03:16,5.5777139505637665
2025-01-02 14:03:17,5.929576386958026
2025-01-02 14:03:18,6.331680274035794
2025-01-02 14:03:19,6.025508507524221
2025-01-02 14:03:20,6.573015596003043
2025-01-02 14:03:21,5.860962378116327
2025-01-02 14:03:22,6.092331609635426
2025-01-02 14:03:23,6.717746224236029
2025-01-02 14:03:24,6.485745082678974
2025-01-02 14:03:25,5.737291602854633
2025-01-02 14:03:26,6.143030399525618
2025-01-02 14:03:27,5.962288948022327
2025-01-02 14:03:28,6.050013232894036
2025-01-02 14:03:29,6.0203463885079795
2025-01-02 14:03:30,5.975453990955132
2025-01-02 14:03:31,5.59269472050823
2025-01-02 14:03:32,6.113776980123826
2025-01-02 14:03:33,6.27617227275297
2025-01-02 14:03:34,5.757172218948935
2025-01-02 14:03:35,5.894775167994817
2025-01-02 14:03:36,5.916764164280135
2025-01-02 14:03:37,6.155670553390492
2025-01-02 14:03:38,6.712416537612775
2025-01-02 14:03:39,6.33111850664657
2025-01-02 14:03:40,6.220662249839773
2025-01-02 14:03:41,6.663396959319047
2025-01-02 14:03:42,6.096509992630093
2025-01-02 14:03:43,6.2708678645142015
2025-01-02 14:03:44,6.134646602213882
2025-01-02 14:03:45,5.559394988317232
2025-01-02 14:03:46,6.169861581737188
2025-01-02 14:03:47,6.114115909247879
2025-01-02 14:03:48,6.0738488756658136
2025-01-02 14:03:49,6.208386659584736
2025-01-02 14:03:50,5.791085841002694
2025-01-02 14:03:51,6.666054049637713
2025-01-02 14:03:52,5.671162959039814
2025-01-02 14:03:53,6.072297783967562
2025-01-02 14:03:54,5.765698039722301
2025-01-02 14:03:55,5.907493011172469
2025-01-02 14:03:56,6.21731609334015
2025-01-02 14:03:57,5.66185836320077
2025-01-02 14:03:58,6.50027472591736
2025-01-02 14:03:59,5.8944357429270555
2025-01-02 14:04:00,5.55885897193587
2025-01-02 14:04:01,5.824608100528639
2025-01-02 14:04:02,6.088282207965117
2025-01-02 14:04:03,5.516042229514423
2025-01-02 14:04:04,5.684131291471388
2025-01-02 14:04:05,5.893671251815783
2025-01-02 14:04:06,5.790326149278558
2025-01-02 14:04:07,5.931145169264851
2025-01-02 14:04:08,6.166516737334825
2025-01-02 14:04:09,6.28359926483794
2025-01-02 14:04:10,5.775414967104729
2025-01-02 14:04:11,6.05498532094324
2025-01-02 14:04:12,5.6859241716112505
2025-01-02 14:04:13,
2025-01-02 14:04:14,6.225610880310568
2025-01-02 14:04:15,6.6376092961464295
2025-01-02 14:04:16,5.946435516884032
2025-01-02 14:04:17,6.250009596363553
2025-01-02 14:04:18,5.947632270648406
2025-01-02 14:04:19,6.1432834459082475
2025-01-02 14:04:20,5.904801721207722
2025-01-02 14:04:21,6.1777910311051105
2025-01-02 14:04:22,5.844388590188947
2025-01-02 14:04:23,5.610358805573197
2025-01-02 14:04:24,6.56951540419289
2025-01-02 14:04:25,6.207319669467109
2025-01-02 14:04:26,6.342774209887716
2025-01-02 14:04:27,6.34311214338349
2025-01-02 14:04:28,6.210716067025168
2025-01-02 14:04:29,6.367244791788541
2025-01-02 14:04:30,5.8355835816699235
2025-01-02 14:04:31,6.11819266972745
2025-01-02 14:04:32,6.092845559461809
2025-01-02 14:04:33,5.779494923215985
2025-01-02 14:04:34,5.693873997452326
2025-01-02 14:04:35,6.716371479635692
2025-01-02 14:04:36,5.653243742397789
2025-01-02 14:04:37,6.378127122110667
2025-01-02 14:04:38,6.2998603774996305
2025-01-02 14:04:39,7.022095763826861
2025-01-02 14:04:40,5.843699468687859
2025-01-02 14:04:41,6.3632742465244485
2025-01-02 14:04:42,5.90787909433757
2025-01-02 14:04:43,5.981234779882546
2025-01-02 14:04:44,6.248504044935185
2025-01-02 14:04:45,6.51645319891631
2025-01-02 14:04:46,6.0436129172487405
2025-01-02 14:04:47,6.168120244485324
2025-01-02 14:04:48,6.061633785003552
2025-01-02 14:04:49,6.159754381651739
2025-01-02 14:04:50,5.6229090492275935
2025-01-02 14:04:51,6.20608256544052
2025-01-02 14:04:52,6.1593571715658655
2025-01-02 14:04:53,6.4488767635484745
2025-01-02 14:04:54,6.44523952584297
2025-01-02 14:04:55,5.947562407299698
2025-01-02 14:04:56,6.14442385315922
2025-01-02 14:04:57,6.053805667653328
2025-01-02 14:04:58,6.3284574233987
2025-01-02 14:04:59,6.158771736598663
2025-01-02 14:05:00,5.609711101601513
2025-01-02 14:05:01,5.762989511464973
2025-01-02 14:05:02,5.777814016178647
2025-01-02 14:05:03,6.166269093324072
2025-01-02 14:05:04,5.674874541987546
2025-01-02 14:05:05,5.860047692079423
2025-01-02 14:05:06,6.15166640155464
2025-01-02 14:05:07,6.068498161872619
2025-01-02 14:05:08,6.228890257714116
2025-01-02 14:05:09,
2025-01-02 14:05:10,5.588183219326022
2025-01-02 14:05:11,6.162522720394074
2025-01-02 14:05:12,5.925892711242453
2025-01-02 14:05:13,6.128780677740477
2025-01-02 14:05:14,6.090425982211226
2025-01-02 14:05:15,5.44576304612803
2025-01-02 14:05:16,6.248358147222284
2025-01-02 14:05:17,5.9172168797233295
2025-01-02 14:05:18,6.456378007706958
2025-01-02 14:05:19,5.684635120568459
2025-01-02 14:05:20,
2025-01-02 14:05:21,6.1122476510239
2025-01-02 14:05:22,6.171142310201952
2025-01-02 14:05:23,5.657482314932372
2025-01-02 14:05:24,6.089959438349876
2025-01-02 14:05:25,5.626117869113417
2025-01-02 14:05:26,5.946443197064507
2025-01-02 14:05:27,5.938038485807418
2025-01-02 14:05:28,6.040965269009549
2025-01-02 14:05:29,6.357173094903229
2025-01-02 14:05:30,5.741267351750462
2025-01-02 14:05:31,5.920880389289638
2025-01-02 14:05:32,5.684214557110006
2025-01-02 14:05:33,5.629745259004134
2025-01-02 14:05:34,5.853946891165293
2025-01-02 14:05:35,6.529400692862286
2025-01-02 14:05:36,6.109064311000757
2025-01-02 14:05:37,5.984096556804447
2025-01-02 14:05:38,5.947056998362937
2025-01-02 14:05:39,5.642771050011157
2025-01-02 14:05:40,5.534745121617732
2025-01-02 14:05:41,6.487833063566192
2025-01-02 14:05:42,6.30273845416248
2025-01-02 14:05:43,5.98784043575243
2025-01-02 14:05:44,6.007159247100364
2025-01-02 14:05:45,5.642174524255439
2025-01-02 14:05:46,6.116009772233907
2025-01-02 14:05:47,6.285633920724867
2025-01-02 14:05:48,5.777680537298593
2025-01-02 14:05:49,6.0810331612355535
2025-01-02 14:05:50,5.510174692403493
2025-01-02 14:05:51,6.027329201784916
2025-01-02 14:05:52,6.3128369043557
2025-01-02 14:05:53,5.688999117911062
2025-01-02 14:05:54,6.453740398932199
2025-01-02 14:05:55,5.529343779643766
2025-01-02 14:05:56,6.380764622153069
2025-01-02 14:05:57,
2025-01-02 14:05:58,6.047205053020208
2025-01-02 14:05:59,6.058893677672687
2025-01-02 14:06:00,5.977649093828457
2025-01-02 14:06:01,6.035287737719861
2025-01-02 14:06:02,6.351746928414419
2025-01-02 14:06:03,6.206056159652221
2025-01-02 14:06:04,6.182878098787812
2025-01-02 14:06:05,6.012286134095301
2025-01-02 14:06:06,6.336407361749978
2025-01-02 14:06:07,6.713690226290312
2025-01-02 14:06:08,6.244259514791306
2025-01-02 14:06:09,6.44318960617129
2025-01-02 14:06:10,5.530957591892686
2025-01-02 14:06:11,6.304877174334958
2025-01-02 14:06:12,6.072497725296522
2025-01-02 14:06:13,5.962736051894589
2025-01-02 14:06:14,5.8175939771024465
2025-01-02 14:06:15,6.222254893915992
2025-01-02 14:06:16,5.947252400310036
2025-01-02 14:06:17,5.852874897552063
2025-01-02 14:06:18,5.725911022034473
2025-01-02 14:06:19,6.33454441557677
2025-01-02 14:06:20,5.6533429488434015
2025-01-02 14:06:21,5.864079033675348
2025-01-02 14:06:22,5.870069196504655
2025-01-02 14:06:23,6.2113155282564705
2025-01-02 14:06:24,5.607189267962172
2025-01-02 14:06:25,5.769307721967932
2025-01-02 14:06:26,5.845152881073662
2025-01-02 14:06:27,6.134724706907073
2025-01-02 14:06:28,6.254482244007944
2025-01-02 14:06:29,6.075403864400635
2025-01-02 14:06:30,6.28556644022344
2025-01-02 14:06:31,5.792821639142783
2025-01-02 14:06:32,5.757162374807378
2025-01-02 14:06:33,6.234349888493424
2025-01-02 14:06:34,5.968681934025272
2025-01-02 14:06:35,5.828542904199441
2025-01-02 14:06:36,5.909149750907597
2025-01-02 14:06:37,5.423391155739097
2025-01-02 14:06:38,6.2390410961130405
2025-01-02 14:06:39,6.4677803353220025
2025-01-02 14:06:40,5.9422359223170975
2025-01-02 14:06:41,5.388801964712852
2025-01-02 14:06:42,6.425544750866168
2025-01-02 14:06:43,6.076197734976049
2025-01-02 14:06:44,6.289059236514727
2025-01-02 14:06:45,6.315896584958996
2025-01-02 14:06:46,5.93931456955593
2025-01-02 14:06:47,6.233000852870852
2025-01-02 14:06:48,6.181416090911882
2025-01-02 14:06:49,6.475544185346591
2025-01-02 14:06:50,6.264573462544779
2025-01-02 14:06:51,5.652131013807669
2025-01-02 14:06:52,6.137254837345608
2025-01-02 14:06:53,5.733771693123926
2025-01-02 14:06:54,5.420245162974209
2025-01-02 14:06:55,5.869448790125332
2025-01-02 14:06:56,6.493084481393771
2025-01-02 14:06:57,6.3190266454350885
2025-01-02 14:06:58,6.350240593086567
2025-01-02 14:06:59,6.441036456565302
2025-01-02 14:07:00,6.0953881636897655
2025-01-02 14:07:01,6.058571160798241
2025-01-02 14:07:02,6.388187247485353
2025-01-02 14:07:03,5.453426893003396
2025-01-02 14:07:04,5.963154753059751
2025-01-02 14:07:05,6.0493371821942405
2025-01-02 14:07:06,6.022556681811164
2025-01-02 14:07:07,5.86089339260615
2025-01-02 14:07:08,6.3839038484575426
2025-01-02 14:07:09,6.4838376587186035
2025-01-02 14:07:10,5.815619294055594
2025-01-02 14:07:11,5.66075317258316
2025-01-02 14:07:12,5.662796217593182
2025-01-02 14:07:13,5.938425020307417
2025-01-02 14:07:14,6.45672879967248
2025-01-02 14:07:15,6.260742902639317
2025-01-02 14:07:16,5.618134946121277
2025-01-02 14:07:17,5.852017036545741
2025-01-02 14:07:18,5.855101253941564
2025-01-02 14:07:19,5.7500093515485124
2025-01-02 14:07:20,5.923520833144419
2025-01-02 14:07:21,5.759474499957036
2025-01-02 14:07:22,5.649274945544049
2025-01-02 14:07:23,5.822287728622265
2025-01-02 14:07:24,6.513840507641854
2025-01-02 14:07:25,5.949012838024167
2025-01-02 14:07:26,6.275759688024197
2025-01-02 14:07:27,6.387373200817755
2025-01-02 14:07:28,5.666027532310698
2025-01-02 14:07:29,6.6523325867060645
2025-01-02 14:07:30,5.621126704318713
2025-01-02 14:07:31,6.400769657019642
2025-01-02 14:07:32,6.072007288693573
2025-01-02 14:07:33,6.406173912797266
2025-01-02 14:07:34,5.835325749086363
2025-01-02 14:07:35,6.421389995261688
2025-01-02 14:07:36,5.777570861300764
2025-01-02 14:07:37,5.919307572677116
2025-01-02 14:07:38,6.250226679957558
2025-01-02 14:07:39,6.2282937519818145
2025-01-02 14:07:40,6.386431242935664
2025-01-02 14:07:41,5.7799620456250995
2025-01-02 14:07:42,6.219974080337173
2025-01-02 14:07:43,5.842322417282175
2025-01-02 14:07:44,6.439224853084531
2025-01-02 14:07:45,5.672579619256954
2025-01-02 14:07:46,5.590038392298753
2025-01-02 14:07:47,5.579556034960975
2025-01-02 14:07:48,5.88885469493248
2025-01-02 14:07:49,5.80700695136027
2025-01-02 14:07:50,6.235040202814391
2025-01-02 14:07:51,6.194810274434652
2025-01-02 14:07:52,5.538046317959504
2025-01-02 14:07:53,6.10031392913006
2025-01-02 14:07:54,5.127481723385759
2025-01-02 14:07:55,6.098227324519023
2025-01-02 14:07:56,6.050991432046282
2025-01-02 14:07:57,
2025-01-02 14:07:58,5.565046653549619
2025-01-02 14:07:59,5.292307673614656
2025-01-02 14:08:00,5.556696537195527
2025-01-02 14:08:01,6.026594005081062
2025-01-02 14:08:02,
2025-01-02 14:08:03,6.5785240347051
2025-01-02 14:08:04,5.803864225858408
2025-01-02 14:08:05,5.615465965543097
2025-01-02 14:08:06,5.456621725843614
2025-01-02 14:08:07,5.481737841084852
2025-01-02 14:08:08,7.003759544005968
2025-01-02 14:08:09,5.748649817044532
2025-01-02 14:08:10,5.527107435368968
2025-01-02 14:08:11,6.314989919777266
2025-01-02 14:08:12,6.402047429684871
2025-01-02 14:08:13,5.286124285408476
2025-01-02 14:08:14,6.01951992824086
2025-01-02 14:08:15,6.3935887700481775
2025-01-02 14:08:16,5.8912490361979915
2025-01-02 14:08:17,5.793935557288422
2025-01-02 14:08:18,6.005219072090623
2025-01-02 14:08:19,5.733880382743355
2025-01-02 14:08:20,6.048457178739607
2025-01-02 14:08:21,6.058091422476328
2025-01-02 14:08:22,6.1290826240968705
2025-01-02 14:08:23,6.3327347373676535
2025-01-02 14:08:24,6.141356908396411
2025-01-02 14:08:25,5.5640655707505084
2025-01-02 14:08:26,5.589371707458952
2025-01-02 14:08:27,5.927406155176191
2025-01-02 14:08:28,5.659687336867096
2025-01-02 14:08:29,6.46886469496634
2025-01-02 14:08:30,6.113871744873586
2025-01-02 14:08:31,6.031480585020815
2025-01-02 14:08:32,5.898738790202564
2025-01-02 14:08:33,6.220243036533731
2025-01-02 14:08:34,6.110913133771357
2025-01-02 14:08:35,
2025-01-02 14:08:36,5.7067182988847245
2025-01-02 14:08:37,6.2581352785382
2025-01-02 14:08:38,5.934609730973567
2025-01-02 14:08:39,5.828272092776865
2025-01-02 14:08:40,6.6771321759048154
2025-01-02 14:08:41,6.210854195900488
2025-01-02 14:08:42,6.146936904692557
2025-01-02 14:08:43,5.643355554432837
2025-01-02 14:08:44,5.43611682048257
2025-01-02 14:08:45,5.770767484029476
2025-01-02 14:08:46,6.322729470400473
2025-01-02 14:08:47,6.054208539911386
2025-01-02 14:08:48,5.767448509120745
2025-01-02 14:08:49,5.87877005097391
2025-01-02 14:08:50,6.207642984000028
2025-01-02 14:08:51,5.94217782509981
2025-01-02 14:08:52,6.004504783969319
2025-01-02 14:08:53,6.470642479728612
2025-01-02 14:08:54,5.888613463885582
2025-01-02 14:08:55,6.175827064269669
2025-01-02 14:08:56,6.06169681233355
2025-01-02 14:08:57,6.122141677918484
2025-01-02 14:08:58,6.614339066480816
2025-01-02 14:08:59,5.76552012204789
2025-01-02 14:09:00,6.286637857947087
2025-01-02 14:09:01,6.05931913970567
2025-01-02 14:09:02,6.018475573251595
2025-01-02 14:09:03,5.785543365304434
2025-01-02 14:09:04,6.085076320661563
2025-01-02 14:09:05,5.6882158880286875
2025-01-02 14:09:06,5.626723332905299
2025-01-02 14:09:07,5.716063538391384
2025-01-02 14:09:08,
2025-01-02 14:09:09,6.31785621599084
2025-01-02 14:09:10,5.693876927538238
2025-01-02 14:09:11,5.657050156280851
2025-01-02 14:09:12,5.9610814841777815
2025-01-02 14:09:13,6.492867267758891
2025-01-02 14:09:14,6.867417104014015
2025-01-02 14:09:15,5.706353480531682
2025-01-02 14:09:16,6.735911215828822
2025-01-02 14:09:17,6.584620755275399
2025-01-02 14:09:18,6.271803679551039
2025-01-02 14:09:19,5.961106402559795
2025-01-02 14:09:20,5.927580087782006
2025-01-02 14:09:21,6.351523110935185
2025-01-02 14:09:22,6.154203339735907
2025-01-02 14:09:23,6.569792482155444
2025-01-02 14:09:24,6.343395595259519
2025-01-02 14:09:25,6.121111474727721
2025-01-02 14:09:26,5.77904837828213
2025-01-02 14:09:27,5.926924294904036
2025-01-02 14:09:28,6.514724614977162
2025-01-02 14:09:29,6.275616144674494
2025-01-02 14:09:30,6.3356451758015915
2025-01-02 14:09:31,6.673988664123764
2025-01-02 14:09:32,6.38747231968938
2025-01-02 14:09:33,6.07517030962157
2025-01-02 14:09:34,6.22771892715351
2025-01-02 14:09:35,5.855278110845936
2025-01-02 14:09:36,6.223472566788402
2025-01-02 14:09:37,6.120342408183203
2025-01-02 14:09:38,5.974096913817836
2025-01-02 14:09:39,6.707004306930667
2025-01-02 14:09:40,5.740940303919317
2025-01-02 14:09:41,6.248350136912397
2025-01-02 14:09:42,5.923649245239752
2025-01-02 14:09:43,6.374557588912447
2025-01-02 14:09:44,6.039254858900274
2025-01-02 14:09:45,5.711475426061135
2025-01-02 14:09:46,5.815328909630289
2025-01-02 14:09:47,5.912908498849113
2025-01-02 14:09:48,6.420092773422481
2025-01-02 14:09:49,5.451924744328079
2025-01-02 14:09:50,6.076013666771109
2025-01-02 14:09:51,6.299673718167621
2025-01-02 14:09:52,5.873022153436493
2025-01-02 14:09:53,5.537788343019042
2025-01-02 14:09:54,6.319847984584254
2025-01-02 14:09:55,5.451021287086782
2025-01-02 14:09:56,5.6892746812763395
2025-01-02 14:09:57,6.001741128823793
2025-01-02 14:09:58,6.299432670068027
2025-01-02 14:09:59,6.019198249296178
2025-01-02 14:10:00,5.9615465228490745
2025-01-02 14:10:01,5.90993753042804
2025-01-02 14:10:02,
2025-01-02 14:10:03,6.128078482448347
2025-01-02 14:10:04,5.4926279813957315
2025-01-02 14:10:05,6.1082931476235185
2025-01-02 14:10:06,5.90469593861261
2025-01-02 14:10:07,5.612796386917257
2025-01-02 14:10:08,5.158970826104304
2025-01-02 14:10:09,5.836482196960127
2025-01-02 14:10:10,6.160974788597603
2025-01-02 14:10:11,5.912732073805099
2025-01-02 14:10:12,5.821712635254469
2025-01-02 14:10:13,6.025616077661796
2025-01-02 14:10:14,5.828322515913406
2025-01-02 14:10:15,5.441036673733673
2025-01-02 14:10:16,5.7509131779665905
2025-01-02 14:10:17,6.4125707857461345
2025-01-02 14:10:18,5.7017969047618875
2025-01-02 14:10:19,6.194681049441152
2025-01-02 14:10:20,6.083821527517728
2025-01-02 14:10:21,5.69856802706462
2025-01-02 14:10:22,5.985686943326379
2025-01-02 14:10:23,6.024596532384029
2025-01-02 14:10:24,6.165037117934923
2025-01-02 14:10:25,6.0695025924339605
2025-01-02 14:10:26,5.865790557121314
2025-01-02 14:10:27,6.461841907269969
2025-01-02 14:10:28,5.834881042040975
2025-01-02 14:10:29,5.838085953310034
2025-01-02 14:10:30,6.316565294494336
2025-01-02 14:10:31,5.775280591461289
2025-01-02 14:10:32,5.707407512437001
2025-01-02 14:10:33,5.798752049247888
2025-01-02 14:10:34,5.314729937005138
2025-01-02 14:10:35,5.824983619530069
2025-01-02 14:10:36,6.232924346406945
2025-01-02 14:10:37,5.997588863944413
2025-01-02 14:10:38,5.803613673700055
2025-01-02 14:10:39,5.64644736685027
2025-01-02 14:10:40,6.163497051353168
2025-01-02 14:10:41,6.280032003270364
2025-01-02 14:10:42,6.496273759971949
2025-01-02 14:10:43,5.246823699459373
2025-01-02 14:10:44,6.114579384846944
2025-01-02 14:10:45,5.516890673558812
2025-01-02 14:10:46,5.9383978485698075
2025-01-02 14:10:47,
2025-01-02 14:10:48,5.616593720166912
2025-01-02 14:10:49,5.554297729927322
2025-01-02 14:10:50,6.027732790287251
2025-01-02 14:10:51,6.0277604464658
2025-01-02 14:10:52,5.699297697613194
2025-01-02 14:10:53,6.297861850799119
2025-01-02 14:10:54,6.126973799415744
2025-01-02 14:10:55,
2025-01-02 14:10:56,6.218166868881846
2025-01-02 14:10:57,5.969812103648891
2025-01-02 14:10:58,6.162894392765963
2025-01-02 14:10:59,6.257537072882927
2025-01-02 14:11:00,6.1226205307882555
2025-01-02 14:11:01,5.951294259191602
2025-01-02 14:11:02,6.176466241417797
2025-01-02 14:11:03,6.188570372756714
2025-01-02 14:11:04,5.90207545987715
2025-01-02 14:11:05,6.035256111288399
2025-01-02 14:11:06,5.916630272787306
2025-01-02 14:11:07,6.262937168850984
2025-01-02 14:11:08,6.237170706002814
2025-01-02 14:11:09,5.981536384654897
2025-01-02 14:11:10,
2025-01-02 14:11:11,5.746694149773198
2025-01-02 14:11:12,5.974636829191381
2025-01-02 14:11:13,5.452712373567949
2025-01-02 14:11:14,5.759167433926506
2025-01-02 14:11:15,5.702758203748204
2025-01-02 14:11:16,5.2856643300159405
2025-01-02 14:11:17,5.690779566365409
2025-01-02 14:11:18,6.203685195752488
2025-01-02 14:11:19,5.86567459838522
2025-01-02 14:11:20,5.690081095311625
2025-01-02 14:11:21,6.154407119004681
2025-01-02 14:11:22,5.847707043802378
2025-01-02 14:11:23,6.742140695174267
2025-01-02 14:11:24,5.59108705999721
2025-01-02 14:11:25,5.459470795145011
2025-01-02 14:11:26,5.609478014661848
2025-01-02 14:11:27,6.0996740384435775
2025-01-02 14:11:28,6.218328226457556
2025-01-02 14:11:29,6.263274821860398
2025-01-02 14:11:30,5.825306742226694
2025-01-02 14:11:31,5.677925953768425
2025-01-02 14:11:32,5.9231736253442255
2025-01-02 14:11:33,6.353315490370871
2025-01-02 14:11:34,5.61200802001092
2025-01-02 14:11:35,6.361539981901557
2025-01-02 14:11:36,6.155787683785908
2025-01-02 14:11:37,5.869261665625437
2025-01-02 14:11:38,6.2264427214997085
2025-01-02 14:11:39,5.99923508205872
2025-01-02 14:11:40,6.164404396135233
2025-01-02 14:11:41,6.046558430303617
2025-01-02 14:11:42,6.010221594739298
2025-01-02 14:11:43,6.066728464887322
2025-01-02 14:11:44,5.547263516334862
2025-01-02 14:11:45,6.41492552203942
2025-01-02 14:11:46,
2025-01-02 14:11:47,6.075848086478573
2025-01-02 14:11:48,5.76745316122241
2025-01-02 14:11:49,6.078262957246594
2025-01-02 14:11:50,6.173672725102623
2025-01-02 14:11:51,6.629330282410015
2025-01-02 14:11:52,6.04247102335638
2025-01-02 14:11:53,6.132974493116795
2025-01-02 14:11:54,6.394227848915817
2025-01-02 14:11:55,5.945244543840422
2025-01-02 14:11:56,6.254861386902107
2025-01-02 14:11:57,5.8422089162932656
2025-01-02 14:11:58,5.952324698176145
2025-01-02 14:11:59,5.9316110182942925
2025-01-02 14:12:00,6.039736470068575
2025-01-02 14:12:01,5.803200542231685
2025-01-02 14:12:02,6.2763232427529445
2025-01-02 14:12:03,6.405519959717067
2025-01-02 14:12:04,6.068025341428786
2025-01-02 14:12:05,6.059910805768841
2025-01-02 14:12:06,6.196499088394715
2025-01-02 14:12:07,6.032182175508879
2025-01-02 14:12:08,5.641919986991009
2025-01-02 14:12:09,5.739918622313962
2025-01-02 14:12:10,6.246446859701864
2025-01-02 14:12:11,6.314697598639263
2025-01-02 14:12:12,5.913752817102678
2025-01-02 14:12:13,5.931992161253475
2025-01-02 14:12:14,6.0747048631819425
2025-01-02 14:12:15,5.962534044191125
2025-01-02 14:12:16,6.006330643519998
2025-01-02 14:12:17,6.153942571755882
2025-01-02 14:12:18,6.465927814916816
2025-01-02 14:12:19,5.684083275919436
2025-01-02 14:12:20,6.182678858176811
2025-01-02 14:12:21,5.767498287766944
2025-01-02 14:12:22,5.952167763266553
2025-01-02 14:12:23,5.957835002534857
2025-01-02 14:12:24,5.547599330016692
2025-01-02 14:12:25,5.4188019394252835
2025-01-02 14:12:26,
2025-01-02 14:12:27,5.468893695577137
2025-01-02 14:12:28,5.819825821703231
2025-01-02 14:12:29,5.55717644575215
2025-01-02 14:12:30,5.7300819165351085
2025-01-02 14:12:31,6.335075310248283
2025-01-02 14:12:32,6.0569593465180835
2025-01-02 14:12:33,6.289026813554636
2025-01-02 14:12:34,5.8227456048957755
2025-01-02 14:12:35,6.323093872243417
2025-01-02 14:12:36,5.73599465403895
2025-01-02 14:12:37,5.814428819312346
2025-01-02 14:12:38,5.830785057754618
2025-01-02 14:12:39,6.037516745190228
2025-01-02 14:12:40,5.851476579703427
2025-01-02 14:12:41,6.094365473764387
2025-01-02 14:12:42,5.884861438171573
2025-01-02 14:12:43,5.633179579635248
2025-01-02 14:12:44,5.821545289554185
2025-01-02 14:12:45,6.062657969706047
2025-01-02 14:12:46,5.578356060490696
2025-01-02 14:12:47,6.071112129428467
2025-01-02 14:12:48,6.161758463921089
2025-01-02 14:12:49,5.600715611080975
2025-01-02 14:12:50,6.053542171823176
2025-01-02 14:12:51,6.419267621322739
2025-01-02 14:12:52,6.039226975368972
2025-01-02 14:12:53,5.894972350806732
2025-01-02 14:12:54,
2025-01-02 14:12:55,5.879753762527637
2025-01-02 14:12:56,5.4347961981632675
2025-01-02 14:12:57,5.951862675787151
2025-01-02 14:12:58,6.253136314317061
2025-01-02 14:12:59,5.678222616221467
2025-01-02 14:13:00,5.710060534580825
2025-01-02 14:13:01,5.9250484555239735
2025-01-02 14:13:02,5.645403412701376
2025-01-02 14:13:03,6.213095139349111
2025-01-02 14:13:04,6.298102889183663
2025-01-02 14:13:05,6.206880329679045
2025-01-02 14:13:06,5.625849584172515
2025-01-02 14:13:07,6.225516423415094
2025-01-02 14:13:08,5.8946342065456205
2025-01-02 14:13:09,5.5076172433254
2025-01-02 14:13:10,6.3060898564563725
2025-01-02 14:13:11,6.901374222511363
2025-01-02 14:13:12,6.1529778370953725
2025-01-02 14:13:13,5.683411051224541
2025-01-02 14:13:14,5.420331493440808
2025-01-02 14:13:15,6.1957388540532605
2025-01-02 14:13:16,5.937986610021101
2025-01-02 14:13:17,5.678683699783295
2025-01-02 14:13:18,5.8604760598977945
2025-01-02 14:13:19,5.88466338015069
2025-01-02 14:13:20,6.491942552598967
2025-01-02 14:13:21,6.132126625235183
2025-01-02 14:13:22,5.6351666032153505
2025-01-02 14:13:23,6.19796048878682
2025-01-02 14:13:24,5.488920741393503
2025-01-02 14:13:25,5.717865421888031
2025-01-02 14:13:26,5.6469883000191325
2025-01-02 14:13:27,5.5886534977618485
2025-01-02 14:13:28,5.71699082824517
2025-01-02 14:13:29,5.476580635864035
2025-01-02 14:13:30,5.866657272103294
2025-01-02 14:13:31,6.1690917937665155
2025-01-02 14:13:32,6.0460832444799015
2025-01-02 14:13:33,5.670816860826587
2025-01-02 14:13:34,5.8289638384009335
2025-01-02 14:13:35,5.926785784556018
2025-01-02 14:13:36,6.0734492269126426
2025-01-02 14:13:37,5.9385877287807975
2025-01-02 14:13:38,6.140277320655663
2025-01-02 14:13:39,6.379928528577793
2025-01-02 14:13:40,5.704473345315252
2025-01-02 14:13:41,5.597556664210813
2025-01-02 14:13:42,6.161191032185227
2025-01-02 14:13:43,5.60918655327259
2025-01-02 14:13:44,6.0533186234022
2025-01-02 14:13:45,5.910179974550358
2025-01-02 14:13:46,5.496312119754335
2025-01-02 14:13:47,5.789445360229811
2025-01-02 14:13:48,6.004982047957503
2025-01-02 14:13:49,6.1569529765729705
2025-01-02 14:13:50,5.84588799410079
2025-01-02 14:13:51,5.8676501788688284
2025-01-02 14:13:52,5.9157876182281335
2025-01-02 14:13:53,5.91682908516708
2025-01-02 14:13:54,6.351980731639314
2025-01-02 14:13:55,6.139618449412974
2025-01-02 14:13:56,5.752684820152237
2025-01-02 14:13:57,6.079286664463155
2025-01-02 14:13:58,5.991551573366264
2025-01-02 14:13:59,5.610639635734982
2025-01-02 14:14:00,5.728655882288121
2025-01-02 14:14:01,5.633649735234292
2025-01-02 14:14:02,5.801726387634094
2025-01-02 14:14:03,5.90715240510448
2025-01-02 14:14:04,6.214031804355649
2025-01-02 14:14:05,5.828933507337782
2025-01-02 14:14:06,5.8207340013686455
2025-01-02 14:14:07,5.725734868985291
2025-01-02 14:14:08,6.219255960736619
2025-01-02 14:14:09,5.552444635399547
2025-01-02 14:14:10,5.263850349109168
2025-01-02 14:14:11,5.512755084397004
2025-01-02 14:14:12,5.953328801371801
2025-01-02 14:14:13,5.780838602860036
2025-01-02 14:14:14,5.510463999193836
2025-01-02 14:14:15,5.51368225147254
2025-01-02 14:14:16,5.981196533967396
2025-01-02 14:14:17,5.9058198520562835
2025-01-02 14:14:18,5.864924273387397
2025-01-02 14:14:19,5.565998734016184
2025-01-02 14:14:20,6.115871954034931
2025-01-02 14:14:21,6.528722195315511
2025-01-02 14:14:22,5.717905965297624
2025-01-02 14:14:23,5.755429300888745
2025-01-02 14:14:24,
2025-01-02 14:14:25,5.676422938069185
2025-01-02 14:14:26,6.0988947789895915
2025-01-02 14:14:27,5.550850651432303
2025-01-02 14:14:28,5.84194724752907
2025-01-02 14:14:29,6.615991419099665
2025-01-02 14:14:30,5.906601826853585
2025-01-02 14:14:31,6.2305279505229665
2025-01-02 14:14:32,5.546120483662438
2025-01-02 14:14:33,5.875619096978207
2025-01-02 14:14:34,5.589523592304685
2025-01-02 14:14:35,5.854218006366239
2025-01-02 14:14:36,5.89469436167965
2025-01-02 14:14:37,5.536368072704627
2025-01-02 14:14:38,6.031541508901673
2025-01-02 14:14:39,5.706853343668664
2025-01-02 14:14:40,5.951936469715059
2025-01-02 14:14:41,5.748295682029694
2025-01-02 14:14:42,6.0638780100037115
2025-01-02 14:14:43,5.473862994178243
2025-01-02 14:14:44,5.971384614692976
2025-01-02 14:14:45,5.78250974433996
2025-01-02 14:14:46,5.682812441428207
2025-01-02 14:14:47,5.797972009174863
2025-01-02 14:14:48,6.14521962437691
2025-01-02 14:14:49,5.4814425786239935
2025-01-02 14:14:50,5.325797775294909
2025-01-02 14:14:51,6.15041877303982
2025-01-02 14:14:52,5.995195963108108
2025-01-02 14:14:53,5.8741164118715465
2025-01-02 14:14:54,6.113534119835216
2025-01-02 14:14:55,5.94369601518843
2025-01-02 14:14:56,5.621921795514474
2025-01-02 14:14:57,5.859106662866549
2025-01-02 14:14:58,5.981541556543864
2025-01-02 14:14:59,6.746631941510111
2025-01-02 14:15:00,5.9041206328029
2025-01-02 14:15:01,5.957888165864851
2025-01-02 14:15:02,6.034718476113602
2025-01-02 14:15:03,5.869783711256019
2025-01-02 14:15:04,5.803655447620427
2025-01-02 14:15:05,6.004059295786854
2025-01-02 14:15:06,5.323590217785023
2025-01-02 14:15:07,5.4174150214423324
2025-01-02 14:15:08,5.920183471993034
2025-01-02 14:15:09,6.161481312531292
2025-01-02 14:15:10,5.6465821378013015
2025-01-02 14:15:11,6.202478832212789
2025-01-02 14:15:12,5.698889356183721
2025-01-02 14:15:13,6.083440484107463
2025-01-02 14:15:14,6.371124375703758
2025-01-02 14:15:15,5.460275116013706
2025-01-02 14:15:16,5.799921007315832
2025-01-02 14:15:17,6.177393642187624
2025-01-02 14:15:18,5.414986121235121
2025-01-02 14:15:19,5.65331143647984
2025-01-02 14:15:20,6.219542473201755
2025-01-02 14:15:21,5.606096422790182
2025-01-02 14:15:22,5.796640234824662
2025-01-02 14:15:23,5.971605248651904
2025-01-02 14:15:24,5.413559034531831
2025-01-02 14:15:25,5.621851222510524
2025-01-02 14:15:26,5.434745384156248
2025-01-02 14:15:27,5.924563987850608
2025-01-02 14:15:28,5.961315889590979
2025-01-02 14:15:29,5.449698592652232
2025-01-02 14:15:30,5.700543014918109
2025-01-02 14:15:31,5.8263883686672
2025-01-02 14:15:32,6.033283065698559
2025-01-02 14:15:33,6.172543958027192
2025-01-02 14:15:34,5.655826651519835
2025-01-02 14:15:35,5.926369360398318
2025-01-02 14:15:36,5.705653413960554
2025-01-02 14:15:37,5.77852860470936
2025-01-02 14:15:38,6.377833818552165
2025-01-02 14:15:39,5.901661874802919
2025-01-02 14:15:40,6.073149570431989
2025-01-02 14:15:41,6.068582836549442
2025-01-02 14:15:42,6.475447462573296
2025-01-02 14:15:43,6.088990242378221
2025-01-02 14:15:44,5.87314127064973
2025-01-02 14:15:45,6.096220652703149
2025-01-02 14:15:46,5.587772622947869
2025-01-02 14:15:47,5.52998713008738
2025-01-02 14:15:48,5.9083356236005224
2025-01-02 14:15:49,5.451749723466205
2025-01-02 14:15:50,5.6184182024383675
2025-01-02 14:15:51,6.281609892998992
2025-01-02 14:15:52,5.859795082629368
2025-01-02 14:15:53,5.35104248646623
2025-01-02 14:15:54,5.88914519108964
2025-01-02 14:15:55,5.8256091460513115
2025-01-02 14:15:56,5.777951549994827
2025-01-02 14:15:57,5.680033479489895
2025-01-02 14:15:58,5.867239584463482
2025-01-02 14:15:59,5.954416542877233
2025-01-02 14:16:00,5.769933241307675
2025-01-02 14:16:01,6.136414093727196
2025-01-02 14:16:02,5.8654140823600205
2025-01-02 14:16:03,6.158305936452626
2025-01-02 14:16:04,5.674181327616247
2025-01-02 14:16:05,6.2725137664227155
2025-01-02 14:16:06,5.9250624538586365
2025-01-02 14:16:07,5.6860931720916135
2025-01-02 14:16:08,5.9410174371760105
2025-01-02 14:16:09,5.612878205245555
2025-01-02 14:16:10,5.847906784613517
2025-01-02 14:16:11,5.911157196153892
2025-01-02 14:16:12,6.012255131734583
2025-01-02 14:16:13,5.1581186430908454
2025-01-02 14:16:14,6.06434658771369
2025-01-02 14:16:15,5.871495387927774
2025-01-02 14:16:16,5.753957277193836
2025-01-02 14:16:17,5.533936935552383
2025-01-02 14:16:18,5.607997672791972
2025-01-02 14:16:19,5.688053296640005
2025-01-02 14:16:20,5.825817195920282
2025-01-02 14:16:21,6.237357832245912
2025-01-02 14:16:22,6.218502215818858
2025-01-02 14:16:23,6.1091365488861005
2025-01-02 14:16:24,5.897308522256029
2025-01-02 14:16:25,5.820456701461899
2025-01-02 14:16:26,5.624498772889409
2025-01-02 14:16:27,5.796650792759512
2025-01-02 14:16:28,5.499049116951432
2025-01-02 14:16:29,5.821421947381122
2025-01-02 14:16:30,5.782377863032411
2025-01-02 14:16:31,5.694406552216633
2025-01-02 14:16:32,6.31648731693457
2025-01-02 14:16:33,5.894439009004708
2025-01-02 14:16:34,5.617588238041147
2025-01-02 14:16:35,6.121214289189812
2025-01-02 14:16:36,6.120714378955965
2025-01-02 14:16:37,5.977439204339058
2025-01-02 14:16:38,5.792771033676257
2025-01-02 14:16:39,5.8213308450568695
2025-01-02 14:16:40,5.832089613123951
2025-01-02 14:16:41,5.383344834021678
2025-01-02 14:16:42,5.454364377897079
2025-01-02 14:16:43,6.088045370708734
2025-01-02 14:16:44,5.746396846605655
2025-01-02 14:16:45,6.299842755555945
2025-01-02 14:16:46,
2025-01-02 14:16:47,6.165911484350841
2025-01-02 14:16:48,5.716772719415826
2025-01-02 14:16:49,5.931241112152593
2025-01-02 14:16:50,5.862751515913615
2025-01-02 14:16:51,5.870496715842762
2025-01-02 14:16:52,5.8640289833040775
2025-01-02 14:16:53,5.515158365409917
2025-01-02 14:16:54,5.90562185600358
2025-01-02 14:16:55,5.319838946506932
2025-01-02 14:16:56,5.91608996975545
2025-01-02 14:16:57,
2025-01-02 14:16:58,5.844237855946706
2025-01-02 14:16:59,5.981607480848732
2025-01-02 14:17:00,5.411812252127528
2025-01-02 14:17:01,5.865041755559976
2025-01-02 14:17:02,5.448893047733282
2025-01-02 14:17:03,5.6689755396714565
2025-01-02 14:17:04,6.020061149708284
2025-01-02 14:17:05,5.619209539638808
2025-01-02 14:17:06,5.906119467271859
2025-01-02 14:17:07,5.889905663660717
2025-01-02 14:17:08,5.775810100154642
2025-01-02 14:17:09,5.9052989962330935
2025-01-02 14:17:10,5.52731576343212
2025-01-02 14:17:11,5.711310054445017
2025-01-02 14:17:12,
2025-01-02 14:17:13,5.990171396788585
2025-01-02 14:17:14,5.641541110449354
2025-01-02 14:17:15,5.4398063661974705
2025-01-02 14:17:16,5.987745863928005
2025-01-02 14:17:17,5.433152615673457
2025-01-02 14:17:18,5.916413314514416
2025-01-02 14:17:19,5.4655892688781185
2025-01-02 14:17:20,5.898528019711453
2025-01-02 14:17:21,5.635136293664583
2025-01-02 14:17:22,5.970939805471764
2025-01-02 14:17:23,5.669726868995249
2025-01-02 14:17:24,5.919753060832403
2025-01-02 14:17:25,6.141717174525735
2025-01-02 14:17:26,5.510451822222935
2025-01-02 14:17:27,5.530532206095374
2025-01-02 14:17:28,5.684572456503714
2025-01-02 14:17:29,5.830349447767409
2025-01-02 14:17:30,5.836285200562908
2025-01-02 14:17:31,5.691544174681931
2025-01-02 14:17:32,5.397483767507646
2025-01-02 14:17:33,5.7810423197441745
2025-01-02 14:17:34,5.365299752993695
2025-01-02 14:17:35,5.804673068614987
2025-01-02 14:17:36,5.224691034697463
2025-01-02 14:17:37,5.857716555328565
2025-01-02 14:17:38,5.827752239409505
2025-01-02 14:17:39,5.876690908758135
2025-01-02 14:17:40,5.6978029568653605
2025-01-02 14:17:41,6.065837473648206
2025-01-02 14:17:42,5.898969356885843
2025-01-02 14:17:43,5.780386404504489
2025-01-02 14:17:44,5.958794146435607
2025-01-02 14:17:45,5.696318643735632
2025-01-02 14:17:46,6.290730426810502
2025-01-02 14:17:47,5.752439433753194
2025-01-02 14:17:48,5.927344734009073
2025-01-02 14:17:49,5.758530541546522
2025-01-02 14:17:50,5.445577077563581
2025-01-02 14:17:51,6.488348688617052
2025-01-02 14:17:52,5.651864172254056
2025-01-02 14:17:53,6.247420553673182
2025-01-02 14:17:54,5.3437069587676636
2025-01-02 14:17:55,6.269728217416194
2025-01-02 14:17:56,5.370463038903055
2025-01-02 14:17:57,5.373165525047708
2025-01-02 14:17:58,5.4876405822446435
2025-01-02 14:17:59,5.203481383964497
2025-01-02 14:18:00,6.539719771843876
2025-01-02 14:18:01,6.407103445678491
2025-01-02 14:18:02,6.241474431472968
2025-01-02 14:18:03,6.134120788299284
2025-01-02 14:18:04,6.345214199843649
2025-01-02 14:18:05,5.629145627472448
2025-01-02 14:18:06,5.930544616745836
2025-01-02 14:18:07,5.469394824397235
2025-01-02 14:18:08,6.089024503772989
2025-01-02 14:18:09,6.012119521083345
2025-01-02 14:18:10,5.4213757210011515
2025-01-02 14:18:11,5.785552513684108
2025-01-02 14:18:12,5.479989571614876
2025-01-02 14:18:13,5.650654688280477
2025-01-02 14:18:14,5.672956585445575
2025-01-02 14:18:15,5.675412754762867
2025-01-02 14:18:16,6.166362764163718
2025-01-02 14:18:17,6.296584961510164
2025-01-02 14:18:18,5.526389813417543
2025-01-02 14:18:19,5.769722279601199
2025-01-02 14:18:20,5.725239590410858
2025-01-02 14:18:21,6.247613194063869
2025-01-02 14:18:22,5.486449623542728
2025-01-02 14:18:23,5.835556678690739
2025-01-02 14:18:24,6.010396460546379
2025-01-02 14:18:25,5.819887593900249
2025-01-02 14:18:26,4.709423952178065
2025-01-02 14:18:27,6.477772125176943
2025-01-02 14:18:28,5.8348001681624835
2025-01-02 14:18:29,5.395367627196657
2025-01-02 14:18:30,6.35786703654744
2025-01-02 14:18:31,5.280205508035463
2025-01-02 14:18:32,5.789252336181585
2025-01-02 14:18:33,5.913393399799466
2025-01-02 14:18:34,5.676656160149673
2025-01-02 14:18:35,5.657643474164404
2025-01-02 14:18:36,5.498468160200461
2025-01-02 14:18:37,5.894066266260908
2025-01-02 14:18:38,5.556679516979295
2025-01-02 14:18:39,5.525018450836187
2025-01-02 14:18:40,6.1309504341751895
2025-01-02 14:18:41,6.04986165840835
2025-01-02 14:18:42,5.691287371275879
2025-01-02 14:18:43,5.46219290113648
2025-01-02 14:18:44,6.248208395786253
2025-01-02 14:18:45,5.749075363507049
2025-01-02 14:18:46,5.988115828219266
2025-01-02 14:18:47,5.7471359028114835
2025-01-02 14:18:48,5.954957041769601
2025-01-02 14:18:49,
2025-01-02 14:18:50,6.40134842952447
2025-01-02 14:18:51,5.9363158424039675
2025-01-02 14:18:52,6.1267758446507
2025-01-02 14:18:53,5.66423202453872
2025-01-02 14:18:54,4.903097197758346
2025-01-02 14:18:55,5.561678528705631
2025-01-02 14:18:56,5.999903679583356
2025-01-02 14:18:57,6.148290522539751
2025-01-02 14:18:58,5.653920631190009
2025-01-02 14:18:59,5.775114951916011
2025-01-02 14:19:00,5.765912212458467
2025-01-02 14:19:01,6.058445089822812
2025-01-02 14:19:02,6.1837127297726475
2025-01-02 14:19:03,5.723698558397771
2025-01-02 14:19:04,6.040397920733681
2025-01-02 14:19:05,5.351686803167152
2025-01-02 14:19:06,5.461235669558988
2025-01-02 14:19:07,5.561401431521806
2025-01-02 14:19:08,5.4706821012140825
2025-01-02 14:19:09,5.943868581896478
2025-01-02 14:19:10,5.947553708045622
2025-01-02 14:19:11,5.90168252155785
2025-01-02 14:19:12,5.475009467037938
2025-01-02 14:19:13,5.711137261886598
2025-01-02 14:19:14,5.505705339341686
2025-01-02 14:19:15,5.938730742193563
2025-01-02 14:19:16,5.413621804940253
2025-01-02 14:19:17,5.306923193548047
2025-01-02 14:19:18,5.493559820222549
2025-01-02 14:19:19,5.4888989518996665
2025-01-02 14:19:20,
2025-01-02 14:19:21,5.693436499111532
2025-01-02 14:19:22,5.139708025009913
2025-01-02 14:19:23,6.032828990627912
2025-01-02 14:19:24,6.103652826494314
2025-01-02 14:19:25,5.6434160281294075
2025-01-02 14:19:26,5.457978043174055
2025-01-02 14:19:27,5.813845213391504
2025-01-02 14:19:28,5.569711794379101
2025-01-02 14:19:29,5.8066352157742935
2025-01-02 14:19:30,5.029171927460105
2025-01-02 14:19:31,5.762146949421472
2025-01-02 14:19:32,5.717545703458853
2025-01-02 14:19:33,5.665999276764904
2025-01-02 14:19:34,5.513934374822387
2025-01-02 14:19:35,5.525675080071363
2025-01-02 14:19:36,5.088833679037949
2025-01-02 14:19:37,5.591916705418124
2025-01-02 14:19:38,5.3522105701430664
2025-01-02 14:19:39,6.054654494082983
2025-01-02 14:19:40,5.951032902044816
2025-01-02 14:19:41,5.670265480913352
2025-01-02 14:19:42,5.867718220056592
2025-01-02 14:19:43,5.579166468459121
2025-01-02 14:19:44,6.089857431269522
2025-01-02 14:19:45,5.997533421892861
2025-01-02 14:19:46,5.848555404858837
2025-01-02 14:19:47,6.072738181936592
2025-01-02 14:19:48,5.120257297740121
2025-01-02 14:19:49,5.336145788417364
2025-01-02 14:19:50,5.9399925095018125
2025-01-02 14:19:51,5.769277276467274
2025-01-02 14:19:52,6.449326732521789
2025-01-02 14:19:53,5.399488319917933
2025-01-02 14:19:54,5.790015116149916
2025-01-02 14:19:55,6.1627524829300295
2025-01-02 14:19:56,6.445675958167954
2025-01-02 14:19:57,5.756990491354997
2025-01-02 14:19:58,6.033926049524881
2025-01-02 14:19:59,5.739605720084494
2025-01-02 14:20:00,6.1235879889559355
2025-01-02 14:20:01,5.453441563293669
2025-01-02 14:20:02,5.752430189422399
2025-01-02 14:20:03,5.5255764319033975
2025-01-02 14:20:04,5.6012412914515055
2025-01-02 14:20:05,5.679152172673114
2025-01-02 14:20:06,5.8424829809832355
2025-01-02 14:20:07,5.879624233623061
2025-01-02 14:20:08,5.878689245654124
2025-01-02 14:20:09,5.186045804455567
2025-01-02 14:20:10,6.244822852581435
2025-01-02 14:20:11,5.875436213165527
2025-01-02 14:20:12,5.675259083417005
2025-01-02 14:20:13,5.103099281188996
2025-01-02 14:20:14,5.922721691227062
2025-01-02 14:20:15,5.775675637123284
2025-01-02 14:20:16,5.7169246228889
2025-01-02 14:20:17,5.429758879533283
2025-01-02 14:20:18,6.2381055236947995
2025-01-02 14:20:19,5.727770240537312
2025-01-02 14:20:20,5.803336855167958
2025-01-02 14:20:21,5.876463105580671
2025-01-02 14:20:22,5.70652932392208
2025-01-02 14:20:23,5.7303650542726485
2025-01-02 14:20:24,5.919929209907028
2025-01-02 14:20:25,5.846565614028193
2025-01-02 14:20:26,5.32959437668806
2025-01-02 14:20:27,6.008491036102494
2025-01-02 14:20:28,5.387950535954151
2025-01-02 14:20:29,5.448151348173691
2025-01-02 14:20:30,6.005463035897432
2025-01-02 14:20:31,5.438954803792225
2025-01-02 14:20:32,5.810428836077245
2025-01-02 14:20:33,6.103637903975222
2025-01-02 14:20:34,6.081029616149931
2025-01-02 14:20:35,5.565986287922544
2025-01-02 14:20:36,5.425747001418918
2025-01-02 14:20:37,6.004606513366414
2025-01-02 14:20:38,5.360625294461954
2025-01-02 14:20:39,5.421949061630028
2025-01-02 14:20:40,5.56419845341895
2025-01-02 14:20:41,5.838843379480925
2025-01-02 14:20:42,5.4608843869541985
2025-01-02 14:20:43,6.211070274271398
2025-01-02 14:20:44,6.009424233445955
2025-01-02 14:20:45,
2025-01-02 14:20:46,5.8396471951523194
2025-01-02 14:20:47,6.185726134460371
2025-01-02 14:20:48,5.637599350456355
2025-01-02 14:20:49,5.615408175586532
2025-01-02 14:20:50,5.518756583175192
2025-01-02 14:20:51,5.383257669518163
2025-01-02 14:20:52,5.221014389768053
2025-01-02 14:20:53,5.612368504858134
2025-01-02 14:20:54,6.081450928659654
2025-01-02 14:20:55,5.9630433823451385
2025-01-02 14:20:56,5.664024510571547
2025-01-02 14:20:57,5.790633173636074
2025-01-02 14:20:58,5.741583784006385
2025-01-02 14:20:59,5.349880008884
2025-01-02 14:21:00,5.191889981699698
2025-01-02 14:21:01,5.575547773855113
2025-01-02 14:21:02,6.610502370475155
2025-01-02 14:21:03,6.009743474141378
2025-01-02 14:21:04,5.241299421289695
2025-01-02 14:21:05,5.769142357671047
2025-01-02 14:21:06,5.443937642707383
2025-01-02 14:21:07,5.718090729713111
2025-01-02 14:21:08,5.924109343084811
2025-01-02 14:21:09,5.802948715732488
2025-01-02 14:21:10,5.541555677458494
2025-01-02 14:21:11,5.7348740974533
2025-01-02 14:21:12,5.753154107570144
2025-01-02 14:21:13,5.988391743640469
2025-01-02 14:21:14,5.416703142189667
2025-01-02 14:21:15,5.916952956570944
2025-01-02 14:21:16,5.9638855768629995
2025-01-02 14:21:17,5.890624801763004
2025-01-02 14:21:18,5.897900787493099
2025-01-02 14:21:19,5.705256048570958
2025-01-02 14:21:20,5.171287774709962
2025-01-02 14:21:21,5.935008791015915
2025-01-02 14:21:22,5.135875065516802
2025-01-02 14:21:23,5.381944328596501
2025-01-02 14:21:24,5.605540573869676
2025-01-02 14:21:25,6.139156673560075
2025-01-02 14:21:26,5.985864103328756
2025-01-02 14:21:27,5.700324462061698
2025-01-02 14:21:28,5.941176676503536
2025-01-02 14:21:29,5.752504319473622
2025-01-02 14:21:30,5.643908881826586
2025-01-02 14:21:31,5.737299085144257
2025-01-02 14:21:32,5.966743862452844
2025-01-02 14:21:33,5.197674912336452
2025-01-02 14:21:34,5.875011137279829
2025-01-02 14:21:35,5.562459599481654
2025-01-02 14:21:36,6.0231559001136965
2025-01-02 14:21:37,5.431385040526005
2025-01-02 14:21:38,5.766123731678493
2025-01-02 14:21:39,5.939311607056382
2025-01-02 14:21:40,5.6165466390188765
2025-01-02 14:21:41,5.723554169170746
2025-01-02 14:21:42,5.7807405228209365
2025-01-02 14:21:43,6.033132433793514
2025-01-02 14:21:44,5.7442656311574884
2025-01-02 14:21:45,5.950907041168034
2025-01-02 14:21:46,5.446719822859478
2025-01-02 14:21:47,5.823378106341605
2025-01-02 14:21:48,6.1229238585640795
2025-01-02 14:21:49,5.827608684445125
2025-01-02 14:21:50,5.147875239983464
2025-01-02 14:21:51,5.775731304721884
2025-01-02 14:21:52,5.413006466313819
2025-01-02 14:21:53,6.064139340448373
2025-01-02 14:21:54,5.3353381882245445
2025-01-02 14:21:55,5.481632626289643
2025-01-02 14:21:56,6.316386997774233
2025-01-02 14:21:57,5.507793537298985
2025-01-02 14:21:58,5.735129559235761
2025-01-02 14:21:59,5.30513337134901
2025-01-02 14:22:00,5.7519603586008605
2025-01-02 14:22:01,5.624752827716397
2025-01-02 14:22:02,5.402805437023199
2025-01-02 14:22:03,6.223798190996099
2025-01-02 14:22:04,
2025-01-02 14:22:05,5.995754248721931
2025-01-02 14:22:06,5.558907969076624
2025-01-02 14:22:07,5.423608223451905
2025-01-02 14:22:08,5.585729013709715
2025-01-02 14:22:09,6.117154075874599
2025-01-02 14:22:10,5.6814432609776455
2025-01-02 14:22:11,5.856268092435278
2025-01-02 14:22:12,5.731097831360397
2025-01-02 14:22:13,5.627797246916186
2025-01-02 14:22:14,5.877391276580728
2025-01-02 14:22:15,5.387354987309646
2025-01-02 14:22:16,5.951038522534042
2025-01-02 14:22:17,5.66532387615192
2025-01-02 14:22:18,
2025-01-02 14:22:19,
2025-01-02 14:22:20,5.944386898757502
2025-01-02 14:22:21,
2025-01-02 14:22:22,5.912589824658394
2025-01-02 14:22:23,6.017992978190825
2025-01-02 14:22:24,5.522600320740321
2025-01-02 14:22:25,5.671370448300671
2025-01-02 14:22:26,5.568517623781587
2025-01-02 14:22:27,5.760344281350522
2025-01-02 14:22:28,5.270026357330949
2025-01-02 14:22:29,5.186606568270577
2025-01-02 14:22:30,5.626331019129908
2025-01-02 14:22:31,5.983619183135409
2025-01-02 14:22:32,5.677413667026258
2025-01-02 14:22:33,
2025-01-02 14:22:34,6.116188008856185
2025-01-02 14:22:35,5.019071525254857
2025-01-02 14:22:36,6.13202236646794
2025-01-02 14:22:37,5.672654219508931
2025-01-02 14:22:38,5.5214313095932415
2025-01-02 14:22:39,5.77639825313639
2025-01-02 14:22:40,5.934837140078995
2025-01-02 14:22:41,5.718768018182943
2025-01-02 14:22:42,6.089543149275834
2025-01-02 14:22:43,5.294439173648127
2025-01-02 14:22:44,5.375573653295079
2025-01-02 14:22:45,6.145476731322906
2025-01-02 14:22:46,5.814314702773849
2025-01-02 14:22:47,5.980355946336721
2025-01-02 14:22:48,5.094381441182287
2025-01-02 14:22:49,5.281529344749192
2025-01-02 14:22:50,5.437600972879303
2025-01-02 14:22:51,5.251259762887315
2025-01-02 14:22:52,5.921098861186091
2025-01-02 14:22:53,5.74818472634887
2025-01-02 14:22:54,5.537671764500915
2025-01-02 14:22:55,5.718939460838963
2025-01-02 14:22:56,5.2315768122299815
2025-01-02 14:22:57,5.6191441302366405
2025-01-02 14:22:58,5.986916751081118
2025-01-02 14:22:59,5.9821206081293195
2025-01-02 14:23:00,6.082878888440337
2025-01-02 14:23:01,5.739465961023968
2025-01-02 14:23:02,5.807199557220979
2025-01-02 14:23:03,5.502027725818825
2025-01-02 14:23:04,5.420301287302509
2025-01-02 14:23:05,5.722228208545355
2025-01-02 14:23:06,5.670122638182591
2025-01-02 14:23:07,5.846270456237245
2025-01-02 14:23:08,6.069035441010225
2025-01-02 14:23:09,5.777996749440262
2025-01-02 14:23:10,5.648365949485926
2025-01-02 14:23:11,5.339906186299611
2025-01-02 14:23:12,6.029841143176314
2025-01-02 14:23:13,5.866316205108528
2025-01-02 14:23:14,5.569023483916949
2025-01-02 14:23:15,5.951185227697637
2025-01-02 14:23:16,5.325928443477881
2025-01-02 14:23:17,5.445736775842805
2025-01-02 14:23:18,5.385909431681737
2025-01-02 14:23:19,5.54493935744316
2025-01-02 14:23:20,6.101560519944612
2025-01-02 14:23:21,5.873887924660398
2025-01-02 14:23:22,5.788085385767502
2025-01-02 14:23:23,5.894430315970479
2025-01-02 14:23:24,5.987099094794999
2025-01-02 14:23:25,5.892044564921394
2025-01-02 14:23:26,5.4575420274498425
2025-01-02 14:23:27,5.763788526186802
2025-01-02 14:23:28,5.524775350525148
2025-01-02 14:23:29,5.566667972850516
2025-01-02 14:23:30,5.894040481551944
2025-01-02 14:23:31,5.201015770253142
2025-01-02 14:23:32,5.830525159450122
2025-01-02 14:23:33,5.581020285272134
2025-01-02 14:23:34,5.489594545636063
2025-01-02 14:23:35,5.230528292284769
2025-01-02 14:23:36,5.619327515342748
2025-01-02 14:23:37,5.764875514798061
2025-01-02 14:23:38,5.2576966256154005
2025-01-02 14:23:39,5.740520483455838
2025-01-02 14:23:40,5.750980202678357
2025-01-02 14:23:41,5.823780268000371
2025-01-02 14:23:42,5.704665200788602
2025-01-02 14:23:43,5.698081631446237
2025-01-02 14:23:44,6.155678070142164
2025-01-02 14:23:45,5.1950337860896205
2025-01-02 14:23:46,5.205202314722689
2025-01-02 14:23:47,5.885336666267884
2025-01-02 14:23:48,5.5866824341724515
2025-01-02 14:23:49,5.840287485770718
2025-01-02 14:23:50,5.475928128888801
2025-01-02 14:23:51,5.874025246687994
2025-01-02 14:23:52,5.795847915993692
2025-01-02 14:23:53,5.456734665025075
2025-01-02 14:23:54,5.446241399949818
2025-01-02 14:23:55,5.316844442524203
2025-01-02 14:23:56,5.33951038366167
2025-01-02 14:23:57,5.886771466205303
2025-01-02 14:23:58,5.2930842707774595
2025-01-02 14:23:59,5.4610702964010605
2025-01-02 14:24:00,5.357795307996675
2025-01-02 14:24:01,5.766545290632304
2025-01-02 14:24:02,6.139085718755452
2025-01-02 14:24:03,6.198954978955922
2025-01-02 14:24:04,6.000408792008351
2025-01-02 14:24:05,6.223233658465513
2025-01-02 14:24:06,5.138782314897366
2025-01-02 14:24:07,5.012532003424448
2025-01-02 14:24:08,5.7552311313655204
2025-01-02 14:24:09,5.535822759655176
2025-01-02 14:24:10,5.147915438899069
2025-01-02 14:24:11,5.488126204654499
2025-01-02 14:24:12,5.110336194099888
2025-01-02 14:24:13,5.631101168858202
2025-01-02 14:24:14,5.796325392806752
2025-01-02 14:24:15,5.962045591759874
2025-01-02 14:24:16,5.452683177647259
2025-01-02 14:24:17,5.844829435458878
2025-01-02 14:24:18,5.332705633484616
2025-01-02 14:24:19,5.161716620500336
2025-01-02 14:24:20,5.783460293852921
2025-01-02 14:24:21,5.7706774725915775
2025-01-02 14:24:22,6.089229035918392
2025-01-02 14:24:23,
2025-01-02 14:24:24,6.2467974790248455
2025-01-02 14:24:25,5.668331144897836
2025-01-02 14:24:26,6.233759154339568
2025-01-02 14:24:27,6.290395377866458
2025-01-02 14:24:28,5.752826014586957
2025-01-02 14:24:29,6.100384670606569
2025-01-02 14:24:30,5.238171118503982
2025-01-02 14:24:31,5.950289662855794
2025-01-02 14:24:32,5.734098707023743
2025-01-02 14:24:33,5.393935016563342
2025-01-02 14:24:34,5.628375694659944
2025-01-02 14:24:35,5.885047391716396
2025-01-02 14:24:36,5.685075965300213
2025-01-02 14:24:37,5.4944006670374925
2025-01-02 14:24:38,5.642197322761195
2025-01-02 14:24:39,6.241123852971739
2025-01-02 14:24:40,6.019946556411644
2025-01-02 14:24:41,5.672016899007085
2025-01-02 14:24:42,5.565665186101071
2025-01-02 14:24:43,5.298836348068684
2025-01-02 14:24:44,5.884501001350581
2025-01-02 14:24:45,6.299792385546953
2025-01-02 14:24:46,5.71571593142647
2025-01-02 14:24:47,5.337746542846939
2025-01-02 14:24:48,5.829765084743854
2025-01-02 14:24:49,5.7592283980319365
2025-01-02 14:24:50,5.567210309058791
2025-01-02 14:24:51,5.533472868879621
2025-01-02 14:24:52,6.043683241002736
2025-01-02 14:24:53,5.83282260843975
2025-01-02 14:24:54,5.336832419986247
2025-01-02 14:24:55,5.347378734822305
2025-01-02 14:24:56,5.519539078132025
2025-01-02 14:24:57,5.183749097931872
2025-01-02 14:24:58,5.69325225608482
2025-01-02 14:24:59,5.55677700896245
2025-01-02 14:25:00,5.5527360398802665
2025-01-02 14:25:01,5.194827153252557
2025-01-02 14:25:02,4.832104918381156
2025-01-02 14:25:03,5.582268749336252
2025-01-02 14:25:04,
2025-01-02 14:25:05,5.284365701001739
2025-01-02 14:25:06,5.824971904516926
2025-01-02 14:25:07,5.308652385565386
2025-01-02 14:25:08,5.884671609101108
2025-01-02 14:25:09,5.515557485400071
2025-01-02 14:25:10,
2025-01-02 14:25:11,5.495953663579371
2025-01-02 14:25:12,5.825938568714949
2025-01-02 14:25:13,5.754401878263686
2025-01-02 14:25:14,5.945583280072864
2025-01-02 14:25:15,6.048204137517512
2025-01-02 14:25:16,5.01626668848035
2025-01-02 14:25:17,5.0238130552806055
2025-01-02 14:25:18,6.129432801842042
2025-01-02 14:25:19,5.652612809251061
2025-01-02 14:25:20,5.913407755357715
2025-01-02 14:25:21,5.633671096357055
2025-01-02 14:25:22,6.346799508772015
2025-01-02 14:25:23,5.4173744868481375
2025-01-02 14:25:24,4.870622122949346
2025-01-02 14:25:25,5.529604775787088
2025-01-02 14:25:26,5.778939088451438
2025-01-02 14:25:27,5.967777782000589
2025-01-02 14:25:28,5.578140941778293
2025-01-02 14:25:29,5.602993499550103
2025-01-02 14:25:30,5.32221029175366
2025-01-02 14:25:31,5.13079588241503
2025-01-02 14:25:32,5.6077423690557
2025-01-02 14:25:33,5.598334754392654
2025-01-02 14:25:34,5.847735145232595
2025-01-02 14:25:35,6.534983030373496
2025-01-02 14:25:36,5.776876972976614
2025-01-02 14:25:37,6.020754836550233
2025-01-02 14:25:38,5.269770839234095
2025-01-02 14:25:39,
2025-01-02 14:25:40,5.627841362034607
2025-01-02 14:25:41,5.514303952403324
2025-01-02 14:25:42,5.59407051890937
2025-01-02 14:25:43,5.517971314917786
2025-01-02 14:25:44,5.965450513150234
2025-01-02 14:25:45,5.985351419412675
2025-01-02 14:25:46,5.8178197209944535
2025-01-02 14:25:47,5.760520299792688
2025-01-02 14:25:48,5.3047976232912495
2025-01-02 14:25:49,5.657156215358133
2025-01-02 14:25:50,5.668773139244935
2025-01-02 14:25:51,5.193315283660125
2025-01-02 14:25:52,5.708169661866774
2025-01-02 14:25:53,5.921136343327518
2025-01-02 14:25:54,5.0474175900830085
2025-01-02 14:25:55,5.629609641183191
2025-01-02 14:25:56,5.810948636260499
2025-01-02 14:25:57,5.812121576669359
2025-01-02 14:25:58,5.690647306417831
2025-01-02 14:25:59,5.5966296298227665
2025-01-02 14:26:00,5.829092934632661
2025-01-02 14:26:01,5.265338982890209
2025-01-02 14:26:02,5.132768464711979
2025-01-02 14:26:03,5.9656861551189255
2025-01-02 14:26:04,5.680221725394209
2025-01-02 14:26:05,5.960181722905491
2025-01-02 14:26:06,5.312802877967045
2025-01-02 14:26:07,5.679454557105177
2025-01-02 14:26:08,5.664212227873689
2025-01-02 14:26:09,6.133873773702612
2025-01-02 14:26:10,5.289116492649135
2025-01-02 14:26:11,6.102225778142055
2025-01-02 14:26:12,5.622440968367252
2025-01-02 14:26:13,5.565357495056848
2025-01-02 14:26:14,5.380938972567544
2025-01-02 14:26:15,5.752694254398016
2025-01-02 14:26:16,5.529970095623692
2025-01-02 14:26:17,6.159819208590783
2025-01-02 14:26:18,5.466100193095973
2025-01-02 14:26:19,6.047342788501808
2025-01-02 14:26:20,5.15285005704921
2025-01-02 14:26:21,5.365376377652682
2025-01-02 14:26:22,5.335492050209134
2025-01-02 14:26:23,5.337708936424308
2025-01-02 14:26:24,5.980232049022058
2025-01-02 14:26:25,5.432441855623286
2025-01-02 14:26:26,5.915347269839022
2025-01-02 14:26:27,5.457106144257612
2025-01-02 14:26:28,5.6139687700845045
2025-01-02 14:26:29,5.354952568149663
2025-01-02 14:26:30,5.557129219715289
2025-01-02 14:26:31,5.4721276193309905
2025-01-02 14:26:32,6.16180814272024
2025-01-02 14:26:33,5.8920332742847465
2025-01-02 14:26:34,5.97803033596566
2025-01-02 14:26:35,5.275105654001947
2025-01-02 14:26:36,5.884457371986364
2025-01-02 14:26:37,5.704521266309848
2025-01-02 14:26:38,5.532062008167878
2025-01-02 14:26:39,5.61094118728275
2025-01-02 14:26:40,5.962700708589184
2025-01-02 14:26:41,5.916927235235523
2025-01-02 14:26:42,5.391844582536685
2025-01-02 14:26:43,4.850351056039712
2025-01-02 14:26:44,5.324799342224416
2025-01-02 14:26:45,5.803417381845342
2025-01-02 14:26:46,5.88940753836832
2025-01-02 14:26:47,5.495044552425051
2025-01-02 14:26:48,5.652685193516434
2025-01-02 14:26:49,5.526355188361234
2025-01-02 14:26:50,5.532017831485505
2025-01-02 14:26:51,5.407550173466102
2025-01-02 14:26:52,5.550588145413805
2025-01-02 14:26:53,6.171702876388821
2025-01-02 14:26:54,5.302327691106172
2025-01-02 14:26:55,5.499431604382507
2025-01-02 14:26:56,5.626881684663219
2025-01-02 14:26:57,5.400004609394122
2025-01-02 14:26:58,5.318557713778789
2025-01-02 14:26:59,5.4851759708965355
2025-01-02 14:27:00,5.747863132835392
2025-01-02 14:27:01,5.535035800671299
2025-01-02 14:27:02,5.848948286287228
2025-01-02 14:27:03,5.6515384185173145
2025-01-02 14:27:04,5.74085054044185
2025-01-02 14:27:05,5.141747683112875
2025-01-02 14:27:06,5.499338018034715
2025-01-02 14:27:07,5.448007997743234
2025-01-02 14:27:08,5.181598566400593
2025-01-02 14:27:09,5.222354005331947
2025-01-02 14:27:10,5.344172897210514
2025-01-02 14:27:11,5.235260968401152
2025-01-02 14:27:12,5.079475164799988
2025-01-02 14:27:13,5.296372410852252
2025-01-02 14:27:14,5.683299887099654
2025-01-02 14:27:15,5.16873322334328
2025-01-02 14:27:16,5.382490529364725
2025-01-02 14:27:17,6.067029584272176
2025-01-02 14:27:18,5.586140736486762
2025-01-02 14:27:19,5.642555524271881
2025-01-02 14:27:20,5.642226902099337
2025-01-02 14:27:21,5.764253112233575
2025-01-02 14:27:22,5.761761428892426
2025-01-02 14:27:23,5.7670748501540485
2025-01-02 14:27:24,5.621599124437768
2025-01-02 14:27:25,5.70275794956708
2025-01-02 14:27:26,5.3945843862307346
2025-01-02 14:27:27,5.747657404285142
2025-01-02 14:27:28,5.95778324748593
2025-01-02 14:27:29,5.516070924322807
2025-01-02 14:27:30,5.0839159257407465
2025-01-02 14:27:31,6.362891522865821
2025-01-02 14:27:32,5.6812301904432845
2025-01-02 14:27:33,5.425705666076762
2025-01-02 14:27:34,5.580965850710697
2025-01-02 14:27:35,4.520800909627623
2025-01-02 14:27:36,5.284156136469399
2025-01-02 14:27:37,5.299417953061295
2025-01-02 14:27:38,5.628210342574245
2025-01-02 14:27:39,5.95044327981306
2025-01-02 14:27:40,5.147309643378729
2025-01-02 14:27:41,5.620702253292829
2025-01-02 14:27:42,5.08951002565898
2025-01-02 14:27:43,6.237811391178167
2025-01-02 14:27:44,5.363649646767541
2025-01-02 14:27:45,5.295892209928911
2025-01-02 14:27:46,
2025-01-02 14:27:47,5.004992477117477
2025-01-02 14:27:48,5.497621985063327
2025-01-02 14:27:49,5.297164253244735
2025-01-02 14:27:50,5.921548753346843
2025-01-02 14:27:51,5.974507891290247
2025-01-02 14:27:52,5.709759043559507
2025-01-02 14:27:53,5.961728801123009
2025-01-02 14:27:54,5.166584957404547
2025-01-02 14:27:55,5.311961746546008
2025-01-02 14:27:56,5.184670782550839
2025-01-02 14:27:57,4.970180595846611
2025-01-02 14:27:58,5.616200010225513
2025-01-02 14:27:59,6.0143109792850655
2025-01-02 14:28:00,5.6974879300239625
2025-01-02 14:28:01,5.968003591395115
2025-01-02 14:28:02,5.548201885058718
2025-01-02 14:28:03,6.046821744815551
2025-01-02 14:28:04,5.880341502068265
2025-01-02 14:28:05,5.518550025010419
2025-01-02 14:28:06,5.212181150295249
2025-01-02 14:28:07,6.013715957828934
2025-01-02 14:28:08,5.442270001572301
2025-01-02 14:28:09,5.42549202282375
2025-01-02 14:28:10,5.341622607067623
2025-01-02 14:28:11,6.2076212251157585
2025-01-02 14:28:12,5.719923592557802
2025-01-02 14:28:13,5.526112872672036
2025-01-02 14:28:14,5.891760692778073
2025-01-02 14:28:15,5.6105244138276955
2025-01-02 14:28:16,5.675008673503761
2025-01-02 14:28:17,5.659677167100182
2025-01-02 14:28:18,5.3953991075855585
2025-01-02 14:28:19,5.411734949545648
2025-01-02 14:28:20,5.468274918485339
2025-01-02 14:28:21,5.675913651899578
2025-01-02 14:28:22,5.4303293849125245
2025-01-02 14:28:23,5.241308505450383
2025-01-02 14:28:24,5.22407427462895
2025-01-02 14:28:25,6.029643261801112
2025-01-02 14:28:26,6.3579373346731645
2025-01-02 14:28:27,5.719713423465119
2025-01-02 14:28:28,6.2467080001155715
2025-01-02 14:28:29,5.329963610812776
2025-01-02 14:28:30,5.441936016069075
2025-01-02 14:28:31,6.126075777395237
2025-01-02 14:28:32,5.396547325765802
2025-01-02 14:28:33,6.178815189847575
2025-01-02 14:28:34,4.819562535596581
2025-01-02 14:28:35,5.126976947267446
2025-01-02 14:28:36,5.771866903706856
2025-01-02 14:28:37,5.081331971102301
2025-01-02 14:28:38,5.926101166604949
2025-01-02 14:28:39,5.783201463270762
2025-01-02 14:28:40,
2025-01-02 14:28:41,5.531260196289823
2025-01-02 14:28:42,5.832856102178662
2025-01-02 14:28:43,5.161494397238994
2025-01-02 14:28:44,5.580568723317357
2025-01-02 14:28:45,5.550543579065898
2025-01-02 14:28:46,5.56263634277879
2025-01-02 14:28:47,6.150285254977637
2025-01-02 14:28:48,6.165818380226673
2025-01-02 14:28:49,4.947005753941724
2025-01-02 14:28:50,6.05535930650234
2025-01-02 14:28:51,5.441449934540764
2025-01-02 14:28:52,5.602740129487289
2025-01-02 14:28:53,5.5363759643027555
2025-01-02 14:28:54,5.807887545467126
2025-01-02 14:28:55,5.394321261716838
2025-01-02 14:28:56,4.956438650728958
2025-01-02 14:28:57,5.599656335700991
2025-01-02 14:28:58,4.823506198797685
2025-01-02 14:28:59,5.459437467176826
2025-01-02 14:29:00,5.611324499730398
2025-01-02 14:29:01,5.588839908087941
2025-01-02 14:29:02,5.6939793304879105
2025-01-02 14:29:03,5.967537395136495
2025-01-02 14:29:04,5.6838216860479385
2025-01-02 14:29:05,5.816234263222341
2025-01-02 14:29:06,5.710373652052894
2025-01-02 14:29:07,5.4469678644622865
2025-01-02 14:29:08,6.104468910536737
2025-01-02 14:29:09,5.5028774159381895
2025-01-02 14:29:10,6.151669585549818
2025-01-02 14:29:11,5.145711719469417
2025-01-02 14:29:12,5.56394753790012
2025-01-02 14:29:13,5.414002079788592
2025-01-02 14:29:14,5.241577540715934
2025-01-02 14:29:15,5.800044598141688
2025-01-02 14:29:16,5.186551089737437
2025-01-02 14:29:17,5.5841213612698715
2025-01-02 14:29:18,5.785523558478411
2025-01-02 14:29:19,5.444231619872422
2025-01-02 14:29:20,5.63077326593606
2025-01-02 14:29:21,5.498717801861778
2025-01-02 14:29:22,5.669154475487114
2025-01-02 14:29:23,5.324600279807929
2025-01-02 14:29:24,5.54951768950545
2025-01-02 14:29:25,5.4962259633298345
2025-01-02 14:29:26,5.239386240748756
2025-01-02 14:29:27,5.613823097575213
2025-01-02 14:29:28,5.733023344327267
2025-01-02 14:29:29,6.169093809302517
2025-01-02 14:29:30,5.329071487011635
2025-01-02 14:29:31,5.682446712536768
2025-01-02 14:29:32,5.213156841445073
2025-01-02 14:29:33,5.589524527624073
2025-01-02 14:29:34,5.238555984460365
2025-01-02 14:29:35,5.927170721179038
2025-01-02 14:29:36,5.740361590638046
2025-01-02 14:29:37,5.492540890398896
2025-01-02 14:29:38,5.840965493107529
2025-01-02 14:29:39,5.335669757721257
2025-01-02 14:29:40,5.587641133909865
2025-01-02 14:29:41,5.366301037824663
2025-01-02 14:29:42,5.6398200034624235
2025-01-02 14:29:43,5.143086055130435
2025-01-02 14:29:44,5.305794588416163
2025-01-02 14:29:45,5.489710547882425
2025-01-02 14:29:46,5.037415654042996
2025-01-02 14:29:47,5.290965855332197
2025-01-02 14:29:48,5.1798409020481495
2025-01-02 14:29:49,5.904631228454088
2025-01-02 14:29:50,5.713196121925479
2025-01-02 14:29:51,5.406759494829428
2025-01-02 14:29:52,4.972523121568195
2025-01-02 14:29:53,5.780691511277423
2025-01-02 14:29:54,5.659866316540911
2025-01-02 14:29:55,5.839461351008737
2025-01-02 14:29:56,5.785210295099581
2025-01-02 14:29:57,5.6064436865018905
2025-01-02 14:29:58,5.568100399544903
2025-01-02 14:29:59,5.282900835894018
2025-01-02 14:30:00,5.32745814042334
2025-01-02 14:30:01,5.562462342747196
2025-01-02 14:30:02,6.142835965167361
2025-01-02 14:30:03,5.666872535722731
2025-01-02 14:30:04,6.072698975744494
2025-01-02 14:30:05,5.450914198843645
2025-01-02 14:30:06,5.309908454897669
2025-01-02 14:30:07,5.5750833550316825
2025-01-02 14:30:08,4.924179894421469
2025-01-02 14:30:09,5.7264397491467545
2025-01-02 14:30:10,6.140725019078915
2025-01-02 14:30:11,5.169144638836676
2025-01-02 14:30:12,5.340836296721982
2025-01-02 14:30:13,5.837293846265381
2025-01-02 14:30:14,5.300196534485819
2025-01-02 14:30:15,5.923343641006156
2025-01-02 14:30:16,5.654844023263098
2025-01-02 14:30:17,5.763793380217733
2025-01-02 14:30:18,5.412735084826417
2025-01-02 14:30:19,5.280191789315391
2025-01-02 14:30:20,5.285741846074052
2025-01-02 14:30:21,5.579056967907294
2025-01-02 14:30:22,5.6803384658503955
2025-01-02 14:30:23,5.222217901029884
2025-01-02 14:30:24,5.862842795109621
2025-01-02 14:30:25,5.886423974366314
2025-01-02 14:30:26,5.690938756530976
2025-01-02 14:30:27,5.477869349679523
2025-01-02 14:30:28,5.211204001569476
2025-01-02 14:30:29,5.386764006339106
2025-01-02 14:30:30,5.1788176776560695
2025-01-02 14:30:31,5.4496235028619875
2025-01-02 14:30:32,4.930714958983801
2025-01-02 14:30:33,5.363405270584653
2025-01-02 14:30:34,5.579891529278367
2025-01-02 14:30:35,5.558452240866361
2025-01-02 14:30:36,5.252205660893876
2025-01-02 14:30:37,5.611676785981048
2025-01-02 14:30:38,5.456787913433036
2025-01-02 14:30:39,5.002124071178324
2025-01-02 14:30:40,5.035282455470208
2025-01-02 14:30:41,5.655032082541696
2025-01-02 14:30:42,5.670787480432459
2025-01-02 14:30:43,5.719402867613433
2025-01-02 14:30:44,4.9167389815977955
2025-01-02 14:30:45,5.675398378995593
2025-01-02 14:30:46,5.546161439555895
2025-01-02 14:30:47,5.806877148326325
2025-01-02 14:30:48,5.885716037858537
2025-01-02 14:30:49,5.548139889091089
2025-01-02 14:30:50,5.630891989258709
2025-01-02 14:30:51,5.0980732835532505
2025-01-02 14:30:52,5.809802489467626
2025-01-02 14:30:53,5.73375896719022
2025-01-02 14:30:54,5.256194462022697
2025-01-02 14:30:55,5.781895268979461
2025-01-02 14:30:56,5.29685122806872
2025-01-02 14:30:57,4.927336578444167
2025-01-02 14:30:58,5.416042045918172
2025-01-02 14:30:59,5.526267192001464
2025-01-02 14:31:00,5.526930931386135
2025-01-02 14:31:01,5.0531384594236055
2025-01-02 14:31:02,4.863832659266046
2025-01-02 14:31:03,5.715520919466304
2025-01-02 14:31:04,5.514009880610217
2025-01-02 14:31:05,5.894114941209847
2025-01-02 14:31:06,5.764416847528709
2025-01-02 14:31:07,5.307920774901779
2025-01-02 14:31:08,6.2156380396387405
2025-01-02 14:31:09,5.5479071430937745
2025-01-02 14:31:10,5.617328076576056
2025-01-02 14:31:11,5.971765366052521
2025-01-02 14:31:12,5.927892806437278
2025-01-02 14:31:13,5.8401364235522735
2025-01-02 14:31:14,5.412544892994938
2025-01-02 14:31:15,5.428176168807993
2025-01-02 14:31:16,5.1986444810026144
2025-01-02 14:31:17,5.377282679796237
2025-01-02 14:31:18,5.185054697995057
2025-01-02 14:31:19,5.686502440234105
2025-01-02 14:31:20,5.880911177245906
2025-01-02 14:31:21,5.4018461808174845
2025-01-02 14:31:22,6.008011881412543
2025-01-02 14:31:23,5.655870510818701
2025-01-02 14:31:24,5.619126234723035
2025-01-02 14:31:25,5.45671501279256
2025-01-02 14:31:26,5.954499438536553
2025-01-02 14:31:27,5.920152466312802
2025-01-02 14:31:28,5.333674993822703
2025-01-02 14:31:29,5.619618612284105
2025-01-02 14:31:30,5.346693885711692
2025-01-02 14:31:31,5.389969095898164
2025-01-02 14:31:32,5.95086120091732
2025-01-02 14:31:33,5.458848861570306
2025-01-02 14:31:34,5.637768058740649
2025-01-02 14:31:35,5.396647882026748
2025-01-02 14:31:36,5.893775392717259
2025-01-02 14:31:37,5.512129198352271
2025-01-02 14:31:38,5.454670464546187
2025-01-02 14:31:39,5.277211924870411
2025-01-02 14:31:40,5.323730875712473
2025-01-02 14:31:41,5.640422019703962
2025-01-02 14:31:42,5.316612304804899
2025-01-02 14:31:43,5.450194152850728
2025-01-02 14:31:44,5.670051275906854
2025-01-02 14:31:45,6.000285592338239
2025-01-02 14:31:46,5.99405387679987
2025-01-02 14:31:47,5.786297692283214
2025-01-02 14:31:48,5.889759826668846
2025-01-02 14:31:49,5.513980572491351
2025-01-02 14:31:50,4.815453589515
2025-01-02 14:31:51,5.645144360321937
2025-01-02 14:31:52,5.491791190644017
2025-01-02 14:31:53,5.372025119481848
2025-01-02 14:31:54,5.162932297633603
2025-01-02 14:31:55,5.480007147480641
2025-01-02 14:31:56,5.877604899124098
2025-01-02 14:31:57,5.656111773068229
2025-01-02 14:31:58,5.782004565016177
2025-01-02 14:31:59,4.984490848189175
2025-01-02 14:32:00,5.58916878047898
2025-01-02 14:32:01,5.418863040323937
2025-01-02 14:32:02,5.521170421633547
2025-01-02 14:32:03,5.558279419988842
2025-01-02 14:32:04,4.806168610548448
2025-01-02 14:32:05,5.412117413220602
2025-01-02 14:32:06,5.566685552622823
2025-01-02 14:32:07,5.4840101611059495
2025-01-02 14:32:08,5.104520933928844
2025-01-02 14:32:09,5.593932613989652
2025-01-02 14:32:10,5.898400031237373
2025-01-02 14:32:11,5.755354291139084
2025-01-02 14:32:12,4.985982671889329
2025-01-02 14:32:13,5.394251897563572
2025-01-02 14:32:14,5.511601472953194
2025-01-02 14:32:15,5.16125784374247
2025-01-02 14:32:16,
2025-01-02 14:32:17,5.239442952322084
2025-01-02 14:32:18,5.563044559384069
2025-01-02 14:32:19,5.566664648078232
2025-01-02 14:32:20,5.396753896279121
2025-01-02 14:32:21,5.384343978247655
2025-01-02 14:32:22,5.399301620586031
2025-01-02 14:32:23,5.596447701709046
2025-01-02 14:32:24,5.653024853531311
2025-01-02 14:32:25,5.325215256077804
2025-01-02 14:32:26,5.316500998803084
2025-01-02 14:32:27,5.496437131228827
2025-01-02 14:32:28,5.031210214859318
2025-01-02 14:32:29,5.479611808163901
2025-01-02 14:32:30,4.848936142027311
2025-01-02 14:32:31,5.407475519787029
2025-01-02 14:32:32,5.428247914759913
2025-01-02 14:32:33,5.982259786380588
2025-01-02 14:32:34,5.350371018174687
2025-01-02 14:32:35,5.326456024754083
2025-01-02 14:32:36,5.823833266979853
2025-01-02 14:32:37,5.320568445801447
2025-01-02 14:32:38,5.287455410689399
2025-01-02 14:32:39,5.830708290681216
2025-01-02 14:32:40,
2025-01-02 14:32:41,5.205289350836936
2025-01-02 14:32:42,5.8727901979378245
2025-01-02 14:32:43,5.6266829931759785
2025-01-02 14:32:44,5.444330090834199
2025-01-02 14:32:45,5.393873203575625
2025-01-02 14:32:46,5.613497689588102
2025-01-02 14:32:47,5.696202137385909
2025-01-02 14:32:48,5.891943301639424
2025-01-02 14:32:49,5.754835803458301
2025-01-02 14:32:50,5.224107940461958
2025-01-02 14:32:51,5.850858912928656
2025-01-02 14:32:52,5.284705199088605
2025-01-02 14:32:53,5.52730411064984
2025-01-02 14:32:54,6.060644113617248
2025-01-02 14:32:55,6.094707083152261
2025-01-02 14:32:56,4.99196685316905
2025-01-02 14:32:57,5.728386864714851
2025-01-02 14:32:58,5.0577624582677805
2025-01-02 14:32:59,5.721670926844881
2025-01-02 14:33:00,5.904859415064086
2025-01-02 14:33:01,5.300169272467717
2025-01-02 14:33:02,5.746191091105114
2025-01-02 14:33:03,4.686585097598222
2025-01-02 14:33:04,5.323446599666891
2025-01-02 14:33:05,6.086619012444156
2025-01-02 14:33:06,5.18405625210201
2025-01-02 14:33:07,5.358874363345832
2025-01-02 14:33:08,5.769376630871837
2025-01-02 14:33:09,5.274822001230251
2025-01-02 14:33:10,5.5492885550869095
2025-01-02 14:33:11,6.105016999025067
2025-01-02 14:33:12,5.833616899692059
2025-01-02 14:33:13,5.571037153008185
2025-01-02 14:33:14,5.380129358997068
2025-01-02 14:33:15,5.351315063730655
2025-01-02 14:33:16,5.038183350765354
2025-01-02 14:33:17,5.630123838486141
2025-01-02 14:33:18,5.405014749103802
2025-01-02 14:33:19,5.89024604272915
2025-01-02 14:33:20,5.018573682673013
2025-01-02 14:33:21,5.149706923454635
2025-01-02 14:33:22,4.950068888082388
2025-01-02 14:33:23,5.609135576292291
2025-01-02 14:33:24,5.427791645949739
2025-01-02 14:33:25,5.14949426563473
2025-01-02 14:33:26,4.853674865245726
2025-01-02 14:33:27,5.430981939934518
2025-01-02 14:33:28,5.599133689787145
2025-01-02 14:33:29,5.441931646344193
2025-01-02 14:33:30,5.600251910023686
2025-01-02 14:33:31,5.4090733289870485
2025-01-02 14:33:32,5.362626148816483
2025-01-02 14:33:33,5.309689374272864
2025-01-02 14:33:34,5.496064167614148
2025-01-02 14:33:35,6.587391994674772
2025-01-02 14:33:36,5.305819248522331
2025-01-02 14:33:37,5.868955298071187
2025-01-02 14:33:38,5.2989456579863745
2025-01-02 14:33:39,
2025-01-02 14:33:40,5.630827832108161
2025-01-02 14:33:41,5.730911892992061
2025-01-02 14:33:42,5.161565291295164
2025-01-02 14:33:43,5.6402450012037315
2025-01-02 14:33:44,5.494792560959675
2025-01-02 14:33:45,5.680085610791334
2025-01-02 14:33:46,4.9285362024443105
2025-01-02 14:33:47,5.630831472816739
2025-01-02 14:33:48,5.777753597792406
2025-01-02 14:33:49,5.6403627881401635
2025-01-02 14:33:50,5.37574910916775
2025-01-02 14:33:51,5.9155280377526
2025-01-02 14:33:52,5.29029809670887
2025-01-02 14:33:53,5.294702493881107
2025-01-02 14:33:54,5.374067411569284
2025-01-02 14:33:55,4.814616367515187
2025-01-02 14:33:56,5.907025888316633
2025-01-02 14:33:57,5.230694570545213
2025-01-02 14:33:58,5.538062741186761
2025-01-02 14:33:59,5.9352822895981525
2025-01-02 14:34:00,5.135596888141127
2025-01-02 14:34:01,5.847723284696054
2025-01-02 14:34:02,5.720505925319631
2025-01-02 14:34:03,5.784850113822007
2025-01-02 14:34:04,5.52987613039985
2025-01-02 14:34:05,5.114392460255819
2025-01-02 14:34:06,5.070949404143284
2025-01-02 14:34:07,5.35687100786095
2025-01-02 14:34:08,5.612779489946227
2025-01-02 14:34:09,4.913084821861827
2025-01-02 14:34:10,5.53595613868493
2025-01-02 14:34:11,5.148964376977426
2025-01-02 14:34:12,5.680895618176111
2025-01-02 14:34:13,5.563127555483194
2025-01-02 14:34:14,5.61982873600197
2025-01-02 14:34:15,5.798152054450601
2025-01-02 14:34:16,5.507706734025308
2025-01-02 14:34:17,4.596574036528628
2025-01-02 14:34:18,6.0282542222211895
2025-01-02 14:34:19,5.468122760920478
2025-01-02 14:34:20,5.505041224033898
2025-01-02 14:34:21,5.792986739396115
2025-01-02 14:34:22,5.765412738791223
2025-01-02 14:34:23,5.640724418721242
2025-01-02 14:34:24,5.305287028351762
2025-01-02 14:34:25,5.833509675051567
2025-01-02 14:34:26,5.33299311847575
2025-01-02 14:34:27,5.108992325784244
2025-01-02 14:34:28,5.784905006043276
2025-01-02 14:34:29,5.751796887245795
2025-01-02 14:34:30,5.15485163333509
2025-01-02 14:34:31,5.453192519811536
2025-01-02 14:34:32,5.246450200945826
2025-01-02 14:34:33,5.239561454218649
2025-01-02 14:34:34,5.736696843097083
2025-01-02 14:34:35,5.442986807351997
2025-01-02 14:34:36,5.333732499648032
2025-01-02 14:34:37,5.762402965742051
2025-01-02 14:34:38,4.98137281014715
2025-01-02 14:34:39,5.223268865406716
2025-01-02 14:34:40,5.430467883020163
2025-01-02 14:34:41,5.859142359821899
2025-01-02 14:34:42,5.511803720088083
2025-01-02 14:34:43,5.636967182220953
2025-01-02 14:34:44,5.545900419365344
2025-01-02 14:34:45,5.639387837295174
2025-01-02 14:34:46,5.50493432397313
2025-01-02 14:34:47,5.552733019862046
2025-01-02 14:34:48,5.64935074629687
2025-01-02 14:34:49,5.545204808814631
2025-01-02 14:34:50,5.231644995978998
2025-01-02 14:34:51,4.8628503780806955
2025-01-02 14:34:52,5.607020246942816
2025-01-02 14:34:53,5.813881740101764
2025-01-02 14:34:54,5.398383293066298
2025-01-02 14:34:55,5.345212351981942
2025-01-02 14:34:56,5.249677164027864
2025-01-02 14:34:57,5.040589899503043
2025-01-02 14:34:58,4.97295191244694
2025-01-02 14:34:59,5.1031787606583805
2025-01-02 14:35:00,4.9674153585875
2025-01-02 14:35:01,4.911089629011253
2025-01-02 14:35:02,5.185466842704103
2025-01-02 14:35:03,5.267261764901079
2025-01-02 14:35:04,5.199895086057685
2025-01-02 14:35:05,4.865029753376337
2025-01-02 14:35:06,5.215226134243693
2025-01-02 14:35:07,5.288962380350597
2025-01-02 14:35:08,5.270632939166331
2025-01-02 14:35:09,5.489575078585851
2025-01-02 14:35:10,5.221124122735115
2025-01-02 14:35:11,
2025-01-02 14:35:12,5.556218277481242
2025-01-02 14:35:13,5.987018809514234
2025-01-02 14:35:14,5.543620998561773
2025-01-02 14:35:15,5.414385016296241
2025-01-02 14:35:16,5.55986508394504
2025-01-02 14:35:17,5.314629258451284
2025-01-02 14:35:18,5.619045899809467
2025-01-02 14:35:19,4.789312491634453
2025-01-02 14:35:20,5.92977083773024
2025-01-02 14:35:21,5.810130341579081
2025-01-02 14:35:22,5.425915154700178
2025-01-02 14:35:23,
2025-01-02 14:35:24,5.641086882641792
2025-01-02 14:35:25,5.353037279648293
2025-01-02 14:35:26,4.770829322547708
2025-01-02 14:35:27,5.3003156827974784
2025-01-02 14:35:28,5.431150071326652
2025-01-02 14:35:29,5.2680327906856546
2025-01-02 14:35:30,5.301854159073169
2025-01-02 14:35:31,5.0855861392518396
2025-01-02 14:35:32,5.648350203873856
2025-01-02 14:35:33,5.515285278703317
2025-01-02 14:35:34,5.49945134410904
2025-01-02 14:35:35,5.46201751117305
2025-01-02 14:35:36,5.2739189419604635
2025-01-02 14:35:37,5.185727339138834
2025-01-02 14:35:38,5.528113418281555
2025-01-02 14:35:39,5.780888418799532
2025-01-02 14:35:40,
2025-01-02 14:35:41,5.294997558434839
2025-01-02 14:35:42,5.604052784569237
2025-01-02 14:35:43,5.6750240216528045
2025-01-02 14:35:44,5.519401305236315
2025-01-02 14:35:45,
2025-01-02 14:35:46,5.300559502054562
2025-01-02 14:35:47,5.591905761471343
2025-01-02 14:35:48,5.516337450579562
2025-01-02 14:35:49,5.482250764829111
2025-01-02 14:35:50,5.624067485400574
2025-01-02 14:35:51,5.654736688497669
2025-01-02 14:35:52,5.043237428333589
2025-01-02 14:35:53,5.55022489751011
2025-01-02 14:35:54,5.541757805199573
2025-01-02 14:35:55,5.480164523082077
2025-01-02 14:35:56,5.328739457536527
2025-01-02 14:35:57,5.305639257007911
2025-01-02 14:35:58,5.39631946577105
2025-01-02 14:35:59,5.4241364364894045
2025-01-02 14:36:00,5.533563794632969
2025-01-02 14:36:01,4.5804961045978345
2025-01-02 14:36:02,5.147131893685201
2025-01-02 14:36:03,5.446728270624729
2025-01-02 14:36:04,5.357155571951166
2025-01-02 14:36:05,4.86930773674435
2025-01-02 14:36:06,5.544451212022706
2025-01-02 14:36:07,5.5402010816584175
2025-01-02 14:36:08,5.542305654947826
2025-01-02 14:36:09,5.097921244016044
2025-01-02 14:36:10,5.32870805768673
2025-01-02 14:36:11,5.430783247913419
2025-01-02 14:36:12,5.021456789112259
2025-01-02 14:36:13,5.498716716657589
2025-01-02 14:36:14,5.058659790670242
2025-01-02 14:36:15,5.653695624105549
2025-01-02 14:36:16,5.933082634388743
2025-01-02 14:36:17,5.15258316042956
2025-01-02 14:36:18,6.066344734433338
2025-01-02 14:36:19,5.522830098935205
2025-01-02 14:36:20,5.203006745235529
2025-01-02 14:36:21,5.478182648043445
2025-01-02 14:36:22,5.404526432950522
2025-01-02 14:36:23,5.014878530430249
2025-01-02 14:36:24,5.131249158536794
2025-01-02 14:36:25,5.588869158410868
2025-01-02 14:36:26,5.864373930260754
2025-01-02 14:36:27,5.381425461526254
2025-01-02 14:36:28,5.445172756653527
2025-01-02 14:36:29,5.182155787336689
2025-01-02 14:36:30,4.888020592218027
2025-01-02 14:36:31,5.985062135976993
2025-01-02 14:36:32,5.314413545544388
2025-01-02 14:36:33,5.185429804367862
2025-01-02 14:36:34,5.70012053815682
2025-01-02 14:36:35,5.201929403327713
2025-01-02 14:36:36,5.468627661715094
2025-01-02 14:36:37,5.801910735622616
2025-01-02 14:36:38,5.277326589769244
2025-01-02 14:36:39,5.383298049962672
2025-01-02 14:36:40,5.351972928101557
2025-01-02 14:36:41,5.347557001979299
2025-01-02 14:36:42,5.48159346429956
2025-01-02 14:36:43,5.311216240610169
2025-01-02 14:36:44,5.51930387594183
2025-01-02 14:36:45,5.246327072376976
2025-01-02 14:36:46,5.330422428753164
2025-01-02 14:36:47,4.915491190353143
2025-01-02 14:36:48,5.316491709682142
2025-01-02 14:36:49,5.342976592174256
2025-01-02 14:36:50,5.136766297463267
2025-01-02 14:36:51,5.268042809360525
2025-01-02 14:36:52,5.292107385240733
2025-01-02 14:36:53,5.755291439917996
2025-01-02 14:36:54,5.077237094988447
2025-01-02 14:36:55,5.230778566108113
2025-01-02 14:36:56,5.93295617946846
2025-01-02 14:36:57,5.463081474180269
2025-01-02 14:36:58,4.912894698708157
2025-01-02 14:36:59,5.113442599603788
2025-01-02 14:37:00,4.862031707756243
2025-01-02 14:37:01,5.192664817907776
2025-01-02 14:37:02,6.070198157166221
2025-01-02 14:37:03,5.716550767279645
2025-01-02 14:37:04,4.972738043483737
2025-01-02 14:37:05,5.592931261378902
2025-01-02 14:37:06,5.191888572433946
2025-01-02 14:37:07,5.07730473505031
2025-01-02 14:37:08,5.360594288586095
2025-01-02 14:37:09,5.460045818391253
2025-01-02 14:37:10,5.49067726208522
2025-01-02 14:37:11,5.460920681947937
2025-01-02 14:37:12,5.291191903314476
2025-01-02 14:37:13,5.796053776348342
2025-01-02 14:37:14,4.735375926368538
2025-01-02 14:37:15,5.5428029121983124
2025-01-02 14:37:16,5.20136918350205
2025-01-02 14:37:17,5.8402266869649
2025-01-02 14:37:18,5.768593276197593
2025-01-02 14:37:19,5.8622906716485925
2025-01-02 14:37:20,5.457276809072447
2025-01-02 14:37:21,5.878458749184968
2025-01-02 14:37:22,5.465466401417784
2025-01-02 14:37:23,5.254146992451078
2025-01-02 14:37:24,5.878109748010366
2025-01-02 14:37:25,5.487445315467283
2025-01-02 14:37:26,5.197015153481509
2025-01-02 14:37:27,5.538313670525627
2025-01-02 14:37:28,5.237338414647999
2025-01-02 14:37:29,5.722247243518876
2025-01-02 14:37:30,5.52939318338508
2025-01-02 14:37:31,5.714620900367634
2025-01-02 14:37:32,4.891774340118817
2025-01-02 14:37:33,5.1667249907740525
2025-01-02 14:37:34,5.006530438906905
2025-01-02 14:37:35,5.3294121703188635
2025-01-02 14:37:36,5.393809750172473
2025-01-02 14:37:37,5.156492148086515
2025-01-02 14:37:38,5.8138735725742325
2025-01-02 14:37:39,4.97994157135874
2025-01-02 14:37:40,5.689708684498197
2025-01-02 14:37:41,5.582493236416632
2025-01-02 14:37:42,5.356535725519127
2025-01-02 14:37:43,5.136807595426393
2025-01-02 14:37:44,5.25102295776277
2025-01-02 14:37:45,5.720258095549164
2025-01-02 14:37:46,5.655263942478385
2025-01-02 14:37:47,5.152266437813724
2025-01-02 14:37:48,5.499289756748458
2025-01-02 14:37:49,4.948121174929325
2025-01-02 14:37:50,5.167148572342817
2025-01-02 14:37:51,5.4318041154195855
2025-01-02 14:37:52,
2025-01-02 14:37:53,5.350365496406056
2025-01-02 14:37:54,5.382260346588707
2025-01-02 14:37:55,5.732003314177669
2025-01-02 14:37:56,5.302994748767495
2025-01-02 14:37:57,5.219051209652672
2025-01-02 14:37:58,5.457145410287554
2025-01-02 14:37:59,5.693562370115336
2025-01-02 14:38:00,5.124586326026964
2025-01-02 14:38:01,5.093466930523595
2025-01-02 14:38:02,5.362039233899383
2025-01-02 14:38:03,5.130675178401749
2025-01-02 14:38:04,5.232611406884744
2025-01-02 14:38:05,5.318833506765071
2025-01-02 14:38:06,5.197510224963945
2025-01-02 14:38:07,5.000330186249059
2025-01-02 14:38:08,5.220610430797642
2025-01-02 14:38:09,5.854972936079961
2025-01-02 14:38:10,4.949507248970337
2025-01-02 14:38:11,5.522951204131697
2025-01-02 14:38:12,5.6216551905079175
2025-01-02 14:38:13,5.649271826565452
2025-01-02 14:38:14,5.83780263931735
2025-01-02 14:38:15,5.372705989691638
2025-01-02 14:38:16,5.544191668480866
2025-01-02 14:38:17,5.538433709919475
2025-01-02 14:38:18,5.353808391476093
2025-01-02 14:38:19,5.392253060953997
2025-01-02 14:38:20,5.163458207463016
2025-01-02 14:38:21,5.534641296514785
2025-01-02 14:38:22,4.925637477929555
2025-01-02 14:38:23,5.198371931576543
2025-01-02 14:38:24,5.072429449930028
2025-01-02 14:38:25,4.825513715761799
2025-01-02 14:38:26,5.611441808848372
2025-01-02 14:38:27,5.278451179012695
2025-01-02 14:38:28,4.949936572211147
2025-01-02 14:38:29,5.352578099567059
2025-01-02 14:38:30,5.609785962805188
2025-01-02 14:38:31,5.921792725598937
2025-01-02 14:38:32,4.83926964678416
2025-01-02 14:38:33,
2025-01-02 14:38:34,5.474051184979311
2025-01-02 14:38:35,5.355753649569698
2025-01-02 14:38:36,5.3064599091206635
2025-01-02 14:38:37,5.199319621392255
2025-01-02 14:38:38,5.614092527810254
2025-01-02 14:38:39,5.68814401942489
2025-01-02 14:38:40,5.291814665427602
2025-01-02 14:38:41,5.09343045083577
2025-01-02 14:38:42,5.339127412040466
2025-01-02 14:38:43,5.177747458474328
2025-01-02 14:38:44,5.491570445444731
2025-01-02 14:38:45,5.990545093365934
2025-01-02 14:38:46,5.704750391529751
2025-01-02 14:38:47,5.499266874657081
2025-01-02 14:38:48,5.748407866348889
2025-01-02 14:38:49,5.274536160194589
2025-01-02 14:38:50,5.531716821614353
2025-01-02 14:38:51,5.543767495993042
2025-01-02 14:38:52,5.656800593501651
2025-01-02 14:38:53,5.1175822795833215
2025-01-02 14:38:54,5.502395886364337
2025-01-02 14:38:55,5.429610490818977
2025-01-02 14:38:56,5.698346932486915
2025-01-02 14:38:57,4.933369689520905
2025-01-02 14:38:58,5.3257707574362305
2025-01-02 14:38:59,5.537677098944347
2025-01-02 14:39:00,5.164033947279289
2025-01-02 14:39:01,
2025-01-02 14:39:02,5.2017039221649055
2025-01-02 14:39:03,5.312857320396593
2025-01-02 14:39:04,5.54782554731346
2025-01-02 14:39:05,4.9930947936581465
2025-01-02 14:39:06,4.998581264753964
2025-01-02 14:39:07,4.979707907973254
2025-01-02 14:39:08,4.8364608483022815
2025-01-02 14:39:09,5.025762682123979
2025-01-02 14:39:10,4.685964103219496
2025-01-02 14:39:11,5.57982199357971
2025-01-02 14:39:12,5.370174413046066
2025-01-02 14:39:13,5.212113032101116
2025-01-02 14:39:14,5.3959305216763855
2025-01-02 14:39:15,5.60753613964992
2025-01-02 14:39:16,5.0507225660089805
2025-01-02 14:39:17,5.643936723417359
2025-01-02 14:39:18,5.508155330440415
2025-01-02 14:39:19,5.815876153875125
2025-01-02 14:39:20,5.575844814205128
2025-01-02 14:39:21,5.669421804388153
2025-01-02 14:39:22,5.118224538623715
2025-01-02 14:39:23,5.639700995412724
2025-01-02 14:39:24,5.084796784844929
2025-01-02 14:39:25,5.778843620675289
2025-01-02 14:39:26,5.6495459657145695
2025-01-02 14:39:27,5.54776977929554
2025-01-02 14:39:28,5.1418788430597875
2025-01-02 14:39:29,5.4236853596144545
2025-01-02 14:39:30,5.389961678573037
2025-01-02 14:39:31,5.227531709125015
2025-01-02 14:39:32,5.042488763593144
2025-01-02 14:39:33,5.221860308935521
2025-01-02 14:39:34,5.378524528163942
2025-01-02 14:39:35,5.9022554733571475
2025-01-02 14:39:36,5.108605246863913
2025-01-02 14:39:37,5.201371196556899
2025-01-02 14:39:38,5.070653083947741
2025-01-02 14:39:39,5.554934793956376
2025-01-02 14:39:40,5.320244739389818
2025-01-02 14:39:41,4.922066037963459
2025-01-02 14:39:42,5.796539085202497
2025-01-02 14:39:43,
2025-01-02 14:39:44,6.016695478985612
2025-01-02 14:39:45,5.547026315972586
2025-01-02 14:39:46,5.429176759107117
2025-01-02 14:39:47,5.177240267045026
2025-01-02 14:39:48,5.806761959623576
2025-01-02 14:39:49,5.08753468343433
2025-01-02 14:39:50,5.054974869837762
2025-01-02 14:39:51,5.396289455493828
2025-01-02 14:39:52,5.0739783432316035
2025-01-02 14:39:53,5.3836269520736
2025-01-02 14:39:54,5.498409597649113
2025-01-02 14:39:55,5.118470669691378
2025-01-02 14:39:56,5.476369773813056
2025-01-02 14:39:57,5.384416891632655
2025-01-02 14:39:58,5.6665647288406795
2025-01-02 14:39:59,5.467268605004571
2025-01-02 14:40:00,5.679556855232655
2025-01-02 14:40:01,5.089512225521785
2025-01-02 14:40:02,5.666907746446001
2025-01-02 14:40:03,5.545505095114898
2025-01-02 14:40:04,5.078677710935874
2025-01-02 14:40:05,4.965455989137596
2025-01-02 14:40:06,5.338236484902701
2025-01-02 14:40:07,5.264994877560553
2025-01-02 14:40:08,5.108267498989791
2025-01-02 14:40:09,5.324668339397142
2025-01-02 14:40:10,5.299973204053647
2025-01-02 14:40:11,5.235260585392273
2025-01-02 14:40:12,5.63388810480549
2025-01-02 14:40:13,5.025908816418659
2025-01-02 14:40:14,5.14087791311901
2025-01-02 14:40:15,5.129056622006603
2025-01-02 14:40:16,5.584713522177494
2025-01-02 14:40:17,6.398363543195796
2025-01-02 14:40:18,5.245900246830426
2025-01-02 14:40:19,5.5744475284913575
2025-01-02 14:40:20,5.480442733913863
2025-01-02 14:40:21,5.321169808700503
2025-01-02 14:40:22,5.305980248135048
2025-01-02 14:40:23,5.068360782914134
2025-01-02 14:40:24,5.262794814240925
2025-01-02 14:40:25,5.44298653267469
2025-01-02 14:40:26,5.112584404435663
2025-01-02 14:40:27,5.0409908008283955
2025-01-02 14:40:28,5.627977627465881
2025-01-02 14:40:29,5.892204795907898
2025-01-02 14:40:30,4.962360553600398
2025-01-02 14:40:31,5.060382016260343
2025-01-02 14:40:32,5.051198646107079
2025-01-02 14:40:33,5.131592113028758
2025-01-02 14:40:34,5.247603410264557
2025-01-02 14:40:35,5.969465701485919
2025-01-02 14:40:36,5.489555469946608
2025-01-02 14:40:37,4.935371954830666
2025-01-02 14:40:38,5.3700145292966965
2025-01-02 14:40:39,5.761781855086943
2025-01-02 14:40:40,5.379635301394035
2025-01-02 14:40:41,5.557326907530589
2025-01-02 14:40:42,5.086694514763996
2025-01-02 14:40:43,5.732084308789577
2025-01-02 14:40:44,5.729111745214068
2025-01-02 14:40:45,4.8023905872179515
2025-01-02 14:40:46,6.026236076507323
2025-01-02 14:40:47,5.354899300207651
2025-01-02 14:40:48,5.182317620698278
2025-01-02 14:40:49,4.934682395894867
2025-01-02 14:40:50,5.3737127466422825
2025-01-02 14:40:51,5.164674307040694
2025-01-02 14:40:52,5.577646193287241
2025-01-02 14:40:53,4.980224310298313
2025-01-02 14:40:54,5.031854410005483
2025-01-02 14:40:55,5.606702147203611
2025-01-02 14:40:56,5.286799620207545
2025-01-02 14:40:57,5.568163443809149
2025-01-02 14:40:58,5.225531537338433
2025-01-02 14:40:59,5.148788583355588
2025-01-02 14:41:00,5.631220932859042
2025-01-02 14:41:01,5.567815903817332
2025-01-02 14:41:02,5.357011772245078
2025-01-02 14:41:03,5.091159116844664
2025-01-02 14:41:04,5.309835043080434
2025-01-02 14:41:05,6.044319609572211
2025-01-02 14:41:06,4.738519439807002
2025-01-02 14:41:07,5.3410634563344885
2025-01-02 14:41:08,4.8338869524124535
2025-01-02 14:41:09,5.5238130526019305
2025-01-02 14:41:10,5.062904133117505
2025-01-02 14:41:11,5.126426415953587
2025-01-02 14:41:12,4.82082031825297
2025-01-02 14:41:13,5.400265983892087
2025-01-02 14:41:14,5.26854525146953
2025-01-02 14:41:15,5.316649979984107
2025-01-02 14:41:16,4.363510561988154
2025-01-02 14:41:17,5.244280576089541
2025-01-02 14:41:18,5.547978615955455
2025-01-02 14:41:19,5.789958338908978
2025-01-02 14:41:20,4.894656487636661
2025-01-02 14:41:21,5.658953891709199
2025-01-02 14:41:22,5.270152187625221
2025-01-02 14:41:23,4.661507993766204
2025-01-02 14:41:24,5.550124366792684
2025-01-02 14:41:25,5.724185914091811
2025-01-02 14:41:26,5.222543900351535
2025-01-02 14:41:27,5.067791469725855
2025-01-02 14:41:28,5.011886435296567
2025-01-02 14:41:29,5.648120063105988
2025-01-02 14:41:30,5.1704204882957026
2025-01-02 14:41:31,4.942435179068457
2025-01-02 14:41:32,5.440745390770259
2025-01-02 14:41:33,5.934339918698893
2025-01-02 14:41:34,5.542212213525159
2025-01-02 14:41:35,5.246274200960449
2025-01-02 14:41:36,4.464087661421749
2025-01-02 14:41:37,5.395352951971578
2025-01-02 14:41:38,5.018605232975278
2025-01-02 14:41:39,5.6403570675031265
2025-01-02 14:41:40,5.644084681474667
2025-01-02 14:41:41,5.697381881662557
2025-01-02 14:41:42,5.2090057530786416
2025-01-02 14:41:43,5.470410896647309
2025-01-02 14:41:44,4.987863781159793
2025-01-02 14:41:45,5.759970614684701
2025-01-02 14:41:46,5.053802857280517
2025-01-02 14:41:47,5.2372740313882185
2025-01-02 14:41:48,4.72870270077014
2025-01-02 14:41:49,5.4008276147671275
2025-01-02 14:41:50,4.909934927438253
2025-01-02 14:41:51,5.375349178289503
2025-01-02 14:41:52,5.507121408591818
2025-01-02 14:41:53,5.296017132588683
2025-01-02 14:41:54,5.493469531273562
2025-01-02 14:41:55,5.45014073777013
2025-01-02 14:41:56,5.123488717206737
2025-01-02 14:41:57,4.974616847634309
2025-01-02 14:41:58,5.23522595878046
2025-01-02 14:41:59,5.1939346544504845
2025-01-02 14:42:00,5.230287870660089
2025-01-02 14:42:01,5.031055193729778
2025-01-02 14:42:02,5.648365571561498
2025-01-02 14:42:03,6.12081201532665
2025-01-02 14:42:04,5.113747652219721
2025-01-02 14:42:05,5.58695387184809
2025-01-02 14:42:06,4.99366657934794
2025-01-02 14:42:07,5.733414191299663
2025-01-02 14:42:08,4.95901597562281
2025-01-02 14:42:09,5.101420280858548
2025-01-02 14:42:10,
2025-01-02 14:42:11,5.147357089510804
2025-01-02 14:42:12,5.05040115080789
2025-01-02 14:42:13,5.250921235740825
2025-01-02 14:42:14,5.549611468960136
2025-01-02 14:42:15,5.277150119164312
2025-01-02 14:42:16,5.381089031215842
2025-01-02 14:42:17,5.662930686661446
2025-01-02 14:42:18,5.578508068470567
2025-01-02 14:42:19,5.602579542546378
2025-01-02 14:42:20,5.07831469658976
2025-01-02 14:42:21,4.780295262528129
2025-01-02 14:42:22,5.564256840422889
2025-01-02 14:42:23,5.184865309776079
2025-01-02 14:42:24,4.627665708149027
2025-01-02 14:42:25,5.19810501215072
2025-01-02 14:42:26,5.5956526856320945
2025-01-02 14:42:27,5.529888113756765
2025-01-02 14:42:28,5.260594581040636
2025-01-02 14:42:29,5.9413169803711305
2025-01-02 14:42:30,5.042367386132425
2025-01-02 14:42:31,5.317571740990724
2025-01-02 14:42:32,5.305314905954524
2025-01-02 14:42:33,5.499190175444339
2025-01-02 14:42:34,4.995204705132519
2025-01-02 14:42:35,5.080863900797958
2025-01-02 14:42:36,5.402210916797745
2025-01-02 14:42:37,5.290409526297016
2025-01-02 14:42:38,5.106265595507229
2025-01-02 14:42:39,5.028231685233047
2025-01-02 14:42:40,5.192354835701939
2025-01-02 14:42:41,5.695845433908324
2025-01-02 14:42:42,5.200989338413988
2025-01-02 14:42:43,
2025-01-02 14:42:44,5.771683185614053
2025-01-02 14:42:45,4.842313171765569
2025-01-02 14:42:46,5.853252750734784
2025-01-02 14:42:47,5.499363532298356
2025-01-02 14:42:48,5.468951578653876
2025-01-02 14:42:49,5.454157716605494
2025-01-02 14:42:50,5.177334333929913
2025-01-02 14:42:51,5.370179860139313
2025-01-02 14:42:52,5.60697013521754
2025-01-02 14:42:53,5.783070355307053
2025-01-02 14:42:54,4.979997742412234
2025-01-02 14:42:55,5.626519323745822
2025-01-02 14:42:56,5.134014472698035
2025-01-02 14:42:57,5.795395271275829
2025-01-02 14:42:58,5.015569282738333
2025-01-02 14:42:59,4.6564282198022635
2025-01-02 14:43:00,4.745164494042012
2025-01-02 14:43:01,5.567929661328977
2025-01-02 14:43:02,5.18097217178265
2025-01-02 14:43:03,5.175188261482786
2025-01-02 14:43:04,5.111120898975162
2025-01-02 14:43:05,5.305741027570625
2025-01-02 14:43:06,5.17877429152043
2025-01-02 14:43:07,4.8152028216167935
2025-01-02 14:43:08,4.98677482285727
2025-01-02 14:43:09,5.292172589088827
2025-01-02 14:43:10,4.972604442366268
2025-01-02 14:43:11,5.167091332948904
2025-01-02 14:43:12,5.051637478031313
2025-01-02 14:43:13,5.026398010840507
2025-01-02 14:43:14,5.124762439871217
2025-01-02 14:43:15,5.460255077136591
2025-01-02 14:43:16,4.989978288958648
2025-01-02 14:43:17,5.212748274538155
2025-01-02 14:43:18,5.285496893964774
2025-01-02 14:43:19,5.786243453652841
2025-01-02 14:43:20,4.9262097235042415
2025-01-02 14:43:21,5.562673872681495
2025-01-02 14:43:22,
2025-01-02 14:43:23,5.110873751002432
2025-01-02 14:43:24,5.377697570188744
2025-01-02 14:43:25,5.573208306117571
2025-01-02 14:43:26,5.768449533324753
2025-01-02 14:43:27,5.294650620979672
2025-01-02 14:43:28,5.355872287674833
2025-01-02 14:43:29,5.106879173511174
2025-01-02 14:43:30,5.233516700750486
2025-01-02 14:43:31,5.382531189999491
2025-01-02 14:43:32,5.022507063061237
2025-01-02 14:43:33,4.940072990961989
2025-01-02 14:43:34,5.702966413203663
2025-01-02 14:43:35,4.626760601248866
2025-01-02 14:43:36,5.639973556131891
2025-01-02 14:43:37,5.105955391354716
2025-01-02 14:43:38,4.9427953858337315
2025-01-02 14:43:39,5.367711642440878
2025-01-02 14:43:40,5.763633009344151
2025-01-02 14:43:41,5.322516532878777
2025-01-02 14:43:42,5.231724021508379
2025-01-02 14:43:43,5.029138846600206
2025-01-02 14:43:44,5.538382343591977
2025-01-02 14:43:45,5.575266487494429
2025-01-02 14:43:46,5.4376043865684425
2025-01-02 14:43:47,5.873245771345503
2025-01-02 14:43:48,5.07620256819398
2025-01-02 14:43:49,5.109897779149597
2025-01-02 14:43:50,5.069069548213793
2025-01-02 14:43:51,6.066237905834267
2025-01-02 14:43:52,5.021387090215732
2025-01-02 14:43:53,4.923509794817718
2025-01-02 14:43:54,4.975650628877555
2025-01-02 14:43:55,5.506216419663468
2025-01-02 14:43:56,4.949263573602001
2025-01-02 14:43:57,5.549589055299623
2025-01-02 14:43:58,5.282086139420548
2025-01-02 14:43:59,4.798724122522455
2025-01-02 14:44:00,5.225674268215653
2025-01-02 14:44:01,5.428883633785748
2025-01-02 14:44:02,4.84173135084154
2025-01-02 14:44:03,5.17514976608932
2025-01-02 14:44:04,5.246990216806546
2025-01-02 14:44:05,5.647544028820756
2025-01-02 14:44:06,4.922416110898856
2025-01-02 14:44:07,5.512663915611276
2025-01-02 14:44:08,5.143304589503076
2025-01-02 14:44:09,4.716670859629344
2025-01-02 14:44:10,4.858433183659558
2025-01-02 14:44:11,5.00782104113096
2025-01-02 14:44:12,4.998399075809762
2025-01-02 14:44:13,4.957404937066156
2025-01-02 14:44:14,5.078783995517086
2025-01-02 14:44:15,4.654930498315604
2025-01-02 14:44:16,5.1610659414929465
2025-01-02 14:44:17,4.976106948366319
2025-01-02 14:44:18,5.314143485731869
2025-01-02 14:44:19,5.608032761899307
2025-01-02 14:44:20,5.347734014664502
2025-01-02 14:44:21,5.2395791353465375
2025-01-02 14:44:22,4.909475103557315
2025-01-02 14:44:23,5.236390461225771
2025-01-02 14:44:24,4.816890445435189
2025-01-02 14:44:25,5.4267421112636836
2025-01-02 14:44:26,5.271446063623298
2025-01-02 14:44:27,4.964604600622067
2025-01-02 14:44:28,5.64246016170719
2025-01-02 14:44:29,5.034889273588178
2025-01-02 14:44:30,4.956343154426467
2025-01-02 14:44:31,5.5317432560673385
2025-01-02 14:44:32,5.491362894811489
2025-01-02 14:44:33,5.281228471478031
2025-01-02 14:44:34,4.79440855519769
2025-01-02 14:44:35,4.9477882043840715
2025-01-02 14:44:36,5.3607655458404775
2025-01-02 14:44:37,4.919092465550978
2025-01-02 14:44:38,5.002192614777418
2025-01-02 14:44:39,5.22561570796555
2025-01-02 14:44:40,4.897674927568031
2025-01-02 14:44:41,5.3848276993024005
2025-01-02 14:44:42,5.4514069255665625
2025-01-02 14:44:43,4.900897712718674
2025-01-02 14:44:44,4.915679062543178
2025-01-02 14:44:45,5.115565174481169
2025-01-02 14:44:46,5.090088213798145
2025-01-02 14:44:47,4.636023692568213
2025-01-02 14:44:48,5.454285543785627
2025-01-02 14:44:49,5.186316192334383
2025-01-02 14:44:50,5.256724424449168
2025-01-02 14:44:51,5.582238734664783
2025-01-02 14:44:52,4.813609461375478
2025-01-02 14:44:53,5.060805487705567
2025-01-02 14:44:54,5.209542226998312
2025-01-02 14:44:55,5.055622523368314
2025-01-02 14:44:56,4.955883690180166
2025-01-02 14:44:57,5.51552294141528
2025-01-02 14:44:58,4.907490230934466
2025-01-02 14:44:59,5.387844961387269
2025-01-02 14:45:00,5.090990268758566
2025-01-02 14:45:01,5.380160755848978
2025-01-02 14:45:02,5.241966625567923
2025-01-02 14:45:03,5.56153815123252
2025-01-02 14:45:04,5.047592061412141
2025-01-02 14:45:05,5.19905783393783
2025-01-02 14:45:06,5.021579811684695
2025-01-02 14:45:07,5.094566873957024
2025-01-02 14:45:08,5.306431685247342
2025-01-02 14:45:09,5.007289287307457
2025-01-02 14:45:10,4.958941524551792
2025-01-02 14:45:11,4.784069116873229
2025-01-02 14:45:12,5.282378838650483
2025-01-02 14:45:13,5.539229822008074
2025-01-02 14:45:14,5.163043117252262
2025-01-02 14:45:15,4.642647884198101
2025-01-02 14:45:16,5.347974214176902
2025-01-02 14:45:17,6.234898733899391
2025-01-02 14:45:18,5.630960873233655
2025-01-02 14:45:19,5.317391893905819
2025-01-02 14:45:20,5.007773874213282
2025-01-02 14:45:21,5.392806932322035
2025-01-02 14:45:22,5.137867797031224
2025-01-02 14:45:23,4.972952920044229
2025-01-02 14:45:24,5.2847783697834805
2025-01-02 14:45:25,5.493380924538503
2025-01-02 14:45:26,5.291548695987285
2025-01-02 14:45:27,5.624757301469509
2025-01-02 14:45:28,4.796750469733322
2025-01-02 14:45:29,4.944549734028708
2025-01-02 14:45:30,5.4816486633142185
2025-01-02 14:45:31,5.133186460842063
2025-01-02 14:45:32,4.9862082248312225
2025-01-02 14:45:33,5.345568737629749
2025-01-02 14:45:34,4.5602443609563235
2025-01-02 14:45:35,5.580878566423219
2025-01-02 14:45:36,5.14095701163474
2025-01-02 14:45:37,4.451774944795541
2025-01-02 14:45:38,4.725030672354509
2025-01-02 14:45:39,5.306356843239335
2025-01-02 14:45:40,5.388122482271867
2025-01-02 14:45:41,4.7623438068014305
2025-01-02 14:45:42,4.86419348363001
2025-01-02 14:45:43,5.431872677639783
2025-01-02 14:45:44,5.085590507796505
2025-01-02 14:45:45,4.854286299236527
2025-01-02 14:45:46,5.033004032727319
2025-01-02 14:45:47,4.866006711309345
2025-01-02 14:45:48,5.284138202964989
2025-01-02 14:45:49,5.009501050331424
2025-01-02 14:45:50,5.561560995961519
2025-01-02 14:45:51,5.388845218238212
2025-01-02 14:45:52,5.115897178989072
2025-01-02 14:45:53,5.494681225180031
2025-01-02 14:45:54,5.040339004128727
2025-01-02 14:45:55,5.056321482550102
2025-01-02 14:45:56,4.695332249476552
2025-01-02 14:45:57,5.092401434519883
2025-01-02 14:45:58,5.0876813060028825
2025-01-02 14:45:59,4.652899253134625
2025-01-02 14:46:00,5.287137674842102
2025-01-02 14:46:01,5.035479208650308
2025-01-02 14:46:02,5.515280490278993
2025-01-02 14:46:03,4.924562537071311
2025-01-02 14:46:04,5.003921050505673
2025-01-02 14:46:05,5.745687896286883
2025-01-02 14:46:06,4.84934010831437
2025-01-02 14:46:07,5.15505855457296
2025-01-02 14:46:08,5.139788651863069
2025-01-02 14:46:09,5.02522015579467
2025-01-02 14:46:10,5.490328556061557
2025-01-02 14:46:11,5.437245331900034
2025-01-02 14:46:12,4.930054268744671
2025-01-02 14:46:13,5.1745806548255695
2025-01-02 14:46:14,5.008684080358608
2025-01-02 14:46:15,5.007156531153193
2025-01-02 14:46:16,5.283073056912267
2025-01-02 14:46:17,5.046884322070474
2025-01-02 14:46:18,5.56054492987211
2025-01-02 14:46:19,5.869271254493945
2025-01-02 14:46:20,5.5492056676123624
2025-01-02 14:46:21,5.337511288607505
2025-01-02 14:46:22,5.063376791764533
2025-01-02 14:46:23,4.947270960833492
2025-01-02 14:46:24,4.906137535236425
2025-01-02 14:46:25,5.28889430546142
2025-01-02 14:46:26,5.302163520755882
2025-01-02 14:46:27,5.0579394956756705
2025-01-02 14:46:28,5.206341224772049
2025-01-02 14:46:29,4.822030731073432
2025-01-02 14:46:30,4.766290642518859
2025-01-02 14:46:31,5.068195156476553
2025-01-02 14:46:32,5.6469042575733885
2025-01-02 14:46:33,5.272515204660927
2025-01-02 14:46:34,4.966382702421306
2025-01-02 14:46:35,4.800029441998357
2025-01-02 14:46:36,5.009409156912148
2025-01-02 14:46:37,4.5562028896962214
2025-01-02 14:46:38,4.778731120532705
2025-01-02 14:46:39,4.955626598099245
2025-01-02 14:46:40,5.145541917431084
2025-01-02 14:46:41,5.087571566060077
2025-01-02 14:46:42,4.8680906410136275
2025-01-02 14:46:43,4.918823279740016
2025-01-02 14:46:44,5.050072266041369
2025-01-02 14:46:45,4.980364758147063
2025-01-02 14:46:46,5.569490206786332
2025-01-02 14:46:47,5.585697838168618
2025-01-02 14:46:48,5.5905389748916825
2025-01-02 14:46:49,5.490758545387974
2025-01-02 14:46:50,5.151246752259779
2025-01-02 14:46:51,5.073741012807152
2025-01-02 14:46:52,5.250116412032536
2025-01-02 14:46:53,4.74827738716698
2025-01-02 14:46:54,4.26429773354044
2025-01-02 14:46:55,5.4608409391044175
2025-01-02 14:46:56,5.665796139614184
2025-01-02 14:46:57,4.952083851332635
2025-01-02 14:46:58,5.134589334826038
2025-01-02 14:46:59,5.199744127433745
2025-01-02 14:47:00,4.581850688420765
2025-01-02 14:47:01,5.565771078575807
2025-01-02 14:47:02,4.901186450389311
2025-01-02 14:47:03,4.987901155080984
2025-01-02 14:47:04,5.0164923802552535
2025-01-02 14:47:05,4.837780409324105
2025-01-02 14:47:06,5.016894618856718
2025-01-02 14:47:07,5.287036999166965
2025-01-02 14:47:08,5.152109080004222
2025-01-02 14:47:09,4.716981007399777
2025-01-02 14:47:10,4.72110696927336
2025-01-02 14:47:11,5.1052283428136755
2025-01-02 14:47:12,5.108333335208516
2025-01-02 14:47:13,5.352856685548779
2025-01-02 14:47:14,4.711328672975666
2025-01-02 14:47:15,4.866233429636733
2025-01-02 14:47:16,5.208125883258545
2025-01-02 14:47:17,4.807763118871276
2025-01-02 14:47:18,5.147865949095736
2025-01-02 14:47:19,5.092079113429506
2025-01-02 14:47:20,5.318481913006406
2025-01-02 14:47:21,4.991466598596669
2025-01-02 14:47:22,5.31557116906836
2025-01-02 14:47:23,4.550586778095044
2025-01-02 14:47:24,5.0060349169776375
2025-01-02 14:47:25,4.78877686698788
2025-01-02 14:47:26,5.337977935805966
2025-01-02 14:47:27,5.346732881184673
2025-01-02 14:47:28,4.499978361452009
2025-01-02 14:47:29,5.953281701841723
2025-01-02 14:47:30,5.028542269246488
2025-01-02 14:47:31,5.918112633246014
2025-01-02 14:47:32,5.1443341094972075
2025-01-02 14:47:33,4.761841790029806
2025-01-02 14:47:34,5.17884194956936
2025-01-02 14:47:35,5.029797745128761
2025-01-02 14:47:36,5.122737648153812
2025-01-02 14:47:37,5.13459320558853
2025-01-02 14:47:38,4.76918074775869
2025-01-02 14:47:39,5.332461401025646
2025-01-02 14:47:40,5.636531555827995
2025-01-02 14:47:41,5.291591705421549
2025-01-02 14:47:42,4.6775961987153485
2025-01-02 14:47:43,5.351345882349727
2025-01-02 14:47:44,4.96539426232517
2025-01-02 14:47:45,5.444011212935167
2025-01-02 14:47:46,4.804600920802156
2025-01-02 14:47:47,
2025-01-02 14:47:48,4.789984477559235
2025-01-02 14:47:49,5.335225789842225
2025-01-02 14:47:50,5.205549658457615
2025-01-02 14:47:51,4.6300885652091734
2025-01-02 14:47:52,4.698271863714851
2025-01-02 14:47:53,5.105613568818135
2025-01-02 14:47:54,5.508990352116862
2025-01-02 14:47:55,5.326527329527613
2025-01-02 14:47:56,5.147470556858417
2025-01-02 14:47:57,5.159645588821103
2025-01-02 14:47:58,4.715055597312577
2025-01-02 14:47:59,5.1219132271568215
2025-01-02 14:48:00,5.245120316260915
2025-01-02 14:48:01,5.351449848349949
2025-01-02 14:48:02,5.23231760744227
2025-01-02 14:48:03,5.07001173828389
2025-01-02 14:48:04,5.292306276541276
2025-01-02 14:48:05,4.944329973944293
2025-01-02 14:48:06,4.9068826960100695
2025-01-02 14:48:07,5.7266764004622654
2025-01-02 14:48:08,4.903743436453055
2025-01-02 14:48:09,4.8591326489423645
2025-01-02 14:48:10,5.047045390231883
2025-01-02 14:48:11,5.318018553344447
2025-01-02 14:48:12,5.839936081065032
2025-01-02 14:48:13,4.803360200685098
2025-01-02 14:48:14,5.4547436057974785
2025-01-02 14:48:15,5.544632079552264
2025-01-02 14:48:16,4.838044268875593
2025-01-02 14:48:17,
2025-01-02 14:48:18,4.508534558062574
2025-01-02 14:48:19,4.9989783411586055
2025-01-02 14:48:20,5.973210488302817
2025-01-02 14:48:21,5.135305104785474
2025-01-02 14:48:22,5.129015152223984
2025-01-02 14:48:23,4.738546610430059
2025-01-02 14:48:24,4.968178550094685
2025-01-02 14:48:25,4.9518397696849705
2025-01-02 14:48:26,5.253838389311711
2025-01-02 14:48:27,5.7733625952385434
2025-01-02 14:48:28,5.473957152249335
2025-01-02 14:48:29,5.4781233853787015
2025-01-02 14:48:30,5.3045190504330115
2025-01-02 14:48:31,5.852480769852967
2025-01-02 14:48:32,5.267515892474438
2025-01-02 14:48:33,5.476238291438035
2025-01-02 14:48:34,5.383366451495475
2025-01-02 14:48:35,4.88691889950215
2025-01-02 14:48:36,5.350609205946564
2025-01-02 14:48:37,4.9830643646773725
2025-01-02 14:48:38,4.943599915056747
2025-01-02 14:48:39,5.17847067461313
2025-01-02 14:48:40,5.3128895825432805
2025-01-02 14:48:41,4.702531957931495
2025-01-02 14:48:42,4.8246791326138005
2025-01-02 14:48:43,4.694706828255054
2025-01-02 14:48:44,5.0284639763012615
2025-01-02 14:48:45,5.570717363965759
2025-01-02 14:48:46,5.62916674522289
2025-01-02 14:48:47,4.837336908875134
2025-01-02 14:48:48,5.901565199544164
2025-01-02 14:48:49,5.01507919165271
2025-01-02 14:48:50,5.8915992732086
2025-01-02 14:48:51,4.966303353721117
2025-01-02 14:48:52,4.965110743151077
2025-01-02 14:48:53,4.563103341174237
2025-01-02 14:48:54,5.132340849392806
2025-01-02 14:48:55,5.151424813747758
2025-01-02 14:48:56,5.47618988455129
2025-01-02 14:48:57,5.109248630750794
2025-01-02 14:48:58,5.464399716109543
2025-01-02 14:48:59,5.330866352960007
2025-01-02 14:49:00,5.169153867146729
2025-01-02 14:49:01,4.8687611907997645
2025-01-02 14:49:02,4.995865161065208
2025-01-02 14:49:03,5.009841931696762
2025-01-02 14:49:04,5.129447879431376
2025-01-02 14:49:05,5.081628676719249
2025-01-02 14:49:06,4.91379981921902
2025-01-02 14:49:07,4.981174064351203
2025-01-02 14:49:08,5.198141068262755
2025-01-02 14:49:09,4.977831525339239
2025-01-02 14:49:10,4.9597480690618285
2025-01-02 14:49:11,5.244703519374718
2025-01-02 14:49:12,5.434584352600555
2025-01-02 14:49:13,5.06747301693481
2025-01-02 14:49:14,4.9529290680663305
2025-01-02 14:49:15,5.288116071095775
2025-01-02 14:49:16,5.541586398365822
2025-01-02 14:49:17,4.932330493310127
2025-01-02 14:49:18,5.176298704430533
2025-01-02 14:49:19,4.639264959782407
2025-01-02 14:49:20,5.147048858174228
2025-01-02 14:49:21,4.840659966858478
2025-01-02 14:49:22,4.9813798745467235
2025-01-02 14:49:23,5.084680550916969
2025-01-02 14:49:24,5.1070076194775424
2025-01-02 14:49:25,4.773026319694016
2025-01-02 14:49:26,4.9268030282127695
2025-01-02 14:49:27,4.783069441087175
2025-01-02 14:49:28,4.831120978973686
2025-01-02 14:49:29,5.2369186886349
2025-01-02 14:49:30,5.100815376422449
2025-01-02 14:49:31,4.640204668889371
2025-01-02 14:49:32,4.866056687034388
2025-01-02 14:49:33,5.072287095978864
2025-01-02 14:49:34,4.907979458077107
2025-01-02 14:49:35,5.5888579791490915
2025-01-02 14:49:36,4.2235362478793945
2025-01-02 14:49:37,5.394432657062151
2025-01-02 14:49:38,4.899767010095639
2025-01-02 14:49:39,5.052026954699093
2025-01-02 14:49:40,5.445472861198137
2025-01-02 14:49:41,5.572148698698737
2025-01-02 14:49:42,5.319013600276139
2025-01-02 14:49:43,4.794188808211769
2025-01-02 14:49:44,5.522700128962311
2025-01-02 14:49:45,4.762490527123129
2025-01-02 14:49:46,4.809125234053396
2025-01-02 14:49:47,4.981696125487857
2025-01-02 14:49:48,4.898047601089832
2025-01-02 14:49:49,5.048839321853642
2025-01-02 14:49:50,4.944554526287058
2025-01-02 14:49:51,4.776343527623118
2025-01-02 14:49:52,4.758788851121095
2025-01-02 14:49:53,5.11366872069078
2025-01-02 14:49:54,5.185367849807008
2025-01-02 14:49:55,5.132915561743402
2025-01-02 14:49:56,4.919050302455049
2025-01-02 14:49:57,
2025-01-02 14:49:58,4.821134426382207
2025-01-02 14:49:59,4.906922464968288
2025-01-02 14:50:00,4.68237750537336
2025-01-02 14:50:01,5.313887322584698
2025-01-02 14:50:02,4.71005818788377
2025-01-02 14:50:03,5.477565377730949
2025-01-02 14:50:04,5.554524035249231
2025-01-02 14:50:05,4.7430752385416906
2025-01-02 14:50:06,5.546908487735836
2025-01-02 14:50:07,4.60327678850749
2025-01-02 14:50:08,5.061821242760862
2025-01-02 14:50:09,4.836196326885776
2025-01-02 14:50:10,4.921469809328871
2025-01-02 14:50:11,5.158428959515399
2025-01-02 14:50:12,5.396854926471719
2025-01-02 14:50:13,5.385189331279992
2025-01-02 14:50:14,4.818120863922115
2025-01-02 14:50:15,5.213260869576795
2025-01-02 14:50:16,4.838162781000543
2025-01-02 14:50:17,4.531760698831649
2025-01-02 14:50:18,5.363666271568985
2025-01-02 14:50:19,4.94137144991426
2025-01-02 14:50:20,5.261932711990703
2025-01-02 14:50:21,5.095460385417155
2025-01-02 14:50:22,5.499278093655367
2025-01-02 14:50:23,5.051450848649407
2025-01-02 14:50:24,4.657489916799323
2025-01-02 14:50:25,5.556179921619754
2025-01-02 14:50:26,4.082178195577809
2025-01-02 14:50:27,4.584726098520453
2025-01-02 14:50:28,5.180986652884334
2025-01-02 14:50:29,5.567079261245468
2025-01-02 14:50:30,5.181068861051634
2025-01-02 14:50:31,5.106186615605909
2025-01-02 14:50:32,5.319371485843033
2025-01-02 14:50:33,4.776700961918779
2025-01-02 14:50:34,5.1795337494720055
2025-01-02 14:50:35,4.74506580138122
2025-01-02 14:50:36,5.466768142139311
2025-01-02 14:50:37,5.001147778848045
2025-01-02 14:50:38,
2025-01-02 14:50:39,4.877224783582174
2025-01-02 14:50:40,4.707549899277327
2025-01-02 14:50:41,4.580654306585305
2025-01-02 14:50:42,5.052568770298296
2025-01-02 14:50:43,5.047386461895962
2025-01-02 14:50:44,5.208076607662762
2025-01-02 14:50:45,4.8342408573606965
2025-01-02 14:50:46,4.746413830864901
2025-01-02 14:50:47,5.476208971651164
2025-01-02 14:50:48,4.7468131272983864
2025-01-02 14:50:49,5.5624838494153455
2025-01-02 14:50:50,5.140256538905051
2025-01-02 14:50:51,5.105412305931021
2025-01-02 14:50:52,5.128134329840573
2025-01-02 14:50:53,5.131985112057831
2025-01-02 14:50:54,4.757795941657822
2025-01-02 14:50:55,5.289489454246499
2025-01-02 14:50:56,5.1978520439896
2025-01-02 14:50:57,4.941637179801794
2025-01-02 14:50:58,5.260716586298357
2025-01-02 14:50:59,5.331119821045137
2025-01-02 14:51:00,4.639472782270733
2025-01-02 14:51:01,4.968878869753746
2025-01-02 14:51:02,5.050876403974366
2025-01-02 14:51:03,4.9493642102745925
2025-01-02 14:51:04,4.67704475031671
2025-01-02 14:51:05,5.341020968455713
2025-01-02 14:51:06,4.851870811406003
2025-01-02 14:51:07,5.173740303712612
2025-01-02 14:51:08,5.1093868291409175
2025-01-02 14:51:09,4.916818147788241
2025-01-02 14:51:10,5.4816585563355105
2025-01-02 14:51:11,5.6136612261484515
2025-01-02 14:51:12,4.968448393722158
2025-01-02 14:51:13,5.00514735687411
2025-01-02 14:51:14,5.194463525841897
2025-01-02 14:51:15,5.0647794266971005
2025-01-02 14:51:16,4.980109708863087
2025-01-02 14:51:17,4.921402272241096
2025-01-02 14:51:18,4.794481720011357
2025-01-02 14:51:19,4.357691317804689
2025-01-02 14:51:20,5.00881903581287
2025-01-02 14:51:21,4.387538075899992
2025-01-02 14:51:22,4.768841435986073
2025-01-02 14:51:23,5.11072255374525
2025-01-02 14:51:24,4.8914511758992045
2025-01-02 14:51:25,5.6898230106650685
2025-01-02 14:51:26,5.2538145860009084
2025-01-02 14:51:27,5.294526156078187
2025-01-02 14:51:28,5.489037256696549
2025-01-02 14:51:29,5.031475848391366
2025-01-02 14:51:30,4.874905407883288
2025-01-02 14:51:31,4.84335961907041
2025-01-02 14:51:32,4.942262728897991
2025-01-02 14:51:33,4.873666935697194
2025-01-02 14:51:34,4.725586705192431
2025-01-02 14:51:35,5.184401166317178
2025-01-02 14:51:36,4.924538251506324
2025-01-02 14:51:37,5.257570133532104
2025-01-02 14:51:38,4.817640182781466
2025-01-02 14:51:39,4.960174285832112
2025-01-02 14:51:40,4.526003055856286
2025-01-02 14:51:41,4.590872214271745
2025-01-02 14:51:42,5.409988063051565
2025-01-02 14:51:43,4.60512562156335
2025-01-02 14:51:44,5.732786952173104
2025-01-02 14:51:45,5.264342086707659
2025-01-02 14:51:46,4.927333352204526
2025-01-02 14:51:47,4.380522015969519
2025-01-02 14:51:48,5.037740034561493
2025-01-02 14:51:49,4.968586412053533
2025-01-02 14:51:50,4.914851262206012
2025-01-02 14:51:51,5.1222161444080125
2025-01-02 14:51:52,5.188474454717749
2025-01-02 14:51:53,5.321316648336353
2025-01-02 14:51:54,4.872460914405683
2025-01-02 14:51:55,4.816441332342916
2025-01-02 14:51:56,4.896131270394744
2025-01-02 14:51:57,5.319124657084524
2025-01-02 14:51:58,5.30186256339597
2025-01-02 14:51:59,5.157499862597786
2025-01-02 14:52:00,4.889636467984698
2025-01-02 14:52:01,
2025-01-02 14:52:02,5.097163164284726
2025-01-02 14:52:03,4.797491806199487
2025-01-02 14:52:04,5.336710275442728
2025-01-02 14:52:05,5.199012885939642
2025-01-02 14:52:06,4.912079817834721
2025-01-02 14:52:07,4.884922242738991
2025-01-02 14:52:08,5.297449388902725
2025-01-02 14:52:09,5.066489773225916
2025-01-02 14:52:10,5.284809546658974
2025-01-02 14:52:11,5.412686095075998
2025-01-02 14:52:12,4.278854512245975
2025-01-02 14:52:13,5.219491901116141
2025-01-02 14:52:14,4.682983195788657
2025-01-02 14:52:15,4.933007460244427
2025-01-02 14:52:16,5.283932905171564
2025-01-02 14:52:17,5.036887989044591
2025-01-02 14:52:18,4.867069779064042
2025-01-02 14:52:19,5.484907610158782
2025-01-02 14:52:20,5.5069035255431045
2025-01-02 14:52:21,5.323907744370771
2025-01-02 14:52:22,4.7470404293684405
2025-01-02 14:52:23,4.722509205868885
2025-01-02 14:52:24,5.122788112551112
2025-01-02 14:52:25,5.236713621025288
2025-01-02 14:52:26,5.049768374041698
2025-01-02 14:52:27,5.096138695436967
2025-01-02 14:52:28,5.195863667527919
2025-01-02 14:52:29,4.910468392307259
2025-01-02 14:52:30,5.286804150798962
2025-01-02 14:52:31,4.791545334809541
2025-01-02 14:52:32,4.849237213862716
2025-01-02 14:52:33,5.313770701453907
2025-01-02 14:52:34,4.562009983984352
2025-01-02 14:52:35,5.215166401236482
2025-01-02 14:52:36,5.113461424883593
2025-01-02 14:52:37,4.572396147576755
2025-01-02 14:52:38,4.811539142935697
2025-01-02 14:52:39,4.870347216350175
2025-01-02 14:52:40,4.923151333647051
2025-01-02 14:52:41,4.887694448522537
2025-01-02 14:52:42,5.271249199205678
2025-01-02 14:52:43,5.008625915113184
2025-01-02 14:52:44,5.22603273712648
2025-01-02 14:52:45,5.050213649060508
2025-01-02 14:52:46,5.12603913806694
2025-01-02 14:52:47,5.036969892988261
2025-01-02 14:52:48,5.5519151962813735
2025-01-02 14:52:49,5.089804579949904
2025-01-02 14:52:50,
2025-01-02 14:52:51,4.903486416837456
2025-01-02 14:52:52,4.722819878655955
2025-01-02 14:52:53,5.85417433909108
2025-01-02 14:52:54,4.380532072448462
2025-01-02 14:52:55,5.111786525522887
2025-01-02 14:52:56,5.410549256530453
2025-01-02 14:52:57,5.4164277916337
2025-01-02 14:52:58,4.69944277547176
2025-01-02 14:52:59,5.1945992536471595
2025-01-02 14:53:00,4.9759727332519414
2025-01-02 14:53:01,4.3715129503340595
2025-01-02 14:53:02,5.232243573748779
2025-01-02 14:53:03,4.764874439680019
2025-01-02 14:53:04,5.1879066578799335
2025-01-02 14:53:05,5.207040843522021
2025-01-02 14:53:06,5.4886530300606164
2025-01-02 14:53:07,4.964810162293283
2025-01-02 14:53:08,5.565804056623828
2025-01-02 14:53:09,5.433700976306137
2025-01-02 14:53:10,5.272085111507477
2025-01-02 14:53:11,5.175824062222424
2025-01-02 14:53:12,5.379442046656237
2025-01-02 14:53:13,4.666731318798015
2025-01-02 14:53:14,4.999370346989441
2025-01-02 14:53:15,4.5961595333561
2025-01-02 14:53:16,4.913797956683966
2025-01-02 14:53:17,5.0989189280411615
2025-01-02 14:53:18,5.021513185899269
2025-01-02 14:53:19,5.249055033817641
2025-01-02 14:53:20,4.8204913187795375
2025-01-02 14:53:21,4.922872270362811
2025-01-02 14:53:22,5.074865645200415
2025-01-02 14:53:23,4.875439969396359
2025-01-02 14:53:24,4.9179306822222495
2025-01-02 14:53:25,4.7059725005604545
2025-01-02 14:53:26,5.080425206847443
2025-01-02 14:53:27,
2025-01-02 14:53:28,4.496401684039045
2025-01-02 14:53:29,4.876756166094181
2025-01-02 14:53:30,4.59111277023047
2025-01-02 14:53:31,4.522175233049835
2025-01-02 14:53:32,5.019161387262241
2025-01-02 14:53:33,4.867657933433287
2025-01-02 14:53:34,4.670219018352882
2025-01-02 14:53:35,5.289624266033253
2025-01-02 14:53:36,5.0009165740809545
2025-01-02 14:53:37,4.469394982903715
2025-01-02 14:53:38,4.89065035225027
2025-01-02 14:53:39,4.767259442010733
2025-01-02 14:53:40,5.11946857850365
2025-01-02 14:53:41,4.403726870292077
2025-01-02 14:53:42,5.306232454557603
2025-01-02 14:53:43,5.013185240562118
2025-01-02 14:53:44,5.250161766990164
2025-01-02 14:53:45,4.889417287899624
2025-01-02 14:53:46,5.200640156025937
2025-01-02 14:53:47,4.162059433876243
2025-01-02 14:53:48,4.671646445205591
2025-01-02 14:53:49,5.15875649666162
2025-01-02 14:53:50,5.406786825251102
2025-01-02 14:53:51,5.4971305978846345
2025-01-02 14:53:52,4.387204560431326
2025-01-02 14:53:53,4.893268572145277
2025-01-02 14:53:54,5.33939005098401
2025-01-02 14:53:55,5.107807279927643
2025-01-02 14:53:56,5.154621834447209
2025-01-02 14:53:57,5.010757846807422
2025-01-02 14:53:58,5.237005963514547
2025-01-02 14:53:59,
2025-01-02 14:54:00,5.3230272245425745
2025-01-02 14:54:01,5.42021925486838
2025-01-02 14:54:02,4.707921108525947
2025-01-02 14:54:03,4.717017904673488
2025-01-02 14:54:04,4.817844422132882
2025-01-02 14:54:05,5.0914861691191895
2025-01-02 14:54:06,5.013841901923433
2025-01-02 14:54:07,5.09808767844751
2025-01-02 14:54:08,4.8322214650136885
2025-01-02 14:54:09,5.349080423958655
2025-01-02 14:54:10,4.603860338653023
2025-01-02 14:54:11,4.561885725750788
2025-01-02 14:54:12,5.111972582421862
2025-01-02 14:54:13,4.9134933647139825
2025-01-02 14:54:14,5.2657924400464475
2025-01-02 14:54:15,4.768063659337551
2025-01-02 14:54:16,4.8575086697214385
2025-01-02 14:54:17,5.266474398491777
2025-01-02 14:54:18,5.121719575267941
2025-01-02 14:54:19,4.969566720776645
2025-01-02 14:54:20,5.052830983151474
2025-01-02 14:54:21,5.0292624068393295
2025-01-02 14:54:22,4.685368434735055
2025-01-02 14:54:23,4.7979079899763155
2025-01-02 14:54:24,4.855117991090796
2025-01-02 14:54:25,4.610142482279232
2025-01-02 14:54:26,5.299913547526922
2025-01-02 14:54:27,4.339314249461203
2025-01-02 14:54:28,4.998746742328406
2025-01-02 14:54:29,5.042118530641204
2025-01-02 14:54:30,5.182877833317943
2025-01-02 14:54:31,5.099001957053451
2025-01-02 14:54:32,5.2681583669597325
2025-01-02 14:54:33,5.196680902859382
2025-01-02 14:54:34,5.123066738377853
2025-01-02 14:54:35,5.240211282646578
2025-01-02 14:54:36,4.848987976326859
2025-01-02 14:54:37,5.167639287915985
2025-01-02 14:54:38,
2025-01-02 14:54:39,5.349727904242045
2025-01-02 14:54:40,5.102819067597498
2025-01-02 14:54:41,4.525453119837618
2025-01-02 14:54:42,4.6034326809323645
2025-01-02 14:54:43,4.984491839675951
2025-01-02 14:54:44,4.990732951398425
2025-01-02 14:54:45,4.977873899707734
2025-01-02 14:54:46,4.862264264843499
2025-01-02 14:54:47,4.153936301631067
2025-01-02 14:54:48,4.624335070381723
2025-01-02 14:54:49,5.063642292736317
2025-01-02 14:54:50,5.126212558000729
2025-01-02 14:54:51,5.329467915312039
2025-01-02 14:54:52,5.329244681527417
2025-01-02 14:54:53,4.668258603552355
2025-01-02 14:54:54,5.387268159448342
2025-01-02 14:54:55,4.938333292279645
2025-01-02 14:54:56,5.181748588607539
2025-01-02 14:54:57,4.804746198329822
2025-01-02 14:54:58,5.126081042407805
2025-01-02 14:54:59,4.945266475213637
2025-01-02 14:55:00,5.152520821669161
2025-01-02 14:55:01,4.741006915971906
2025-01-02 14:55:02,4.843995929155009
2025-01-02 14:55:03,5.180544697464228
2025-01-02 14:55:04,5.055335220068923
2025-01-02 14:55:05,5.390666057034896
2025-01-02 14:55:06,5.229859054754785
2025-01-02 14:55:07,5.697968680275444
2025-01-02 14:55:08,4.755382592913711
2025-01-02 14:55:09,4.8084191827803044
2025-01-02 14:55:10,4.75844018686036
2025-01-02 14:55:11,4.689770804872276
2025-01-02 14:55:12,4.461365439148106
2025-01-02 14:55:13,4.680440397397514
2025-01-02 14:55:14,5.32836652625291
2025-01-02 14:55:15,4.955210302548079
2025-01-02 14:55:16,5.084330636347983
2025-01-02 14:55:17,4.690526452218185
2025-01-02 14:55:18,4.994109504868936
2025-01-02 14:55:19,5.132464162492222
2025-01-02 14:55:20,5.19506957719101
2025-01-02 14:55:21,4.80646436974046
2025-01-02 14:55:22,4.546521539788966
2025-01-02 14:55:23,5.001617302111043
2025-01-02 14:55:24,5.473145054730143
2025-01-02 14:55:25,4.319743494610297
2025-01-02 14:55:26,4.716361974926479
2025-01-02 14:55:27,4.6422492128864015
2025-01-02 14:55:28,5.200133559013966
2025-01-02 14:55:29,5.231980436389988
2025-01-02 14:55:30,4.749867717674981
2025-01-02 14:55:31,5.045547554216149
2025-01-02 14:55:32,5.215903151432153
2025-01-02 14:55:33,5.239068571291523
2025-01-02 14:55:34,5.193310510574617
2025-01-02 14:55:35,4.957361014673583
2025-01-02 14:55:36,4.836482491810336
2025-01-02 14:55:37,4.596610469458256
2025-01-02 14:55:38,4.712823288980435
2025-01-02 14:55:39,5.30578963542731
2025-01-02 14:55:40,5.147929567329205
2025-01-02 14:55:41,4.750784304426638
2025-01-02 14:55:42,4.807927295296397
2025-01-02 14:55:43,4.382084231529845
2025-01-02 14:55:44,5.14865575081907
2025-01-02 14:55:45,5.119938795423189
2025-01-02 14:55:46,5.2512444175933
2025-01-02 14:55:47,5.330894237570221
2025-01-02 14:55:48,4.601468494997061
2025-01-02 14:55:49,5.112355459877615
2025-01-02 14:55:50,4.999896364719184
2025-01-02 14:55:51,4.790804442829692
2025-01-02 14:55:52,4.97748862875512
2025-01-02 14:55:53,5.453352027872816
2025-01-02 14:55:54,4.773152338738181
2025-01-02 14:55:55,4.694545729458273
2025-01-02 14:55:56,5.151690256883276
2025-01-02 14:55:57,5.514183828091702
2025-01-02 14:55:58,4.664235798791559
2025-01-02 14:55:59,5.107584009444372
2025-01-02 14:56:00,5.0490031175285734
2025-01-02 14:56:01,5.355341359370475
2025-01-02 14:56:02,5.0683817249186145
2025-01-02 14:56:03,5.019462758671261
2025-01-02 14:56:04,4.632653580096216
2025-01-02 14:56:05,4.42259779230939
2025-01-02 14:56:06,5.363983240060136
2025-01-02 14:56:07,4.652056872524519
2025-01-02 14:56:08,4.432459133815021
2025-01-02 14:56:09,5.0052329796109705
2025-01-02 14:56:10,4.757649861578564
2025-01-02 14:56:11,4.663330969286927
2025-01-02 14:56:12,4.720408425965685
2025-01-02 14:56:13,5.9032196340874465
2025-01-02 14:56:14,5.233657415566857
2025-01-02 14:56:15,4.869830995320795
2025-01-02 14:56:16,5.0524643820471
2025-01-02 14:56:17,4.893938313605774
2025-01-02 14:56:18,4.605692760440935
2025-01-02 14:56:19,4.282037470031745
2025-01-02 14:56:20,5.06811322721533
2025-01-02 14:56:21,4.941387360344815
2025-01-02 14:56:22,5.466181619359491
2025-01-02 14:56:23,4.569185834657647
2025-01-02 14:56:24,4.711118960567224
2025-01-02 14:56:25,5.254646233850056
2025-01-02 14:56:26,4.511725003107718
2025-01-02 14:56:27,4.476287628463041
2025-01-02 14:56:28,5.115617705799653
2025-01-02 14:56:29,5.341248565647501
2025-01-02 14:56:30,4.7289776605500755
2025-01-02 14:56:31,4.76547553216031
2025-01-02 14:56:32,4.638659515306107
2025-01-02 14:56:33,4.97643779157332
2025-01-02 14:56:34,4.665940406963017
2025-01-02 14:56:35,5.4672857581053975
2025-01-02 14:56:36,4.697465553100614
2025-01-02 14:56:37,5.112889986067245
2025-01-02 14:56:38,4.658786699673488
2025-01-02 14:56:39,4.646765381657548
2025-01-02 14:56:40,5.330000082636291
2025-01-02 14:56:41,4.936525466357069
2025-01-02 14:56:42,4.77064937374491
2025-01-02 14:56:43,4.932047182106073
2025-01-02 14:56:44,4.842677093920756
2025-01-02 14:56:45,4.553132263798065
2025-01-02 14:56:46,4.748964543204299
2025-01-02 14:56:47,4.995093269518733
2025-01-02 14:56:48,4.593758200216723
2025-01-02 14:56:49,4.862357199537924
2025-01-02 14:56:50,4.5260314430537605
2025-01-02 14:56:51,5.123936273988559
2025-01-02 14:56:52,5.060059961157941
2025-01-02 14:56:53,5.143069047487361
2025-01-02 14:56:54,4.714635064948518
2025-01-02 14:56:55,5.196297047231145
2025-01-02 14:56:56,5.294543135841299
2025-01-02 14:56:57,5.381562636312877
2025-01-02 14:56:58,4.757476134794433
2025-01-02 14:56:59,4.561020770106068
2025-01-02 14:57:00,5.199245933529292
2025-01-02 14:57:01,5.080184168223155
2025-01-02 14:57:02,4.930738188129538
2025-01-02 14:57:03,4.813545242856568
2025-01-02 14:57:04,4.783953842717548
2025-01-02 14:57:05,5.087834768203366
2025-01-02 14:57:06,4.995653190693318
2025-01-02 14:57:07,5.102734028665909
2025-01-02 14:57:08,5.278736089000557
2025-01-02 14:57:09,5.0914046976436484
2025-01-02 14:57:10,4.675239126018102
2025-01-02 14:57:11,4.635438810870429
2025-01-02 14:57:12,4.883017084043764
2025-01-02 14:57:13,5.28190330400339
2025-01-02 14:57:14,5.305099909851088
2025-01-02 14:57:15,4.818487038794293
2025-01-02 14:57:16,5.242411471051138
2025-01-02 14:57:17,5.3424146555248875
2025-01-02 14:57:18,4.903920345161761
2025-01-02 14:57:19,4.60803531245534
2025-01-02 14:57:20,5.00737564583806
2025-01-02 14:57:21,5.022510933685381
2025-01-02 14:57:22,4.643862972422365
2025-01-02 14:57:23,4.913209801645901
2025-01-02 14:57:24,4.55046594633153
2025-01-02 14:57:25,4.998609625163296
2025-01-02 14:57:26,4.6460239045855
2025-01-02 14:57:27,4.7087992360245465
2025-01-02 14:57:28,4.6651184536533945
2025-01-02 14:57:29,5.016168437144425
2025-01-02 14:57:30,4.777557972018844
2025-01-02 14:57:31,4.7010989233003295
2025-01-02 14:57:32,4.476012006185124
2025-01-02 14:57:33,4.705908879983852
2025-01-02 14:57:34,5.55196005257177
2025-01-02 14:57:35,4.678440144497185
2025-01-02 14:57:36,4.557369117446882
2025-01-02 14:57:37,5.044029525479248
2025-01-02 14:57:38,4.850114964100976
2025-01-02 14:57:39,4.706238593566431
2025-01-02 14:57:40,4.506334154115687
2025-01-02 14:57:41,4.522603831883943
2025-01-02 14:57:42,4.844979247223978
2025-01-02 14:57:43,4.66423235813609
2025-01-02 14:57:44,4.320396196648928
2025-01-02 14:57:45,5.1012538220746375
2025-01-02 14:57:46,4.988375392880562
2025-01-02 14:57:47,4.537421251762108
2025-01-02 14:57:48,4.747058678295422
2025-01-02 14:57:49,4.896455257881968
2025-01-02 14:57:50,5.6093678653430095
2025-01-02 14:57:51,
2025-01-02 14:57:52,5.01276530398107
2025-01-02 14:57:53,5.122021689440853
2025-01-02 14:57:54,4.702058502208743
2025-01-02 14:57:55,4.609437961217938
2025-01-02 14:57:56,4.881796948198733
2025-01-02 14:57:57,4.802962282457958
2025-01-02 14:57:58,4.79315830879899
2025-01-02 14:57:59,5.377654381215236
2025-01-02 14:58:00,4.90911476303286
2025-01-02 14:58:01,5.255854510616816
2025-01-02 14:58:02,4.803760438299614
2025-01-02 14:58:03,4.406960647702531
2025-01-02 14:58:04,4.630533742660521
2025-01-02 14:58:05,5.009543501654675
2025-01-02 14:58:06,4.7669102099344505
2025-01-02 14:58:07,5.087074982414889
2025-01-02 14:58:08,5.014942537034012
2025-01-02 14:58:09,4.40232919205577
2025-01-02 14:58:10,4.842677403860706
2025-01-02 14:58:11,4.88133298464055
2025-01-02 14:58:12,5.041728957495651
2025-01-02 14:58:13,5.073136164063092
2025-01-02 14:58:14,
2025-01-02 14:58:15,5.005440008800316
2025-01-02 14:58:16,4.660696538308874
2025-01-02 14:58:17,4.552752357110126
2025-01-02 14:58:18,4.371426458975671
2025-01-02 14:58:19,4.916378342020331
2025-01-02 14:58:20,
2025-01-02 14:58:21,4.950300323505383
2025-01-02 14:58:22,4.857113899183418
2025-01-02 14:58:23,5.252449760041501
2025-01-02 14:58:24,4.998281124415657
2025-01-02 14:58:25,4.743984576750711
2025-01-02 14:58:26,4.815363506733739
2025-01-02 14:58:27,4.748451719005894
2025-01-02 14:58:28,5.121193502315236
2025-01-02 14:58:29,4.5796260169325524
2025-01-02 14:58:30,5.041182164845547
2025-01-02 14:58:31,5.140960289645804
2025-01-02 14:58:32,4.598820384410522
2025-01-02 14:58:33,4.764955589143764
2025-01-02 14:58:34,4.786508316430219
2025-01-02 14:58:35,4.756529075185251
2025-01-02 14:58:36,4.798623462186964
2025-01-02 14:58:37,4.68222432932677
2025-01-02 14:58:38,4.983158764173823
2025-01-02 14:58:39,4.619625740529011
2025-01-02 14:58:40,4.619996518145682
2025-01-02 14:58:41,4.637799226505607
2025-01-02 14:58:42,5.229358537729162
2025-01-02 14:58:43,5.287033374748268
2025-01-02 14:58:44,4.941783586132108
2025-01-02 14:58:45,4.568435866676234
2025-01-02 14:58:46,4.574127548422867
2025-01-02 14:58:47,5.150342277355422
2025-01-02 14:58:48,5.366236186914415
2025-01-02 14:58:49,4.5763059406470585
2025-01-02 14:58:50,4.8694152497392
2025-01-02 14:58:51,5.034194328034179
2025-01-02 14:58:52,4.810467778837623
2025-01-02 14:58:53,5.11708345729249
2025-01-02 14:58:54,5.127486801013089
2025-01-02 14:58:55,4.898288299561649
2025-01-02 14:58:56,4.7247585515622905
2025-01-02 14:58:57,5.766252872093999
2025-01-02 14:58:58,5.071318854486585
2025-01-02 14:58:59,4.655689008308902
2025-01-02 14:59:00,5.180478669976459
2025-01-02 14:59:01,4.7436566996939105
2025-01-02 14:59:02,4.972570409935416
2025-01-02 14:59:03,4.840270753983506
2025-01-02 14:59:04,5.110657935543382
2025-01-02 14:59:05,
2025-01-02 14:59:06,4.566885875858868
2025-01-02 14:59:07,4.606520499766267
2025-01-02 14:59:08,4.858684171527006
2025-01-02 14:59:09,4.744364083526902
2025-01-02 14:59:10,4.643494731066864
2025-01-02 14:59:11,4.344384260845768
2025-01-02 14:59:12,4.286241233204965
2025-01-02 14:59:13,4.982521037304398
2025-01-02 14:59:14,4.776986536134592
2025-01-02 14:59:15,4.885871480163993
2025-01-02 14:59:16,4.469330293688658
2025-01-02 14:59:17,4.487444334279633
2025-01-02 14:59:18,4.472834514039931
2025-01-02 14:59:19,4.921151660052596
2025-01-02 14:59:20,5.049670989153528
2025-01-02 14:59:21,5.340485337870711
2025-01-02 14:59:22,5.12274605135377
2025-01-02 14:59:23,5.556413893811166
2025-01-02 14:59:24,5.011648019921391
2025-01-02 14:59:25,4.4992376734386035
2025-01-02 14:59:26,5.192811054616735
2025-01-02 14:59:27,4.4193498607339
2025-01-02 14:59:28,5.101424202452041
2025-01-02 14:59:29,4.638358696339679
2025-01-02 14:59:30,4.221261176454265
2025-01-02 14:59:31,4.4899895243768935
2025-01-02 14:59:32,4.802858513307708
2025-01-02 14:59:33,5.292882968655116
2025-01-02 14:59:34,4.74148156592019
2025-01-02 14:59:35,4.738482976991837
2025-01-02 14:59:36,5.0932451458131425
2025-01-02 14:59:37,4.657161101615067
2025-01-02 14:59:38,4.717857904024211
2025-01-02 14:59:39,4.504518972893009
2025-01-02 14:59:40,4.755071418779483
2025-01-02 14:59:41,4.887083717002993
2025-01-02 14:59:42,4.876160367324505
2025-01-02 14:59:43,5.092212701260086
2025-01-02 14:59:44,4.842638447748246
2025-01-02 14:59:45,4.973314973894064
2025-01-02 14:59:46,4.8775331193386755
2025-01-02 14:59:47,4.427809905736308
2025-01-02 14:59:48,5.542648844094478
2025-01-02 14:59:49,4.761175871846005
2025-01-02 14:59:50,4.512624921024459
2025-01-02 14:59:51,4.662770675474246
2025-01-02 14:59:52,4.844752656509135
2025-01-02 14:59:53,5.163373465138402
2025-01-02 14:59:54,4.791227508889886
2025-01-02 14:59:55,4.988455368504883
2025-01-02 14:59:56,4.893540800860816
2025-01-02 14:59:57,5.278637909812357
2025-01-02 14:59:58,4.870515509834577
2025-01-02 14:59:59,4.828970847389544
2025-01-02 15:00:00,5.53780655991381
2025-01-02 15:00:01,4.926028451409165
2025-01-02 15:00:02,5.335005001656197
2025-01-02 15:00:03,4.858185917195864
2025-01-02 15:00:04,4.854028255521118
2025-01-02 15:00:05,5.132454318739779
2025-01-02 15:00:06,4.373881458524243
2025-01-02 15:00:07,4.857045913583835
2025-01-02 15:00:08,5.062922723260206
2025-01-02 15:00:09,5.165272564820594
2025-01-02 15:00:10,4.9161016579152985
2025-01-02 15:00:11,4.9163577370133
2025-01-02 15:00:12,5.054745321086171
2025-01-02 15:00:13,4.400814735662014
2025-01-02 15:00:14,4.960205684792658
2025-01-02 15:00:15,4.989350163137164
2025-01-02 15:00:16,4.932313758745706
2025-01-02 15:00:17,4.61925456126989
2025-01-02 15:00:18,4.544047758556168
2025-01-02 15:00:19,4.3886912957349065
2025-01-02 15:00:20,5.3832683878771395
2025-01-02 15:00:21,4.842245534789674
2025-01-02 15:00:22,4.947201716446951
2025-01-02 15:00:23,4.697342927688662
2025-01-02 15:00:24,4.624690356482164
2025-01-02 15:00:25,4.944847285105274
2025-01-02 15:00:26,4.756139786481947
2025-01-02 15:00:27,4.496899677182357
2025-01-02 15:00:28,4.9383554294203265
2025-01-02 15:00:29,4.771594962683757
2025-01-02 15:00:30,4.8832097766905775
2025-01-02 15:00:31,5.031040331785353
2025-01-02 15:00:32,4.928349123537682
2025-01-02 15:00:33,4.613952189457188
2025-01-02 15:00:34,4.3664374850195475
2025-01-02 15:00:35,4.601531456077179
2025-01-02 15:00:36,4.44074746025605
2025-01-02 15:00:37,4.478028860685635
2025-01-02 15:00:38,4.609695054796586
2025-01-02 15:00:39,4.8338953366428825
2025-01-02 15:00:40,4.85784500493047
2025-01-02 15:00:41,5.4598204510913835
2025-01-02 15:00:42,4.905442160605904
2025-01-02 15:00:43,4.326328443402791
2025-01-02 15:00:44,4.907175203410758
2025-01-02 15:00:45,4.621400126227656
2025-01-02 15:00:46,4.326921309566423
2025-01-02 15:00:47,4.634578677880512
2025-01-02 15:00:48,4.842841414884847
2025-01-02 15:00:49,5.591816947833551
2025-01-02 15:00:50,4.5143991393885825
2025-01-02 15:00:51,5.0257388426573835
2025-01-02 15:00:52,4.422430271566616
2025-01-02 15:00:53,4.876676371478569
2025-01-02 15:00:54,4.7296224210055575
2025-01-02 15:00:55,5.1302262249154165
2025-01-02 15:00:56,4.705442422402585
2025-01-02 15:00:57,4.108907830697161
2025-01-02 15:00:58,5.050893705571953
2025-01-02 15:00:59,4.865901748328717
2025-01-02 15:01:00,4.318717403850232
2025-01-02 15:01:01,4.648531434382691
2025-01-02 15:01:02,4.682601058544118
2025-01-02 15:01:03,4.701051723891558
2025-01-02 15:01:04,4.9161035841526655
2025-01-02 15:01:05,4.569488326578589
2025-01-02 15:01:06,4.647175920094845
2025-01-02 15:01:07,4.570321931035044
2025-01-02 15:01:08,4.881539147142928
2025-01-02 15:01:09,4.813331767754058
2025-01-02 15:01:10,5.0160297722981415
2025-01-02 15:01:11,4.60727264629521
2025-01-02 15:01:12,5.354640111986296
2025-01-02 15:01:13,5.268097570976018
2025-01-02 15:01:14,5.04821306006201
2025-01-02 15:01:15,4.860349092407837
2025-01-02 15:01:16,5.319316622079133
2025-01-02 15:01:17,4.854651031889795
2025-01-02 15:01:18,4.428261307381779
2025-01-02 15:01:19,3.985033961107378
2025-01-02 15:01:20,4.882120337680556
2025-01-02 15:01:21,5.0053680243684555
2025-01-02 15:01:22,5.247827880502736
2025-01-02 15:01:23,5.003320753829683
2025-01-02 15:01:24,4.610921419908676
2025-01-02 15:01:25,4.775098556424498
2025-01-02 15:01:26,4.678579274368941
2025-01-02 15:01:27,5.149933374374833
2025-01-02 15:01:28,4.885440810172592
2025-01-02 15:01:29,4.532906471093073
2025-01-02 15:01:30,4.640709346916304
2025-01-02 15:01:31,4.4317322374195385
2025-01-02 15:01:32,4.706661690397504
2025-01-02 15:01:33,4.706250246541921
2025-01-02 15:01:34,4.472613099221774
2025-01-02 15:01:35,4.8226906398939295
2025-01-02 15:01:36,5.0891364655936
2025-01-02 15:01:37,5.153937863757467
2025-01-02 15:01:38,4.794879989389085
2025-01-02 15:01:39,4.675516999374753
2025-01-02 15:01:40,5.176737853684907
2025-01-02 15:01:41,4.962069215144708
2025-01-02 15:01:42,4.666000203132008
2025-01-02 15:01:43,4.950595126590785
2025-01-02 15:01:44,4.55248474075233
2025-01-02 15:01:45,5.145832761635546
2025-01-02 15:01:46,5.202400857985051
2025-01-02 15:01:47,4.955610244328899
2025-01-02 15:01:48,4.716501034304956
2025-01-02 15:01:49,4.431920761110703
2025-01-02 15:01:50,5.1771403580524185
2025-01-02 15:01:51,4.818384242793867
2025-01-02 15:01:52,4.362026299192016
2025-01-02 15:01:53,5.054308009262741
2025-01-02 15:01:54,5.1995679740971905
2025-01-02 15:01:55,4.762501006183736
2025-01-02 15:01:56,5.1568816073124015
2025-01-02 15:01:57,5.0725387833113835
2025-01-02 15:01:58,4.7531062141871905
2025-01-02 15:01:59,4.433045141086242
2025-01-02 15:02:00,5.596486986286312
2025-01-02 15:02:01,5.249867938884141
2025-01-02 15:02:02,4.9207589875300375
2025-01-02 15:02:03,4.929493028965703
2025-01-02 15:02:04,5.245003060612607
2025-01-02 15:02:05,4.597628928114663
2025-01-02 15:02:06,4.860449265822521
2025-01-02 15:02:07,4.89216143788323
2025-01-02 15:02:08,4.683177968335801
2025-01-02 15:02:09,4.2307108094201755
2025-01-02 15:02:10,5.300765560922576
2025-01-02 15:02:11,4.619649517480242
2025-01-02 15:02:12,5.079508050827444
2025-01-02 15:02:13,5.2551407867541595
2025-01-02 15:02:14,4.965866908081841
2025-01-02 15:02:15,4.695376819303579
2025-01-02 15:02:16,4.2428917808558975
2025-01-02 15:02:17,5.033888662145438
2025-01-02 15:02:18,5.172126715390999
2025-01-02 15:02:19,4.850630738018353
2025-01-02 15:02:20,5.110133519420832
2025-01-02 15:02:21,5.006747989593855
2025-01-02 15:02:22,4.79763298044523
2025-01-02 15:02:23,4.499422807478607
2025-01-02 15:02:24,4.3089315178761005
2025-01-02 15:02:25,4.9554922970889095
2025-01-02 15:02:26,4.791097255754804
2025-01-02 15:02:27,4.582634907133161
2025-01-02 15:02:28,4.979019499982759
2025-01-02 15:02:29,4.679843599369687
2025-01-02 15:02:30,4.598430547400325
2025-01-02 15:02:31,4.123150077299068
2025-01-02 15:02:32,4.744411701888138
2025-01-02 15:02:33,4.362214611558492
2025-01-02 15:02:34,5.044393074208381
2025-01-02 15:02:35,
2025-01-02 15:02:36,4.7255179219233545
2025-01-02 15:02:37,4.5510073485247
2025-01-02 15:02:38,4.9074877151705625
2025-01-02 15:02:39,4.804309659978816
2025-01-02 15:02:40,4.279358234013327
2025-01-02 15:02:41,4.976241569878815
2025-01-02 15:02:42,4.747724299879389
2025-01-02 15:02:43,4.8644745950405035
2025-01-02 15:02:44,4.72345569658978
2025-01-02 15:02:45,5.140342498939815
2025-01-02 15:02:46,4.706179920632367
2025-01-02 15:02:47,4.742252704427747
2025-01-02 15:02:48,4.695861280066487
2025-01-02 15:02:49,4.5744042660589415
2025-01-02 15:02:50,5.208774512482874
2025-01-02 15:02:51,4.600153652960453
2025-01-02 15:02:52,4.711646744464339
2025-01-02 15:02:53,5.473964336415402
2025-01-02 15:02:54,4.812927338324777
2025-01-02 15:02:55,4.633921901209672
2025-01-02 15:02:56,4.683568842689792
2025-01-02 15:02:57,4.220595738271206
2025-01-02 15:02:58,4.653434311507457
2025-01-02 15:02:59,4.331934919911642
2025-01-02 15:03:00,4.902546339829173
2025-01-02 15:03:01,4.301466080249892
2025-01-02 15:03:02,4.873043254089663
2025-01-02 15:03:03,5.241754891343959
2025-01-02 15:03:04,4.311423611968725
2025-01-02 15:03:05,5.154082860829889
2025-01-02 15:03:06,5.029264660639597
2025-01-02 15:03:07,5.023339183600836
2025-01-02 15:03:08,4.277391818821158
2025-01-02 15:03:09,4.856659233205119
2025-01-02 15:03:10,4.972846398920368
2025-01-02 15:03:11,5.031757915549437
2025-01-02 15:03:12,4.5980326913216345
2025-01-02 15:03:13,
2025-01-02 15:03:14,4.711972855525049
2025-01-02 15:03:15,4.625356368562405
2025-01-02 15:03:16,4.466586623735758
2025-01-02 15:03:17,4.846881410808522
2025-01-02 15:03:18,5.09484206454789
2025-01-02 15:03:19,4.3756055255154624
2025-01-02 15:03:20,4.769404880342341
2025-01-02 15:03:21,4.518045248824009
2025-01-02 15:03:22,5.178594394375458
2025-01-02 15:03:23,4.968025116394307
2025-01-02 15:03:24,4.862618180942239
2025-01-02 15:03:25,4.73290023476981
2025-01-02 15:03:26,5.473317294606386
2025-01-02 15:03:27,5.154667559342511
2025-01-02 15:03:28,4.8911664517489095
2025-01-02 15:03:29,4.758259142513737
2025-01-02 15:03:30,4.521177287564764
2025-01-02 15:03:31,4.402609786411731
2025-01-02 15:03:32,
2025-01-02 15:03:33,4.754234768571581
2025-01-02 15:03:34,4.237451960124269
2025-01-02 15:03:35,4.869714892884221
2025-01-02 15:03:36,4.8998361476972985
2025-01-02 15:03:37,4.788613042390679
2025-01-02 15:03:38,4.489108144852137
2025-01-02 15:03:39,4.840350517882465
2025-01-02 15:03:40,4.795346526225292
2025-01-02 15:03:41,4.765050271474174
2025-01-02 15:03:42,4.139161197855638
2025-01-02 15:03:43,5.224850112682958
2025-01-02 15:03:44,4.508183998496193
2025-01-02 15:03:45,4.873478296122088
2025-01-02 15:03:46,4.68129673866222
2025-01-02 15:03:47,4.483255487463518
2025-01-02 15:03:48,4.879266616965046
2025-01-02 15:03:49,
2025-01-02 15:03:50,4.694311132113205
2025-01-02 15:03:51,4.641317508313677
2025-01-02 15:03:52,4.279377702377244
2025-01-02 15:03:53,4.914743904844297
2025-01-02 15:03:54,4.701350445778976
2025-01-02 15:03:55,4.71785600512953
2025-01-02 15:03:56,
2025-01-02 15:03:57,4.9563395099007765
2025-01-02 15:03:58,5.174063609704385
2025-01-02 15:03:59,4.449675226473871
2025-01-02 15:04:00,4.419830241187528
2025-01-02 15:04:01,4.632207495106843
2025-01-02 15:04:02,4.69515729036935
2025-01-02 15:04:03,4.731412160809313
2025-01-02 15:04:04,4.572362498725752
2025-01-02 15:04:05,4.86523115166755
2025-01-02 15:04:06,4.413808463984853
2025-01-02 15:04:07,4.7149931713515505
2025-01-02 15:04:08,4.69302511924869
2025-01-02 15:04:09,4.756108015951332
2025-01-02 15:04:10,4.659417801011951
2025-01-02 15:04:11,4.7882035053602054
2025-01-02 15:04:12,4.373707940433176
2025-01-02 15:04:13,3.9456488554872484
2025-01-02 15:04:14,4.553423858495174
2025-01-02 15:04:15,4.992313702967151
2025-01-02 15:04:16,4.566263179858926
2025-01-02 15:04:17,4.3379713770160615
2025-01-02 15:04:18,5.084776574797754
2025-01-02 15:04:19,4.697838353274097
2025-01-02 15:04:20,4.879670327966703
2025-01-02 15:04:21,4.828120213739945
2025-01-02 15:04:22,4.878689195824962
2025-01-02 15:04:23,4.298644547055461
2025-01-02 15:04:24,4.708485603911232
2025-01-02 15:04:25,4.630429184384365
2025-01-02 15:04:26,4.845724090112997
2025-01-02 15:04:27,4.823840835022962
2025-01-02 15:04:28,4.397743075654331
2025-01-02 15:04:29,5.11278634214403
2025-01-02 15:04:30,
2025-01-02 15:04:31,4.922479267281565
2025-01-02 15:04:32,4.666510044881346
2025-01-02 15:04:33,4.523244422994124
2025-01-02 15:04:34,4.611729522594673
2025-01-02 15:04:35,4.435343508347932
2025-01-02 15:04:36,4.947900970834979
2025-01-02 15:04:37,4.8805640981561735
2025-01-02 15:04:38,4.835694579489684
2025-01-02 15:04:39,4.8961250571032195
2025-01-02 15:04:40,5.076483519308911
2025-01-02 15:04:41,4.469179994360768
2025-01-02 15:04:42,5.158426644824107
2025-01-02 15:04:43,4.5983406355291585
2025-01-02 15:04:44,4.454602496465688
2025-01-02 15:04:45,4.249026687604898
2025-01-02 15:04:46,4.781671093195958
2025-01-02 15:04:47,4.8516532980311435
2025-01-02 15:04:48,
2025-01-02 15:04:49,4.785362096015781
2025-01-02 15:04:50,4.728684552835307
2025-01-02 15:04:51,4.532705282991673
2025-01-02 15:04:52,5.194065859032707
2025-01-02 15:04:53,4.878344268427209
2025-01-02 15:04:54,4.40932627452252
2025-01-02 15:04:55,4.824465186960807
2025-01-02 15:04:56,4.205031616640012
2025-01-02 15:04:57,4.477770053413972
2025-01-02 15:04:58,4.550420776662172
2025-01-02 15:04:59,4.519835826840377
2025-01-02 15:05:00,4.673870638080562
2025-01-02 15:05:01,4.9226681091439835
2025-01-02 15:05:02,4.534790102239655
2025-01-02 15:05:03,4.905646796053448
2025-01-02 15:05:04,4.818026925037544
2025-01-02 15:05:05,4.633011119668979
2025-01-02 15:05:06,4.543883563501211
2025-01-02 15:05:07,4.593309567888546
2025-01-02 15:05:08,5.02188162342386
2025-01-02 15:05:09,4.7140595771527645
2025-01-02 15:05:10,4.54853469436076
2025-01-02 15:05:11,4.767057914645856
2025-01-02 15:05:12,4.959207907738583
2025-01-02 15:05:13,4.285591860284499
2025-01-02 15:05:14,5.07718727395089
2025-01-02 15:05:15,4.2137091299053235
2025-01-02 15:05:16,4.5889008221143435
2025-01-02 15:05:17,4.643084268744919
2025-01-02 15:05:18,4.574231942311913
2025-01-02 15:05:19,4.520772602877229
2025-01-02 15:05:20,4.915475696630445
2025-01-02 15:05:21,4.9400807119924535
2025-01-02 15:05:22,4.771133845116199
2025-01-02 15:05:23,4.672197543542919
2025-01-02 15:05:24,4.949545897334243
2025-01-02 15:05:25,4.277932728928737
2025-01-02 15:05:26,5.077979298082142
2025-01-02 15:05:27,4.9636683598876346
2025-01-02 15:05:28,4.62095458871441
2025-01-02 15:05:29,4.6565339025151085
2025-01-02 15:05:30,4.615410325056005
2025-01-02 15:05:31,3.9052154678440365
2025-01-02 15:05:32,5.20877450852635
2025-01-02 15:05:33,5.323333743783425
2025-01-02 15:05:34,4.598161857005028
2025-01-02 15:05:35,4.980556446864903
2025-01-02 15:05:36,4.267225229353514
2025-01-02 15:05:37,5.01206265543418
2025-01-02 15:05:38,4.512684544015619
2025-01-02 15:05:39,4.735778059889437
2025-01-02 15:05:40,4.912621930791079
2025-01-02 15:05:41,4.964023272302617
2025-01-02 15:05:42,5.055338750070561
2025-01-02 15:05:43,4.61128247431711
2025-01-02 15:05:44,4.589768877597506
2025-01-02 15:05:45,5.068357413101911
2025-01-02 15:05:46,4.873079672232665
2025-01-02 15:05:47,4.5704005695557015
2025-01-02 15:05:48,4.5250921322986235
2025-01-02 15:05:49,5.068482418521671
2025-01-02 15:05:50,4.374987257628826
2025-01-02 15:05:51,4.731473905804497
2025-01-02 15:05:52,4.625250754866111
2025-01-02 15:05:53,4.635714985687014
2025-01-02 15:05:54,4.651887193202439
2025-01-02 15:05:55,4.8510623838197
2025-01-02 15:05:56,4.809120204184869
2025-01-02 15:05:57,4.4204866971909995
2025-01-02 15:05:58,4.492399180278972
2025-01-02 15:05:59,4.701601997199855
2025-01-02 15:06:00,4.754943936612172
2025-01-02 15:06:01,4.404064302442101
2025-01-02 15:06:02,4.3027925494667105
2025-01-02 15:06:03,4.7074432903414705
2025-01-02 15:06:04,5.311203966691076
2025-01-02 15:06:05,4.675940324328759
2025-01-02 15:06:06,4.859729847792891
2025-01-02 15:06:07,4.9150229417725315
2025-01-02 15:06:08,5.010664428452999
2025-01-02 15:06:09,4.554314476941191
2025-01-02 15:06:10,4.381476997931213
2025-01-02 15:06:11,4.343239491107479
2025-01-02 15:06:12,5.06778931774357
2025-01-02 15:06:13,4.039374266037506
2025-01-02 15:06:14,4.686137510535736
2025-01-02 15:06:15,4.43119554285209
2025-01-02 15:06:16,4.846280066904533
2025-01-02 15:06:17,4.599502983069595
2025-01-02 15:06:18,4.378936371135205
2025-01-02 15:06:19,5.165081412091787
2025-01-02 15:06:20,4.388559270596661
2025-01-02 15:06:21,4.5323109580182726
2025-01-02 15:06:22,4.179022211198619
2025-01-02 15:06:23,4.5378897354296726
2025-01-02 15:06:24,4.579122747505781
2025-01-02 15:06:25,4.93344307583177
2025-01-02 15:06:26,4.421805394311929
2025-01-02 15:06:27,4.879067571528977
2025-01-02 15:06:28,4.620999632344385
2025-01-02 15:06:29,5.318573449468968
2025-01-02 15:06:30,3.8932128389083784
2025-01-02 15:06:31,4.345080635295844
2025-01-02 15:06:32,4.368919578527554
2025-01-02 15:06:33,4.638354701837006
2025-01-02 15:06:34,5.157787458145615
2025-01-02 15:06:35,4.51084723610657
2025-01-02 15:06:36,4.716684803307685
2025-01-02 15:06:37,4.522760762685261
2025-01-02 15:06:38,5.001836220528352
2025-01-02 15:06:39,4.537813977175511
2025-01-02 15:06:40,4.115503279304189
2025-01-02 15:06:41,4.493094951096966
2025-01-02 15:06:42,4.458928534241203
2025-01-02 15:06:43,
2025-01-02 15:06:44,4.4543747597220715
2025-01-02 15:06:45,4.8507417663822885
2025-01-02 15:06:46,4.582471461310994
2025-01-02 15:06:47,4.63311392280222
2025-01-02 15:06:48,4.559066122666525
2025-01-02 15:06:49,4.8173691208257745
2025-01-02 15:06:50,4.594637970177412
2025-01-02 15:06:51,4.577617338412154
2025-01-02 15:06:52,4.238295205349905
2025-01-02 15:06:53,4.820791160615547
2025-01-02 15:06:54,5.008538646082726
2025-01-02 15:06:55,4.421153585968133
2025-01-02 15:06:56,4.442293925237181
2025-01-02 15:06:57,5.161506746189667
2025-01-02 15:06:58,3.7809996459177015
2025-01-02 15:06:59,4.744113740595104
2025-01-02 15:07:00,
2025-01-02 15:07:01,4.5397061826792395
2025-01-02 15:07:02,4.526811819915342
2025-01-02 15:07:03,4.029640432432153
2025-01-02 15:07:04,4.343624252886077
2025-01-02 15:07:05,4.643735493545496
2025-01-02 15:07:06,5.172213871412662
2025-01-02 15:07:07,4.762189881532477
2025-01-02 15:07:08,4.7173581148974115
2025-01-02 15:07:09,4.653156762045436
2025-01-02 15:07:10,4.469944403274204
2025-01-02 15:07:11,5.044606053075857
2025-01-02 15:07:12,4.9231311222044125
2025-01-02 15:07:13,4.7274753460149554
2025-01-02 15:07:14,4.418296805284665
2025-01-02 15:07:15,
2025-01-02 15:07:16,4.505010215977742
2025-01-02 15:07:17,4.577491923763545
2025-01-02 15:07:18,4.486911417035917
2025-01-02 15:07:19,4.829389653793823
2025-01-02 15:07:20,3.95766393060858
2025-01-02 15:07:21,4.123831053519886
2025-01-02 15:07:22,4.558582552266429
2025-01-02 15:07:23,4.95689494614035
2025-01-02 15:07:24,4.579562521979525
2025-01-02 15:07:25,4.354573623424167
2025-01-02 15:07:26,4.903404343586001
2025-01-02 15:07:27,4.255144996651963
2025-01-02 15:07:28,4.576440392009848
2025-01-02 15:07:29,5.033610288649286
2025-01-02 15:07:30,4.218748756815932
2025-01-02 15:07:31,4.5655038335491245
2025-01-02 15:07:32,4.807952758024
2025-01-02 15:07:33,4.563305492206631
2025-01-02 15:07:34,5.106932658953748
2025-01-02 15:07:35,4.674713210860821
2025-01-02 15:07:36,5.154184419792901
2025-01-02 15:07:37,4.6077987714308035
2025-01-02 15:07:38,4.545101132593264
2025-01-02 15:07:39,4.782608367239408
2025-01-02 15:07:40,4.107526891838604
2025-01-02 15:07:41,4.518549280492835
2025-01-02 15:07:42,5.143683640743163
2025-01-02 15:07:43,4.786754525515388
2025-01-02 15:07:44,4.942754835761376
2025-01-02 15:07:45,4.354160908372775
2025-01-02 15:07:46,4.396222493750626
2025-01-02 15:07:47,5.241920659259934
2025-01-02 15:07:48,4.7936015072646905
2025-01-02 15:07:49,4.945381267631991
2025-01-02 15:07:50,4.622630171604929
2025-01-02 15:07:51,4.954829185223945
2025-01-02 15:07:52,4.675502097498943
2025-01-02 15:07:53,4.541678464536961
2025-01-02 15:07:54,5.261517993849169
2025-01-02 15:07:55,4.090193855792211
2025-01-02 15:07:56,4.5545453962829265
2025-01-02 15:07:57,4.573952143374065
2025-01-02 15:07:58,4.925212033726487
2025-01-02 15:07:59,4.410003511499512
2025-01-02 15:08:00,4.883690558676597
2025-01-02 15:08:01,4.707660064662142
2025-01-02 15:08:02,4.868387303359584
2025-01-02 15:08:03,4.987927344833591
2025-01-02 15:08:04,5.072698910790614
2025-01-02 15:08:05,4.811244875970517
2025-01-02 15:08:06,4.642045205320112
2025-01-02 15:08:07,5.0830268511739405
2025-01-02 15:08:08,4.391448997415147
2025-01-02 15:08:09,4.697247626598332
2025-01-02 15:08:10,4.9152049834012415
2025-01-02 15:08:11,4.655302862872649
2025-01-02 15:08:12,4.597565979694066
2025-01-02 15:08:13,4.68620225982425
2025-01-02 15:08:14,4.536823440366433
2025-01-02 15:08:15,4.619229283646528
2025-01-02 15:08:16,4.909587849702316
2025-01-02 15:08:17,5.097742203643175
2025-01-02 15:08:18,4.825032286396797
2025-01-02 15:08:19,4.915761947130588
2025-01-02 15:08:20,4.570450498277639
2025-01-02 15:08:21,4.392572922327779
2025-01-02 15:08:22,4.426812050706746
2025-01-02 15:08:23,3.997598409136782
2025-01-02 15:08:24,4.814819481561438
2025-01-02 15:08:25,4.420082038331156
2025-01-02 15:08:26,4.623156481955199
2025-01-02 15:08:27,4.787622469886398
2025-01-02 15:08:28,4.518752503758261
2025-01-02 15:08:29,5.122404402736126
2025-01-02 15:08:30,4.1520070281299954
2025-01-02 15:08:31,4.853827264231165
2025-01-02 15:08:32,
2025-01-02 15:08:33,4.946120481444961
2025-01-02 15:08:34,4.778272590095515
2025-01-02 15:08:35,4.316576988442063
2025-01-02 15:08:36,4.194610496810524
2025-01-02 15:08:37,4.546508372687219
2025-01-02 15:08:38,4.679788635156148
2025-01-02 15:08:39,4.963704504731332
2025-01-02 15:08:40,4.804870122369418
2025-01-02 15:08:41,4.463839103463807
2025-01-02 15:08:42,5.0056818949890305
2025-01-02 15:08:43,4.494422813159095
2025-01-02 15:08:44,4.1615862448512315
2025-01-02 15:08:45,4.846794511400906
2025-01-02 15:08:46,3.9290876906727705
2025-01-02 15:08:47,4.691651789058658
2025-01-02 15:08:48,4.466045693119793
2025-01-02 15:08:49,5.0474341577933926
2025-01-02 15:08:50,4.522675269464822
2025-01-02 15:08:51,4.457259637285777
2025-01-02 15:08:52,4.627881119025209
2025-01-02 15:08:53,4.11529783112794
2025-01-02 15:08:54,4.437760982728914
2025-01-02 15:08:55,4.599512101751419
2025-01-02 15:08:56,5.015589648415449
2025-01-02 15:08:57,5.01043604519781
2025-01-02 15:08:58,3.999255542466823
2025-01-02 15:08:59,4.509016575667552
2025-01-02 15:09:00,4.820023736218653
2025-01-02 15:09:01,5.085512444763393
2025-01-02 15:09:02,4.438932659418771
2025-01-02 15:09:03,4.683030493275483
2025-01-02 15:09:04,4.216846461898571
2025-01-02 15:09:05,4.5210173179373285
2025-01-02 15:09:06,4.546414946406049
2025-01-02 15:09:07,4.717610702063027
2025-01-02 15:09:08,4.617923317117555
2025-01-02 15:09:09,4.687317855867632
2025-01-02 15:09:10,4.788889552701283
2025-01-02 15:09:11,4.536605995950348
2025-01-02 15:09:12,4.934119003582591
2025-01-02 15:09:13,4.302071089770475
2025-01-02 15:09:14,4.239852454892354
2025-01-02 15:09:15,4.03062356338526
2025-01-02 15:09:16,4.731897980403743
2025-01-02 15:09:17,4.410533366409222
2025-01-02 15:09:18,4.672114730375025
2025-01-02 15:09:19,4.758187503205699
2025-01-02 15:09:20,5.077917463417316
2025-01-02 15:09:21,4.931900842230329
2025-01-02 15:09:22,4.3911870712262955
2025-01-02 15:09:23,4.615022730793673
2025-01-02 15:09:24,4.257182520924119
2025-01-02 15:09:25,4.655892312428597
2025-01-02 15:09:26,4.155155339128221
2025-01-02 15:09:27,5.160248665667197
2025-01-02 15:09:28,4.502865454864315
2025-01-02 15:09:29,4.194692991876428
2025-01-02 15:09:30,4.412401160347322
2025-01-02 15:09:31,4.081839831988095
2025-01-02 15:09:32,4.26069672039186
2025-01-02 15:09:33,4.480666044275533
2025-01-02 15:09:34,4.091249337749248
2025-01-02 15:09:35,4.7117672680788125
2025-01-02 15:09:36,4.643838222646282
2025-01-02 15:09:37,4.961685716882938
2025-01-02 15:09:38,
2025-01-02 15:09:39,4.288180726347015
2025-01-02 15:09:40,4.408095871778101
2025-01-02 15:09:41,4.607471637150581
2025-01-02 15:09:42,4.999186213591613
2025-01-02 15:09:43,4.498890521159591
2025-01-02 15:09:44,4.313471940243898
2025-01-02 15:09:45,4.547827703045726
2025-01-02 15:09:46,4.613544292912002
2025-01-02 15:09:47,4.387686332537592
2025-01-02 15:09:48,4.240509233766823
2025-01-02 15:09:49,4.34859366304078
2025-01-02 15:09:50,4.809819924940433
2025-01-02 15:09:51,4.299545497730665
2025-01-02 15:09:52,4.75716849377349
2025-01-02 15:09:53,4.918899997609781
2025-01-02 15:09:54,4.55715905005069
2025-01-02 15:09:55,4.747573287026239
2025-01-02 15:09:56,4.997573808113641
2025-01-02 15:09:57,4.622675577333919
2025-01-02 15:09:58,4.36860566357047
2025-01-02 15:09:59,4.654464532139787
2025-01-02 15:10:00,4.1377648791402315
2025-01-02 15:10:01,4.046526059522406
2025-01-02 15:10:02,4.393117560429782
2025-01-02 15:10:03,4.49143889961349
2025-01-02 15:10:04,4.524197737867194
2025-01-02 15:10:05,4.447032069139322
2025-01-02 15:10:06,5.004319790949825
2025-01-02 15:10:07,4.859175159453418
2025-01-02 15:10:08,4.641733625798287
2025-01-02 15:10:09,4.935647368862417
2025-01-02 15:10:10,4.154851414831173
2025-01-02 15:10:11,4.927255256155779
2025-01-02 15:10:12,4.7395589682604085
2025-01-02 15:10:13,4.6047876220144985
2025-01-02 15:10:14,4.167798057681943
2025-01-02 15:10:15,4.662790780140353
2025-01-02 15:10:16,4.99281868468461
2025-01-02 15:10:17,4.166454704681451
2025-01-02 15:10:18,4.755758225170897
2025-01-02 15:10:19,4.835620827139942
2025-01-02 15:10:20,4.432838292952431
2025-01-02 15:10:21,5.1036453362955285
2025-01-02 15:10:22,4.620623213604766
2025-01-02 15:10:23,4.426643120822571
2025-01-02 15:10:24,5.080592282161766
2025-01-02 15:10:25,5.17501154468612
2025-01-02 15:10:26,4.112066459248293
2025-01-02 15:10:27,4.485959278297304
2025-01-02 15:10:28,4.782040503121665
2025-01-02 15:10:29,4.250598127620983
2025-01-02 15:10:30,4.774575417933754
2025-01-02 15:10:31,4.595995839582478
2025-01-02 15:10:32,4.848611089367472
2025-01-02 15:10:33,4.82168947105862
2025-01-02 15:10:34,4.867315094195314
2025-01-02 15:10:35,4.289302287507197
2025-01-02 15:10:36,4.563939211706779
2025-01-02 15:10:37,4.114773135084509
2025-01-02 15:10:38,4.741492879550393
2025-01-02 15:10:39,4.460816536839751
2025-01-02 15:10:40,4.4664365473958965
2025-01-02 15:10:41,4.40588543337363
2025-01-02 15:10:42,5.024423681014521
2025-01-02 15:10:43,4.871101863604725
2025-01-02 15:10:44,4.815569166228156
2025-01-02 15:10:45,4.147136188277864
2025-01-02 15:10:46,4.720076701389868
2025-01-02 15:10:47,4.295171274261273
2025-01-02 15:10:48,4.315781353864853
2025-01-02 15:10:49,4.457435137071972
2025-01-02 15:10:50,4.049794161386711
2025-01-02 15:10:51,4.839425707829409
2025-01-02 15:10:52,4.1735534041666105
2025-01-02 15:10:53,4.350128353241462
2025-01-02 15:10:54,4.4053929260794495
2025-01-02 15:10:55,4.400742519504268
2025-01-02 15:10:56,5.040848571624746
2025-01-02 15:10:57,4.765006776221829
2025-01-02 15:10:58,4.89658587667719
2025-01-02 15:10:59,4.765845018122637
2025-01-02 15:11:00,4.660664687493881
2025-01-02 15:11:01,
2025-01-02 15:11:02,4.661111144939695
2025-01-02 15:11:03,4.044189623493023
2025-01-02 15:11:04,3.7294574814043657
2025-01-02 15:11:05,4.762359470589318
2025-01-02 15:11:06,4.78481151590441
2025-01-02 15:11:07,4.858784971467169
2025-01-02 15:11:08,4.817993780407149
2025-01-02 15:11:09,4.168747586971759
2025-01-02 15:11:10,4.530165507962269
2025-01-02 15:11:11,4.427359834565982
2025-01-02 15:11:12,4.2500495732756445
2025-01-02 15:11:13,4.384823407523705
2025-01-02 15:11:14,4.951464703583621
2025-01-02 15:11:15,4.416418698338196
2025-01-02 15:11:16,
2025-01-02 15:11:17,4.364361946909
2025-01-02 15:11:18,4.615787483565659
2025-01-02 15:11:19,4.695214387843277
2025-01-02 15:11:20,4.309826286330525
2025-01-02 15:11:21,4.981844647309114
2025-01-02 15:11:22,4.176732457839841
2025-01-02 15:11:23,4.5776424568253224
2025-01-02 15:11:24,4.134883346710544
2025-01-02 15:11:25,4.932621268573814
2025-01-02 15:11:26,4.519890720179232
2025-01-02 15:11:27,4.317840018172443
2025-01-02 15:11:28,4.92993504325922
2025-01-02 15:11:29,4.5024175938885564
2025-01-02 15:11:30,4.7883254762633385
2025-01-02 15:11:31,4.425339230593778
2025-01-02 15:11:32,4.37384521254213
2025-01-02 15:11:33,5.160927492073378
2025-01-02 15:11:34,4.707135831134763
2025-01-02 15:11:35,4.435069818039533
2025-01-02 15:11:36,4.703094427183801
2025-01-02 15:11:37,4.51628475825259
2025-01-02 15:11:38,4.247964076882158
2025-01-02 15:11:39,4.711143005335795
2025-01-02 15:11:40,4.413309522833431
2025-01-02 15:11:41,4.468457843072803
2025-01-02 15:11:42,4.204268195824395
2025-01-02 15:11:43,4.520028552533632
2025-01-02 15:11:44,4.836548276890379
2025-01-02 15:11:45,4.456419315295742
2025-01-02 15:11:46,4.647179289461762
2025-01-02 15:11:47,4.591101612426286
2025-01-02 15:11:48,4.827479582885098
2025-01-02 15:11:49,4.5856993836613205
2025-01-02 15:11:50,
2025-01-02 15:11:51,4.535199327940944
2025-01-02 15:11:52,4.6271339993182865
2025-01-02 15:11:53,5.055241651025122
2025-01-02 15:11:54,4.415370667397077
2025-01-02 15:11:55,4.532009528643946
2025-01-02 15:11:56,4.929161009167338
2025-01-02 15:11:57,4.546455459294216
2025-01-02 15:11:58,4.283583498139258
2025-01-02 15:11:59,3.9899284440043408
2025-01-02 15:12:00,5.145526866570927
2025-01-02 15:12:01,4.828884916270075
2025-01-02 15:12:02,4.638382297368369
2025-01-02 15:12:03,5.092435213615094
2025-01-02 15:12:04,4.161316433508302
2025-01-02 15:12:05,4.7318984216868305
2025-01-02 15:12:06,4.725699548532193
2025-01-02 15:12:07,4.486173669249403
2025-01-02 15:12:08,4.480242346813899
2025-01-02 15:12:09,4.251689793225167
2025-01-02 15:12:10,4.685442273824838
2025-01-02 15:12:11,4.87642339910896
2025-01-02 15:12:12,4.699494173330985
2025-01-02 15:12:13,5.089536134520477
2025-01-02 15:12:14,4.365391156092714
2025-01-02 15:12:15,4.6613695832610045
2025-01-02 15:12:16,4.971170756433143
2025-01-02 15:12:17,4.169060393537286
2025-01-02 15:12:18,5.022900718017148
2025-01-02 15:12:19,4.562801970008355
2025-01-02 15:12:20,4.427846052158911
2025-01-02 15:12:21,4.32387657873474
2025-01-02 15:12:22,5.096184858851504
2025-01-02 15:12:23,3.8453212915660715
2025-01-02 15:12:24,4.471454842481245
2025-01-02 15:12:25,
2025-01-02 15:12:26,4.803530837246209
2025-01-02 15:12:27,4.792358667660533
2025-01-02 15:12:28,3.9591258068752886
2025-01-02 15:12:29,4.185730455663873
2025-01-02 15:12:30,4.309319716144428
2025-01-02 15:12:31,4.588607487385714
2025-01-02 15:12:32,4.692667083759829
2025-01-02 15:12:33,4.861772543868518
2025-01-02 15:12:34,4.197770405854568
2025-01-02 15:12:35,4.086129354566296
2025-01-02 15:12:36,5.2037605557258555
2025-01-02 15:12:37,4.514115221392172
2025-01-02 15:12:38,4.9591166688660255
2025-01-02 15:12:39,4.494274281475358
2025-01-02 15:12:40,4.6762623795981195
2025-01-02 15:12:41,4.2553033182598226
2025-01-02 15:12:42,4.177191720377494
2025-01-02 15:12:43,4.24454038121919
2025-01-02 15:12:44,4.826909765095579
2025-01-02 15:12:45,4.798858981423702
2025-01-02 15:12:46,4.728567216422324
2025-01-02 15:12:47,5.1512075043349626
2025-01-02 15:12:48,4.818219845972422
2025-01-02 15:12:49,4.243542753295055
2025-01-02 15:12:50,4.174880338616614
2025-01-02 15:12:51,4.193546735865287
2025-01-02 15:12:52,4.4959383540448075
2025-01-02 15:12:53,4.507910082351979
2025-01-02 15:12:54,
2025-01-02 15:12:55,4.713813464930227
2025-01-02 15:12:56,4.404008356923989
2025-01-02 15:12:57,4.552308650955335
2025-01-02 15:12:58,4.692386628238899
2025-01-02 15:12:59,4.569523867201057
2025-01-02 15:13:00,4.775738040399382
2025-01-02 15:13:01,4.6339236324807205
2025-01-02 15:13:02,4.21559147768042
2025-01-02 15:13:03,5.007082275988176
2025-01-02 15:13:04,5.384316917493604
2025-01-02 15:13:05,4.290435890940811
2025-01-02 15:13:06,4.7465424201448565
2025-01-02 15:13:07,4.356864552864251
2025-01-02 15:13:08,4.275331874803821
2025-01-02 15:13:09,4.211366201846276
2025-01-02 15:13:10,4.8290550453217564
2025-01-02 15:13:11,4.558643017932112
2025-01-02 15:13:12,4.896625828216644
2025-01-02 15:13:13,4.655865054289633
2025-01-02 15:13:14,4.658583419995895
2025-01-02 15:13:15,4.74291599312075
2025-01-02 15:13:16,4.602174347106043
2025-01-02 15:13:17,4.925693951997221
2025-01-02 15:13:18,4.304873779597776
2025-01-02 15:13:19,4.806086194721547
2025-01-02 15:13:20,4.312433725629861
2025-01-02 15:13:21,4.467397902006404
2025-01-02 15:13:22,4.625631891338916
2025-01-02 15:13:23,4.1565354842408055
2025-01-02 15:13:24,4.629151218162791
2025-01-02 15:13:25,4.477217240077549
2025-01-02 15:13:26,4.32529315185819
2025-01-02 15:13:27,4.3433623407446
2025-01-02 15:13:28,4.035680338061226
2025-01-02 15:13:29,4.793708490674598
2025-01-02 15:13:30,4.01533955258854
2025-01-02 15:13:31,4.480295344052798
2025-01-02 15:13:32,4.21937236655605
2025-01-02 15:13:33,4.379649246287161
2025-01-02 15:13:34,
2025-01-02 15:13:35,4.683257936142105
2025-01-02 15:13:36,4.0499068629743205
2025-01-02 15:13:37,4.33555861032
2025-01-02 15:13:38,5.019283636034966
2025-01-02 15:13:39,4.677332652705864
2025-01-02 15:13:40,4.695319448275763
2025-01-02 15:13:41,4.5177811706107756
2025-01-02 15:13:42,4.653465509682513
2025-01-02 15:13:43,4.079445011832571
2025-01-02 15:13:44,3.930868651063687
2025-01-02 15:13:45,4.257011529212362
2025-01-02 15:13:46,4.690033808513156
2025-01-02 15:13:47,4.287020671759798
2025-01-02 15:13:48,4.437837247679626
2025-01-02 15:13:49,4.069584371607981
2025-01-02 15:13:50,4.385748360259288
2025-01-02 15:13:51,4.24006352328741
2025-01-02 15:13:52,4.751927401098719
2025-01-02 15:13:53,4.5582948824148755
2025-01-02 15:13:54,3.9528894025384065
2025-01-02 15:13:55,4.317692133502111
2025-01-02 15:13:56,4.796698675952629
2025-01-02 15:13:57,4.845658306298226
2025-01-02 15:13:58,4.843720885340234
2025-01-02 15:13:59,4.7653749339447
2025-01-02 15:14:00,4.7551754697881945
2025-01-02 15:14:01,4.2006614462653165
2025-01-02 15:14:02,5.172213213060743
2025-01-02 15:14:03,4.383179282241786
2025-01-02 15:14:04,3.9895989528406846
2025-01-02 15:14:05,4.227687731194374
2025-01-02 15:14:06,4.3986554664975115
2025-01-02 15:14:07,4.251005530386461
2025-01-02 15:14:08,4.874191047428262
2025-01-02 15:14:09,4.5815828721140255
2025-01-02 15:14:10,5.218662668006701
2025-01-02 15:14:11,4.941795745252153
2025-01-02 15:14:12,4.823338331994299
2025-01-02 15:14:13,4.628082769184118
2025-01-02 15:14:14,4.445291013157995
2025-01-02 15:14:15,4.299028076109963
2025-01-02 15:14:16,4.499344849531699
2025-01-02 15:14:17,4.701497134474518
2025-01-02 15:14:18,4.013240470073602
2025-01-02 15:14:19,4.41756756589185
2025-01-02 15:14:20,4.681886259912357
2025-01-02 15:14:21,4.765990265357778
2025-01-02 15:14:22,5.034137324750416
2025-01-02 15:14:23,4.845449713263075
2025-01-02 15:14:24,4.3516007623789
2025-01-02 15:14:25,4.594425289759446
2025-01-02 15:14:26,4.916955909200368
2025-01-02 15:14:27,4.3473588590788355
2025-01-02 15:14:28,4.0992748425138
2025-01-02 15:14:29,5.093341479326515
2025-01-02 15:14:30,4.66320576007026
2025-01-02 15:14:31,4.796747430041202
2025-01-02 15:14:32,4.430964783812039
2025-01-02 15:14:33,4.655623759698536
2025-01-02 15:14:34,4.775163597838178
2025-01-02 15:14:35,4.822354003954097
2025-01-02 15:14:36,4.539341681147278
2025-01-02 15:14:37,4.465683924116718
2025-01-02 15:14:38,3.7707437982093968
2025-01-02 15:14:39,4.981996645819582
2025-01-02 15:14:40,4.186240020915828
2025-01-02 15:14:41,4.580079747675718
2025-01-02 15:14:42,4.668580350299702
2025-01-02 15:14:43,4.17387808267753
2025-01-02 15:14:44,4.729734177715947
2025-01-02 15:14:45,4.731164077052552
2025-01-02 15:14:46,4.159442405803135
2025-01-02 15:14:47,4.4035013704117905
2025-01-02 15:14:48,4.63171268508181
2025-01-02 15:14:49,4.889286559240942
2025-01-02 15:14:50,4.339141156038629
2025-01-02 15:14:51,4.964419262386934
2025-01-02 15:14:52,4.773431312673316
2025-01-02 15:14:53,3.898014426304041
2025-01-02 15:14:54,4.094364418657217
2025-01-02 15:14:55,4.663762782478799
2025-01-02 15:14:56,4.425011705054463
2025-01-02 15:14:57,4.379813494561927
2025-01-02 15:14:58,4.378258310206068
2025-01-02 15:14:59,4.712408279326742
2025-01-02 15:15:00,4.70908791090217
2025-01-02 15:15:01,4.5748918736206
2025-01-02 15:15:02,3.8384281800785764
2025-01-02 15:15:03,4.509091001299484
2025-01-02 15:15:04,4.590354712267042
2025-01-02 15:15:05,4.85086652923439
2025-01-02 15:15:06,4.166471462677627
2025-01-02 15:15:07,4.321726912505633
2025-01-02 15:15:08,4.082304813498341
2025-01-02 15:15:09,4.5324540827428
2025-01-02 15:15:10,4.3046806997754175
2025-01-02 15:15:11,
2025-01-02 15:15:12,4.597046915666185
2025-01-02 15:15:13,4.551965007077686
2025-01-02 15:15:14,5.068622578507814
2025-01-02 15:15:15,4.474369009654834
2025-01-02 15:15:16,4.370616041415555
2025-01-02 15:15:17,4.887044064015737
2025-01-02 15:15:18,3.9184131191855744
2025-01-02 15:15:19,4.739829083715076
2025-01-02 15:15:20,4.39556579450756
2025-01-02 15:15:21,4.601555861306014
2025-01-02 15:15:22,4.335545020979225
2025-01-02 15:15:23,4.720617563043402
2025-01-02 15:15:24,4.452553111264009
2025-01-02 15:15:25,4.49617355990893
2025-01-02 15:15:26,3.8890568825042084
2025-01-02 15:15:27,4.099653653973545
2025-01-02 15:15:28,4.022922031109266
2025-01-02 15:15:29,4.5107641580119955
2025-01-02 15:15:30,4.682263931795916
2025-01-02 15:15:31,4.443640494148164
2025-01-02 15:15:32,4.2092214419719705
2025-01-02 15:15:33,4.523601780843247
2025-01-02 15:15:34,4.118895687186835
2025-01-02 15:15:35,5.2002838856230404
2025-01-02 15:15:36,4.6699190887784745
2025-01-02 15:15:37,4.630500622699731
2025-01-02 15:15:38,4.12517057728947
2025-01-02 15:15:39,5.60932547593659
2025-01-02 15:15:40,3.879317744765082
2025-01-02 15:15:41,4.499592177865527
2025-01-02 15:15:42,4.220505061707108
2025-01-02 15:15:43,4.381724691308484
2025-01-02 15:15:44,4.677255613268249
2025-01-02 15:15:45,4.576057966423508
2025-01-02 15:15:46,4.726502186400726
2025-01-02 15:15:47,4.612575043508745
2025-01-02 15:15:48,4.432508583983162
2025-01-02 15:15:49,4.749683935211678
2025-01-02 15:15:50,4.238585137250044
2025-01-02 15:15:51,4.58276517823838
2025-01-02 15:15:52,4.594440183207042
2025-01-02 15:15:53,4.334562292406238
2025-01-02 15:15:54,4.523859565410079
2025-01-02 15:15:55,4.399706652210709
2025-01-02 15:15:56,4.597585250952003
2025-01-02 15:15:57,4.697489773306678
2025-01-02 15:15:58,4.2907633968825625
2025-01-02 15:15:59,4.863148781021843
2025-01-02 15:16:00,4.588531371588045
2025-01-02 15:16:01,4.223008318150822
2025-01-02 15:16:02,4.751679115065313
2025-01-02 15:16:03,4.4861938647457675
2025-01-02 15:16:04,3.8837809288968965
2025-01-02 15:16:05,4.237028259881214
2025-01-02 15:16:06,4.453786859809748
2025-01-02 15:16:07,4.692988232244274
2025-01-02 15:16:08,4.757404290842824
2025-01-02 15:16:09,4.573890595862926
2025-01-02 15:16:10,4.71810585506074
2025-01-02 15:16:11,3.9642164877439123
2025-01-02 15:16:12,4.23196222616805
2025-01-02 15:16:13,3.9222812289884965
2025-01-02 15:16:14,4.484255564001505
2025-01-02 15:16:15,4.626553145977901
2025-01-02 15:16:16,4.4450964886107815
2025-01-02 15:16:17,4.325264409269694
2025-01-02 15:16:18,4.4809580455761795
2025-01-02 15:16:19,4.543250404763991
2025-01-02 15:16:20,5.145219690567555
2025-01-02 15:16:21,3.890022621346117
2025-01-02 15:16:22,4.041723585132332
2025-01-02 15:16:23,4.60360813442325
2025-01-02 15:16:24,3.936602974481425
2025-01-02 15:16:25,4.788200136786851
2025-01-02 15:16:26,3.9917302492636146
2025-01-02 15:16:27,4.2913334250347
2025-01-02 15:16:28,4.643043277957849
2025-01-02 15:16:29,4.849971644614582
2025-01-02 15:16:30,4.71220045455668
2025-01-02 15:16:31,4.07347057438548
2025-01-02 15:16:32,4.316009675084217
2025-01-02 15:16:33,4.311540820475887
2025-01-02 15:16:34,4.792123351583896
2025-01-02 15:16:35,4.363466213649171
2025-01-02 15:16:36,4.35235938550832
2025-01-02 15:16:37,4.204847007158271
2025-01-02 15:16:38,4.039963581828331
2025-01-02 15:16:39,4.957803058582629
2025-01-02 15:16:40,4.934782939993079
2025-01-02 15:16:41,4.800627084511895
2025-01-02 15:16:42,4.631229868712444
2025-01-02 15:16:43,4.469924538506954
2025-01-02 15:16:44,4.471346263025627
2025-01-02 15:16:45,4.347446403483853
2025-01-02 15:16:46,5.03109442408735
2025-01-02 15:16:47,4.457523575880567
2025-01-02 15:16:48,4.314453017728679
2025-01-02 15:16:49,3.779666374816964
2025-01-02 15:16:50,4.447640023520465
2025-01-02 15:16:51,4.5137128842417376
2025-01-02 15:16:52,4.414345566767634
2025-01-02 15:16:53,4.138817175855279
2025-01-02 15:16:54,5.210149965279184
2025-01-02 15:16:55,4.843289928936747
2025-01-02 15:16:56,4.247003944113461
2025-01-02 15:16:57,4.301330401802857
2025-01-02 15:16:58,4.840286445060451
2025-01-02 15:16:59,4.534615531261312
2025-01-02 15:17:00,4.376522509526548
2025-01-02 15:17:01,4.935909592145549
2025-01-02 15:17:02,4.273197763377061
2025-01-02 15:17:03,4.163522166858318
2025-01-02 15:17:04,4.458430421854933
2025-01-02 15:17:05,4.06838210854112
2025-01-02 15:17:06,4.67500504132482
2025-01-02 15:17:07,4.021705315819883
2025-01-02 15:17:08,4.450455827343967
2025-01-02 15:17:09,4.623001235304115
2025-01-02 15:17:10,4.357773651819097
2025-01-02 15:17:11,4.164347410394984
2025-01-02 15:17:12,4.255862235092837
2025-01-02 15:17:13,4.59987761156735
2025-01-02 15:17:14,4.618362214282722
2025-01-02 15:17:15,4.427027711986471
2025-01-02 15:17:16,5.210011866727475
2025-01-02 15:17:17,3.8537796439840566
2025-01-02 15:17:18,4.531706553341439
2025-01-02 15:17:19,4.496239473708694
2025-01-02 15:17:20,4.2138497995354225
2025-01-02 15:17:21,4.24937647584313
2025-01-02 15:17:22,4.756940995617633
2025-01-02 15:17:23,4.435360532148549
2025-01-02 15:17:24,4.489478792506167
2025-01-02 15:17:25,4.327404611765589
2025-01-02 15:17:26,4.546031542687394
2025-01-02 15:17:27,3.9092877950952696
2025-01-02 15:17:28,
2025-01-02 15:17:29,3.7758654442333865
2025-01-02 15:17:30,4.178770215470398
2025-01-02 15:17:31,4.373276943302732
2025-01-02 15:17:32,4.390945453339552
2025-01-02 15:17:33,4.085558632664239
2025-01-02 15:17:34,4.048213298051667
2025-01-02 15:17:35,3.87623427270548
2025-01-02 15:17:36,4.440098843385043
2025-01-02 15:17:37,4.546565368925408
2025-01-02 15:17:38,4.478455266618401
2025-01-02 15:17:39,4.229924385883736
2025-01-02 15:17:40,4.118580306127828
2025-01-02 15:17:41,4.360121599508516
2025-01-02 15:17:42,4.242743245337403
2025-01-02 15:17:43,4.119600240860493
2025-01-02 15:17:44,4.538196116482329
2025-01-02 15:17:45,4.3423138440135896
2025-01-02 15:17:46,4.3398289316032335
2025-01-02 15:17:47,4.370981073639476
2025-01-02 15:17:48,4.276072124016279
2025-01-02 15:17:49,4.106228285487952
2025-01-02 15:17:50,4.241093599301797
2025-01-02 15:17:51,4.578337338135445
2025-01-02 15:17:52,4.398216386014102
2025-01-02 15:17:53,4.7173476255335025
2025-01-02 15:17:54,4.32758816614059
2025-01-02 15:17:55,4.505901586107906
2025-01-02 15:17:56,5.24977900408703
2025-01-02 15:17:57,4.751898471075133
2025-01-02 15:17:58,4.534173223946372
2025-01-02 15:17:59,4.799671089715071
2025-01-02 15:18:00,4.529002318836798
2025-01-02 15:18:01,4.276008855541944
2025-01-02 15:18:02,4.213282996009858
2025-01-02 15:18:03,4.1480966107535355
2025-01-02 15:18:04,4.285415167280183
2025-01-02 15:18:05,4.631538127956774
2025-01-02 15:18:06,4.727228561897874
2025-01-02 15:18:07,4.120301572466362
2025-01-02 15:18:08,4.090991426828908
2025-01-02 15:18:09,4.338779448598593
2025-01-02 15:18:10,4.4265540921160484
2025-01-02 15:18:11,4.722763470045551
2025-01-02 15:18:12,4.095949766173773
2025-01-02 15:18:13,4.527619607049348
2025-01-02 15:18:14,4.577624934319481
2025-01-02 15:18:15,4.5471677164938
2025-01-02 15:18:16,4.36553507268561
2025-01-02 15:18:17,4.286718553066007
2025-01-02 15:18:18,4.619362529694483
2025-01-02 15:18:19,4.9287919806278815
2025-01-02 15:18:20,4.444734777062845
2025-01-02 15:18:21,4.4954497630900585
2025-01-02 15:18:22,4.191803220104448
2025-01-02 15:18:23,4.430169795732229
2025-01-02 15:18:24,4.047360873451532
2025-01-02 15:18:25,4.429417516529617
2025-01-02 15:18:26,4.387213926156777
2025-01-02 15:18:27,4.147621986169554
2025-01-02 15:18:28,4.36536260010379
2025-01-02 15:18:29,4.727794811421279
2025-01-02 15:18:30,4.533177636411732
2025-01-02 15:18:31,4.395881904904678
2025-01-02 15:18:32,4.830772188507638
2025-01-02 15:18:33,4.42338582097848
2025-01-02 15:18:34,4.510069107727134
2025-01-02 15:18:35,4.126474817721275
2025-01-02 15:18:36,3.807629086250482
2025-01-02 15:18:37,4.759986312987935
2025-01-02 15:18:38,4.544910647208803
2025-01-02 15:18:39,4.742530039978614
2025-01-02 15:18:40,4.1464435306519745
2025-01-02 15:18:41,4.07335487389463
2025-01-02 15:18:42,3.9252473623469095
2025-01-02 15:18:43,4.236131152097745
2025-01-02 15:18:44,4.505256133563397
2025-01-02 15:18:45,4.456899760807565
2025-01-02 15:18:46,4.237058352411556
2025-01-02 15:18:47,4.709152022804315
2025-01-02 15:18:48,3.8960285188489596
2025-01-02 15:18:49,4.7772615925700785
2025-01-02 15:18:50,
2025-01-02 15:18:51,4.331259938500767
2025-01-02 15:18:52,4.449407293558405
2025-01-02 15:18:53,4.413113780672241
2025-01-02 15:18:54,4.318512690374576
2025-01-02 15:18:55,4.409800603159072
2025-01-02 15:18:56,3.8651641890307253
2025-01-02 15:18:57,4.535514705464831
2025-01-02 15:18:58,3.98395025862955
2025-01-02 15:18:59,4.04968351992595
2025-01-02 15:19:00,4.501911322618826
2025-01-02 15:19:01,4.597790044407115
2025-01-02 15:19:02,4.244770306031019
2025-01-02 15:19:03,4.402827253780392
2025-01-02 15:19:04,4.0816042862459785
2025-01-02 15:19:05,4.798153447302004
2025-01-02 15:19:06,4.515138578140134
2025-01-02 15:19:07,4.386337779368457
2025-01-02 15:19:08,4.1745147475417985
2025-01-02 15:19:09,4.082770683683076
2025-01-02 15:19:10,4.319854995826293
2025-01-02 15:19:11,4.171782751258692
2025-01-02 15:19:12,4.140728096993017
2025-01-02 15:19:13,4.12073919770183
2025-01-02 15:19:14,4.218831335724847
2025-01-02 15:19:15,3.9179711962044
2025-01-02 15:19:16,4.361267226046988
2025-01-02 15:19:17,4.701709008627722
2025-01-02 15:19:18,4.5758858148469335
2025-01-02 15:19:19,4.022516073488404
2025-01-02 15:19:20,4.760525949228507
2025-01-02 15:19:21,4.925797009731141
2025-01-02 15:19:22,4.359308232402861
2025-01-02 15:19:23,4.161580118378594
2025-01-02 15:19:24,4.791831896464847
2025-01-02 15:19:25,3.8592870277468876
2025-01-02 15:19:26,4.516860107835003
2025-01-02 15:19:27,4.0133891026598745
2025-01-02 15:19:28,4.842842029112553
2025-01-02 15:19:29,4.4385849527392
2025-01-02 15:19:30,
2025-01-02 15:19:31,4.245539121422582
2025-01-02 15:19:32,4.610821204103363
2025-01-02 15:19:33,3.887781406446666
2025-01-02 15:19:34,4.505570627680578
2025-01-02 15:19:35,4.340331392075767
2025-01-02 15:19:36,5.099577296435179
2025-01-02 15:19:37,4.769149966480565
2025-01-02 15:19:38,4.6898664848484435
2025-01-02 15:19:39,4.2897583080442105
2025-01-02 15:19:40,4.214548952432936
2025-01-02 15:19:41,4.096151245132842
2025-01-02 15:19:42,4.2200389003838445
2025-01-02 15:19:43,3.891056814106487
2025-01-02 15:19:44,4.44474657870842
2025-01-02 15:19:45,4.473383158573622
2025-01-02 15:19:46,4.370437355961922
2025-01-02 15:19:47,3.913846379863258
2025-01-02 15:19:48,4.46437092867145
2025-01-02 15:19:49,4.518591314330012
2025-01-02 15:19:50,4.398047813227849
2025-01-02 15:19:51,4.4432442501775045
2025-01-02 15:19:52,3.8320423814067097
2025-01-02 15:19:53,4.392731703035527
2025-01-02 15:19:54,4.416440401440472
2025-01-02 15:19:55,4.591077838735238
2025-01-02 15:19:56,4.0528299017294565
2025-01-02 15:19:57,4.35209283228826
2025-01-02 15:19:58,5.0213296137817505
2025-01-02 15:19:59,4.94135671576832
2025-01-02 15:20:00,4.153077645265916
2025-01-02 15:20:01,4.64025768659974
2025-01-02 15:20:02,3.9101824044801865
2025-01-02 15:20:03,3.648132713141066
2025-01-02 15:20:04,4.10331795257603
2025-01-02 15:20:05,4.87975846871768
2025-01-02 15:20:06,4.474041767175655
2025-01-02 15:20:07,4.7753503911109965
2025-01-02 15:20:08,4.744420031288846
2025-01-02 15:20:09,4.455205743666989
2025-01-02 15:20:10,4.86101631372162
2025-01-02 15:20:11,3.962150562308438
2025-01-02 15:20:12,4.340454093495734
2025-01-02 15:20:13,4.891381783579752
2025-01-02 15:20:14,3.9877258476796165
2025-01-02 15:20:15,4.594236141193204
2025-01-02 15:20:16,4.512803051780621
2025-01-02 15:20:17,4.106070170841916
2025-01-02 15:20:18,4.542668851483661
2025-01-02 15:20:19,4.478770985329503
2025-01-02 15:20:20,4.1393915138634085
2025-01-02 15:20:21,4.042671803699396
2025-01-02 15:20:22,4.205995215430374
2025-01-02 15:20:23,4.486875176492119
2025-01-02 15:20:24,4.387624607310703
2025-01-02 15:20:25,4.417763516143871
2025-01-02 15:20:26,4.819289580380383
2025-01-02 15:20:27,4.171295238963728
2025-01-02 15:20:28,3.964020286799824
2025-01-02 15:20:29,3.9917153086579438
2025-01-02 15:20:30,4.002551354751748
2025-01-02 15:20:31,4.037065911516712
2025-01-02 15:20:32,4.633209383565288
2025-01-02 15:20:33,3.7164413082918655
2025-01-02 15:20:34,4.17615310816386
2025-01-02 15:20:35,4.498950264811379
2025-01-02 15:20:36,3.8823252259642387
2025-01-02 15:20:37,4.598482878867776
2025-01-02 15:20:38,4.540517478695364
2025-01-02 15:20:39,3.9602814288901227
2025-01-02 15:20:40,4.822004143902903
2025-01-02 15:20:41,4.0939435872166925
2025-01-02 15:20:42,4.360845963997951
2025-01-02 15:20:43,3.852249530689085
2025-01-02 15:20:44,4.327819332283496
2025-01-02 15:20:45,4.269984752380191
2025-01-02 15:20:46,4.28917260655394
2025-01-02 15:20:47,3.8927889205749273
2025-01-02 15:20:48,4.195024306276053
2025-01-02 15:20:49,4.256928559077633
2025-01-02 15:20:50,4.633722480365636
2025-01-02 15:20:51,4.115650711530155
2025-01-02 15:20:52,3.8489746079684135
2025-01-02 15:20:53,4.59882555300351
2025-01-02 15:20:54,4.598638145640871
2025-01-02 15:20:55,4.601276342246425
2025-01-02 15:20:56,4.807208650919947
2025-01-02 15:20:57,4.81121485341543
2025-01-02 15:20:58,4.872918140289132
2025-01-02 15:20:59,4.9701574838162825
2025-01-02 15:21:00,4.418548401346018
2025-01-02 15:21:01,4.015953830748188
2025-01-02 15:21:02,4.047363244397606
2025-01-02 15:21:03,4.375181749012131
2025-01-02 15:21:04,3.869749756830767
2025-01-02 15:21:05,4.063614063099024
2025-01-02 15:21:06,4.380320724032046
2025-01-02 15:21:07,5.036813612514467
2025-01-02 15:21:08,4.4230474824823505
2025-01-02 15:21:09,4.247867086918924
2025-01-02 15:21:10,4.29334055201459
2025-01-02 15:21:11,4.225580288956171
2025-01-02 15:21:12,4.3592567750088556
2025-01-02 15:21:13,4.10491870443566
2025-01-02 15:21:14,4.085555160061826
2025-01-02 15:21:15,4.019764553614296
2025-01-02 15:21:16,4.239295550861973
2025-01-02 15:21:17,4.526287132736012
2025-01-02 15:21:18,4.122366716792125
2025-01-02 15:21:19,4.378767807009361
2025-01-02 15:21:20,4.635279444718692
2025-01-02 15:21:21,4.17692960161625
2025-01-02 15:21:22,4.534641185701333
2025-01-02 15:21:23,4.393566980482208
2025-01-02 15:21:24,3.901444476694517
2025-01-02 15:21:25,4.252540363569924
2025-01-02 15:21:26,4.203265781744529
2025-01-02 15:21:27,
2025-01-02 15:21:28,4.217153739075995
2025-01-02 15:21:29,4.208829520533709
2025-01-02 15:21:30,4.2873474802835885
2025-01-02 15:21:31,4.0748233318749785
2025-01-02 15:21:32,4.377186499758219
2025-01-02 15:21:33,4.289336343793173
2025-01-02 15:21:34,4.07594409870456
2025-01-02 15:21:35,4.070995536720811
2025-01-02 15:21:36,4.077128080957918
2025-01-02 15:21:37,
2025-01-02 15:21:38,4.2789210199564405
2025-01-02 15:21:39,4.384206479993511
2025-01-02 15:21:40,4.08354698352379
2025-01-02 15:21:41,4.352156909867889
2025-01-02 15:21:42,4.396319619162711
2025-01-02 15:21:43,4.52659071972045
2025-01-02 15:21:44,4.335946384892078
2025-01-02 15:21:45,4.185550235772919
2025-01-02 15:21:46,4.5839084217615
2025-01-02 15:21:47,4.3906738855392575
2025-01-02 15:21:48,3.503165634928927
2025-01-02 15:21:49,4.037412004822048
2025-01-02 15:21:50,3.986640005578133
2025-01-02 15:21:51,4.403830334283323
2025-01-02 15:21:52,4.413948045549754
2025-01-02 15:21:53,4.0087881993795325
2025-01-02 15:21:54,4.362165433301706
2025-01-02 15:21:55,4.072161968198139
2025-01-02 15:21:56,4.344141842719467
2025-01-02 15:21:57,3.9348020995611384
2025-01-02 15:21:58,4.344673085691222
2025-01-02 15:21:59,4.255740386117677
2025-01-02 15:22:00,4.370229165091191
2025-01-02 15:22:01,4.088878060859738
2025-01-02 15:22:02,3.926648810019447
2025-01-02 15:22:03,4.047970689303977
2025-01-02 15:22:04,4.054991244587443
2025-01-02 15:22:05,4.308522339390805
2025-01-02 15:22:06,4.361600019637647
2025-01-02 15:22:07,4.205655404041147
2025-01-02 15:22:08,3.693667402143083
2025-01-02 15:22:09,4.153396554655623
2025-01-02 15:22:10,4.593896878822297
2025-01-02 15:22:11,3.912399045239647
2025-01-02 15:22:12,4.148246202007125
2025-01-02 15:22:13,4.006554231311578
2025-01-02 15:22:14,4.279307504455452
2025-01-02 15:22:15,4.206055482107711
2025-01-02 15:22:16,4.130552555956033
2025-01-02 15:22:17,4.595877435217403
2025-01-02 15:22:18,3.9272164103232488
2025-01-02 15:22:19,4.8210122140239955
2025-01-02 15:22:20,3.7059939308192904
2025-01-02 15:22:21,4.217682533310777
2025-01-02 15:22:22,
2025-01-02 15:22:23,4.671128459510126
2025-01-02 15:22:24,3.7969591699628684
2025-01-02 15:22:25,4.635733289846654
2025-01-02 15:22:26,4.412797778903079
2025-01-02 15:22:27,
2025-01-02 15:22:28,4.201178074572548
2025-01-02 15:22:29,4.046676578857827
2025-01-02 15:22:30,
2025-01-02 15:22:31,4.4328312962011305
2025-01-02 15:22:32,4.289387754820913
2025-01-02 15:22:33,
2025-01-02 15:22:34,3.843202842503086
2025-01-02 15:22:35,4.56388439651727
2025-01-02 15:22:36,4.483399731738108
2025-01-02 15:22:37,4.146878981403622
2025-01-02 15:22:38,4.4773941204161245
2025-01-02 15:22:39,4.4113506382195595
2025-01-02 15:22:40,4.458210381863451
2025-01-02 15:22:41,3.9600442992914955
2025-01-02 15:22:42,4.195556020175163
2025-01-02 15:22:43,4.402287361630691
2025-01-02 15:22:44,4.066587286530893
2025-01-02 15:22:45,4.295065871668192
2025-01-02 15:22:46,4.364802802787522
2025-01-02 15:22:47,4.347619571410659
2025-01-02 15:22:48,4.290395618672456
2025-01-02 15:22:49,3.913544741018035
2025-01-02 15:22:50,4.172232338144226
2025-01-02 15:22:51,4.328543536442475
2025-01-02 15:22:52,3.7545685539418674
2025-01-02 15:22:53,3.7846347624675793
2025-01-02 15:22:54,4.028271845588689
2025-01-02 15:22:55,4.80425840660661
2025-01-02 15:22:56,4.842083510081195
2025-01-02 15:22:57,4.443810660428189
2025-01-02 15:22:58,3.9726832161372085
2025-01-02 15:22:59,4.248033999849353
2025-01-02 15:23:00,3.924132167681163
2025-01-02 15:23:01,4.389614464396984
2025-01-02 15:23:02,4.218233886145948
2025-01-02 15:23:03,3.518337155191947
2025-01-02 15:23:04,3.9996070355291464
2025-01-02 15:23:05,
2025-01-02 15:23:06,4.391446611058071
2025-01-02 15:23:07,4.515166954082975
2025-01-02 15:23:08,4.6152041842511355
2025-01-02 15:23:09,3.9445487356410265
2025-01-02 15:23:10,4.155573982571396
2025-01-02 15:23:11,
2025-01-02 15:23:12,4.613164795388778
2025-01-02 15:23:13,4.247969146124527
2025-01-02 15:23:14,4.487611370202218
2025-01-02 15:23:15,4.166335949888036
2025-01-02 15:23:16,4.639693279555487
2025-01-02 15:23:17,4.320780918365914
2025-01-02 15:23:18,4.857541659644168
2025-01-02 15:23:19,4.343097522144902
2025-01-02 15:23:20,4.036409958864698
2025-01-02 15:23:21,5.004653004552502
2025-01-02 15:23:22,3.928179153185597
2025-01-02 15:23:23,4.328765347362256
2025-01-02 15:23:24,3.706009438567272
2025-01-02 15:23:25,4.498050024389258
2025-01-02 15:23:26,4.334362386803459
2025-01-02 15:23:27,4.21286560818894
2025-01-02 15:23:28,4.053278697977305
2025-01-02 15:23:29,
2025-01-02 15:23:30,3.8665869823346557
2025-01-02 15:23:31,4.291916944352096
2025-01-02 15:23:32,4.006355354321602
2025-01-02 15:23:33,4.310868837966009
2025-01-02 15:23:34,
2025-01-02 15:23:35,4.533557856449121
2025-01-02 15:23:36,4.605061135953669
2025-01-02 15:23:37,4.191093619208031
2025-01-02 15:23:38,4.464017069265285
2025-01-02 15:23:39,4.316055747175854
2025-01-02 15:23:40,4.0963697710411955
2025-01-02 15:23:41,4.093910114656548
2025-01-02 15:23:42,4.333112901731747
2025-01-02 15:23:43,4.030419765791739
2025-01-02 15:23:44,4.379040163636814
2025-01-02 15:23:45,4.28241382960351
2025-01-02 15:23:46,4.375924207648555
2025-01-02 15:23:47,4.610516738511367
2025-01-02 15:23:48,4.09774907548616
2025-01-02 15:23:49,3.848951119227057
2025-01-02 15:23:50,4.234377884553376
2025-01-02 15:23:51,4.210624920374313
2025-01-02 15:23:52,4.180261273550597
2025-01-02 15:23:53,4.360241880076746
2025-01-02 15:23:54,4.438181301591661
2025-01-02 15:23:55,3.4561138444413864
2025-01-02 15:23:56,4.083275870450635
2025-01-02 15:23:57,4.0388344585706175
2025-01-02 15:23:58,4.555377596820773
2025-01-02 15:23:59,4.454119608488033
2025-01-02 15:24:00,3.9119671826945925
2025-01-02 15:24:01,3.83789770737083
2025-01-02 15:24:02,3.992197152643634
2025-01-02 15:24:03,3.836641890793498
2025-01-02 15:24:04,3.917406332009187
2025-01-02 15:24:05,4.289386845936765
2025-01-02 15:24:06,3.7238609004640186
2025-01-02 15:24:07,4.063491583927064
2025-01-02 15:24:08,4.4408423609582055
2025-01-02 15:24:09,4.085835743865514
2025-01-02 15:24:10,4.174884195073939
2025-01-02 15:24:11,4.106665272716451
2025-01-02 15:24:12,4.6489892188807
2025-01-02 15:24:13,4.284832033712451
2025-01-02 15:24:14,4.333703940658104
2025-01-02 15:24:15,3.749810848825571
2025-01-02 15:24:16,4.167341299710977
2025-01-02 15:24:17,4.218206083705572
2025-01-02 15:24:18,4.636639382654978
2025-01-02 15:24:19,3.7432125349838987
2025-01-02 15:24:20,4.300807309703633
2025-01-02 15:24:21,4.283276994653952
2025-01-02 15:24:22,4.567050463641349
2025-01-02 15:24:23,4.608236544419489
2025-01-02 15:24:24,4.059715960484908
2025-01-02 15:24:25,4.350384655377722
2025-01-02 15:24:26,3.9016831797341838
2025-01-02 15:24:27,
2025-01-02 15:24:28,4.122159862101648
2025-01-02 15:24:29,4.359109282166406
2025-01-02 15:24:30,4.69739273626126
2025-01-02 15:24:31,4.418229660228746
2025-01-02 15:24:32,4.222463429810526
2025-01-02 15:24:33,3.893508154798148
2025-01-02 15:24:34,4.186165839338547
2025-01-02 15:24:35,4.155766186948642
2025-01-02 15:24:36,4.2976145993506085
2025-01-02 15:24:37,3.9534280600587777
2025-01-02 15:24:38,3.948454037816103
2025-01-02 15:24:39,4.3608382722024075
2025-01-02 15:24:40,4.143886825547583
2025-01-02 15:24:41,4.681463912338359
2025-01-02 15:24:42,4.1148295698156945
2025-01-02 15:24:43,3.913055029603932
2025-01-02 15:24:44,4.180741947255385
2025-01-02 15:24:45,4.117616037639284
2025-01-02 15:24:46,4.447267873678223
2025-01-02 15:24:47,4.1600353360939195
2025-01-02 15:24:48,3.8822861097282777
2025-01-02 15:24:49,4.119975104524389
2025-01-02 15:24:50,4.846938042425544
2025-01-02 15:24:51,4.197793189796342
2025-01-02 15:24:52,4.293385072008485
2025-01-02 15:24:53,4.701841060611373
2025-01-02 15:24:54,3.8776844972064617
2025-01-02 15:24:55,4.550105698313942
2025-01-02 15:24:56,4.144685674647256
2025-01-02 15:24:57,4.6670028836868
2025-01-02 15:24:58,4.250919456852447
2025-01-02 15:24:59,4.216670306977838
2025-01-02 15:25:00,4.192209514938417
2025-01-02 15:25:01,4.336748354104579
2025-01-02 15:25:02,
2025-01-02 15:25:03,4.094362082666533
2025-01-02 15:25:04,3.9310145692762593
2025-01-02 15:25:05,3.87659855462314
2025-01-02 15:25:06,4.005267334320236
2025-01-02 15:25:07,4.517707920440772
2025-01-02 15:25:08,4.386049019050772
2025-01-02 15:25:09,4.244135639599899
2025-01-02 15:25:10,4.004210479527911
2025-01-02 15:25:11,4.765385332029116
2025-01-02 15:25:12,4.210577584266129
2025-01-02 15:25:13,4.004108164150787
2025-01-02 15:25:14,4.121791762266088
2025-01-02 15:25:15,4.0170246417265565
2025-01-02 15:25:16,4.388141652105994
2025-01-02 15:25:17,4.004493459087109
2025-01-02 15:25:18,4.747036918808767
2025-01-02 15:25:19,4.024078811260629
2025-01-02 15:25:20,4.040145038420549
2025-01-02 15:25:21,4.523429235947135
2025-01-02 15:25:22,4.192623939785821
2025-01-02 15:25:23,4.298961008786105
2025-01-02 15:25:24,4.490953766748497
2025-01-02 15:25:25,4.5011820487289285
2025-01-02 15:25:26,3.985715416262589
2025-01-02 15:25:27,4.24978243953891
2025-01-02 15:25:28,3.753930082724848
2025-01-02 15:25:29,4.247041977626135
2025-01-02 15:25:30,4.471344494398814
2025-01-02 15:25:31,4.069626541289686
2025-01-02 15:25:32,3.6900385598403984
2025-01-02 15:25:33,4.6004398488445695
2025-01-02 15:25:34,3.7737651212081196
2025-01-02 15:25:35,4.268933914794657
2025-01-02 15:25:36,4.43763629471609
2025-01-02 15:25:37,4.3207127165582735
2025-01-02 15:25:38,3.998692533633238
2025-01-02 15:25:39,3.9777609086406494
2025-01-02 15:25:40,3.741313423588325
2025-01-02 15:25:41,3.9383518892707112
2025-01-02 15:25:42,3.967594384568105
2025-01-02 15:25:43,3.854286753870838
2025-01-02 15:25:44,4.2486478142432595
2025-01-02 15:25:45,4.186399050041811
2025-01-02 15:25:46,4.469115694941862
2025-01-02 15:25:47,4.579137057727319
2025-01-02 15:25:48,4.25806738156055
2025-01-02 15:25:49,4.296708484376319
2025-01-02 15:25:50,4.168711272661879
2025-01-02 15:25:51,3.928669098481424
2025-01-02 15:25:52,3.7497950924017154
2025-01-02 15:25:53,3.8206715030106935
2025-01-02 15:25:54,4.425558612531756
2025-01-02 15:25:55,4.492648391767048
2025-01-02 15:25:56,4.051296775367394
2025-01-02 15:25:57,4.196236692174223
2025-01-02 15:25:58,4.818437071327531
2025-01-02 15:25:59,4.55209262630524
2025-01-02 15:26:00,3.8269652857118457
2025-01-02 15:26:01,4.334350264754463
2025-01-02 15:26:02,4.516582251014217
2025-01-02 15:26:03,4.349345592743867
2025-01-02 15:26:04,4.182713666556041
2025-01-02 15:26:05,3.9019678951479717
2025-01-02 15:26:06,4.306761141207593
2025-01-02 15:26:07,4.124132716887639
2025-01-02 15:26:08,4.496071602783336
2025-01-02 15:26:09,4.060859406868223
2025-01-02 15:26:10,3.7804223623779243
2025-01-02 15:26:11,3.698344002869274
2025-01-02 15:26:12,4.100672189003863
2025-01-02 15:26:13,4.163736805885822
2025-01-02 15:26:14,4.628418137416829
2025-01-02 15:26:15,4.323914819383048
2025-01-02 15:26:16,3.9789632739157033
2025-01-02 15:26:17,3.8066086111841093
2025-01-02 15:26:18,3.878519016150799
2025-01-02 15:26:19,3.8824961475692903
2025-01-02 15:26:20,3.7411648871237686
2025-01-02 15:26:21,3.6377011390472855
2025-01-02 15:26:22,4.008517442938145
2025-01-02 15:26:23,3.9881457314264055
2025-01-02 15:26:24,4.355258343409062
2025-01-02 15:26:25,4.3557078480564355
2025-01-02 15:26:26,4.036840634230743
2025-01-02 15:26:27,4.275664909435078
2025-01-02 15:26:28,4.754921617361261
2025-01-02 15:26:29,3.943039536719612
2025-01-02 15:26:30,4.279179985409688
2025-01-02 15:26:31,4.570770239320391
2025-01-02 15:26:32,
2025-01-02 15:26:33,4.06104844000547
2025-01-02 15:26:34,4.062605486796867
2025-01-02 15:26:35,4.14012363053798
2025-01-02 15:26:36,4.632550586786596
2025-01-02 15:26:37,4.130006094050798
2025-01-02 15:26:38,3.6689132884277784
2025-01-02 15:26:39,4.25721286143574
2025-01-02 15:26:40,
2025-01-02 15:26:41,4.211218996776414
2025-01-02 15:26:42,4.113802440658421
2025-01-02 15:26:43,4.392490661532063
2025-01-02 15:26:44,4.204055490032437
2025-01-02 15:26:45,4.381265648629505
2025-01-02 15:26:46,4.6266568235526275
2025-01-02 15:26:47,4.1372551240385125
2025-01-02 15:26:48,4.635609708130122
2025-01-02 15:26:49,4.87224262966239
2025-01-02 15:26:50,4.017657252993523
2025-01-02 15:26:51,4.325850982874846
2025-01-02 15:26:52,4.356504687886233
2025-01-02 15:26:53,4.244860932019522
2025-01-02 15:26:54,4.240971129615763
2025-01-02 15:26:55,4.827173763463786
2025-01-02 15:26:56,4.1205527387424405
2025-01-02 15:26:57,4.632922817240413
2025-01-02 15:26:58,4.155492519367411
2025-01-02 15:26:59,5.084142045812389
2025-01-02 15:27:00,4.354149233326035
2025-01-02 15:27:01,4.6281256918977505
2025-01-02 15:27:02,
2025-01-02 15:27:03,4.046403668031073
2025-01-02 15:27:04,4.368332121284446
2025-01-02 15:27:05,3.7344166982126774
2025-01-02 15:27:06,4.353365917805551
2025-01-02 15:27:07,3.8351160090941443
2025-01-02 15:27:08,4.628978557084124
2025-01-02 15:27:09,4.088519354231233
2025-01-02 15:27:10,4.151981500376821
2025-01-02 15:27:11,4.401351815643589
2025-01-02 15:27:12,4.0815986119304375
2025-01-02 15:27:13,4.257816779802864
2025-01-02 15:27:14,4.189984224443586
2025-01-02 15:27:15,4.675798267500798
2025-01-02 15:27:16,3.804975752872819
2025-01-02 15:27:17,4.562356876239397
2025-01-02 15:27:18,4.728315265349942
2025-01-02 15:27:19,4.562637893986236
2025-01-02 15:27:20,3.813479784149396
2025-01-02 15:27:21,4.011474367543794
2025-01-02 15:27:22,4.545457914592491
2025-01-02 15:27:23,4.155917851456006
2025-01-02 15:27:24,4.179058807753822
2025-01-02 15:27:25,
2025-01-02 15:27:26,3.985252114270855
2025-01-02 15:27:27,4.424091904813493
2025-01-02 15:27:28,3.977842780692023
2025-01-02 15:27:29,4.645243701818521
2025-01-02 15:27:30,4.328503264201416
2025-01-02 15:27:31,4.211472011582053
2025-01-02 15:27:32,3.8892143063832734
2025-01-02 15:27:33,4.088008895510729
2025-01-02 15:27:34,4.32003661331088
2025-01-02 15:27:35,4.440626624591358
2025-01-02 15:27:36,3.859868747222368
2025-01-02 15:27:37,4.230083325270341
2025-01-02 15:27:38,3.8863297315724314
2025-01-02 15:27:39,4.074673006837691
2025-01-02 15:27:40,3.7844288608000314
2025-01-02 15:27:41,4.483417111866131
2025-01-02 15:27:42,3.6877577768633394
2025-01-02 15:27:43,4.460095394352492
2025-01-02 15:27:44,4.192659201892261
2025-01-02 15:27:45,3.8994624903956847
2025-01-02 15:27:46,4.124533913813914
2025-01-02 15:27:47,4.026128518771114
2025-01-02 15:27:48,3.6690714185219697
2025-01-02 15:27:49,4.108525131710597
2025-01-02 15:27:50,4.554715994196961
2025-01-02 15:27:51,4.336232271811311
2025-01-02 15:27:52,4.706928075920096
2025-01-02 15:27:53,3.633924143371625
2025-01-02 15:27:54,4.009345110662342
2025-01-02 15:27:55,4.231105034961725
2025-01-02 15:27:56,4.471489030966562
2025-01-02 15:27:57,3.6053913846778918
2025-01-02 15:27:58,3.7852953076130005
2025-01-02 15:27:59,3.6676819759603285
2025-01-02 15:28:00,3.9840445753284905
2025-01-02 15:28:01,4.029758960226657
2025-01-02 15:28:02,4.388922336779741
2025-01-02 15:28:03,4.2671554489791745
2025-01-02 15:28:04,3.862000177844524
2025-01-02 15:28:05,4.0990700255938535
2025-01-02 15:28:06,4.614540253647461
2025-01-02 15:28:07,4.039614109845721
2025-01-02 15:28:08,4.33274701465332
2025-01-02 15:28:09,3.932041784600128
2025-01-02 15:28:10,3.4646421018856586
2025-01-02 15:28:11,3.9726333243188656
2025-01-02 15:28:12,4.5722163338960495
2025-01-02 15:28:13,3.7464911349953796
2025-01-02 15:28:14,4.024033748939336
2025-01-02 15:28:15,3.97340839045482
2025-01-02 15:28:16,4.459008409879987
2025-01-02 15:28:17,4.148429904298171
2025-01-02 15:28:18,4.092954015789167
2025-01-02 15:28:19,4.266332792585081
2025-01-02 15:28:20,4.070973736077113
2025-01-02 15:28:21,4.525982698471003
2025-01-02 15:28:22,4.372374061758232
2025-01-02 15:28:23,4.199541446846185
2025-01-02 15:28:24,4.465009310260072
2025-01-02 15:28:25,4.002462491016807
2025-01-02 15:28:26,3.77042212186282
2025-01-02 15:28:27,3.8825749256543673
2025-01-02 15:28:28,3.8088052337651126
2025-01-02 15:28:29,3.668158683062683
2025-01-02 15:28:30,4.3642715465147965
2025-01-02 15:28:31,4.153168842202163
2025-01-02 15:28:32,4.679713400626837
2025-01-02 15:28:33,4.1292393058059815
2025-01-02 15:28:34,4.4564530522298424
2025-01-02 15:28:35,4.374446346927953
2025-01-02 15:28:36,4.543609668185454
2025-01-02 15:28:37,3.716492844715587
2025-01-02 15:28:38,4.248887721323273
2025-01-02 15:28:39,3.9858920783853624
2025-01-02 15:28:40,4.179061528081201
2025-01-02 15:28:41,4.418488554447005
2025-01-02 15:28:42,3.9517449060743233
2025-01-02 15:28:43,4.455162868048509
2025-01-02 15:28:44,4.418961068861251
2025-01-02 15:28:45,4.353591881509076
2025-01-02 15:28:46,4.50368246491187
2025-01-02 15:28:47,3.780711389256186
2025-01-02 15:28:48,3.661522849779065
2025-01-02 15:28:49,3.667281183323783
2025-01-02 15:28:50,4.462090680633338
2025-01-02 15:28:51,4.316807206214987
2025-01-02 15:28:52,4.710174450699563
2025-01-02 15:28:53,4.247183638599958
2025-01-02 15:28:54,4.246477113508192
2025-01-02 15:28:55,4.299363795725308
2025-01-02 15:28:56,4.366495542503452
2025-01-02 15:28:57,4.746364055619512
2025-01-02 15:28:58,4.404200665479802
2025-01-02 15:28:59,4.119048579080305
2025-01-02 15:29:00,4.215308934238417
2025-01-02 15:29:01,4.746753911472136
2025-01-02 15:29:02,3.908500159653648
2025-01-02 15:29:03,4.091948338233848
2025-01-02 15:29:04,3.8149806099954064
2025-01-02 15:29:05,4.239442622180743
2025-01-02 15:29:06,4.189280846521078
2025-01-02 15:29:07,4.1338996051897485
2025-01-02 15:29:08,4.350736765986606
2025-01-02 15:29:09,4.136583040105335
2025-01-02 15:29:10,4.1158675730822525
2025-01-02 15:29:11,4.399372402816229
2025-01-02 15:29:12,4.228685924518816
2025-01-02 15:29:13,
2025-01-02 15:29:14,4.675664271585552
2025-01-02 15:29:15,4.1077520687536735
2025-01-02 15:29:16,4.415930240422871
2025-01-02 15:29:17,3.161136667120479
2025-01-02 15:29:18,4.1694241138389
2025-01-02 15:29:19,4.337896684555751
2025-01-02 15:29:20,
2025-01-02 15:29:21,3.797200786388363
2025-01-02 15:29:22,4.279465336491205
2025-01-02 15:29:23,4.189743976244435
2025-01-02 15:29:24,4.3881691516882295
2025-01-02 15:29:25,4.021509587783089
2025-01-02 15:29:26,4.378586088526767
2025-01-02 15:29:27,4.64778683369077
2025-01-02 15:29:28,3.9535085509057963
2025-01-02 15:29:29,4.29114596007926
2025-01-02 15:29:30,3.967940354157585
2025-01-02 15:29:31,4.4951902887571595
2025-01-02 15:29:32,3.6001225710516924
2025-01-02 15:29:33,4.333552121445119
2025-01-02 15:29:34,4.229543048222848
2025-01-02 15:29:35,3.9371830809768475
2025-01-02 15:29:36,4.139252747621824
2025-01-02 15:29:37,3.874838897457744
2025-01-02 15:29:38,3.979317488113587
2025-01-02 15:29:39,4.4074577112317295
2025-01-02 15:29:40,4.336681094125467
2025-01-02 15:29:41,4.46863231316243
2025-01-02 15:29:42,4.367234989191023
2025-01-02 15:29:43,3.871897883282861
2025-01-02 15:29:44,3.488862496245134
2025-01-02 15:29:45,4.174215174746595
2025-01-02 15:29:46,
2025-01-02 15:29:47,4.198130498934758
2025-01-02 15:29:48,3.9202302717481388
2025-01-02 15:29:49,3.84496361152081
2025-01-02 15:29:50,3.898198094951725
2025-01-02 15:29:51,4.015829283678075
2025-01-02 15:29:52,3.7117484150707036
2025-01-02 15:29:53,4.1148174929717465
2025-01-02 15:29:54,3.983530303656433
2025-01-02 15:29:55,3.781079477208581
2025-01-02 15:29:56,3.9562346567874322
2025-01-02 15:29:57,3.9787326736025492
2025-01-02 15:29:58,3.902967692982623
2025-01-02 15:29:59,4.164464034188044
2025-01-02 15:30:00,3.9579215548211004
2025-01-02 15:30:01,4.324710133120707
2025-01-02 15:30:02,4.013922397365575
2025-01-02 15:30:03,4.23069663755537
2025-01-02 15:30:04,3.974842209898986
2025-01-02 15:30:05,4.715202572552267
2025-01-02 15:30:06,4.414094014105919
2025-01-02 15:30:07,4.265128291648507
2025-01-02 15:30:08,4.4215770926884455
2025-01-02 15:30:09,4.399393073770229
2025-01-02 15:30:10,3.9811998244794062
2025-01-02 15:30:11,4.277137041023655
2025-01-02 15:30:12,4.844183435687844
2025-01-02 15:30:13,4.49379354823742
2025-01-02 15:30:14,3.4872336258883383
2025-01-02 15:30:15,4.1364303039731904
2025-01-02 15:30:16,4.00275000497579
2025-01-02 15:30:17,
2025-01-02 15:30:18,4.437119771012673
2025-01-02 15:30:19,3.5858116264048703
2025-01-02 15:30:20,3.9146710668198224
2025-01-02 15:30:21,3.6886246433279615
2025-01-02 15:30:22,4.547115719081188
2025-01-02 15:30:23,4.406945140180818
2025-01-02 15:30:24,4.137996081888671
2025-01-02 15:30:25,3.893590207609908
2025-01-02 15:30:26,3.927825242645143
2025-01-02 15:30:27,3.768139760241502
2025-01-02 15:30:28,4.194591125043205
2025-01-02 15:30:29,3.643623324030268
2025-01-02 15:30:30,4.3988014234063755
2025-01-02 15:30:31,4.00049934308666
2025-01-02 15:30:32,4.769444214917568
2025-01-02 15:30:33,3.9621718448538603
2025-01-02 15:30:34,4.322714110626291
2025-01-02 15:30:35,4.012715714496729
2025-01-02 15:30:36,3.721703438083139
2025-01-02 15:30:37,4.381435468218552
2025-01-02 15:30:38,4.435677455437008
2025-01-02 15:30:39,3.994300974178787
2025-01-02 15:30:40,3.9853435152113277
2025-01-02 15:30:41,4.223539267055182
2025-01-02 15:30:42,4.3157700611316425
2025-01-02 15:30:43,4.643789843315951
2025-01-02 15:30:44,4.15942890611068
2025-01-02 15:30:45,3.4780409526858125
2025-01-02 15:30:46,3.9226947425778254
2025-01-02 15:30:47,3.9981909354908
2025-01-02 15:30:48,3.733218331969706
2025-01-02 15:30:49,3.8913217078332414
2025-01-02 15:30:50,4.266588999545755
2025-01-02 15:30:51,3.5548343218443166
2025-01-02 15:30:52,4.937898642070998
2025-01-02 15:30:53,4.221896380532351
2025-01-02 15:30:54,3.7649985763719083
2025-01-02 15:30:55,3.7489440590283274
2025-01-02 15:30:56,4.312758444357773
2025-01-02 15:30:57,3.707622883168896
2025-01-02 15:30:58,4.2373691646937495
2025-01-02 15:30:59,4.372654934980907
2025-01-02 15:31:00,4.367149558840504
2025-01-02 15:31:01,4.586989353956226
2025-01-02 15:31:02,4.171691754774067
2025-01-02 15:31:03,3.836405477335137
2025-01-02 15:31:04,4.518225837464401
2025-01-02 15:31:05,4.056743716866003
2025-01-02 15:31:06,4.396640161034632
2025-01-02 15:31:07,3.6624431317326027
2025-01-02 15:31:08,4.814317006425242
2025-01-02 15:31:09,4.117026005898923
2025-01-02 15:31:10,4.139667529441004
2025-01-02 15:31:11,4.4651251383349315
2025-01-02 15:31:12,4.128648833562441
2025-01-02 15:31:13,3.996387777202173
2025-01-02 15:31:14,3.8110071691060807
2025-01-02 15:31:15,3.578065445312257
2025-01-02 15:31:16,4.410763767868245
2025-01-02 15:31:17,3.7992734946834124
2025-01-02 15:31:18,4.093102984423689
2025-01-02 15:31:19,4.145751847463455
2025-01-02 15:31:20,4.349821184676493
2025-01-02 15:31:21,
2025-01-02 15:31:22,4.01903394500809
2025-01-02 15:31:23,4.0391494148307
2025-01-02 15:31:24,4.473662905120305
2025-01-02 15:31:25,3.398914687242809
2025-01-02 15:31:26,4.071407118280713
2025-01-02 15:31:27,4.073615015370115
2025-01-02 15:31:28,4.1440990538661975
2025-01-02 15:31:29,3.6969200530791477
2025-01-02 15:31:30,3.8196017466815997
2025-01-02 15:31:31,4.0963037969994724
2025-01-02 15:31:32,4.303793388339592
2025-01-02 15:31:33,4.0476745619740475
2025-01-02 15:31:34,3.72870302919395
2025-01-02 15:31:35,4.7301236259590915
2025-01-02 15:31:36,4.577403001011038
2025-01-02 15:31:37,3.6835758542388914
2025-01-02 15:31:38,3.563184554132947
2025-01-02 15:31:39,3.755375864615196
2025-01-02 15:31:40,4.240677295834699
2025-01-02 15:31:41,3.7656024115424307
2025-01-02 15:31:42,4.173004822092064
2025-01-02 15:31:43,
2025-01-02 15:31:44,4.384580804877102
2025-01-02 15:31:45,3.7750398562286507
2025-01-02 15:31:46,4.1130230136211425
2025-01-02 15:31:47,3.8461116659504393
2025-01-02 15:31:48,4.2569298656857875
2025-01-02 15:31:49,4.277390431747312
2025-01-02 15:31:50,4.167324187771602
2025-01-02 15:31:51,4.181415901504893
2025-01-02 15:31:52,3.646683417236484
2025-01-02 15:31:53,4.35946608208559
2025-01-02 15:31:54,3.6467606439763753
2025-01-02 15:31:55,3.7623540463452274
2025-01-02 15:31:56,3.8545149080848264
2025-01-02 15:31:57,3.956608002124778
2025-01-02 15:31:58,4.127452498777007
2025-01-02 15:31:59,4.066595872527979
2025-01-02 15:32:00,4.336805764800914
2025-01-02 15:32:01,4.059498652726996
2025-01-02 15:32:02,4.335064498336128
2025-01-02 15:32:03,4.411298017506549
2025-01-02 15:32:04,3.805786374671895
2025-01-02 15:32:05,4.114174221899967
2025-01-02 15:32:06,4.018602910016738
2025-01-02 15:32:07,4.057963770244899
2025-01-02 15:32:08,4.3274532763865095
2025-01-02 15:32:09,3.928095260081575
2025-01-02 15:32:10,4.256497436557567
2025-01-02 15:32:11,3.945277431769271
2025-01-02 15:32:12,4.072282137975083
2025-01-02 15:32:13,4.069269229194884
2025-01-02 15:32:14,
2025-01-02 15:32:15,4.3500475283528806
2025-01-02 15:32:16,3.9735410078878344
2025-01-02 15:32:17,4.156336793370523
2025-01-02 15:32:18,4.148057690173856
2025-01-02 15:32:19,4.093529933310355
2025-01-02 15:32:20,4.011759809702209
2025-01-02 15:32:21,4.519542934398198
2025-01-02 15:32:22,4.200835179284424
2025-01-02 15:32:23,
2025-01-02 15:32:24,4.103150764950525
2025-01-02 15:32:25,4.386414869337507
2025-01-02 15:32:26,4.100268997426766
2025-01-02 15:32:27,4.117885006571908
2025-01-02 15:32:28,4.329661225587968
2025-01-02 15:32:29,4.459247011772605
2025-01-02 15:32:30,4.339800794478909
2025-01-02 15:32:31,3.863587228981634
2025-01-02 15:32:32,4.166211309259284
2025-01-02 15:32:33,3.4731224486449017
2025-01-02 15:32:34,4.183303589123758
2025-01-02 15:32:35,3.916113222928317
2025-01-02 15:32:36,3.836918517109353
2025-01-02 15:32:37,4.140723877175896
2025-01-02 15:32:38,3.5725655689369415
2025-01-02 15:32:39,
2025-01-02 15:32:40,3.720488767605267
2025-01-02 15:32:41,4.375911904614043
2025-01-02 15:32:42,3.823546169181789
2025-01-02 15:32:43,3.780903904087338
2025-01-02 15:32:44,4.256482595620398
2025-01-02 15:32:45,3.9615912954589936
2025-01-02 15:32:46,4.298268029450513
2025-01-02 15:32:47,4.005202041931386
2025-01-02 15:32:48,3.444529734560314
2025-01-02 15:32:49,3.785774408139094
2025-01-02 15:32:50,3.7553718347874554
2025-01-02 15:32:51,4.325532500686409
2025-01-02 15:32:52,3.9639701667512997
2025-01-02 15:32:53,4.23546957592989
2025-01-02 15:32:54,3.8923996852379057
2025-01-02 15:32:55,4.0786656379496184
2025-01-02 15:32:56,3.875568825310481
2025-01-02 15:32:57,3.571857754840919
2025-01-02 15:32:58,4.008729761103735
2025-01-02 15:32:59,4.5459165555391134
2025-01-02 15:33:00,4.159614344788662
2025-01-02 15:33:01,4.417282882462753
2025-01-02 15:33:02,4.551187687108112
2025-01-02 15:33:03,4.136266955761416
2025-01-02 15:33:04,4.272645716410219
2025-01-02 15:33:05,4.337184947416503
2025-01-02 15:33:06,4.049134794586046
2025-01-02 15:33:07,3.6437329339226574
2025-01-02 15:33:08,4.265123844952377
2025-01-02 15:33:09,4.285451621394699
2025-01-02 15:33:10,4.113675433308002
2025-01-02 15:33:11,3.8395119810239664
2025-01-02 15:33:12,4.2657299226329215
2025-01-02 15:33:13,
2025-01-02 15:33:14,3.9572097367032977
2025-01-02 15:33:15,4.405947343283733
2025-01-02 15:33:16,3.8890376524334767
2025-01-02 15:33:17,4.477737044763227
2025-01-02 15:33:18,4.179918363880682
2025-01-02 15:33:19,3.4313497370696626
2025-01-02 15:33:20,
2025-01-02 15:33:21,3.9165546750659814
2025-01-02 15:33:22,4.56882592641315
2025-01-02 15:33:23,4.414488842770252
2025-01-02 15:33:24,3.882535725316328
2025-01-02 15:33:25,3.632787886414385
2025-01-02 15:33:26,4.446334177642026
2025-01-02 15:33:27,4.057294560395215
2025-01-02 15:33:28,4.2336831687198915
2025-01-02 15:33:29,4.2407111866167915
2025-01-02 15:33:30,4.545146960162981
2025-01-02 15:33:31,4.269530201713585
2025-01-02 15:33:32,3.923237610054777
2025-01-02 15:33:33,4.176587749043833
2025-01-02 15:33:34,4.1922654746734676
2025-01-02 15:33:35,3.8717035235397277
2025-01-02 15:33:36,4.351445957091481
2025-01-02 15:33:37,4.644214397960705
2025-01-02 15:33:38,3.8181566242048843
2025-01-02 15:33:39,4.558773454173984
2025-01-02 15:33:40,3.796663650652551
2025-01-02 15:33:41,4.111440873102005
2025-01-02 15:33:42,4.527614525971286
2025-01-02 15:33:43,4.206161750242297
2025-01-02 15:33:44,4.009708910862604
2025-01-02 15:33:45,4.425574505244899
2025-01-02 15:33:46,4.188095917222891
2025-01-02 15:33:47,4.304805690939029
2025-01-02 15:33:48,4.278709049839395
2025-01-02 15:33:49,4.083304721956493
2025-01-02 15:33:50,4.134141177616378
2025-01-02 15:33:51,4.199297052757186
2025-01-02 15:33:52,4.274510300045626
2025-01-02 15:33:53,3.803801027420485
2025-01-02 15:33:54,3.9883905504738144
2025-01-02 15:33:55,4.253316094860276
2025-01-02 15:33:56,
2025-01-02 15:33:57,3.603187860076673
2025-01-02 15:33:58,4.014199180661606
2025-01-02 15:33:59,3.8534472847259975
2025-01-02 15:34:00,3.810973886988835
2025-01-02 15:34:01,4.1395198316261865
2025-01-02 15:34:02,4.154158785176294
2025-01-02 15:34:03,3.734387755346462
2025-01-02 15:34:04,3.8131004183292654
2025-01-02 15:34:05,4.076116634555262
2025-01-02 15:34:06,3.5818557478515647
2025-01-02 15:34:07,3.692726644667161
2025-01-02 15:34:08,3.981195291100386
2025-01-02 15:34:09,3.644256720396812
2025-01-02 15:34:10,3.8404215361664304
2025-01-02 15:34:11,3.72568267634063
2025-01-02 15:34:12,4.064835198227209
2025-01-02 15:34:13,3.8633067953681124
2025-01-02 15:34:14,3.9196716613313782
2025-01-02 15:34:15,3.9914135072248262
2025-01-02 15:34:16,3.705554878173409
2025-01-02 15:34:17,3.851803558023581
2025-01-02 15:34:18,3.743060494057911
2025-01-02 15:34:19,3.688892170536284
2025-01-02 15:34:20,4.101702181502701
2025-01-02 15:34:21,3.7513942959428976
2025-01-02 15:34:22,3.8732533784526875
2025-01-02 15:34:23,3.973565441222677
2025-01-02 15:34:24,3.993453223716742
2025-01-02 15:34:25,4.440358250423612
2025-01-02 15:34:26,3.6594793772284984
2025-01-02 15:34:27,3.999772579732935
2025-01-02 15:34:28,3.7546665284637726
2025-01-02 15:34:29,4.370873013223451
2025-01-02 15:34:30,3.6725398156082654
2025-01-02 15:34:31,4.237511694973502
2025-01-02 15:34:32,3.7698574652224957
2025-01-02 15:34:33,4.377258196829466
2025-01-02 15:34:34,4.216822304733118
2025-01-02 15:34:35,4.219728996360488
2025-01-02 15:34:36,4.020562160022784
2025-01-02 15:34:37,3.558559824540284
2025-01-02 15:34:38,4.195296979173999
2025-01-02 15:34:39,3.707354629123491
2025-01-02 15:34:40,4.138349602438159
2025-01-02 15:34:41,3.8555891186951863
2025-01-02 15:34:42,4.20307115148151
2025-01-02 15:34:43,3.9077720941455656
2025-01-02 15:34:44,4.012147734025296
2025-01-02 15:34:45,4.1548153524023235
2025-01-02 15:34:46,3.845043132363687
2025-01-02 15:34:47,3.493478237630086
2025-01-02 15:34:48,4.14549017127137
2025-01-02 15:34:49,3.917203394241204
2025-01-02 15:34:50,3.897955021570266
2025-01-02 15:34:51,4.027227628471255
2025-01-02 15:34:52,4.140708843543198
2025-01-02 15:34:53,3.969013975183029
2025-01-02 15:34:54,4.051006346196398
2025-01-02 15:34:55,4.454077199145434
2025-01-02 15:34:56,3.9194628839357732
2025-01-02 15:34:57,3.6003809004648977
2025-01-02 15:34:58,3.6415691169390163
2025-01-02 15:34:59,3.757107114759182
2025-01-02 15:35:00,4.108169059817523
2025-01-02 15:35:01,4.332255413280228
2025-01-02 15:35:02,3.563061413010904
2025-01-02 15:35:03,3.8288227525147094
2025-01-02 15:35:04,3.884248967986662
2025-01-02 15:35:05,4.2219212022693835
2025-01-02 15:35:06,4.277147514149089
2025-01-02 15:35:07,
2025-01-02 15:35:08,3.4430424945187323
2025-01-02 15:35:09,3.6205849967377945
2025-01-02 15:35:10,3.721289394940371
2025-01-02 15:35:11,3.781521625281899
2025-01-02 15:35:12,3.948705529898864
2025-01-02 15:35:13,4.330788640111491
2025-01-02 15:35:14,4.473068671807061
2025-01-02 15:35:15,4.097265211930008
2025-01-02 15:35:16,3.9348458789762075
2025-01-02 15:35:17,3.52166525425554
2025-01-02 15:35:18,4.47256825792616
2025-01-02 15:35:19,3.92158158551022
2025-01-02 15:35:20,3.806910915537958
2025-01-02 15:35:21,3.8589051183074385
2025-01-02 15:35:22,3.7576141829025445
2025-01-02 15:35:23,4.123853628612166
2025-01-02 15:35:24,3.527457900109898
2025-01-02 15:35:25,4.051368899704253
2025-01-02 15:35:26,3.8114475870876245
2025-01-02 15:35:27,2.791009635387012
2025-01-02 15:35:28,3.978398585525036
2025-01-02 15:35:29,3.942087182757755
2025-01-02 15:35:30,4.410517378977347
2025-01-02 15:35:31,4.375576407865964
2025-01-02 15:35:32,3.9973029588611646
2025-01-02 15:35:33,3.879025352440161
2025-01-02 15:35:34,4.162313034201938
2025-01-02 15:35:35,3.794016380290217
2025-01-02 15:35:36,3.788094954453294
2025-01-02 15:35:37,3.8565186717662643
2025-01-02 15:35:38,3.791020638894127
2025-01-02 15:35:39,3.7177035309663697
2025-01-02 15:35:40,3.8179374125177867
2025-01-02 15:35:41,3.812707585813413
2025-01-02 15:35:42,3.5484693834999175
2025-01-02 15:35:43,4.144109887337401
2025-01-02 15:35:44,3.7401932574659558
2025-01-02 15:35:45,
2025-01-02 15:35:46,4.034388991550429
2025-01-02 15:35:47,3.391761543218957
2025-01-02 15:35:48,3.7090033716879125
2025-01-02 15:35:49,3.7510386614835816
2025-01-02 15:35:50,3.7689701274724947
2025-01-02 15:35:51,4.257659226510357
2025-01-02 15:35:52,3.911498606640752
2025-01-02 15:35:53,4.279508243026628
2025-01-02 15:35:54,4.000690105931567
2025-01-02 15:35:55,4.0813759473158795
2025-01-02 15:35:56,4.164398258990283
2025-01-02 15:35:57,
2025-01-02 15:35:58,3.1976265992034265
2025-01-02 15:35:59,4.618136314691863
2025-01-02 15:36:00,3.9357244298460996
2025-01-02 15:36:01,4.004173430347803
2025-01-02 15:36:02,3.629006483043634
2025-01-02 15:36:03,4.158022379225995
2025-01-02 15:36:04,4.383061478788916
2025-01-02 15:36:05,4.057936257832453
2025-01-02 15:36:06,4.002430054070391
2025-01-02 15:36:07,3.995076438881324
2025-01-02 15:36:08,4.021213579377712
2025-01-02 15:36:09,3.3513779047750782
2025-01-02 15:36:10,4.250139634586681
2025-01-02 15:36:11,4.407320627090163
2025-01-02 15:36:12,4.127602341308198
2025-01-02 15:36:13,4.043386789924234
2025-01-02 15:36:14,4.284982114924578
2025-01-02 15:36:15,4.120459667006616
2025-01-02 15:36:16,4.035295891873161
2025-01-02 15:36:17,3.6916148312552233
2025-01-02 15:36:18,4.095808818313896
2025-01-02 15:36:19,4.19526147117176
2025-01-02 15:36:20,4.090012710850303
2025-01-02 15:36:21,4.180731743232975
2025-01-02 15:36:22,4.242271695332947
2025-01-02 15:36:23,3.6705339003661015
2025-01-02 15:36:24,4.213729868954048
2025-01-02 15:36:25,4.535329038548709
2025-01-02 15:36:26,3.3910077366799247
2025-01-02 15:36:27,4.527901703916241
2025-01-02 15:36:28,4.035905331012248
2025-01-02 15:36:29,3.597755961322366
2025-01-02 15:36:30,4.373346239384775
2025-01-02 15:36:31,3.8506744152992076
2025-01-02 15:36:32,3.8876004726411764
2025-01-02 15:36:33,4.409577587066751
2025-01-02 15:36:34,4.342078720521967
2025-01-02 15:36:35,3.848453170488278
2025-01-02 15:36:36,3.793764316695687
2025-01-02 15:36:37,3.8534854809063535
2025-01-02 15:36:38,4.322734012662473
2025-01-02 15:36:39,4.072659690601323
2025-01-02 15:36:40,4.77156340472568
2025-01-02 15:36:41,4.43298413046054
2025-01-02 15:36:42,3.8496767594731764
2025-01-02 15:36:43,3.9367849520724905
2025-01-02 15:36:44,4.032207478480608
2025-01-02 15:36:45,3.6054050101639232
2025-01-02 15:36:46,3.2516011875867643
2025-01-02 15:36:47,4.037168476877105
2025-01-02 15:36:48,3.747670466838965
2025-01-02 15:36:49,4.193580961032846
2025-01-02 15:36:50,3.791354281375694
2025-01-02 15:36:51,4.074117333980346
2025-01-02 15:36:52,4.01654142478296
2025-01-02 15:36:53,4.423367454835406
2025-01-02 15:36:54,3.757826275228032
2025-01-02 15:36:55,4.206459794013671
2025-01-02 15:36:56,3.8013435554272266
2025-01-02 15:36:57,3.781319913354606
2025-01-02 15:36:58,4.036578764955502
2025-01-02 15:36:59,4.21669181099378
2025-01-02 15:37:00,3.563593345883408
2025-01-02 15:37:01,3.7880914318866497
2025-01-02 15:37:02,3.6023558648518486
2025-01-02 15:37:03,4.341073143080661
2025-01-02 15:37:04,4.0374223049590094
2025-01-02 15:37:05,4.182663848430388
2025-01-02 15:37:06,3.6745429985103066
2025-01-02 15:37:07,3.672550679539123
2025-01-02 15:37:08,4.233353473080638
2025-01-02 15:37:09,3.780775335732835
2025-01-02 15:37:10,4.1242569540898275
2025-01-02 15:37:11,
2025-01-02 15:37:12,4.181752634973762
2025-01-02 15:37:13,4.225306137250217
2025-01-02 15:37:14,3.970811777271507
2025-01-02 15:37:15,3.9155155688634866
2025-01-02 15:37:16,4.2676201165479
2025-01-02 15:37:17,3.9866608017757095
2025-01-02 15:37:18,3.936951274713782
2025-01-02 15:37:19,4.362742284902281
2025-01-02 15:37:20,3.490557783210842
2025-01-02 15:37:21,4.490726468929508
2025-01-02 15:37:22,4.048205330675524
2025-01-02 15:37:23,3.8638210193199485
2025-01-02 15:37:24,4.359283500589473
2025-01-02 15:37:25,4.280652222310739
2025-01-02 15:37:26,4.3504016923077735
2025-01-02 15:37:27,3.848440505242179
2025-01-02 15:37:28,3.6600916755384416
2025-01-02 15:37:29,4.135538574795218
2025-01-02 15:37:30,3.849366561409557
2025-01-02 15:37:31,3.7846026914783675
2025-01-02 15:37:32,3.635390882901057
2025-01-02 15:37:33,3.737597924307287
2025-01-02 15:37:34,4.187819633080218
2025-01-02 15:37:35,3.843004022755903
2025-01-02 15:37:36,3.9722938580846963
2025-01-02 15:37:37,3.726726580995986
2025-01-02 15:37:38,3.6073140617095647
2025-01-02 15:37:39,4.137200849381264
2025-01-02 15:37:40,3.8444184841790063
2025-01-02 15:37:41,4.098975328737433
2025-01-02 15:37:42,3.5644552464284542
2025-01-02 15:37:43,4.411286722794475
2025-01-02 15:37:44,3.9765438105583706
2025-01-02 15:37:45,3.9502900188103074
2025-01-02 15:37:46,3.55871661007319
2025-01-02 15:37:47,3.7664198508619324
2025-01-02 15:37:48,4.083558826193527
2025-01-02 15:37:49,4.154021450981175
2025-01-02 15:37:50,4.128249246532897
2025-01-02 15:37:51,3.5026526148180874
2025-01-02 15:37:52,3.926202791508957
2025-01-02 15:37:53,3.8302655354927384
2025-01-02 15:37:54,
2025-01-02 15:37:55,4.064069279477199
2025-01-02 15:37:56,3.7031593905927207
2025-01-02 15:37:57,3.845440982312125
2025-01-02 15:37:58,4.197248105344492
2025-01-02 15:37:59,4.118945638937707
2025-01-02 15:38:00,3.4533278897797084
2025-01-02 15:38:01,3.8394200207086695
2025-01-02 15:38:02,4.300521013128612
2025-01-02 15:38:03,4.12646538556471
2025-01-02 15:38:04,4.105339554949659
2025-01-02 15:38:05,3.8790908025323976
2025-01-02 15:38:06,3.5162623280856824
2025-01-02 15:38:07,3.7606398756234487
2025-01-02 15:38:08,4.248266017348207
2025-01-02 15:38:09,3.495812655272751
2025-01-02 15:38:10,3.842698626386491
2025-01-02 15:38:11,3.766629971221178
2025-01-02 15:38:12,3.69218861911125
2025-01-02 15:38:13,3.7954799639419523
2025-01-02 15:38:14,3.8258836430709664
2025-01-02 15:38:15,4.379242879086013
2025-01-02 15:38:16,3.785728421413981
2025-01-02 15:38:17,3.6507028117084026
2025-01-02 15:38:18,3.925039469956342
2025-01-02 15:38:19,4.0711060786134805
2025-01-02 15:38:20,4.049227764222071
2025-01-02 15:38:21,3.8973332236342184
2025-01-02 15:38:22,4.197050177068792
2025-01-02 15:38:23,3.428900416974706
2025-01-02 15:38:24,4.2139038240798
2025-01-02 15:38:25,3.6049515140003465
2025-01-02 15:38:26,4.134558058942472
2025-01-02 15:38:27,4.243822590645248
2025-01-02 15:38:28,3.5233591218993063
2025-01-02 15:38:29,4.033705870455398
2025-01-02 15:38:30,3.363582079964399
2025-01-02 15:38:31,4.029955633947219
2025-01-02 15:38:32,4.217551876911096
2025-01-02 15:38:33,4.067409093027791
2025-01-02 15:38:34,3.727007198644236
2025-01-02 15:38:35,3.8036799197561844
2025-01-02 15:38:36,3.920465088798449
2025-01-02 15:38:37,3.6280153366393875
2025-01-02 15:38:38,4.112679392979857
2025-01-02 15:38:39,4.442098616953476
2025-01-02 15:38:40,3.764330469683605
2025-01-02 15:38:41,4.282903772638266
2025-01-02 15:38:42,4.091356126487524
2025-01-02 15:38:43,
2025-01-02 15:38:44,4.06909410039743
2025-01-02 15:38:45,3.96942027795151
2025-01-02 15:38:46,3.8372306885644636
2025-01-02 15:38:47,4.051790690165124
2025-01-02 15:38:48,4.386915136856489
2025-01-02 15:38:49,3.6116417255519218
2025-01-02 15:38:50,4.219050449392621
2025-01-02 15:38:51,4.006197774648117
2025-01-02 15:38:52,3.9442473267836133
2025-01-02 15:38:53,4.11904955384153
2025-01-02 15:38:54,3.517069305247621
2025-01-02 15:38:55,4.219904776397134
2025-01-02 15:38:56,3.8001319462450014
2025-01-02 15:38:57,3.903779021151295
2025-01-02 15:38:58,4.709803276946017
2025-01-02 15:38:59,4.333578181804399
2025-01-02 15:39:00,3.6699763627188187
2025-01-02 15:39:01,
2025-01-02 15:39:02,3.661626296574831
2025-01-02 15:39:03,4.135091175732952
2025-01-02 15:39:04,3.7671061476931773
2025-01-02 15:39:05,3.908065611800692
2025-01-02 15:39:06,3.6817954535731436
2025-01-02 15:39:07,3.8295140793688525
2025-01-02 15:39:08,3.6777805391289933
2025-01-02 15:39:09,4.165951507112212
2025-01-02 15:39:10,4.079048433959277
2025-01-02 15:39:11,4.2528501099409555
2025-01-02 15:39:12,4.0319231219863525
2025-01-02 15:39:13,3.7215100497280345
2025-01-02 15:39:14,3.9667820692018347
2025-01-02 15:39:15,3.838559292829802
2025-01-02 15:39:16,3.8420324201160994
2025-01-02 15:39:17,4.051713821499304
2025-01-02 15:39:18,3.8268280488655506
2025-01-02 15:39:19,4.038920933982748
2025-01-02 15:39:20,4.179517064943094
2025-01-02 15:39:21,3.760958295066717
2025-01-02 15:39:22,3.889254044916493
2025-01-02 15:39:23,3.635668159318337
2025-01-02 15:39:24,3.5032751063256895
2025-01-02 15:39:25,4.360515486280595
2025-01-02 15:39:26,3.778021809521552
2025-01-02 15:39:27,3.5612867442302214
2025-01-02 15:39:28,3.588736689828784
2025-01-02 15:39:29,
2025-01-02 15:39:30,3.78945384678462
2025-01-02 15:39:31,3.910254570783774
2025-01-02 15:39:32,3.974849380135764
2025-01-02 15:39:33,3.9990921494566507
2025-01-02 15:39:34,4.297772359166336
2025-01-02 15:39:35,3.9125269624867363
2025-01-02 15:39:36,3.6649960557621446
2025-01-02 15:39:37,3.456877060528828
2025-01-02 15:39:38,3.9667947982937815
2025-01-02 15:39:39,4.11096840214317
2025-01-02 15:39:40,3.8284900652557616
2025-01-02 15:39:41,4.427183971801721
2025-01-02 15:39:42,2.883789668409167
2025-01-02 15:39:43,4.222753066400502
2025-01-02 15:39:44,4.112293512467408
2025-01-02 15:39:45,4.368838042203559
2025-01-02 15:39:46,4.099240716105705
2025-01-02 15:39:47,4.148920817087857
2025-01-02 15:39:48,4.0346688034056
2025-01-02 15:39:49,4.180893876644613
2025-01-02 15:39:50,4.263471072469892
2025-01-02 15:39:51,3.3773776220298566
2025-01-02 15:39:52,3.8468850754232125
2025-01-02 15:39:53,3.7426862079682452
2025-01-02 15:39:54,4.4033425715399686
2025-01-02 15:39:55,4.282633242972716
2025-01-02 15:39:56,3.427365042535631
2025-01-02 15:39:57,3.68148699503464
2025-01-02 15:39:58,4.059434127272381
2025-01-02 15:39:59,3.43566765108382
2025-01-02 15:40:00,3.721018002267648
2025-01-02 15:40:01,3.7490162664331037
2025-01-02 15:40:02,3.4220278233674466
2025-01-02 15:40:03,3.566677648492086
2025-01-02 15:40:04,4.314121184287486
2025-01-02 15:40:05,4.138537616513118
2025-01-02 15:40:06,4.201957784121147
2025-01-02 15:40:07,4.017301342456703
2025-01-02 15:40:08,3.519277640816853
2025-01-02 15:40:09,4.1052786543854705
2025-01-02 15:40:10,3.8259330760127055
2025-01-02 15:40:11,4.253790483022931
2025-01-02 15:40:12,4.171030961887883
2025-01-02 15:40:13,3.9645411175773377
2025-01-02 15:40:14,3.844746970811404
2025-01-02 15:40:15,3.8339878534488294
2025-01-02 15:40:16,3.779212052270186
2025-01-02 15:40:17,
2025-01-02 15:40:18,3.8210911235584324
2025-01-02 15:40:19,4.036629893485726
2025-01-02 15:40:20,3.970409946942904
2025-01-02 15:40:21,4.201496740350214
2025-01-02 15:40:22,3.827523951553801
2025-01-02 15:40:23,4.0203921505003795
2025-01-02 15:40:24,3.9121921579447445
2025-01-02 15:40:25,4.388441864617111
2025-01-02 15:40:26,3.519620648262811
2025-01-02 15:40:27,3.997190539861924
2025-01-02 15:40:28,3.8495191258738717
2025-01-02 15:40:29,3.679976195435839
2025-01-02 15:40:30,4.646432127137361
2025-01-02 15:40:31,3.444138209489835
2025-01-02 15:40:32,3.529285915304056
2025-01-02 15:40:33,3.6100413758152614
2025-01-02 15:40:34,3.93837913934283
2025-01-02 15:40:35,3.9683952673072764
2025-01-02 15:40:36,
2025-01-02 15:40:37,3.8377158342938174
2025-01-02 15:40:38,3.2264652691707134
2025-01-02 15:40:39,4.048026445073678
2025-01-02 15:40:40,4.327781858441318
2025-01-02 15:40:41,4.120889514803662
2025-01-02 15:40:42,4.027279503873284
2025-01-02 15:40:43,3.836214844364246
2025-01-02 15:40:44,3.945931107681976
2025-01-02 15:40:45,3.8343672031879845
2025-01-02 15:40:46,3.844215866242019
2025-01-02 15:40:47,3.2436886175657436
2025-01-02 15:40:48,4.200212680076518
2025-01-02 15:40:49,3.580473826510468
2025-01-02 15:40:50,3.7260890731628487
2025-01-02 15:40:51,4.186803268261336
2025-01-02 15:40:52,3.5573872170189054
2025-01-02 15:40:53,3.8999307549557747
2025-01-02 15:40:54,3.58416143789995
2025-01-02 15:40:55,3.53375398016629
2025-01-02 15:40:56,3.9215107510192175
2025-01-02 15:40:57,4.2061554558572025
2025-01-02 15:40:58,4.081477687876507
2025-01-02 15:40:59,3.422299554454512
2025-01-02 15:41:00,3.6305794522805614
2025-01-02 15:41:01,3.1320528847092017
2025-01-02 15:41:02,3.250195261582352
2025-01-02 15:41:03,3.411052973306836
2025-01-02 15:41:04,3.5788002920675748
2025-01-02 15:41:05,3.955913456969395
2025-01-02 15:41:06,4.143516333283933
2025-01-02 15:41:07,3.7013619876828683
2025-01-02 15:41:08,3.8489397503774674
2025-01-02 15:41:09,4.002929094160854
2025-01-02 15:41:10,4.00374872097125
2025-01-02 15:41:11,3.9827399507186683
2025-01-02 15:41:12,3.6771133398507243
2025-01-02 15:41:13,3.8198936612808194
2025-01-02 15:41:14,4.19961882085011
2025-01-02 15:41:15,3.8634529815757643
2025-01-02 15:41:16,3.714834741265742
2025-01-02 15:41:17,4.112303275050416
2025-01-02 15:41:18,3.790857339697138
2025-01-02 15:41:19,4.513259126771698
2025-01-02 15:41:20,3.6536688264761024
2025-01-02 15:41:21,3.6781513640234134
2025-01-02 15:41:22,4.11503407477778
2025-01-02 15:41:23,4.158901030603157
2025-01-02 15:41:24,3.6746758344850337
2025-01-02 15:41:25,4.286179961578506
2025-01-02 15:41:26,3.907763471612381
2025-01-02 15:41:27,4.049030144536782
2025-01-02 15:41:28,3.985852830652256
2025-01-02 15:41:29,3.9689904857443463
2025-01-02 15:41:30,3.7558002795888155
2025-01-02 15:41:31,4.393592712687066
2025-01-02 15:41:32,3.402089076859492
2025-01-02 15:41:33,3.3520635854834007
2025-01-02 15:41:34,4.094326370476389
2025-01-02 15:41:35,3.634131192515923
2025-01-02 15:41:36,4.159797655784259
2025-01-02 15:41:37,4.145354213874839
2025-01-02 15:41:38,3.9796641070921477
2025-01-02 15:41:39,3.9815000280018933
2025-01-02 15:41:40,3.8994237340827924
2025-01-02 15:41:41,4.579860710271924
2025-01-02 15:41:42,4.453468509045093
2025-01-02 15:41:43,3.6234568848629145
2025-01-02 15:41:44,3.6952282085834667
2025-01-02 15:41:45,3.786245752864639
2025-01-02 15:41:46,4.271543880406551
2025-01-02 15:41:47,3.7109947111306703
2025-01-02 15:41:48,4.121707600006217
2025-01-02 15:41:49,4.0517643125122165
2025-01-02 15:41:50,3.782072683705488
2025-01-02 15:41:51,3.7768694351338405
2025-01-02 15:41:52,3.5020312654232666
2025-01-02 15:41:53,3.209516117909947
2025-01-02 15:41:54,3.659585572238554
2025-01-02 15:41:55,3.7184130459679383
2025-01-02 15:41:56,3.9205957061330863
2025-01-02 15:41:57,3.252270377764273
2025-01-02 15:41:58,3.8163387714291392
2025-01-02 15:41:59,3.716201181037261
2025-01-02 15:42:00,3.72734607787363
2025-01-02 15:42:01,3.5520417027625326
2025-01-02 15:42:02,3.928926961447811
2025-01-02 15:42:03,3.7297458912997477
2025-01-02 15:42:04,4.3242592271749825
2025-01-02 15:42:05,3.574022453773992
2025-01-02 15:42:06,3.67706452738979
2025-01-02 15:42:07,3.911975742030328
2025-01-02 15:42:08,3.267276500191958
2025-01-02 15:42:09,4.217136005145856
2025-01-02 15:42:10,3.730457304845511
2025-01-02 15:42:11,4.122009476555226
2025-01-02 15:42:12,3.9424566094113285
2025-01-02 15:42:13,3.3902233051014967
2025-01-02 15:42:14,3.934485636719311
2025-01-02 15:42:15,4.296595151982858
2025-01-02 15:42:16,4.037024120653565
2025-01-02 15:42:17,3.8109965796219036
2025-01-02 15:42:18,
2025-01-02 15:42:19,4.072320381917288
2025-01-02 15:42:20,3.7834727755604427
2025-01-02 15:42:21,4.502019806410549
2025-01-02 15:42:22,3.9882958654479554
2025-01-02 15:42:23,3.784522852018264
2025-01-02 15:42:24,4.161936092263877
2025-01-02 15:42:25,3.385053042699113
2025-01-02 15:42:26,3.9561101973357102
2025-01-02 15:42:27,3.514820908186946
2025-01-02 15:42:28,4.23478392567351
2025-01-02 15:42:29,3.811436289602356
2025-01-02 15:42:30,3.7460259975822483
2025-01-02 15:42:31,4.029120806802226
2025-01-02 15:42:32,4.036952081905018
2025-01-02 15:42:33,3.984422403361943
2025-01-02 15:42:34,4.023105991375964
2025-01-02 15:42:35,3.5476165570694156
2025-01-02 15:42:36,3.6159033134153935
2025-01-02 15:42:37,4.0368164128873705
2025-01-02 15:42:38,3.2240305069700845
2025-01-02 15:42:39,3.3222478238153825
2025-01-02 15:42:40,3.637822962738557
2025-01-02 15:42:41,3.992735347961304
2025-01-02 15:42:42,4.306252582373664
2025-01-02 15:42:43,3.294068049731628
2025-01-02 15:42:44,4.520772213671654
2025-01-02 15:42:45,3.92492103619132
2025-01-02 15:42:46,3.691709353992862
2025-01-02 15:42:47,4.101058322163504
2025-01-02 15:42:48,4.266531175218785
2025-01-02 15:42:49,
2025-01-02 15:42:50,3.572990136736057
2025-01-02 15:42:51,3.969139756730309
2025-01-02 15:42:52,3.9462124779179444
2025-01-02 15:42:53,3.682021483987581
2025-01-02 15:42:54,3.8337509916870776
2025-01-02 15:42:55,4.352699606108002
2025-01-02 15:42:56,4.284843371067223
2025-01-02 15:42:57,3.780854442462961
2025-01-02 15:42:58,3.8684196464746057
2025-01-02 15:42:59,4.127382910532084
2025-01-02 15:43:00,4.08071326646531
2025-01-02 15:43:01,3.5861010153593247
2025-01-02 15:43:02,3.875561202846309
2025-01-02 15:43:03,3.628557662266459
2025-01-02 15:43:04,3.4838233570426733
2025-01-02 15:43:05,3.8284682933937164
2025-01-02 15:43:06,3.8262973986630713
2025-01-02 15:43:07,3.573117889928419
2025-01-02 15:43:08,3.4604000629596148
2025-01-02 15:43:09,3.221991659774562
2025-01-02 15:43:10,3.662341099674975
2025-01-02 15:43:11,4.2074759479699395
2025-01-02 15:43:12,3.811774079959933
2025-01-02 15:43:13,4.306480076974523
2025-01-02 15:43:14,3.624495765236835
2025-01-02 15:43:15,3.945762004875863
2025-01-02 15:43:16,3.8066869241465966
2025-01-02 15:43:17,4.00307749574343
2025-01-02 15:43:18,4.135722681595873
2025-01-02 15:43:19,3.70928525704287
2025-01-02 15:43:20,4.159793765887665
2025-01-02 15:43:21,3.3994816720960097
2025-01-02 15:43:22,3.408897772689445
2025-01-02 15:43:23,3.9990116088131185
2025-01-02 15:43:24,3.4444664224981114
2025-01-02 15:43:25,3.718322340620092
2025-01-02 15:43:26,3.651474212113696
2025-01-02 15:43:27,3.715546978131773
2025-01-02 15:43:28,3.863189192314631
2025-01-02 15:43:29,3.736386835061957
2025-01-02 15:43:30,3.7146477861325224
2025-01-02 15:43:31,3.5368144731769173
2025-01-02 15:43:32,3.655196432626501
2025-01-02 15:43:33,4.26868661641111
2025-01-02 15:43:34,3.6023693397759957
2025-01-02 15:43:35,3.330088173504954
2025-01-02 15:43:36,3.956382497743288
2025-01-02 15:43:37,4.357860964460854
2025-01-02 15:43:38,4.258133565697532
2025-01-02 15:43:39,3.758922127155267
2025-01-02 15:43:40,4.0741127002464665
2025-01-02 15:43:41,3.9557645590296797
2025-01-02 15:43:42,4.286265716226456
2025-01-02 15:43:43,3.93087655760621
2025-01-02 15:43:44,4.070951368215652
2025-01-02 15:43:45,3.8289244649356164
2025-01-02 15:43:46,3.355164535247382
2025-01-02 15:43:47,3.5790943006949427
2025-01-02 15:43:48,4.359756680378593
2025-01-02 15:43:49,3.767489217481248
2025-01-02 15:43:50,3.832272350344114
2025-01-02 15:43:51,4.318892908961039
2025-01-02 15:43:52,3.291055973267104
2025-01-02 15:43:53,3.6023758672245005
2025-01-02 15:43:54,3.45989305974637
2025-01-02 15:43:55,4.492917621660777
2025-01-02 15:43:56,3.888099945180915
2025-01-02 15:43:57,3.820573735582011
2025-01-02 15:43:58,3.4898502724156715
2025-01-02 15:43:59,3.4433190882501483
2025-01-02 15:44:00,4.369603787556351
2025-01-02 15:44:01,3.754013834463351
2025-01-02 15:44:02,3.527114911860819
2025-01-02 15:44:03,3.9275107363899853
2025-01-02 15:44:04,4.162574106514685
2025-01-02 15:44:05,4.278952499186437
2025-01-02 15:44:06,3.9634763094767465
2025-01-02 15:44:07,3.423930782456677
2025-01-02 15:44:08,3.9506814172072824
2025-01-02 15:44:09,3.470540460604412
2025-01-02 15:44:10,3.5089147515922905
2025-01-02 15:44:11,3.7698089226386577
2025-01-02 15:44:12,3.716553805151953
2025-01-02 15:44:13,4.008037325177561
2025-01-02 15:44:14,3.7891511606774895
2025-01-02 15:44:15,4.226361349144244
2025-01-02 15:44:16,3.9832481776201956
2025-01-02 15:44:17,3.574391319791112
2025-01-02 15:44:18,3.922496068188334
2025-01-02 15:44:19,4.257515175229784
2025-01-02 15:44:20,3.738405024458069
2025-01-02 15:44:21,4.070010151987476
2025-01-02 15:44:22,4.091676702946416
2025-01-02 15:44:23,3.8763630142853236
2025-01-02 15:44:24,3.5450997734906617
2025-01-02 15:44:25,3.52054043071187
2025-01-02 15:44:26,3.599808268604837
2025-01-02 15:44:27,3.6583515717171995
2025-01-02 15:44:28,4.29374239193811
2025-01-02 15:44:29,3.770470007438077
2025-01-02 15:44:30,4.161946269950105
2025-01-02 15:44:31,3.2020861593188754
2025-01-02 15:44:32,3.880860530789172
2025-01-02 15:44:33,4.23346820506849
2025-01-02 15:44:34,4.011043738417348
2025-01-02 15:44:35,3.762985067708791
2025-01-02 15:44:36,3.8149788114583907
2025-01-02 15:44:37,3.7751996804394996
2025-01-02 15:44:38,3.8975162355671045
2025-01-02 15:44:39,4.09679340395186
2025-01-02 15:44:40,3.4879162201107174
2025-01-02 15:44:41,3.883291339243596
2025-01-02 15:44:42,3.580443079257537
2025-01-02 15:44:43,3.9091409098250716
2025-01-02 15:44:44,3.5334859390009603
2025-01-02 15:44:45,3.994107548285727
2025-01-02 15:44:46,3.6516923618975325
2025-01-02 15:44:47,3.7441216248370406
2025-01-02 15:44:48,4.3365417138956115
2025-01-02 15:44:49,3.999932424322534
2025-01-02 15:44:50,3.947637152817582
2025-01-02 15:44:51,4.025256254869025
2025-01-02 15:44:52,3.723759994076716
2025-01-02 15:44:53,3.9215080293066547
2025-01-02 15:44:54,3.7674661734864245
2025-01-02 15:44:55,4.2411593436128845
2025-01-02 15:44:56,4.217364081066409
2025-01-02 15:44:57,3.547257315280491
2025-01-02 15:44:58,3.700190818155846
2025-01-02 15:44:59,3.2709616716106655
2025-01-02 15:45:00,3.1211000258287243
2025-01-02 15:45:01,3.613048447945479
2025-01-02 15:45:02,4.026406459660195
2025-01-02 15:45:03,3.742673598883925
2025-01-02 15:45:04,3.469352355970676
2025-01-02 15:45:05,3.7557482748185165
2025-01-02 15:45:06,4.194281295159081
2025-01-02 15:45:07,3.451893903075661
2025-01-02 15:45:08,3.952272208929256
2025-01-02 15:45:09,3.6081985421265497
2025-01-02 15:45:10,4.15795928652318
2025-01-02 15:45:11,3.8242332841305924
2025-01-02 15:45:12,3.896539450552467
2025-01-02 15:45:13,4.127883199022494
2025-01-02 15:45:14,3.8519175088486524
2025-01-02 15:45:15,4.040104205005608
2025-01-02 15:45:16,4.488811584963561
2025-01-02 15:45:17,3.682390350711432
2025-01-02 15:45:18,4.5187609571908
2025-01-02 15:45:19,3.706548226495855
2025-01-02 15:45:20,3.630693616272468
2025-01-02 15:45:21,3.838367555416367
2025-01-02 15:45:22,3.5183906613212077
2025-01-02 15:45:23,4.104369297032567
2025-01-02 15:45:24,3.4118523254228483
2025-01-02 15:45:25,3.1101234059928515
2025-01-02 15:45:26,3.7171751066703984
2025-01-02 15:45:27,3.710332538049854
2025-01-02 15:45:28,3.7355219320760242
2025-01-02 15:45:29,3.915597157027874
2025-01-02 15:45:30,3.5741153549361915
2025-01-02 15:45:31,3.450991618183888
2025-01-02 15:45:32,4.057493226149039
2025-01-02 15:45:33,3.185960373801503
2025-01-02 15:45:34,4.033023578324942
2025-01-02 15:45:35,3.7310647596891986
2025-01-02 15:45:36,3.5583936689735016
2025-01-02 15:45:37,3.528923175874215
2025-01-02 15:45:38,3.303465158652799
2025-01-02 15:45:39,3.5947799692231492
2025-01-02 15:45:40,3.584285098011215
2025-01-02 15:45:41,3.9333481450737766
2025-01-02 15:45:42,3.855386794915021
2025-01-02 15:45:43,4.393473398282646
2025-01-02 15:45:44,3.2055441528613824
2025-01-02 15:45:45,4.24934467382225
2025-01-02 15:45:46,4.12823586238199
2025-01-02 15:45:47,3.6399679077627494
2025-01-02 15:45:48,3.746319916441008
2025-01-02 15:45:49,3.842565399081402
2025-01-02 15:45:50,3.7080587356911536
2025-01-02 15:45:51,4.2392549878444505
2025-01-02 15:45:52,3.5396780707817332
2025-01-02 15:45:53,4.335831804947093
2025-01-02 15:45:54,
2025-01-02 15:45:55,4.529540239785995
2025-01-02 15:45:56,4.067781660426165
2025-01-02 15:45:57,3.595455882171324
2025-01-02 15:45:58,3.9048161889475783
2025-01-02 15:45:59,3.427553699692859
2025-01-02 15:46:00,4.079259921617135
2025-01-02 15:46:01,3.982402715963804
2025-01-02 15:46:02,4.016857199254881
2025-01-02 15:46:03,
2025-01-02 15:46:04,3.64530050960465
2025-01-02 15:46:05,3.752596419340397
2025-01-02 15:46:06,3.3875859086019835
2025-01-02 15:46:07,4.250484921027018
2025-01-02 15:46:08,4.189298471611437
2025-01-02 15:46:09,3.7317909730932746
2025-01-02 15:46:10,3.7520423963182554
2025-01-02 15:46:11,4.224811651822994
2025-01-02 15:46:12,3.733182714975093
2025-01-02 15:46:13,4.010991026010985
2025-01-02 15:46:14,3.4337748209504886
2025-01-02 15:46:15,3.9355094378654454
2025-01-02 15:46:16,3.7543575296792087
2025-01-02 15:46:17,4.177760544298858
2025-01-02 15:46:18,4.015957787915812
2025-01-02 15:46:19,4.093386581346694
2025-01-02 15:46:20,3.3081515199437526
2025-01-02 15:46:21,3.7536838354899573
2025-01-02 15:46:22,4.163164563663545
2025-01-02 15:46:23,3.1841127413978247
2025-01-02 15:46:24,4.208332452179337
2025-01-02 15:46:25,3.951502245109223
2025-01-02 15:46:26,4.289782327519825
2025-01-02 15:46:27,4.243300544070616
2025-01-02 15:46:28,3.796931842880448
2025-01-02 15:46:29,3.821288328952517
2025-01-02 15:46:30,3.8761497833351775
2025-01-02 15:46:31,4.055956359962644
2025-01-02 15:46:32,4.008521733511308
2025-01-02 15:46:33,3.8329395383022313
2025-01-02 15:46:34,3.3881382760670706
2025-01-02 15:46:35,3.524114428893151
2025-01-02 15:46:36,3.884315838723585
2025-01-02 15:46:37,3.3105380707242924
2025-01-02 15:46:38,3.676658778834261
2025-01-02 15:46:39,4.101427795141092
2025-01-02 15:46:40,3.993006038288708
2025-01-02 15:46:41,3.2126605557810635
2025-01-02 15:46:42,3.6720675216136653
2025-01-02 15:46:43,3.5191158749488376
2025-01-02 15:46:44,3.7232138243104402
2025-01-02 15:46:45,4.259043025054216
2025-01-02 15:46:46,3.2732932201645166
2025-01-02 15:46:47,3.280895095329704
2025-01-02 15:46:48,3.386213666358059
2025-01-02 15:46:49,3.732113485449963
2025-01-02 15:46:50,3.5720151733070824
2025-01-02 15:46:51,3.9655868035734505
2025-01-02 15:46:52,3.4836899289312413
2025-01-02 15:46:53,3.745479381340424
2025-01-02 15:46:54,3.746990268000418
2025-01-02 15:46:55,3.7115552203609954
2025-01-02 15:46:56,4.304783401369809
2025-01-02 15:46:57,4.208932385832074
2025-01-02 15:46:58,3.745131919446198
2025-01-02 15:46:59,3.4765630227777335
2025-01-02 15:47:00,3.8715826215073226
2025-01-02 15:47:01,3.8755877677791886
2025-01-02 15:47:02,3.7948484052612868
2025-01-02 15:47:03,3.989469776446333
2025-01-02 15:47:04,3.388744988331795
2025-01-02 15:47:05,4.319007813845953
2025-01-02 15:47:06,4.0494060398669
2025-01-02 15:47:07,3.444893722006053
2025-01-02 15:47:08,3.7987445202214225
2025-01-02 15:47:09,3.4181715161337163
2025-01-02 15:47:10,3.7703049855396635
2025-01-02 15:47:11,3.68166588177938
2025-01-02 15:47:12,3.4855041074131883
2025-01-02 15:47:13,3.6377284009981365
2025-01-02 15:47:14,3.951248949252876
2025-01-02 15:47:15,3.71434193292247
2025-01-02 15:47:16,3.591947685499055
2025-01-02 15:47:17,3.7385367136069174
2025-01-02 15:47:18,3.9443526217874076
2025-01-02 15:47:19,3.911479636839074
2025-01-02 15:47:20,3.6385766794990313
2025-01-02 15:47:21,3.9351757815131
2025-01-02 15:47:22,3.8701157151181738
2025-01-02 15:47:23,3.5117081607163585
2025-01-02 15:47:24,3.5404805828422488
2025-01-02 15:47:25,4.001853091495788
2025-01-02 15:47:26,3.657263108957206
2025-01-02 15:47:27,3.5849440083184803
2025-01-02 15:47:28,3.277219435141306
2025-01-02 15:47:29,3.4776955631031954
2025-01-02 15:47:30,3.697649437593875
2025-01-02 15:47:31,3.704056721227362
2025-01-02 15:47:32,4.209925647796455
2025-01-02 15:47:33,3.363752492172191
2025-01-02 15:47:34,4.489459206378025
2025-01-02 15:47:35,4.080988463838869
2025-01-02 15:47:36,4.163962366224055
2025-01-02 15:47:37,4.008283135638645
2025-01-02 15:47:38,3.8056129641007264
2025-01-02 15:47:39,3.355759632440685
2025-01-02 15:47:40,4.066562512163961
2025-01-02 15:47:41,3.3073506477474544
2025-01-02 15:47:42,3.8322007101875135
2025-01-02 15:47:43,4.111028896494613
2025-01-02 15:47:44,3.1396800211361215
2025-01-02 15:47:45,3.2533015196046082
2025-01-02 15:47:46,3.9002243440912463
2025-01-02 15:47:47,3.719465113103862
2025-01-02 15:47:48,4.191209528549981
2025-01-02 15:47:49,3.9380237239453635
2025-01-02 15:47:50,3.412585779365094
2025-01-02 15:47:51,
2025-01-02 15:47:52,3.832329292493454
2025-01-02 15:47:53,4.086238531474482
2025-01-02 15:47:54,4.00690607105711
2025-01-02 15:47:55,4.007098752800665
2025-01-02 15:47:56,3.3902163950227466
2025-01-02 15:47:57,3.366673660180611
2025-01-02 15:47:58,4.064064365144984
2025-01-02 15:47:59,3.740695916675491
2025-01-02 15:48:00,4.371308667106368
2025-01-02 15:48:01,
2025-01-02 15:48:02,3.5474298676733644
2025-01-02 15:48:03,3.3226228713459744
2025-01-02 15:48:04,3.567450277688041
2025-01-02 15:48:05,3.1048425752690396
2025-01-02 15:48:06,3.6654985080185223
2025-01-02 15:48:07,3.500867161171096
2025-01-02 15:48:08,4.448875539673239
2025-01-02 15:48:09,3.736936638708287
2025-01-02 15:48:10,3.358825745746716
2025-01-02 15:48:11,3.7167689482659982
2025-01-02 15:48:12,3.5281808258800145
2025-01-02 15:48:13,3.68009668155387
2025-01-02 15:48:14,3.6721036582529596
2025-01-02 15:48:15,3.4887999508114076
2025-01-02 15:48:16,4.14557927377014
2025-01-02 15:48:17,3.9457011249610505
2025-01-02 15:48:18,3.912728584293765
2025-01-02 15:48:19,4.0609859377839665
2025-01-02 15:48:20,3.771962160096556
2025-01-02 15:48:21,4.0049283834804354
2025-01-02 15:48:22,4.640610313786745
2025-01-02 15:48:23,3.869188525733981
2025-01-02 15:48:24,3.947319631593419
2025-01-02 15:48:25,3.5525665061607112
2025-01-02 15:48:26,4.04730820787563
2025-01-02 15:48:27,3.2469635840740727
2025-01-02 15:48:28,3.7957278291894063
2025-01-02 15:48:29,3.2922233315996086
2025-01-02 15:48:30,3.743042739176749
2025-01-02 15:48:31,3.743665187958142
2025-01-02 15:48:32,
2025-01-02 15:48:33,4.101210601708859
2025-01-02 15:48:34,3.8052979743699007
2025-01-02 15:48:35,4.202965195048696
2025-01-02 15:48:36,3.496798788613343
2025-01-02 15:48:37,4.081691352618768
2025-01-02 15:48:38,
2025-01-02 15:48:39,4.0939113460239716
2025-01-02 15:48:40,2.9836306614657175
2025-01-02 15:48:41,3.6641602588960023
2025-01-02 15:48:42,3.5246743990607277
2025-01-02 15:48:43,3.7672231199533193
2025-01-02 15:48:44,3.620419492850813
2025-01-02 15:48:45,3.4235575410767587
2025-01-02 15:48:46,3.9228526948758846
2025-01-02 15:48:47,4.536181416638245
2025-01-02 15:48:48,4.076664661172519
2025-01-02 15:48:49,3.9223354886884594
2025-01-02 15:48:50,4.043210014517145
2025-01-02 15:48:51,3.6327886039562305
2025-01-02 15:48:52,4.101753476691538
2025-01-02 15:48:53,3.7263426347261825
2025-01-02 15:48:54,3.5822317090736298
2025-01-02 15:48:55,3.6597967133327862
2025-01-02 15:48:56,3.4248611781973137
2025-01-02 15:48:57,3.865065635465655
2025-01-02 15:48:58,3.789735912601614
2025-01-02 15:48:59,4.097149554765126
2025-01-02 15:49:00,3.3418393939203765
2025-01-02 15:49:01,3.4054062763017585
2025-01-02 15:49:02,3.7578645152881385
2025-01-02 15:49:03,3.6753367282637543
2025-01-02 15:49:04,3.6478593256051495
2025-01-02 15:49:05,3.363231723793772
2025-01-02 15:49:06,4.277147506026989
2025-01-02 15:49:07,3.7911566816867897
2025-01-02 15:49:08,3.8838873129919818
2025-01-02 15:49:09,3.3643289460844965
2025-01-02 15:49:10,3.6924151754334313
2025-01-02 15:49:11,3.248202010712434
2025-01-02 15:49:12,3.3946532740019926
2025-01-02 15:49:13,3.5495368486435694
2025-01-02 15:49:14,4.032599387021907
2025-01-02 15:49:15,4.054554112657567
2025-01-02 15:49:16,3.770895656777649
2025-01-02 15:49:17,3.895994424462827
2025-01-02 15:49:18,4.759249108743564
2025-01-02 15:49:19,3.88935561149397
2025-01-02 15:49:20,3.520269269126847
2025-01-02 15:49:21,4.19909783113337
2025-01-02 15:49:22,3.6585109296244327
2025-01-02 15:49:23,3.5073140964748264
2025-01-02 15:49:24,3.9492184228461773
2025-01-02 15:49:25,4.139710813086095
2025-01-02 15:49:26,3.8725963679076814
2025-01-02 15:49:27,3.704976977465889
2025-01-02 15:49:28,3.3731563111439957
2025-01-02 15:49:29,3.5754193713804554
2025-01-02 15:49:30,3.128411282496103
2025-01-02 15:49:31,4.066796810623157
2025-01-02 15:49:32,3.914396056987613
2025-01-02 15:49:33,3.9969753631585356
2025-01-02 15:49:34,3.5346549271569754
2025-01-02 15:49:35,4.292824420133692
2025-01-02 15:49:36,3.471147740501231
2025-01-02 15:49:37,3.4692797882779614
2025-01-02 15:49:38,4.164115014745819
2025-01-02 15:49:39,3.8276279568986484
2025-01-02 15:49:40,4.198797570789227
2025-01-02 15:49:41,3.2757956512529853
2025-01-02 15:49:42,3.8833740077071712
2025-01-02 15:49:43,3.5255277158028204
2025-01-02 15:49:44,3.9462544062382103
2025-01-02 15:49:45,3.8071890734700644
2025-01-02 15:49:46,4.015717409295982
2025-01-02 15:49:47,3.743087935126397
2025-01-02 15:49:48,3.7745882048328565
2025-01-02 15:49:49,
2025-01-02 15:49:50,3.486148477584721
2025-01-02 15:49:51,3.545959488826753
2025-01-02 15:49:52,
2025-01-02 15:49:53,3.426598970660171
2025-01-02 15:49:54,4.200621945500498
2025-01-02 15:49:55,3.997068868846487
2025-01-02 15:49:56,3.996532274043217
2025-01-02 15:49:57,4.275207898678691
2025-01-02 15:49:58,3.738061951483975
2025-01-02 15:49:59,4.169594631237185
2025-01-02 15:50:00,3.8027995431747534
2025-01-02 15:50:01,3.75101729978899
2025-01-02 15:50:02,3.546720879276315
2025-01-02 15:50:03,3.983406892095765
2025-01-02 15:50:04,3.8025884080101284
2025-01-02 15:50:05,4.044443849657225
2025-01-02 15:50:06,3.6846780167967754
2025-01-02 15:50:07,3.9040868413032013
2025-01-02 15:50:08,3.6448535431584532
2025-01-02 15:50:09,3.534224422285294
2025-01-02 15:50:10,3.94651375115915
2025-01-02 15:50:11,3.4987236202588345
2025-01-02 15:50:12,3.849346876010365
2025-01-02 15:50:13,4.117741369343401
2025-01-02 15:50:14,4.155528967828952
2025-01-02 15:50:15,4.323095981729477
2025-01-02 15:50:16,3.7846634837163653
2025-01-02 15:50:17,3.822405154165884
2025-01-02 15:50:18,3.818834079212998
2025-01-02 15:50:19,4.201212119002687
2025-01-02 15:50:20,4.071948092771804
2025-01-02 15:50:21,3.2620816821236382
2025-01-02 15:50:22,3.520334464294605
2025-01-02 15:50:23,3.543280381693522
2025-01-02 15:50:24,3.358593567308043
2025-01-02 15:50:25,3.328206338908817
2025-01-02 15:50:26,3.2969560193318004
2025-01-02 15:50:27,4.100139939827132
2025-01-02 15:50:28,3.927335690504876
2025-01-02 15:50:29,4.041762481392258
2025-01-02 15:50:30,3.442492826698043
2025-01-02 15:50:31,3.644605888495409
2025-01-02 15:50:32,3.7205535428677527
2025-01-02 15:50:33,3.7196722859138203
2025-01-02 15:50:34,3.8270611008622506
2025-01-02 15:50:35,3.538132186179471
2025-01-02 15:50:36,3.4350530897652316
2025-01-02 15:50:37,3.95860769438643
2025-01-02 15:50:38,3.5236109322116937
2025-01-02 15:50:39,3.8641584869674244
2025-01-02 15:50:40,3.6547764402342846
2025-01-02 15:50:41,4.419604929859202
2025-01-02 15:50:42,3.7572657662943403
2025-01-02 15:50:43,3.484678984693285
2025-01-02 15:50:44,3.8893239749341455
2025-01-02 15:50:45,4.031782837463882
2025-01-02 15:50:46,4.021332776939473
2025-01-02 15:50:47,4.1921925573900065
2025-01-02 15:50:48,3.967881688628293
2025-01-02 15:50:49,3.7406925255950187
2025-01-02 15:50:50,3.528652845070468
2025-01-02 15:50:51,3.5282077741507387
2025-01-02 15:50:52,3.304506659147089
2025-01-02 15:50:53,3.3561016976112854
2025-01-02 15:50:54,3.4253529816716277
2025-01-02 15:50:55,4.179547961431331
2025-01-02 15:50:56,3.4313873738135507
2025-01-02 15:50:57,3.250346980315849
2025-01-02 15:50:58,3.7886463114556213
2025-01-02 15:50:59,3.99488005450315
2025-01-02 15:51:00,4.2023889955320985
2025-01-02 15:51:01,3.995977598282917
2025-01-02 15:51:02,3.5743602221426265
2025-01-02 15:51:03,3.35278484484988
2025-01-02 15:51:04,3.416345638084191
2025-01-02 15:51:05,4.444879710098314
2025-01-02 15:51:06,3.469694386540747
2025-01-02 15:51:07,3.694776595000842
2025-01-02 15:51:08,3.9380102404176025
2025-01-02 15:51:09,3.3728024300109825
2025-01-02 15:51:10,3.3821071721679226
2025-01-02 15:51:11,3.4918129403284732
2025-01-02 15:51:12,3.2379212321391315
2025-01-02 15:51:13,3.3545514092356044
2025-01-02 15:51:14,4.208628022657758
2025-01-02 15:51:15,3.564864011522262
2025-01-02 15:51:16,3.2385265937428267
2025-01-02 15:51:17,4.16781943875236
2025-01-02 15:51:18,3.9825523811541026
2025-01-02 15:51:19,3.736192720188781
2025-01-02 15:51:20,3.609513516314437
2025-01-02 15:51:21,4.121801242122393
2025-01-02 15:51:22,3.563817456330061
2025-01-02 15:51:23,3.4099999623736204
2025-01-02 15:51:24,3.608810591182503
2025-01-02 15:51:25,3.8255337773743197
2025-01-02 15:51:26,3.7081111029978953
2025-01-02 15:51:27,3.9125377802555104
2025-01-02 15:51:28,4.25057540091918
2025-01-02 15:51:29,3.4252496586489922
2025-01-02 15:51:30,3.9818134008320096
2025-01-02 15:51:31,3.4426742936368124
2025-01-02 15:51:32,3.992124808670715
2025-01-02 15:51:33,4.487309714079551
2025-01-02 15:51:34,4.250655543940927
2025-01-02 15:51:35,3.958072555781655
2025-01-02 15:51:36,3.3830599025919446
2025-01-02 15:51:37,3.4923581824923056
2025-01-02 15:51:38,3.6899671645908603
2025-01-02 15:51:39,3.8555621508947757
2025-01-02 15:51:40,4.215771444309732
2025-01-02 15:51:41,3.575001077037561
2025-01-02 15:51:42,3.6032899348810092
2025-01-02 15:51:43,3.486045048375571
2025-01-02 15:51:44,3.939982770419291
2025-01-02 15:51:45,3.707096027692127
2025-01-02 15:51:46,3.728504106246864
2025-01-02 15:51:47,3.650090768580173
2025-01-02 15:51:48,3.439049114493219
2025-01-02 15:51:49,3.5149962242798196
2025-01-02 15:51:50,3.757808332064325
2025-01-02 15:51:51,3.4723159680993523
2025-01-02 15:51:52,3.5431556251423566
2025-01-02 15:51:53,3.7950096198626455
2025-01-02 15:51:54,3.500429543703848
2025-01-02 15:51:55,4.1435125425084935
2025-01-02 15:51:56,3.290238690145468
2025-01-02 15:51:57,3.6855913133612703
2025-01-02 15:51:58,3.8014194653149707
2025-01-02 15:51:59,3.239008015879325
2025-01-02 15:52:00,3.6955047565663097
2025-01-02 15:52:01,3.606460622024746
2025-01-02 15:52:02,4.375641886953103
2025-01-02 15:52:03,3.9444763152636564
2025-01-02 15:52:04,3.6953127115331923
2025-01-02 15:52:05,3.6295051335630437
2025-01-02 15:52:06,4.043246591357766
2025-01-02 15:52:07,3.772107908289512
2025-01-02 15:52:08,3.921764442349554
2025-01-02 15:52:09,3.8511025436601494
2025-01-02 15:52:10,3.356375991192778
2025-01-02 15:52:11,3.6883837442283234
2025-01-02 15:52:12,3.7626919980740876
2025-01-02 15:52:13,3.5258181279982828
2025-01-02 15:52:14,4.110836675735516
2025-01-02 15:52:15,3.428975969089037
2025-01-02 15:52:16,3.491879219348516
2025-01-02 15:52:17,3.9572690485132274
2025-01-02 15:52:18,3.9991097123468555
2025-01-02 15:52:19,3.5822888775674366
2025-01-02 15:52:20,3.7261904922634628
2025-01-02 15:52:21,3.945675278411908
2025-01-02 15:52:22,3.548691687172655
2025-01-02 15:52:23,3.1820775953609477
2025-01-02 15:52:24,3.724667901587342
2025-01-02 15:52:25,3.544910306364605
2025-01-02 15:52:26,3.558989776166552
2025-01-02 15:52:27,
2025-01-02 15:52:28,3.7185493134669665
2025-01-02 15:52:29,3.845737793644319
2025-01-02 15:52:30,3.576894802808587
2025-01-02 15:52:31,3.676398157527355
2025-01-02 15:52:32,3.7866069449546385
2025-01-02 15:52:33,3.304314479473256
2025-01-02 15:52:34,3.1642065160244064
2025-01-02 15:52:35,4.065094656878631
2025-01-02 15:52:36,3.512602857113283
2025-01-02 15:52:37,2.9366902872739757
2025-01-02 15:52:38,4.079553615981237
2025-01-02 15:52:39,3.6918717369738343
2025-01-02 15:52:40,3.429038735664605
2025-01-02 15:52:41,3.941334212372975
2025-01-02 15:52:42,3.3498733948197246
2025-01-02 15:52:43,3.6722950714058005
2025-01-02 15:52:44,4.052398467933933
2025-01-02 15:52:45,3.6834025606350758
2025-01-02 15:52:46,4.087845464793876
2025-01-02 15:52:47,3.4241109482985372
2025-01-02 15:52:48,3.9363239009823405
2025-01-02 15:52:49,3.664839108683703
2025-01-02 15:52:50,3.334552544070875
2025-01-02 15:52:51,3.585782055533489
2025-01-02 15:52:52,3.5897965871216604
2025-01-02 15:52:53,3.742612850167773
2025-01-02 15:52:54,3.12039338350655
2025-01-02 15:52:55,3.916540341305909
2025-01-02 15:52:56,4.228542203808138
2025-01-02 15:52:57,4.387736328487949
2025-01-02 15:52:58,3.5860919873188646
2025-01-02 15:52:59,
2025-01-02 15:53:00,4.103167299755457
2025-01-02 15:53:01,3.2177001411204986
2025-01-02 15:53:02,3.5875859933890104
2025-01-02 15:53:03,3.4517787364019
2025-01-02 15:53:04,3.4583167107607555
2025-01-02 15:53:05,3.626901946134977
2025-01-02 15:53:06,3.5066075990023795
2025-01-02 15:53:07,3.7576012723038206
2025-01-02 15:53:08,3.50949867575528
2025-01-02 15:53:09,3.975224272497176
2025-01-02 15:53:10,3.898135656681296
2025-01-02 15:53:11,3.4903146642461085
2025-01-02 15:53:12,3.222579420237692
2025-01-02 15:53:13,3.6087738254384383
2025-01-02 15:53:14,3.4506200947783223
2025-01-02 15:53:15,3.5890553073696942
2025-01-02 15:53:16,3.9504025942236756
2025-01-02 15:53:17,3.212313084804282
2025-01-02 15:53:18,3.723390467575178
2025-01-02 15:53:19,4.456864408668698
2025-01-02 15:53:20,3.521824477101906
2025-01-02 15:53:21,3.131807130187047
2025-01-02 15:53:22,3.891184185060243
2025-01-02 15:53:23,3.4594555718074806
2025-01-02 15:53:24,3.590571268611701
2025-01-02 15:53:25,4.199453226030441
2025-01-02 15:53:26,2.9655173038768754
2025-01-02 15:53:27,3.2824026197914375
2025-01-02 15:53:28,4.108183044499349
2025-01-02 15:53:29,3.4537152468512122
2025-01-02 15:53:30,3.685014335846492
2025-01-02 15:53:31,3.3480335386966233
2025-01-02 15:53:32,3.558796749286462
2025-01-02 15:53:33,4.047586919999639
2025-01-02 15:53:34,3.7454945949378127
2025-01-02 15:53:35,3.4187357535725384
2025-01-02 15:53:36,4.050623846687847
2025-01-02 15:53:37,4.002052555442253
2025-01-02 15:53:38,3.9938161241705075
2025-01-02 15:53:39,3.850550806874785
2025-01-02 15:53:40,3.7926964841181356
2025-01-02 15:53:41,4.03092462275031
2025-01-02 15:53:42,3.3977620715498533
2025-01-02 15:53:43,3.914398150411572
2025-01-02 15:53:44,3.7148315773421836
2025-01-02 15:53:45,3.4767134036056024
2025-01-02 15:53:46,3.6941225217844464
2025-01-02 15:53:47,3.060885694923206
2025-01-02 15:53:48,3.4865883606384434
2025-01-02 15:53:49,4.223959539627401
2025-01-02 15:53:50,
2025-01-02 15:53:51,3.6718712819639174
2025-01-02 15:53:52,3.5602416595454933
2025-01-02 15:53:53,3.2427227382320085
2025-01-02 15:53:54,3.4757237287597453
2025-01-02 15:53:55,3.7914357845082405
2025-01-02 15:53:56,3.6169283717069702
2025-01-02 15:53:57,
2025-01-02 15:53:58,3.680244731421448
2025-01-02 15:53:59,3.825336149127573
2025-01-02 15:54:00,3.9889985517997015
2025-01-02 15:54:01,3.406006897502382
2025-01-02 15:54:02,3.8575574371084835
2025-01-02 15:54:03,3.457677185832852
2025-01-02 15:54:04,3.682334477505772
2025-01-02 15:54:05,3.7542126992039986
2025-01-02 15:54:06,3.420940611917945
2025-01-02 15:54:07,3.387237500079184
2025-01-02 15:54:08,2.9720975179979487
2025-01-02 15:54:09,4.129519242195074
2025-01-02 15:54:10,3.3163903418014677
2025-01-02 15:54:11,3.9940435696356853
2025-01-02 15:54:12,3.670939371043981
2025-01-02 15:54:13,4.212360883665488
2025-01-02 15:54:14,3.4129760014477615
2025-01-02 15:54:15,3.529048532084655
2025-01-02 15:54:16,4.085201213534543
2025-01-02 15:54:17,3.6540865815875243
2025-01-02 15:54:18,3.500694118968013
2025-01-02 15:54:19,3.5282729738501346
2025-01-02 15:54:20,3.7157058658571
2025-01-02 15:54:21,3.4240263614377264
2025-01-02 15:54:22,3.0763526776473893
2025-01-02 15:54:23,3.6627249968646662
2025-01-02 15:54:24,2.968011986892517
2025-01-02 15:54:25,3.9193247829802713
2025-01-02 15:54:26,3.202784157238185
2025-01-02 15:54:27,3.763155524262075
2025-01-02 15:54:28,3.9646603468984996
2025-01-02 15:54:29,3.5715433862112147
2025-01-02 15:54:30,4.317399711829499
2025-01-02 15:54:31,4.072798484175746
2025-01-02 15:54:32,3.8702845412744447
2025-01-02 15:54:33,3.66778806762531
2025-01-02 15:54:34,3.620298970474814
2025-01-02 15:54:35,3.8762081761065885
2025-01-02 15:54:36,3.5926829377352165
2025-01-02 15:54:37,3.3515242527581464
2025-01-02 15:54:38,3.7999892297269837
2025-01-02 15:54:39,3.810367262012294
2025-01-02 15:54:40,3.233724483705563
2025-01-02 15:54:41,3.352465840303105
2025-01-02 15:54:42,3.313712348243701
2025-01-02 15:54:43,3.813071524560486
2025-01-02 15:54:44,3.866284823516053
2025-01-02 15:54:45,3.3137462891735825
2025-01-02 15:54:46,3.615630978379553
2025-01-02 15:54:47,3.4594965576874768
2025-01-02 15:54:48,3.4903857493965513
2025-01-02 15:54:49,3.3401171824245646
2025-01-02 15:54:50,3.6373180402909595
2025-01-02 15:54:51,3.2587390982309903
2025-01-02 15:54:52,4.031901855371886
2025-01-02 15:54:53,3.5345777262024116
2025-01-02 15:54:54,4.210636824358636
2025-01-02 15:54:55,3.413395107168903
2025-01-02 15:54:56,3.2947156399837265
2025-01-02 15:54:57,3.8895536805728335
2025-01-02 15:54:58,3.6438757375252253
2025-01-02 15:54:59,3.6928182979020803
2025-01-02 15:55:00,3.488239476436179
2025-01-02 15:55:01,3.751547496235076
2025-01-02 15:55:02,4.272509976825132
2025-01-02 15:55:03,3.572103118077072
2025-01-02 15:55:04,3.341711079902585
2025-01-02 15:55:05,3.30568144143432
2025-01-02 15:55:06,2.9823116397615252
2025-01-02 15:55:07,3.577155265821674
2025-01-02 15:55:08,3.4924596593240445
2025-01-02 15:55:09,3.637645939596256
2025-01-02 15:55:10,3.7558084015004645
2025-01-02 15:55:11,4.203900273652935
2025-01-02 15:55:12,3.3707647114056014
2025-01-02 15:55:13,3.4591684202029973
2025-01-02 15:55:14,3.307569926842026
2025-01-02 15:55:15,3.7508351251810663
2025-01-02 15:55:16,4.107956758872071
2025-01-02 15:55:17,4.33316509372768
2025-01-02 15:55:18,3.692747675372015
2025-01-02 15:55:19,4.302436584894206
2025-01-02 15:55:20,3.642866482616731
2025-01-02 15:55:21,4.1593275030504016
2025-01-02 15:55:22,3.5050715595698123
2025-01-02 15:55:23,3.208526805714895
2025-01-02 15:55:24,3.2927351224934007
2025-01-02 15:55:25,3.534137777797932
2025-01-02 15:55:26,3.6922282299650533
2025-01-02 15:55:27,2.87614984478371
2025-01-02 15:55:28,3.740214788781564
2025-01-02 15:55:29,3.463768348402993
2025-01-02 15:55:30,
2025-01-02 15:55:31,3.812624776670547
2025-01-02 15:55:32,3.694961554845971
2025-01-02 15:55:33,3.6766179034729234
2025-01-02 15:55:34,3.6538328393127313
2025-01-02 15:55:35,3.3275646265974594
2025-01-02 15:55:36,3.325256268022591
2025-01-02 15:55:37,3.230757532500506
2025-01-02 15:55:38,3.8644733438678176
2025-01-02 15:55:39,4.1139267591297335
2025-01-02 15:55:40,3.703274324903405
2025-01-02 15:55:41,2.968699666095541
2025-01-02 15:55:42,3.960974083957335
2025-01-02 15:55:43,3.9720786358993667
2025-01-02 15:55:44,3.484610854346566
2025-01-02 15:55:45,3.4056846174444306
2025-01-02 15:55:46,3.7701538807134893
2025-01-02 15:55:47,3.6628397702266016
2025-01-02 15:55:48,3.134233535927442
2025-01-02 15:55:49,3.7710472280569998
2025-01-02 15:55:50,3.534311328899344
2025-01-02 15:55:51,3.8354563433467
2025-01-02 15:55:52,3.987875353853178
2025-01-02 15:55:53,3.2213457935926897
2025-01-02 15:55:54,3.4896528962816804
2025-01-02 15:55:55,3.450297137914363
2025-01-02 15:55:56,3.5842169553671486
2025-01-02 15:55:57,3.8651126260797133
2025-01-02 15:55:58,3.641474499494606
2025-01-02 15:55:59,3.9707016691594994
2025-01-02 15:56:00,4.017253048353736
2025-01-02 15:56:01,3.76167771556861
2025-01-02 15:56:02,3.1879627727174578
2025-01-02 15:56:03,3.381957951901832
2025-01-02 15:56:04,3.5983367261880344
2025-01-02 15:56:05,3.7230400461857385
2025-01-02 15:56:06,
2025-01-02 15:56:07,3.298153545298425
2025-01-02 15:56:08,3.884770625151597
2025-01-02 15:56:09,
2025-01-02 15:56:10,3.5684076916407683
2025-01-02 15:56:11,3.31211239652134
2025-01-02 15:56:12,3.5253051172683123
2025-01-02 15:56:13,4.1682149833682045
2025-01-02 15:56:14,4.045390823996527
2025-01-02 15:56:15,4.105285709249681
2025-01-02 15:56:16,3.416476012961455
2025-01-02 15:56:17,3.353734513288388
2025-01-02 15:56:18,3.2270278970686523
2025-01-02 15:56:19,4.076983378526789
2025-01-02 15:56:20,3.152302048214962
2025-01-02 15:56:21,3.1048875904126785
2025-01-02 15:56:22,3.7254762785338587
2025-01-02 15:56:23,4.021000444781036
2025-01-02 15:56:24,3.804943312576428
2025-01-02 15:56:25,3.4823172547150367
2025-01-02 15:56:26,3.716052083402827
2025-01-02 15:56:27,3.6986132085774406
2025-01-02 15:56:28,3.706801721894212
2025-01-02 15:56:29,3.797708477055185
2025-01-02 15:56:30,3.5568282547792003
2025-01-02 15:56:31,3.6446750057261306
2025-01-02 15:56:32,3.506681572397555
2025-01-02 15:56:33,3.9625826240229505
2025-01-02 15:56:34,3.5421171983446813
2025-01-02 15:56:35,4.005159417664363
2025-01-02 15:56:36,3.9303312376883333
2025-01-02 15:56:37,3.7216179190928234
2025-01-02 15:56:38,3.6761392477386394
2025-01-02 15:56:39,
2025-01-02 15:56:40,3.177855749748219
2025-01-02 15:56:41,3.7086511575682883
2025-01-02 15:56:42,3.6604544091556166
2025-01-02 15:56:43,3.705044733347575
2025-01-02 15:56:44,3.668189780218796
2025-01-02 15:56:45,3.922974272984754
2025-01-02 15:56:46,2.9467941939665714
2025-01-02 15:56:47,3.661463268698495
2025-01-02 15:56:48,4.210916914426281
2025-01-02 15:56:49,3.4911655764478855
2025-01-02 15:56:50,3.43384107516283
2025-01-02 15:56:51,
2025-01-02 15:56:52,3.718154561262616
2025-01-02 15:56:53,3.69306439649178
2025-01-02 15:56:54,
2025-01-02 15:56:55,3.4717985060958934
2025-01-02 15:56:56,3.732975065212082
2025-01-02 15:56:57,3.8126257947925177
2025-01-02 15:56:58,3.870818419300082
2025-01-02 15:56:59,3.202115361221518
2025-01-02 15:57:00,3.1584299975532955
2025-01-02 15:57:01,3.4020171101734125
2025-01-02 15:57:02,3.683266362710586
2025-01-02 15:57:03,4.161853600566909
2025-01-02 15:57:04,3.1366568169501523
2025-01-02 15:57:05,3.220769325363613
2025-01-02 15:57:06,3.159020330719274
2025-01-02 15:57:07,3.3189252929765987
2025-01-02 15:57:08,3.479226606412431
2025-01-02 15:57:09,3.4753794624041445
2025-01-02 15:57:10,4.304712219424502
2025-01-02 15:57:11,3.195889518070819
2025-01-02 15:57:12,3.0142654238146434
2025-01-02 15:57:13,3.2494709166714193
2025-01-02 15:57:14,4.099922271669331
2025-01-02 15:57:15,3.5775180080004336
2025-01-02 15:57:16,3.652272654838125
2025-01-02 15:57:17,3.623175531206069
2025-01-02 15:57:18,3.26703788382887
2025-01-02 15:57:19,3.799486606560441
2025-01-02 15:57:20,3.627622593748388
2025-01-02 15:57:21,3.9034988349360766
2025-01-02 15:57:22,3.7502350987395587
2025-01-02 15:57:23,3.385266125425013
2025-01-02 15:57:24,3.9551764547934942
2025-01-02 15:57:25,4.060859208132635
2025-01-02 15:57:26,3.5421901829594598
2025-01-02 15:57:27,3.5295133465691224
2025-01-02 15:57:28,3.5159078597859135
2025-01-02 15:57:29,3.722145300499428
2025-01-02 15:57:30,3.7541972485900383
2025-01-02 15:57:31,3.8483996164217875
2025-01-02 15:57:32,3.92982356552163
2025-01-02 15:57:33,3.739424360772338
2025-01-02 15:57:34,3.4904701226434107
2025-01-02 15:57:35,
2025-01-02 15:57:36,3.7439106777670537
2025-01-02 15:57:37,3.356871518177984
2025-01-02 15:57:38,3.4217845804947142
2025-01-02 15:57:39,3.4493255808717973
2025-01-02 15:57:40,4.037494625928421
2025-01-02 15:57:41,4.026916953897258
2025-01-02 15:57:42,3.8608824275727542
2025-01-02 15:57:43,3.7960119564042194
2025-01-02 15:57:44,3.0078573671829236
2025-01-02 15:57:45,3.5581986110595865
2025-01-02 15:57:46,3.511558561611756
2025-01-02 15:57:47,3.7054666591038745
2025-01-02 15:57:48,3.7608055966934266
2025-01-02 15:57:49,3.5127555873558567
2025-01-02 15:57:50,3.736829169239742
2025-01-02 15:57:51,2.653691704632285
2025-01-02 15:57:52,3.649550531908332
2025-01-02 15:57:53,3.98010113020605
2025-01-02 15:57:54,3.7725524147055953
2025-01-02 15:57:55,2.8640985240185364
2025-01-02 15:57:56,3.785265440791645
2025-01-02 15:57:57,3.394045350930596
2025-01-02 15:57:58,3.7203009823817332
2025-01-02 15:57:59,3.195613464495974
2025-01-02 15:58:00,
2025-01-02 15:58:01,3.0502867831110905
2025-01-02 15:58:02,3.4737425043321117
2025-01-02 15:58:03,4.193522013307443
2025-01-02 15:58:04,3.0181973324354123
2025-01-02 15:58:05,3.4599278709255517
2025-01-02 15:58:06,3.711792169819615
2025-01-02 15:58:07,3.7542063148428726
2025-01-02 15:58:08,4.19913128661482
2025-01-02 15:58:09,3.5715469607088175
2025-01-02 15:58:10,3.531649761737453
2025-01-02 15:58:11,3.213473790600916
2025-01-02 15:58:12,3.2642745649221068
2025-01-02 15:58:13,3.2511450238663366
2025-01-02 15:58:14,3.4114043593805397
2025-01-02 15:58:15,4.132575693166932
2025-01-02 15:58:16,3.7024779728993713
2025-01-02 15:58:17,3.340297804254108
2025-01-02 15:58:18,3.356656262724356
2025-01-02 15:58:19,3.3626399168948677
2025-01-02 15:58:20,3.9090682951038764
2025-01-02 15:58:21,3.428935181892644
2025-01-02 15:58:22,3.564241843891248
2025-01-02 15:58:23,3.6360480129372985
2025-01-02 15:58:24,3.274944240916445
2025-01-02 15:58:25,3.2395988822552133
2025-01-02 15:58:26,3.524411124291025
2025-01-02 15:58:27,3.8478724927425607
2025-01-02 15:58:28,3.392610810774215
2025-01-02 15:58:29,3.9036782554737166
2025-01-02 15:58:30,3.4651920828726053
2025-01-02 15:58:31,3.5822162403720785
2025-01-02 15:58:32,4.031307975590679
2025-01-02 15:58:33,3.6156186638853955
2025-01-02 15:58:34,3.8307910654222264
2025-01-02 15:58:35,3.1501898608014107
2025-01-02 15:58:36,3.731836218529722
2025-01-02 15:58:37,3.0572179966332005
2025-01-02 15:58:38,4.028778193349999
2025-01-02 15:58:39,3.3591746799832425
2025-01-02 15:58:40,3.246245318438976
2025-01-02 15:58:41,3.897475515650915
2025-01-02 15:58:42,3.8301050749229417
2025-01-02 15:58:43,3.8986587703333226
2025-01-02 15:58:44,3.360795678041541
2025-01-02 15:58:45,3.791472570361504
2025-01-02 15:58:46,3.6217015474732377
2025-01-02 15:58:47,3.640214088894281
2025-01-02 15:58:48,3.06655969398001
2025-01-02 15:58:49,3.27918886603438
2025-01-02 15:58:50,3.7767087826240027
2025-01-02 15:58:51,3.757185157395025
2025-01-02 15:58:52,3.6695285325774307
2025-01-02 15:58:53,3.733031201887626
2025-01-02 15:58:54,3.517763173039922
2025-01-02 15:58:55,3.491297152207768
2025-01-02 15:58:56,3.8320195062244835
2025-01-02 15:58:57,3.7849345830835284
2025-01-02 15:58:58,3.3147940267765423
2025-01-02 15:58:59,3.7910513911834496
2025-01-02 15:59:00,3.8938107245427074
2025-01-02 15:59:01,3.1897126491314105
2025-01-02 15:59:02,3.9253377153798428
2025-01-02 15:59:03,3.7641678465514783
2025-01-02 15:59:04,3.4109625984211442
2025-01-02 15:59:05,3.708699321526607
2025-01-02 15:59:06,3.376154063208289
2025-01-02 15:59:07,3.554895094747436
2025-01-02 15:59:08,3.5132086789573083
2025-01-02 15:59:09,3.6734939112165375
2025-01-02 15:59:10,3.5539474840572436
2025-01-02 15:59:11,3.8739186349584194
2025-01-02 15:59:12,3.3319826582643595
2025-01-02 15:59:13,3.644369951866741
2025-01-02 15:59:14,4.17278578590425
2025-01-02 15:59:15,4.160232299704074
2025-01-02 15:59:16,3.904806945154349
2025-01-02 15:59:17,3.9591614773800545
2025-01-02 15:59:18,4.135676321862064
2025-01-02 15:59:19,3.378126551202506
2025-01-02 15:59:20,3.6042814288463876
2025-01-02 15:59:21,3.2732187836805333
2025-01-02 15:59:22,2.8016738049574426
2025-01-02 15:59:23,3.426135873103037
2025-01-02 15:59:24,3.50611774906506
2025-01-02 15:59:25,3.572318366434905
2025-01-02 15:59:26,3.9124663412283525
2025-01-02 15:59:27,3.5610141461856593
2025-01-02 15:59:28,3.8370798427512103
2025-01-02 15:59:29,3.6500038093886626
2025-01-02 15:59:30,3.3746556659579916
2025-01-02 15:59:31,3.242876376349475
2025-01-02 15:59:32,3.2652492550693664
2025-01-02 15:59:33,3.6418930918021455
2025-01-02 15:59:34,4.0119283222522055
2025-01-02 15:59:35,3.420992570270616
2025-01-02 15:59:36,3.2259608787705876
2025-01-02 15:59:37,3.752796589594065
2025-01-02 15:59:38,
2025-01-02 15:59:39,2.9828448047357634
2025-01-02 15:59:40,3.5509882062862173
2025-01-02 15:59:41,3.6179585552109472
2025-01-02 15:59:42,3.756734142482416
2025-01-02 15:59:43,3.522321369383381
2025-01-02 15:59:44,3.606855051356881
2025-01-02 15:59:45,3.5592002354540475
2025-01-02 15:59:46,3.7429276407037464
2025-01-02 15:59:47,3.535686015732594
2025-01-02 15:59:48,3.944255713526706
2025-01-02 15:59:49,3.423457176459113
2025-01-02 15:59:50,3.9488233527730268
2025-01-02 15:59:51,3.3753238511529307
2025-01-02 15:59:52,3.700961257135926
2025-01-02 15:59:53,3.4665440594074672
2025-01-02 15:59:54,3.4954097071234567
2025-01-02 15:59:55,3.909310193771142
2025-01-02 15:59:56,3.579410089387012
2025-01-02 15:59:57,3.404736228991767
2025-01-02 15:59:58,3.820601203337397
2025-01-02 15:59:59,3.134505057854148
2025-01-02 16:00:00,3.7194438216651786
2025-01-02 16:00:01,
2025-01-02 16:00:02,3.5101330186311923
2025-01-02 16:00:03,4.2997619195559125
2025-01-02 16:00:04,3.410812227535881
2025-01-02 16:00:05,3.4054193499840344
2025-01-02 16:00:06,3.4089029919170786
2025-01-02 16:00:07,3.5278879842068687
2025-01-02 16:00:08,3.6352230873731273
2025-01-02 16:00:09,3.6279996463938433
2025-01-02 16:00:10,3.547388806424146
2025-01-02 16:00:11,3.5119271952734197
2025-01-02 16:00:12,3.826129151636685
2025-01-02 16:00:13,3.8231182994154467
2025-01-02 16:00:14,3.5711637425560454
2025-01-02 16:00:15,3.2857124756561644
2025-01-02 16:00:16,3.8586427875924736
2025-01-02 16:00:17,3.5592536857726214
2025-01-02 16:00:18,3.4450974908649727
2025-01-02 16:00:19,3.01935454079619
2025-01-02 16:00:20,3.5711556830608377
2025-01-02 16:00:21,3.8783157673247914
2025-01-02 16:00:22,3.524114006865289
2025-01-02 16:00:23,3.6935282005225876
2025-01-02 16:00:24,3.2046690369046087
2025-01-02 16:00:25,4.146875060473088
2025-01-02 16:00:26,3.4725411431663313
2025-01-02 16:00:27,3.2429985465607736
2025-01-02 16:00:28,3.9145775317259557
2025-01-02 16:00:29,3.603698850046343
2025-01-02 16:00:30,3.647949309178006
2025-01-02 16:00:31,3.467182314542533
2025-01-02 16:00:32,3.25316670300948
2025-01-02 16:00:33,4.052636137338961
2025-01-02 16:00:34,3.2788165169752257
2025-01-02 16:00:35,3.977966476616947
2025-01-02 16:00:36,4.101867525653063
2025-01-02 16:00:37,3.416865193234818
2025-01-02 16:00:38,3.7929381452923345
2025-01-02 16:00:39,3.484128268248539
2025-01-02 16:00:40,3.754870749009546
2025-01-02 16:00:41,3.946013078674412
2025-01-02 16:00:42,3.6153732823074813
2025-01-02 16:00:43,3.6446462563101347
2025-01-02 16:00:44,3.4658985975402166
2025-01-02 16:00:45,3.3402965845362873
2025-01-02 16:00:46,3.563598998983801
2025-01-02 16:00:47,3.398096860599999
2025-01-02 16:00:48,3.67004787047651
2025-01-02 16:00:49,3.407688951068483
2025-01-02 16:00:50,3.582485359408023
2025-01-02 16:00:51,3.6535282852198963
2025-01-02 16:00:52,3.5695424644676805
2025-01-02 16:00:53,4.280419903449195
2025-01-02 16:00:54,3.199958237256848
2025-01-02 16:00:55,3.8469486701417197
2025-01-02 16:00:56,3.7774798108645755
2025-01-02 16:00:57,3.467011179283394
2025-01-02 16:00:58,3.462061958162718
2025-01-02 16:00:59,3.6142703008003156
2025-01-02 16:01:00,4.261813654968978
2025-01-02 16:01:01,3.4273280659761554
2025-01-02 16:01:02,3.7501387954384358
2025-01-02 16:01:03,3.7782148522666357
2025-01-02 16:01:04,3.7074362839045754
2025-01-02 16:01:05,
2025-01-02 16:01:06,3.656876308639658
2025-01-02 16:01:07,3.0440948576258484
2025-01-02 16:01:08,3.4033263044668596
2025-01-02 16:01:09,3.7231152338829965
2025-01-02 16:01:10,3.733232551252531
2025-01-02 16:01:11,3.578130201260655
2025-01-02 16:01:12,3.8931201613679285
2025-01-02 16:01:13,3.422516991893835
2025-01-02 16:01:14,3.419956280484911
2025-01-02 16:01:15,2.9600070262049214
2025-01-02 16:01:16,3.8247908145938396
2025-01-02 16:01:17,3.7073671366444128
2025-01-02 16:01:18,3.924199459822217
2025-01-02 16:01:19,3.714719228254646
2025-01-02 16:01:20,3.236870666714814
2025-01-02 16:01:21,3.564087802279871
2025-01-02 16:01:22,3.432702354959992
2025-01-02 16:01:23,4.068007558201494
2025-01-02 16:01:24,3.2794135912399645
2025-01-02 16:01:25,3.470423035539725
2025-01-02 16:01:26,3.3131908306227063
2025-01-02 16:01:27,3.391740977692014
2025-01-02 16:01:28,3.5575215720267144
2025-01-02 16:01:29,3.3451978437451153
2025-01-02 16:01:30,3.6757267506998983
2025-01-02 16:01:31,2.8479119604365106
2025-01-02 16:01:32,3.2248434806431576
2025-01-02 16:01:33,4.100371396577577
2025-01-02 16:01:34,3.4372712261154885
2025-01-02 16:01:35,3.3093409886190943
2025-01-02 16:01:36,3.8065137548821615
2025-01-02 16:01:37,3.4034465416202107
2025-01-02 16:01:38,3.2400379648813775
2025-01-02 16:01:39,3.7271500387712377
2025-01-02 16:01:40,3.6494236680081342
2025-01-02 16:01:41,3.6944197496624587
2025-01-02 16:01:42,3.2081257638588547
2025-01-02 16:01:43,3.5728220750306763
2025-01-02 16:01:44,3.7342538647854884
2025-01-02 16:01:45,3.556061417977959
2025-01-02 16:01:46,
2025-01-02 16:01:47,3.7418420357507194
2025-01-02 16:01:48,3.598844157480982
2025-01-02 16:01:49,3.383822121406526
2025-01-02 16:01:50,3.3971753722703895
2025-01-02 16:01:51,3.4742942086707256
2025-01-02 16:01:52,3.4708661410817725
2025-01-02 16:01:53,3.4008278168210904
2025-01-02 16:01:54,3.8265329033604276
2025-01-02 16:01:55,3.712700913196192
2025-01-02 16:01:56,3.2584233948498116
2025-01-02 16:01:57,3.5160539709330894
2025-01-02 16:01:58,4.025500883742918
2025-01-02 16:01:59,3.1879915879051897
2025-01-02 16:02:00,3.221674703360729
2025-01-02 16:02:01,3.3209609127018003
2025-01-02 16:02:02,3.308655988152162
2025-01-02 16:02:03,3.8544438757038932
2025-01-02 16:02:04,3.5914789427350176
2025-01-02 16:02:05,3.472405585010483
2025-01-02 16:02:06,3.686952495343959
2025-01-02 16:02:07,3.7209798910001353
2025-01-02 16:02:08,3.394384211406949
2025-01-02 16:02:09,3.8323346846705104
2025-01-02 16:02:10,3.622871286702689
2025-01-02 16:02:11,3.715448043300101
2025-01-02 16:02:12,4.043085570154133
2025-01-02 16:02:13,3.565632941821284
2025-01-02 16:02:14,3.3679383174707427
2025-01-02 16:02:15,3.505972930040138
2025-01-02 16:02:16,2.870511187117114
2025-01-02 16:02:17,3.9634606301539264
2025-01-02 16:02:18,3.818171354071952
2025-01-02 16:02:19,3.595915242949737
2025-01-02 16:02:20,3.073526734995128
2025-01-02 16:02:21,3.7890433941953883
2025-01-02 16:02:22,3.652839024108447
2025-01-02 16:02:23,3.3514185608229696
2025-01-02 16:02:24,3.287100598339396
2025-01-02 16:02:25,3.564343742103464
2025-01-02 16:02:26,3.7159037487319946
2025-01-02 16:02:27,3.550932846964545
2025-01-02 16:02:28,3.653791709786315
2025-01-02 16:02:29,3.14850438370606
2025-01-02 16:02:30,3.685434832907455
2025-01-02 16:02:31,3.4820024987748677
2025-01-02 16:02:32,3.5633730592595354
2025-01-02 16:02:33,4.136695465652106
2025-01-02 16:02:34,3.6999859646506867
2025-01-02 16:02:35,3.609994267412191
2025-01-02 16:02:36,3.5066197636334104
2025-01-02 16:02:37,3.037414459287709
2025-01-02 16:02:38,3.7178347722504563
2025-01-02 16:02:39,3.9132326256923693
2025-01-02 16:02:40,
2025-01-02 16:02:41,3.3497855870283213
2025-01-02 16:02:42,3.3762607432365264
2025-01-02 16:02:43,4.370405550689745
2025-01-02 16:02:44,3.1183592990190387
2025-01-02 16:02:45,3.642982478777226
2025-01-02 16:02:46,3.501399498989333
2025-01-02 16:02:47,3.6424533996821697
2025-01-02 16:02:48,3.553226543768266
2025-01-02 16:02:49,3.4651688356717636
2025-01-02 16:02:50,3.65026281508974
2025-01-02 16:02:51,3.7342728973578034
2025-01-02 16:02:52,3.344185041394514
2025-01-02 16:02:53,3.0344573478114327
2025-01-02 16:02:54,3.6441295100130597
2025-01-02 16:02:55,3.2907605264489304
2025-01-02 16:02:56,3.7032247745186764
2025-01-02 16:02:57,3.6501658496654894
2025-01-02 16:02:58,3.6076654158026837
2025-01-02 16:02:59,3.570976946863035
2025-01-02 16:03:00,3.6104497805086524
2025-01-02 16:03:01,3.1654318997949296
2025-01-02 16:03:02,3.336399365260241
2025-01-02 16:03:03,3.48115632596704
2025-01-02 16:03:04,3.802355679313475
2025-01-02 16:03:05,3.207152115060248
2025-01-02 16:03:06,4.046412245979757
2025-01-02 16:03:07,3.370420424932588
2025-01-02 16:03:08,3.4071391063293612
2025-01-02 16:03:09,3.264816363251282
2025-01-02 16:03:10,3.7887578886600486
2025-01-02 16:03:11,3.1338564709523014
2025-01-02 16:03:12,3.053694185470893
2025-01-02 16:03:13,3.3031918274291807
2025-01-02 16:03:14,3.460332305136296
2025-01-02 16:03:15,3.658649055881531
2025-01-02 16:03:16,3.142443934823657
2025-01-02 16:03:17,3.411970034451462
2025-01-02 16:03:18,3.0526633995007413
2025-01-02 16:03:19,3.4697565076529306
2025-01-02 16:03:20,3.634019265433445
2025-01-02 16:03:21,3.844803861528129
2025-01-02 16:03:22,3.735435708340559
2025-01-02 16:03:23,3.724612006351606
2025-01-02 16:03:24,3.3723475354850634
2025-01-02 16:03:25,3.852920969261575
2025-01-02 16:03:26,3.412897823208072
2025-01-02 16:03:27,3.27853687183101
2025-01-02 16:03:28,3.6377454045511124
2025-01-02 16:03:29,3.6826754531768455
2025-01-02 16:03:30,2.6969489479148137
2025-01-02 16:03:31,
2025-01-02 16:03:32,3.168705116900647
2025-01-02 16:03:33,3.0508789684324373
2025-01-02 16:03:34,3.239904629038908
2025-01-02 16:03:35,3.926104763945504
2025-01-02 16:03:36,2.9269207230628718
2025-01-02 16:03:37,3.7438674706468933
2025-01-02 16:03:38,3.720407803377134
2025-01-02 16:03:39,3.4189517895604613
2025-01-02 16:03:40,3.376017917581542
2025-01-02 16:03:41,3.3482366763173914
2025-01-02 16:03:42,3.5741927793070056
2025-01-02 16:03:43,3.2629365861728816
2025-01-02 16:03:44,3.958660343749216
2025-01-02 16:03:45,3.2359013021392102
2025-01-02 16:03:46,3.1315264694203937
2025-01-02 16:03:47,3.7494283529795784
2025-01-02 16:03:48,3.845226356124887
2025-01-02 16:03:49,3.3945666287060354
2025-01-02 16:03:50,3.433004339271446
2025-01-02 16:03:51,3.3152126518141136
2025-01-02 16:03:52,3.580175498210682
2025-01-02 16:03:53,3.320985076563972
2025-01-02 16:03:54,3.2474621144873694
2025-01-02 16:03:55,3.1057757626207363
2025-01-02 16:03:56,3.359781591541973
2025-01-02 16:03:57,2.9991488293287114
2025-01-02 16:03:58,3.941311519959145
2025-01-02 16:03:59,3.590929354756688
2025-01-02 16:04:00,3.78735579402572
2025-01-02 16:04:01,3.8441394114885545
2025-01-02 16:04:02,2.843280201962388
2025-01-02 16:04:03,3.1700891824461586
2025-01-02 16:04:04,3.673256232548522
2025-01-02 16:04:05,3.6412167042279244
2025-01-02 16:04:06,3.7902832627854712
2025-01-02 16:04:07,3.248038027107241
2025-01-02 16:04:08,
2025-01-02 16:04:09,3.524184620896572
2025-01-02 16:04:10,
2025-01-02 16:04:11,3.378516817773623
2025-01-02 16:04:12,3.4236098303222215
2025-01-02 16:04:13,3.5295768029618793
2025-01-02 16:04:14,3.3424419866233697
2025-01-02 16:04:15,3.1889113392789263
2025-01-02 16:04:16,3.4898223759141285
2025-01-02 16:04:17,3.1791015444609023
2025-01-02 16:04:18,3.316197499166311
2025-01-02 16:04:19,3.4874632325627704
2025-01-02 16:04:20,3.922166282121588
2025-01-02 16:04:21,3.7117951648471212
2025-01-02 16:04:22,3.5600517605621245
2025-01-02 16:04:23,
2025-01-02 16:04:24,3.7634891852216845
2025-01-02 16:04:25,3.849083671835414
2025-01-02 16:04:26,3.0884542552697307
2025-01-02 16:04:27,3.081550396255717
2025-01-02 16:04:28,3.702859160848412
2025-01-02 16:04:29,4.377494521850373
2025-01-02 16:04:30,3.290253535435235
2025-01-02 16:04:31,3.212167969600436
2025-01-02 16:04:32,3.321036259584786
2025-01-02 16:04:33,3.302606060951615
2025-01-02 16:04:34,3.7337308546540133
2025-01-02 16:04:35,2.9129837376008867
2025-01-02 16:04:36,
2025-01-02 16:04:37,2.9666408809399076
2025-01-02 16:04:38,3.3110768931415535
2025-01-02 16:04:39,2.7757324585371
2025-01-02 16:04:40,3.671377947742183
2025-01-02 16:04:41,3.2900296919507817
2025-01-02 16:04:42,3.4914217034741104
2025-01-02 16:04:43,3.5711181959474336
2025-01-02 16:04:44,3.875042106945446
2025-01-02 16:04:45,3.335420011896271
2025-01-02 16:04:46,3.3672004854819417
2025-01-02 16:04:47,4.188053919306845
2025-01-02 16:04:48,3.3720346401748795
2025-01-02 16:04:49,3.2379573074141574
2025-01-02 16:04:50,3.6124560963333834
2025-01-02 16:04:51,
2025-01-02 16:04:52,3.802924926321711
2025-01-02 16:04:53,3.528115282639261
2025-01-02 16:04:54,3.0572078002317298
2025-01-02 16:04:55,3.447327860884234
2025-01-02 16:04:56,3.219984603955543
2025-01-02 16:04:57,3.233624337785001
2025-01-02 16:04:58,3.3277939731013473
2025-01-02 16:04:59,3.373809491785763
2025-01-02 16:05:00,3.0513982681933256
2025-01-02 16:05:01,3.4549855637701445
2025-01-02 16:05:02,3.7859842098607106
2025-01-02 16:05:03,3.3186794322637247
2025-01-02 16:05:04,3.241251120027384
2025-01-02 16:05:05,3.4064189429388905
2025-01-02 16:05:06,3.4932574931632376
2025-01-02 16:05:07,3.048526230856892
2025-01-02 16:05:08,3.710677806885495
2025-01-02 16:05:09,3.4130632718712812
2025-01-02 16:05:10,4.004452065914036
2025-01-02 16:05:11,2.7585590604799326
2025-01-02 16:05:12,3.263608910286391
2025-01-02 16:05:13,3.327736292812907
2025-01-02 16:05:14,3.920264656554417
2025-01-02 16:05:15,3.3818050543361684
2025-01-02 16:05:16,3.6326860290557663
2025-01-02 16:05:17,3.845652514200233
2025-01-02 16:05:18,3.499855737490532
2025-01-02 16:05:19,2.5958152882965706
2025-01-02 16:05:20,3.35070020172086
2025-01-02 16:05:21,3.223132348511187
2025-01-02 16:05:22,4.014783850598693
2025-01-02 16:05:23,3.3800011806745514
2025-01-02 16:05:24,3.9776732757256568
2025-01-02 16:05:25,3.3780727314531287
2025-01-02 16:05:26,3.7054068499395614
2025-01-02 16:05:27,3.9254067142659768
2025-01-02 16:05:28,3.2155897159084086
2025-01-02 16:05:29,3.401086290868255
2025-01-02 16:05:30,3.6329034979437185
2025-01-02 16:05:31,3.6730078140413327
2025-01-02 16:05:32,3.496711887332621
2025-01-02 16:05:33,3.3600822011105707
2025-01-02 16:05:34,3.312048821022071
2025-01-02 16:05:35,3.47803218549636
2025-01-02 16:05:36,4.157058088708586
2025-01-02 16:05:37,4.082498446449177
2025-01-02 16:05:38,3.7519392754795065
2025-01-02 16:05:39,4.001730714431657
2025-01-02 16:05:40,3.13841344806543
2025-01-02 16:05:41,3.922585711960825
2025-01-02 16:05:42,3.8489682319978487
2025-01-02 16:05:43,3.6159022785601165
2025-01-02 16:05:44,3.4759643226847023
2025-01-02 16:05:45,3.0263507927196702
2025-01-02 16:05:46,3.7512738616701107
2025-01-02 16:05:47,3.8632662970702922
2025-01-02 16:05:48,3.6474840240315958
2025-01-02 16:05:49,3.4453758898676536
2025-01-02 16:05:50,3.404544709458465
2025-01-02 16:05:51,3.7123593652722318
2025-01-02 16:05:52,3.698331140306072
2025-01-02 16:05:53,2.943939246067565
2025-01-02 16:05:54,3.3218728900625027
2025-01-02 16:05:55,
2025-01-02 16:05:56,4.023734722322984
2025-01-02 16:05:57,3.4158404784160146
2025-01-02 16:05:58,2.920511614334707
2025-01-02 16:05:59,3.901957029473405
2025-01-02 16:06:00,3.4549036989533284
2025-01-02 16:06:01,3.628412139001207
2025-01-02 16:06:02,3.2611936253872407
2025-01-02 16:06:03,3.5518435208423966
2025-01-02 16:06:04,3.266852889509907
2025-01-02 16:06:05,3.620269335282849
2025-01-02 16:06:06,3.5621995501825143
2025-01-02 16:06:07,3.8517857131537876
2025-01-02 16:06:08,3.2006363961561584
2025-01-02 16:06:09,3.6601960352768717
2025-01-02 16:06:10,3.072869988365071
2025-01-02 16:06:11,3.544963658026728
2025-01-02 16:06:12,3.64886143619743
2025-01-02 16:06:13,3.756731462080847
2025-01-02 16:06:14,2.978427078840089
2025-01-02 16:06:15,3.884635971680914
2025-01-02 16:06:16,3.4336603969234454
2025-01-02 16:06:17,
2025-01-02 16:06:18,4.02698482303899
2025-01-02 16:06:19,3.4030976838287597
2025-01-02 16:06:20,3.051012756635702
2025-01-02 16:06:21,3.3099185256172285
2025-01-02 16:06:22,2.9429363927468133
2025-01-02 16:06:23,3.9338260434535806
2025-01-02 16:06:24,2.9929117107785963
2025-01-02 16:06:25,3.7610960598891086
2025-01-02 16:06:26,2.878203551495551
2025-01-02 16:06:27,3.4703313795919084
2025-01-02 16:06:28,3.7684416184149696
2025-01-02 16:06:29,3.2926249972337085
2025-01-02 16:06:30,3.470742894996919
2025-01-02 16:06:31,3.2614616020263085
2025-01-02 16:06:32,3.4638314310956986
2025-01-02 16:06:33,3.5992294824052
2025-01-02 16:06:34,3.284969839811223
2025-01-02 16:06:35,3.375055517616363
2025-01-02 16:06:36,3.2042532167354496
2025-01-02 16:06:37,3.1606051023174677
2025-01-02 16:06:38,
2025-01-02 16:06:39,3.422829719436045
2025-01-02 16:06:40,3.7590539471515143
2025-01-02 16:06:41,3.5575529325376714
2025-01-02 16:06:42,3.2698264667863364
2025-01-02 16:06:43,3.9705725364528135
2025-01-02 16:06:44,3.065038375897232
2025-01-02 16:06:45,3.3274199221971377
2025-01-02 16:06:46,3.462968007331845
2025-01-02 16:06:47,3.6307669435955976
2025-01-02 16:06:48,3.2733130438400293
2025-01-02 16:06:49,3.733559177119125
2025-01-02 16:06:50,2.958067217878993
2025-01-02 16:06:51,3.8635273390599623
2025-01-02 16:06:52,3.5417023344252216
2025-01-02 16:06:53,4.015326428579402
2025-01-02 16:06:54,3.640218370420619
2025-01-02 16:06:55,3.799990748209849
2025-01-02 16:06:56,3.3608297272546825
2025-01-02 16:06:57,3.445045886753949
2025-01-02 16:06:58,3.487453313817698
2025-01-02 16:06:59,3.458673516814327
2025-01-02 16:07:00,3.2400007130960202
2025-01-02 16:07:01,3.4299149669261797
2025-01-02 16:07:02,3.839387940326714
2025-01-02 16:07:03,3.026944244364058
2025-01-02 16:07:04,3.4701713011411925
2025-01-02 16:07:05,3.506373202945536
2025-01-02 16:07:06,3.113412244511173
2025-01-02 16:07:07,2.9488820922174606
2025-01-02 16:07:08,3.1852627273101035
2025-01-02 16:07:09,3.4404307343646443
2025-01-02 16:07:10,3.326130502851501
2025-01-02 16:07:11,3.028753443014189
2025-01-02 16:07:12,3.6904011756838
2025-01-02 16:07:13,3.625840531864388
2025-01-02 16:07:14,3.4524715610372994
2025-01-02 16:07:15,2.644364416730978
2025-01-02 16:07:16,3.3582029699776514
2025-01-02 16:07:17,3.358929921434177
2025-01-02 16:07:18,3.3412655585231934
2025-01-02 16:07:19,3.310981845564586
2025-01-02 16:07:20,3.498567904659598
2025-01-02 16:07:21,3.300200697177955
2025-01-02 16:07:22,3.1133756029318986
2025-01-02 16:07:23,2.947910688117837
2025-01-02 16:07:24,3.4586917405259032
2025-01-02 16:07:25,3.6880218885167118
2025-01-02 16:07:26,3.115302574351151
2025-01-02 16:07:27,3.5916080270308166
2025-01-02 16:07:28,3.4735400820297535
2025-01-02 16:07:29,3.4086884818819287
2025-01-02 16:07:30,3.32050805069546
2025-01-02 16:07:31,3.7229734945550472
2025-01-02 16:07:32,3.480130219364313
2025-01-02 16:07:33,3.1553890251259173
2025-01-02 16:07:34,3.462032287008991
2025-01-02 16:07:35,3.0713502086643825
2025-01-02 16:07:36,3.952372575697384
2025-01-02 16:07:37,3.624365808321907
2025-01-02 16:07:38,3.74089115485853
2025-01-02 16:07:39,3.4479558151192187
2025-01-02 16:07:40,
2025-01-02 16:07:41,3.2984967395026428
2025-01-02 16:07:42,3.571363941183353
2025-01-02 16:07:43,3.2355531716506385
2025-01-02 16:07:44,3.3021566442651675
2025-01-02 16:07:45,4.0807897515309755
2025-01-02 16:07:46,3.649348057735364
2025-01-02 16:07:47,3.5286325990175396
2025-01-02 16:07:48,3.4929696333441265
2025-01-02 16:07:49,3.7697117668329154
2025-01-02 16:07:50,3.0665471193881677
2025-01-02 16:07:51,3.7128888138454954
2025-01-02 16:07:52,3.3213043765045316
2025-01-02 16:07:53,3.228022641501359
2025-01-02 16:07:54,3.0289006288405558
2025-01-02 16:07:55,3.3987539062748127
2025-01-02 16:07:56,2.8302169378404676
2025-01-02 16:07:57,
2025-01-02 16:07:58,2.7078416089566018
2025-01-02 16:07:59,3.8524068222539203
2025-01-02 16:08:00,3.701966310682876
2025-01-02 16:08:01,3.229813768316666
2025-01-02 16:08:02,
2025-01-02 16:08:03,3.7477819817963463
2025-01-02 16:08:04,3.6809979599134186
2025-01-02 16:08:05,3.403722959448229
2025-01-02 16:08:06,3.274085185081985
2025-01-02 16:08:07,3.7171519331789193
2025-01-02 16:08:08,3.787913774537714
2025-01-02 16:08:09,4.042651763363438
2025-01-02 16:08:10,3.455220451014287
2025-01-02 16:08:11,3.2043280830011174
2025-01-02 16:08:12,3.479915957884031
2025-01-02 16:08:13,3.6210606108921097
2025-01-02 16:08:14,3.3267887835056924
2025-01-02 16:08:15,3.5586580678500903
2025-01-02 16:08:16,3.5761841299860846
2025-01-02 16:08:17,3.570860116540039
2025-01-02 16:08:18,2.968695114294304
2025-01-02 16:08:19,3.7936459763997954
2025-01-02 16:08:20,3.2217276227950515
2025-01-02 16:08:21,3.1643130628975324
2025-01-02 16:08:22,3.7107057113515025
2025-01-02 16:08:23,3.5996344023597464
2025-01-02 16:08:24,3.3071623637055376
2025-01-02 16:08:25,4.058329563107107
2025-01-02 16:08:26,3.6914779693903537
2025-01-02 16:08:27,3.2484702146776945
2025-01-02 16:08:28,3.576787950837471
2025-01-02 16:08:29,3.805596374173249
2025-01-02 16:08:30,3.6342248675581463
2025-01-02 16:08:31,3.569940758037347
2025-01-02 16:08:32,3.096982351222554
2025-01-02 16:08:33,3.247861474401099
2025-01-02 16:08:34,3.5986782111982745
2025-01-02 16:08:35,3.6081516977277306
2025-01-02 16:08:36,2.9346808747943633
2025-01-02 16:08:37,2.9812814747448644
2025-01-02 16:08:38,3.50356358386646
2025-01-02 16:08:39,3.3226838624209813
2025-01-02 16:08:40,3.4172056053532573
2025-01-02 16:08:41,3.8288118944186915
2025-01-02 16:08:42,3.0984982936234324
2025-01-02 16:08:43,3.3410022583175674
2025-01-02 16:08:44,3.681712717603459
2025-01-02 16:08:45,3.549553358159
2025-01-02 16:08:46,3.3862703567567105
2025-01-02 16:08:47,3.268681994323365
2025-01-02 16:08:48,3.511484234509906
2025-01-02 16:08:49,3.1757467861859814
2025-01-02 16:08:50,2.8034814541883715
2025-01-02 16:08:51,2.2319282454709075
2025-01-02 16:08:52,3.460779020113992
2025-01-02 16:08:53,3.4566440283010706
2025-01-02 16:08:54,2.9498924634762216
2025-01-02 16:08:55,
2025-01-02 16:08:56,3.4168728612185286
2025-01-02 16:08:57,2.5778915159003564
2025-01-02 16:08:58,3.621126840502208
2025-01-02 16:08:59,
2025-01-02 16:09:00,3.383191883314464
2025-01-02 16:09:01,3.1487277078733973
2025-01-02 16:09:02,3.5681081173667897
2025-01-02 16:09:03,2.7940319558910702
2025-01-02 16:09:04,3.6550060555821346
2025-01-02 16:09:05,3.7935035587760986
2025-01-02 16:09:06,3.035286814545545
2025-01-02 16:09:07,3.8179696926465168
2025-01-02 16:09:08,3.7185251277146727
2025-01-02 16:09:09,3.619548135326331
2025-01-02 16:09:10,3.1348061756416583
2025-01-02 16:09:11,3.706631081163906
2025-01-02 16:09:12,3.727201928861357
2025-01-02 16:09:13,3.3807012162689474
2025-01-02 16:09:14,3.6382814775581576
2025-01-02 16:09:15,3.5908382254281843
2025-01-02 16:09:16,3.4374135479766883
2025-01-02 16:09:17,3.4141760567567747
2025-01-02 16:09:18,3.9385559587195496
2025-01-02 16:09:19,3.072840375169379
2025-01-02 16:09:20,3.358271366751773
2025-01-02 16:09:21,3.6029651292244553
2025-01-02 16:09:22,3.936856037398881
2025-01-02 16:09:23,3.543486851493853
2025-01-02 16:09:24,3.6506142787265343
2025-01-02 16:09:25,3.6232434004540424
2025-01-02 16:09:26,3.829508227171381
2025-01-02 16:09:27,3.38034611264696
2025-01-02 16:09:28,3.315830333877521
2025-01-02 16:09:29,2.90134242700107
2025-01-02 16:09:30,3.5421444017608446
2025-01-02 16:09:31,3.2368681605005474
2025-01-02 16:09:32,3.9584552386086203
2025-01-02 16:09:33,3.8500642900371425
2025-01-02 16:09:34,3.287113835269613
2025-01-02 16:09:35,3.3364886767214403
2025-01-02 16:09:36,2.984687733184249
2025-01-02 16:09:37,3.4093063061294173
2025-01-02 16:09:38,3.3270040704911095
2025-01-02 16:09:39,3.135850116237427
2025-01-02 16:09:40,3.2748162620021923
2025-01-02 16:09:41,3.352813360733207
2025-01-02 16:09:42,3.254840995864046
2025-01-02 16:09:43,3.370902906087591
2025-01-02 16:09:44,2.9474540554399065
2025-01-02 16:09:45,3.8670014199886102
2025-01-02 16:09:46,3.5681928973923625
2025-01-02 16:09:47,3.667794573644291
2025-01-02 16:09:48,2.58039883289835
2025-01-02 16:09:49,3.5378408145025677
2025-01-02 16:09:50,3.1933113942549394
2025-01-02 16:09:51,3.7307890718619015
2025-01-02 16:09:52,2.8846358643394385
2025-01-02 16:09:53,2.8811522352434764
2025-01-02 16:09:54,3.136658959785072
2025-01-02 16:09:55,3.398464846169167
2025-01-02 16:09:56,3.5117884696610107
2025-01-02 16:09:57,3.8062911536611583
2025-01-02 16:09:58,3.32315691632113
2025-01-02 16:09:59,2.945146577868221
2025-01-02 16:10:00,3.572795235720366
2025-01-02 16:10:01,3.4778159194458675
2025-01-02 16:10:02,3.1912277313753274
2025-01-02 16:10:03,3.4454012565607455
2025-01-02 16:10:04,3.432641866976525
2025-01-02 16:10:05,3.608295412989517
2025-01-02 16:10:06,3.1789344933274744
2025-01-02 16:10:07,3.387504019919525
2025-01-02 16:10:08,3.272924392395928
2025-01-02 16:10:09,3.173297063543121
2025-01-02 16:10:10,3.464211438898075
2025-01-02 16:10:11,3.81443901903987
2025-01-02 16:10:12,3.5270708705205642
2025-01-02 16:10:13,3.1835684199612198
2025-01-02 16:10:14,3.659317908353018
2025-01-02 16:10:15,3.4043931994695624
2025-01-02 16:10:16,3.7139069226552497
2025-01-02 16:10:17,3.4102478516689687
2025-01-02 16:10:18,3.050021638322533
2025-01-02 16:10:19,3.549399496650419
2025-01-02 16:10:20,3.752227515919709
2025-01-02 16:10:21,3.1562083832228875
2025-01-02 16:10:22,3.7504082801282266
2025-01-02 16:10:23,3.2200014710237403
2025-01-02 16:10:24,3.2953382435272918
2025-01-02 16:10:25,3.2089400840810294
2025-01-02 16:10:26,2.98453056938068
2025-01-02 16:10:27,2.9255617406924608
2025-01-02 16:10:28,3.4897179334074324
2025-01-02 16:10:29,3.886446790453869
2025-01-02 16:10:30,3.3910543336550014
2025-01-02 16:10:31,3.917411712187486
2025-01-02 16:10:32,3.401492860022118
2025-01-02 16:10:33,3.323246615049769
2025-01-02 16:10:34,3.144722259545059
2025-01-02 16:10:35,2.5862402813040837
2025-01-02 16:10:36,3.363405313116009
2025-01-02 16:10:37,3.862689629952476
2025-01-02 16:10:38,3.260873740388317
2025-01-02 16:10:39,3.3504527941009856
2025-01-02 16:10:40,3.420750487645802
2025-01-02 16:10:41,3.3650829735048835
2025-01-02 16:10:42,3.2980988444745987
2025-01-02 16:10:43,3.3481064850383775
2025-01-02 16:10:44,3.722420649405128
2025-01-02 16:10:45,3.560888134656623
2025-01-02 16:10:46,3.354244570700767
2025-01-02 16:10:47,3.0537879224997315
2025-01-02 16:10:48,2.9518892252351185
2025-01-02 16:10:49,3.441231129470712
2025-01-02 16:10:50,3.7264666921077696
2025-01-02 16:10:51,3.446699556479696
2025-01-02 16:10:52,3.348408956154327
2025-01-02 16:10:53,3.7684900932302705
2025-01-02 16:10:54,3.4925897029567827
2025-01-02 16:10:55,3.7263495015752457
2025-01-02 16:10:56,3.380830149885875
2025-01-02 16:10:57,2.809080611641072
2025-01-02 16:10:58,3.059264184896986
2025-01-02 16:10:59,3.613150717609126
2025-01-02 16:11:00,3.8121464774792058
2025-01-02 16:11:01,3.456116988432981
2025-01-02 16:11:02,3.820542487690126
2025-01-02 16:11:03,2.797996697030924
2025-01-02 16:11:04,4.157182957362796
2025-01-02 16:11:05,3.4158633094715047
2025-01-02 16:11:06,3.33207514144062
2025-01-02 16:11:07,3.276618508046128
2025-01-02 16:11:08,3.3185589595782354
2025-01-02 16:11:09,3.5209188871285373
2025-01-02 16:11:10,3.7907117672070276
2025-01-02 16:11:11,
2025-01-02 16:11:12,3.7868546254705056
2025-01-02 16:11:13,3.820306435861913
2025-01-02 16:11:14,3.6617672847886533
2025-01-02 16:11:15,3.2268050406583146
2025-01-02 16:11:16,3.2163875181830193
2025-01-02 16:11:17,3.605668153993956
2025-01-02 16:11:18,3.335805312449221
2025-01-02 16:11:19,3.7231250447190183
2025-01-02 16:11:20,2.9498489840759077
2025-01-02 16:11:21,3.0706205099196113
2025-01-02 16:11:22,3.3411726870794283
2025-01-02 16:11:23,3.6005642933412396
2025-01-02 16:11:24,3.3038921655499256
2025-01-02 16:11:25,3.5056070354911473
2025-01-02 16:11:26,3.8095381890684705
2025-01-02 16:11:27,3.5897086671906204
2025-01-02 16:11:28,3.104020382833359
2025-01-02 16:11:29,3.71356445848619
2025-01-02 16:11:30,3.4122688082074033
2025-01-02 16:11:31,3.561749064861865
2025-01-02 16:11:32,3.434618628290728
2025-01-02 16:11:33,3.0279639156035363
2025-01-02 16:11:34,2.961528924921028
2025-01-02 16:11:35,2.979463214642383
2025-01-02 16:11:36,3.8536978192601454
2025-01-02 16:11:37,3.3981924854657852
2025-01-02 16:11:38,3.210027655424117
2025-01-02 16:11:39,3.527044252842533
2025-01-02 16:11:40,3.6553684288777135
2025-01-02 16:11:41,3.3089285947738096
2025-01-02 16:11:42,3.6654248286073843
2025-01-02 16:11:43,3.552369231621383
2025-01-02 16:11:44,3.5970354350399005
2025-01-02 16:11:45,2.884528773691772
2025-01-02 16:11:46,3.5815524464236455
2025-01-02 16:11:47,3.157065117600432
2025-01-02 16:11:48,3.1907262655467323
2025-01-02 16:11:49,3.1379996610798253
2025-01-02 16:11:50,3.091654616611907
2025-01-02 16:11:51,3.111327771725898
2025-01-02 16:11:52,3.1659463669649313
2025-01-02 16:11:53,3.1131613245371996
2025-01-02 16:11:54,3.7268422151495053
2025-01-02 16:11:55,3.8294416621978558
2025-01-02 16:11:56,3.384709174367471
2025-01-02 16:11:57,3.6530471334233034
2025-01-02 16:11:58,3.5612709555008446
2025-01-02 16:11:59,3.3073078762145816
2025-01-02 16:12:00,3.6802216508594445
2025-01-02 16:12:01,3.282050415606455
2025-01-02 16:12:02,3.8996726725337623
2025-01-02 16:12:03,3.2262848814172664
2025-01-02 16:12:04,3.5504527141656985
2025-01-02 16:12:05,3.4328883575140154
2025-01-02 16:12:06,3.9216661164403357
2025-01-02 16:12:07,3.7715892060343763
2025-01-02 16:12:08,3.255954227414033
2025-01-02 16:12:09,3.1860283900167805
2025-01-02 16:12:10,2.9427431281500316
2025-01-02 16:12:11,3.287044258369828
2025-01-02 16:12:12,3.4727175493125784
2025-01-02 16:12:13,3.4051247786285255
2025-01-02 16:12:14,3.1099678463194613
2025-01-02 16:12:15,3.096614903355743
2025-01-02 16:12:16,3.1765486946202603
2025-01-02 16:12:17,3.7336028326012562
2025-01-02 16:12:18,3.5110588491854755
2025-01-02 16:12:19,3.3126241392599405
2025-01-02 16:12:20,3.2484650199510083
2025-01-02 16:12:21,3.066627954052622
2025-01-02 16:12:22,3.9347031990054684
2025-01-02 16:12:23,3.4538706441498466
2025-01-02 16:12:24,3.529858252086372
2025-01-02 16:12:25,3.3619453485398134
2025-01-02 16:12:26,3.6819755274888153
2025-01-02 16:12:27,3.6363147046850672
2025-01-02 16:12:28,3.2370465711299365
2025-01-02 16:12:29,3.2920694963711967
2025-01-02 16:12:30,3.262342372528304
2025-01-02 16:12:31,3.420715461438099
2025-01-02 16:12:32,3.684362104114399
2025-01-02 16:12:33,3.527627795640134
2025-01-02 16:12:34,3.5293942153259183
2025-01-02 16:12:35,3.4792956247677544
2025-01-02 16:12:36,3.7098888343188743
2025-01-02 16:12:37,3.288928397835963
2025-01-02 16:12:38,3.606348260183787
2025-01-02 16:12:39,3.4900762768705365
2025-01-02 16:12:40,3.658615786695612
2025-01-02 16:12:41,3.5307262673546878
2025-01-02 16:12:42,3.752002298321667
2025-01-02 16:12:43,3.343142998267249
2025-01-02 16:12:44,3.2011314783882576
2025-01-02 16:12:45,3.2422206930777735
2025-01-02 16:12:46,3.5403106727731615
2025-01-02 16:12:47,3.205838863549238
2025-01-02 16:12:48,3.1012379770302716
2025-01-02 16:12:49,3.5545307323234145
2025-01-02 16:12:50,3.6620906906493564
2025-01-02 16:12:51,3.2130566863769183
2025-01-02 16:12:52,3.541746629436086
2025-01-02 16:12:53,3.788520802779631
2025-01-02 16:12:54,3.2361802078184074
2025-01-02 16:12:55,2.6795995913663915
2025-01-02 16:12:56,3.1170607947369042
2025-01-02 16:12:57,3.859149493041847
2025-01-02 16:12:58,3.2237098310572514
2025-01-02 16:12:59,4.134821887316861
2025-01-02 16:13:00,
2025-01-02 16:13:01,3.426638948533598
2025-01-02 16:13:02,3.5365473836935597
2025-01-02 16:13:03,3.0733865712806
2025-01-02 16:13:04,3.3049363357242805
2025-01-02 16:13:05,3.2872183833057496
2025-01-02 16:13:06,3.071493671823653
2025-01-02 16:13:07,3.206078364316643
2025-01-02 16:13:08,4.055099352464654
2025-01-02 16:13:09,3.8694161677237675
2025-01-02 16:13:10,3.2955809627256425
2025-01-02 16:13:11,3.4072701208821803
2025-01-02 16:13:12,3.261362994532657
2025-01-02 16:13:13,3.5012462317001756
2025-01-02 16:13:14,3.1785892860867433
2025-01-02 16:13:15,3.04610272249912
2025-01-02 16:13:16,3.355616121875664
2025-01-02 16:13:17,2.9956039020672236
2025-01-02 16:13:18,3.8713455172433635
2025-01-02 16:13:19,3.0272855788644284
2025-01-02 16:13:20,3.5244913923474783
2025-01-02 16:13:21,3.766161664748404
2025-01-02 16:13:22,3.2454658190889947
2025-01-02 16:13:23,3.5539030286636213
2025-01-02 16:13:24,2.983448944534885
2025-01-02 16:13:25,3.5891130002135014
2025-01-02 16:13:26,2.985440898468453
2025-01-02 16:13:27,3.4543814423399386
2025-01-02 16:13:28,3.5290233338528774
2025-01-02 16:13:29,3.611736530090532
2025-01-02 16:13:30,3.4573807202553395
2025-01-02 16:13:31,3.661715868536883
2025-01-02 16:13:32,3.4908718509999486
2025-01-02 16:13:33,3.509922103405802
2025-01-02 16:13:34,3.5647996257333725
2025-01-02 16:13:35,3.328413074609225
2025-01-02 16:13:36,3.9537340312249385
2025-01-02 16:13:37,3.8272828401428605
2025-01-02 16:13:38,3.6157444969208
2025-01-02 16:13:39,3.109639889759438
2025-01-02 16:13:40,3.6716271938068257
2025-01-02 16:13:41,3.369972004199183
2025-01-02 16:13:42,3.6899043006276706
2025-01-02 16:13:43,3.42372921267225
2025-01-02 16:13:44,3.24376559509838
2025-01-02 16:13:45,3.2887105009057898
2025-01-02 16:13:46,3.205977520986894
2025-01-02 16:13:47,3.759970951009201
2025-01-02 16:13:48,3.6821332633407677
2025-01-02 16:13:49,3.6757999087937976
2025-01-02 16:13:50,3.6051615624106272
2025-01-02 16:13:51,
2025-01-02 16:13:52,3.436221405870682
2025-01-02 16:13:53,2.989211422308382
2025-01-02 16:13:54,3.3255077741537433
2025-01-02 16:13:55,3.6706704501699057
2025-01-02 16:13:56,3.1997656882008982
2025-01-02 16:13:57,3.8752655183886673
2025-01-02 16:13:58,
2025-01-02 16:13:59,3.1691414297990503
2025-01-02 16:14:00,3.460216463093763
2025-01-02 16:14:01,3.308286655398237
2025-01-02 16:14:02,3.416891120842781
2025-01-02 16:14:03,3.871401012416114
2025-01-02 16:14:04,3.2963775730689306
2025-01-02 16:14:05,2.790367697685637
2025-01-02 16:14:06,3.457818353070887
2025-01-02 16:14:07,3.109747746389887
2025-01-02 16:14:08,3.45228073969711
2025-01-02 16:14:09,3.511612034568503
2025-01-02 16:14:10,3.2634662975744857
2025-01-02 16:14:11,3.62131214652829
2025-01-02 16:14:12,3.192949031719996
2025-01-02 16:14:13,3.031157393756022
2025-01-02 16:14:14,3.1648777850119694
2025-01-02 16:14:15,3.330288234089424
2025-01-02 16:14:16,3.4426469352543783
2025-01-02 16:14:17,3.752298080192429
2025-01-02 16:14:18,3.492611178437516
2025-01-02 16:14:19,3.5020681343751012
2025-01-02 16:14:20,3.78698397549742
2025-01-02 16:14:21,3.3889238692947967
2025-01-02 16:14:22,3.4005983210631134
2025-01-02 16:14:23,3.1513502805167737
2025-01-02 16:14:24,3.4465548574649914
2025-01-02 16:14:25,3.074370757960431
2025-01-02 16:14:26,3.233383531159558
2025-01-02 16:14:27,3.804285651553132
2025-01-02 16:14:28,3.452988835939983
2025-01-02 16:14:29,3.505165297648222
2025-01-02 16:14:30,2.9201825591476878
2025-01-02 16:14:31,2.9872918634655
2025-01-02 16:14:32,2.8994256433259014
2025-01-02 16:14:33,3.444912961974659
2025-01-02 16:14:34,3.673247518622889
2025-01-02 16:14:35,3.9159759410864816
2025-01-02 16:14:36,3.418121070836966
2025-01-02 16:14:37,3.533443720849568
2025-01-02 16:14:38,3.878138687130003
2025-01-02 16:14:39,4.019656500978486
2025-01-02 16:14:40,3.3595987865124397
2025-01-02 16:14:41,3.0202573982609766
2025-01-02 16:14:42,3.1580864694776474
2025-01-02 16:14:43,3.2248611416388635
2025-01-02 16:14:44,3.151214447764652
2025-01-02 16:14:45,3.6206745661283377
2025-01-02 16:14:46,3.3861387431210264
2025-01-02 16:14:47,3.1910084406677193
2025-01-02 16:14:48,3.4878649131027175
2025-01-02 16:14:49,3.275549755454537
2025-01-02 16:14:50,3.3237926868906595
2025-01-02 16:14:51,3.2627792942716987
2025-01-02 16:14:52,3.6502761221602267
2025-01-02 16:14:53,3.557198361524948
2025-01-02 16:14:54,3.6778067034227093
2025-01-02 16:14:55,3.7776025024488757
2025-01-02 16:14:56,3.6426272562241087
2025-01-02 16:14:57,3.4004721072936235
2025-01-02 16:14:58,3.1652722663959154
2025-01-02 16:14:59,3.176652943700404
2025-01-02 16:15:00,2.857442694815968
2025-01-02 16:15:01,3.126154373833347
2025-01-02 16:15:02,3.202214294435726
2025-01-02 16:15:03,3.488519213076854
2025-01-02 16:15:04,3.2406576667724263
2025-01-02 16:15:05,3.2857805917880785
2025-01-02 16:15:06,3.273059468359296
2025-01-02 16:15:07,3.3745252815113593
2025-01-02 16:15:08,3.020649330603017
2025-01-02 16:15:09,3.851465001838782
2025-01-02 16:15:10,3.5532594509828765
2025-01-02 16:15:11,3.115044067319894
2025-01-02 16:15:12,3.7021048849412024
2025-01-02 16:15:13,3.025468797549604
2025-01-02 16:15:14,3.399700087549438
2025-01-02 16:15:15,3.4001763126771376
2025-01-02 16:15:16,3.4554024668001513
2025-01-02 16:15:17,3.768373421374665
2025-01-02 16:15:18,
2025-01-02 16:15:19,3.237730723808094
2025-01-02 16:15:20,3.5138615492352834
2025-01-02 16:15:21,3.123536185179258
2025-01-02 16:15:22,3.2496739757603295
2025-01-02 16:15:23,2.835276752072507
2025-01-02 16:15:24,2.58361644130981
2025-01-02 16:15:25,3.000254831674244
2025-01-02 16:15:26,3.8729805808382447
2025-01-02 16:15:27,3.7452702049580857
2025-01-02 16:15:28,3.3220554573781933
2025-01-02 16:15:29,3.6542024664693153
2025-01-02 16:15:30,3.2671572318778717
2025-01-02 16:15:31,3.3834478567580066
2025-01-02 16:15:32,3.170868390077411
2025-01-02 16:15:33,3.2160480913443696
2025-01-02 16:15:34,3.347889809081389
2025-01-02 16:15:35,2.913556223561333
2025-01-02 16:15:36,4.187621442692272
2025-01-02 16:15:37,3.2672708957526675
2025-01-02 16:15:38,3.553378778320546
2025-01-02 16:15:39,3.736703181905959
2025-01-02 16:15:40,3.1742614924770582
2025-01-02 16:15:41,3.7369937241762656
2025-01-02 16:15:42,3.03002124558396
2025-01-02 16:15:43,2.8533635253841316
2025-01-02 16:15:44,2.970665065090739
2025-01-02 16:15:45,3.2588947391855507
2025-01-02 16:15:46,3.589886397140734
2025-01-02 16:15:47,3.096055501973324
2025-01-02 16:15:48,3.3383902112113906
2025-01-02 16:15:49,3.1291414552136976
2025-01-02 16:15:50,3.154332185374119
2025-01-02 16:15:51,3.4217336061670567
2025-01-02 16:15:52,3.8816668404543444
2025-01-02 16:15:53,4.095661539132966
2025-01-02 16:15:54,3.4918606365479405
2025-01-02 16:15:55,3.9073537212341813
2025-01-02 16:15:56,3.4523604996050703
2025-01-02 16:15:57,3.290265877535048
2025-01-02 16:15:58,3.196649660805
2025-01-02 16:15:59,3.049844686229224
2025-01-02 16:16:00,3.276821019530497
2025-01-02 16:16:01,3.1037480224110356
2025-01-02 16:16:02,3.679075299072436
2025-01-02 16:16:03,3.5351351987446953
2025-01-02 16:16:04,2.9902476068137713
2025-01-02 16:16:05,3.1954375830876445
2025-01-02 16:16:06,3.2732678702094224
2025-01-02 16:16:07,2.8900679037112784
2025-01-02 16:16:08,3.143886000610448
2025-01-02 16:16:09,3.2767865145274264
2025-01-02 16:16:10,3.842164236015134
2025-01-02 16:16:11,2.8266734007971115
2025-01-02 16:16:12,3.65179655516746
2025-01-02 16:16:13,3.6320754527247567
2025-01-02 16:16:14,3.2448858088475405
2025-01-02 16:16:15,3.470956573339815
2025-01-02 16:16:16,3.4848153934467265
2025-01-02 16:16:17,2.914899236763529
2025-01-02 16:16:18,3.235194128965547
2025-01-02 16:16:19,3.668983250441024
2025-01-02 16:16:20,3.7802742174852426
2025-01-02 16:16:21,3.6906392434182327
2025-01-02 16:16:22,3.4096015778861037
2025-01-02 16:16:23,3.561670980810986
2025-01-02 16:16:24,4.096868742074281
2025-01-02 16:16:25,3.5665345553757977
2025-01-02 16:16:26,2.9107324004904926
2025-01-02 16:16:27,3.524806888014674
2025-01-02 16:16:28,3.426970674005498
2025-01-02 16:16:29,3.5618785584924324
2025-01-02 16:16:30,3.2510645915876597
2025-01-02 16:16:31,4.033576551424771
2025-01-02 16:16:32,3.7897665894725474
2025-01-02 16:16:33,3.1220475908900682
2025-01-02 16:16:34,
2025-01-02 16:16:35,3.5885593603151684
2025-01-02 16:16:36,
2025-01-02 16:16:37,3.470555191481331
2025-01-02 16:16:38,3.614468450106791
2025-01-02 16:16:39,3.173431089873658
2025-01-02 16:16:40,3.7437689442657067
2025-01-02 16:16:41,3.335901625689159
2025-01-02 16:16:42,3.8288927764191443
2025-01-02 16:16:43,3.3445111224069572
2025-01-02 16:16:44,2.99536324404656
2025-01-02 16:16:45,3.354361553218327
2025-01-02 16:16:46,4.035203147324424
2025-01-02 16:16:47,3.4067023352669747
2025-01-02 16:16:48,
2025-01-02 16:16:49,3.6630123929283185
2025-01-02 16:16:50,3.2685029856690977
2025-01-02 16:16:51,3.538988060275254
2025-01-02 16:16:52,3.043845404575072
2025-01-02 16:16:53,3.5592009146705115
2025-01-02 16:16:54,3.163437292801619
2025-01-02 16:16:55,3.8408129186145232
2025-01-02 16:16:56,3.5495764043883895
2025-01-02 16:16:57,3.6122632690543006
2025-01-02 16:16:58,3.1747254466351507
2025-01-02 16:16:59,3.1414646510877686
2025-01-02 16:17:00,2.6606260660331715
2025-01-02 16:17:01,3.6248050964943506
2025-01-02 16:17:02,3.5413117782007832
2025-01-02 16:17:03,2.846194455317347
2025-01-02 16:17:04,3.8658601781875657
2025-01-02 16:17:05,3.2212507581813985
2025-01-02 16:17:06,3.008857833745831
2025-01-02 16:17:07,3.342877725088804
2025-01-02 16:17:08,3.2448200049666336
2025-01-02 16:17:09,3.3941084828577104
2025-01-02 16:17:10,2.560706613844463
2025-01-02 16:17:11,3.857427931348071
2025-01-02 16:17:12,3.4610565606474637
2025-01-02 16:17:13,3.169824689750623
2025-01-02 16:17:14,3.242409226008504
2025-01-02 16:17:15,2.854822469239039
2025-01-02 16:17:16,3.541222988904341
2025-01-02 16:17:17,3.0244616383419163
2025-01-02 16:17:18,
2025-01-02 16:17:19,3.352658735255469
2025-01-02 16:17:20,3.207141227989277
2025-01-02 16:17:21,3.61987521278082
2025-01-02 16:17:22,3.3233860037604623
2025-01-02 16:17:23,3.102969356754772
2025-01-02 16:17:24,3.2440052544440925
2025-01-02 16:17:25,3.8834421313505585
2025-01-02 16:17:26,3.0963478719677546
2025-01-02 16:17:27,3.3769429413448906
2025-01-02 16:17:28,2.815817273690804
2025-01-02 16:17:29,3.1390277234881956
2025-01-02 16:17:30,2.9926764824569014
2025-01-02 16:17:31,3.6524084097797958
2025-01-02 16:17:32,3.4166930154661426
2025-01-02 16:17:33,3.3247820669970474
2025-01-02 16:17:34,3.2555500140539775
2025-01-02 16:17:35,3.4261787876083045
2025-01-02 16:17:36,3.679803694651519
2025-01-02 16:17:37,
2025-01-02 16:17:38,3.3042485016073395
2025-01-02 16:17:39,3.657293210484918
2025-01-02 16:17:40,3.2439537365670277
2025-01-02 16:17:41,3.024143223148639
2025-01-02 16:17:42,3.398687337153099
2025-01-02 16:17:43,3.5057930704187257
2025-01-02 16:17:44,3.3815039716664064
2025-01-02 16:17:45,3.158394162993671
2025-01-02 16:17:46,3.3752033106911203
2025-01-02 16:17:47,3.095256983758404
2025-01-02 16:17:48,3.7027269029222
2025-01-02 16:17:49,3.112342181761601
2025-01-02 16:17:50,3.3627477168071747
2025-01-02 16:17:51,3.212886757676739
2025-01-02 16:17:52,3.421161184939313
2025-01-02 16:17:53,3.6732603068860734
2025-01-02 16:17:54,3.3854028999499404
2025-01-02 16:17:55,3.5326316473234107
2025-01-02 16:17:56,3.5978515134902715
2025-01-02 16:17:57,3.252657243593261
2025-01-02 16:17:58,3.4628457113347086
2025-01-02 16:17:59,2.9846535828915384
2025-01-02 16:18:00,3.305273536088364
2025-01-02 16:18:01,3.7232526539111213
2025-01-02 16:18:02,3.088889109455127
2025-01-02 16:18:03,2.810370282692705
2025-01-02 16:18:04,3.345044712611492
2025-01-02 16:18:05,3.1667841955017373
2025-01-02 16:18:06,3.406536963547134
2025-01-02 16:18:07,3.5081173330770237
2025-01-02 16:18:08,2.9199453644622944
2025-01-02 16:18:09,3.8065398169630775
2025-01-02 16:18:10,3.0033659147088887
2025-01-02 16:18:11,3.326394391027817
2025-01-02 16:18:12,3.693027243603136
2025-01-02 16:18:13,3.568211212784168
2025-01-02 16:18:14,2.9412486247804135
2025-01-02 16:18:15,3.204395824828258
2025-01-02 16:18:16,3.6091417113037703
2025-01-02 16:18:17,3.376765840830075
2025-01-02 16:18:18,3.4442901716125696
2025-01-02 16:18:19,3.526722907228321
2025-01-02 16:18:20,3.180758663538767
2025-01-02 16:18:21,3.189286583531764
2025-01-02 16:18:22,3.526401373689285
2025-01-02 16:18:23,3.2381826077902263
2025-01-02 16:18:24,3.111479642217627
2025-01-02 16:18:25,2.8719499578342598
2025-01-02 16:18:26,3.0318228839971573
2025-01-02 16:18:27,3.447492245929766
2025-01-02 16:18:28,3.301558615017693
2025-01-02 16:18:29,3.3979417487325905
2025-01-02 16:18:30,3.8945259904179514
2025-01-02 16:18:31,3.577713918750282
2025-01-02 16:18:32,2.9999625772714573
2025-01-02 16:18:33,3.291735074335897
2025-01-02 16:18:34,2.7784817298886324
2025-01-02 16:18:35,3.1248941617452113
2025-01-02 16:18:36,2.9685119315213706
2025-01-02 16:18:37,3.6482501364892563
2025-01-02 16:18:38,3.608186497847538
2025-01-02 16:18:39,3.4049179907913043
2025-01-02 16:18:40,
2025-01-02 16:18:41,3.891590979777125
2025-01-02 16:18:42,3.3139272051162294
2025-01-02 16:18:43,3.8118152101390566
2025-01-02 16:18:44,3.5895345445662095
2025-01-02 16:18:45,3.650334314597771
2025-01-02 16:18:46,3.6381376165536943
2025-01-02 16:18:47,2.985489391489298
2025-01-02 16:18:48,2.862443852138226
2025-01-02 16:18:49,3.416721542944916
2025-01-02 16:18:50,2.982699444277727
2025-01-02 16:18:51,3.3585990395042495
2025-01-02 16:18:52,3.3912982390932234
2025-01-02 16:18:53,3.0978352750552247
2025-01-02 16:18:54,2.7157670424022142
2025-01-02 16:18:55,3.2660389073970455
2025-01-02 16:18:56,3.573495804007492
2025-01-02 16:18:57,3.4837371166395625
2025-01-02 16:18:58,3.473177657112522
2025-01-02 16:18:59,3.2562966513404827
2025-01-02 16:19:00,3.5006505947151214
2025-01-02 16:19:01,3.0292053874016123
2025-01-02 16:19:02,3.3956703717007475
2025-01-02 16:19:03,3.7439000690711444
2025-01-02 16:19:04,3.188741244259508
2025-01-02 16:19:05,3.4703736560707745
2025-01-02 16:19:06,3.537095830433138
2025-01-02 16:19:07,3.3642946082073433
2025-01-02 16:19:08,3.1828320591609423
2025-01-02 16:19:09,4.012142480713461
2025-01-02 16:19:10,2.9397627391166066
2025-01-02 16:19:11,3.5709675595993238
2025-01-02 16:19:12,3.0032505712832336
2025-01-02 16:19:13,3.008668215283743
2025-01-02 16:19:14,3.11586452538259
2025-01-02 16:19:15,3.1619131751837846
2025-01-02 16:19:16,3.3050585217715556
2025-01-02 16:19:17,3.353121894521523
2025-01-02 16:19:18,2.956434713566868
2025-01-02 16:19:19,3.1797664906807195
2025-01-02 16:19:20,3.013956751659166
2025-01-02 16:19:21,3.327784612358885
2025-01-02 16:19:22,3.2991289535645683
2025-01-02 16:19:23,3.5271322592920713
2025-01-02 16:19:24,3.1288742595120143
2025-01-02 16:19:25,3.1174710522330975
2025-01-02 16:19:26,3.0667702604917233
2025-01-02 16:19:27,3.0532672011282407
2025-01-02 16:19:28,3.3801805125522644
2025-01-02 16:19:29,3.57282414531151
2025-01-02 16:19:30,3.5544880686161764
2025-01-02 16:19:31,3.5863046248573807
2025-01-02 16:19:32,2.5634563474731835
2025-01-02 16:19:33,3.471001065629364
2025-01-02 16:19:34,3.3326960403200685
2025-01-02 16:19:35,3.4874717069942647
2025-01-02 16:19:36,3.8294193231796334
2025-01-02 16:19:37,
2025-01-02 16:19:38,3.650036266317378
2025-01-02 16:19:39,3.626553442392489
2025-01-02 16:19:40,3.194795723341469
2025-01-02 16:19:41,3.592518382044356
2025-01-02 16:19:42,3.5403359441679094
2025-01-02 16:19:43,2.976269293836786
2025-01-02 16:19:44,2.8723505162792393
2025-01-02 16:19:45,2.9439585271153104
2025-01-02 16:19:46,3.2609118997882667
2025-01-02 16:19:47,3.3255888764595993
2025-01-02 16:19:48,2.5427564029822727
2025-01-02 16:19:49,3.231601834179356
2025-01-02 16:19:50,3.3880249921489725
2025-01-02 16:19:51,3.397534768664517
2025-01-02 16:19:52,3.869324733207552
2025-01-02 16:19:53,2.7816088472508653
2025-01-02 16:19:54,2.770847634633144
2025-01-02 16:19:55,3.0059041936686843
2025-01-02 16:19:56,3.494596983213453
2025-01-02 16:19:57,3.446476543632898
2025-01-02 16:19:58,3.306487556687515
2025-01-02 16:19:59,3.0162895141972013
2025-01-02 16:20:00,2.9059423096946793
2025-01-02 16:20:01,3.903179015834922
2025-01-02 16:20:02,3.4755482999704093
2025-01-02 16:20:03,2.8742336129847725
2025-01-02 16:20:04,3.12307983758053
2025-01-02 16:20:05,3.6757634284710115
2025-01-02 16:20:06,3.4191624386490695
2025-01-02 16:20:07,3.505996851705786
2025-01-02 16:20:08,2.9060304208310708
2025-01-02 16:20:09,3.493255536553447
2025-01-02 16:20:10,3.69905573989041
2025-01-02 16:20:11,3.3639201020380622
2025-01-02 16:20:12,3.353972940659306
2025-01-02 16:20:13,3.3577028865408804
2025-01-02 16:20:14,3.3154591395585324
2025-01-02 16:20:15,2.721851457506871
2025-01-02 16:20:16,3.572666378010977
2025-01-02 16:20:17,3.2307971337309205
2025-01-02 16:20:18,2.8788887218591657
2025-01-02 16:20:19,3.3000436021445934
2025-01-02 16:20:20,3.8863601662211016
2025-01-02 16:20:21,3.0461476344008855
2025-01-02 16:20:22,3.6566397222843774
2025-01-02 16:20:23,2.781904320039347
2025-01-02 16:20:24,2.9885587899276547
2025-01-02 16:20:25,3.7294498822915627
2025-01-02 16:20:26,2.9373006579058956
2025-01-02 16:20:27,3.2668359183558056
2025-01-02 16:20:28,2.9259993660510584
2025-01-02 16:20:29,3.1677332059918584
2025-01-02 16:20:30,3.796318503778017
2025-01-02 16:20:31,3.1237911987153226
2025-01-02 16:20:32,3.465261914691987
2025-01-02 16:20:33,3.270168032553506
2025-01-02 16:20:34,3.288807911339824
2025-01-02 16:20:35,3.9291224504512408
2025-01-02 16:20:36,3.008676738658219
2025-01-02 16:20:37,3.6550910296407992
2025-01-02 16:20:38,3.6448996114307075
2025-01-02 16:20:39,2.988219415560656
2025-01-02 16:20:40,3.1651209922325796
2025-01-02 16:20:41,3.1049325247401285
2025-01-02 16:20:42,3.202293261028331
2025-01-02 16:20:43,4.0285373901576325
2025-01-02 16:20:44,3.46662597671032
2025-01-02 16:20:45,3.81609144328305
2025-01-02 16:20:46,3.228060388502643
2025-01-02 16:20:47,3.2640048068313674
2025-01-02 16:20:48,3.0846727800233342
2025-01-02 16:20:49,3.537468216579002
2025-01-02 16:20:50,2.9879336250835395
2025-01-02 16:20:51,3.440172150040788
2025-01-02 16:20:52,3.062099395837834
2025-01-02 16:20:53,3.333818574978882
2025-01-02 16:20:54,4.0297094771982245
2025-01-02 16:20:55,3.1330955319902927
2025-01-02 16:20:56,3.72971869688095
2025-01-02 16:20:57,
2025-01-02 16:20:58,3.5399090690890223
2025-01-02 16:20:59,2.920761377914203
2025-01-02 16:21:00,3.8581673085379053
2025-01-02 16:21:01,3.8170379255080924
2025-01-02 16:21:02,2.850819566956479
2025-01-02 16:21:03,3.3042072619699585
2025-01-02 16:21:04,3.054639344538613
2025-01-02 16:21:05,3.2684831892580712
2025-01-02 16:21:06,3.8899067446379534
2025-01-02 16:21:07,3.681916163921743
2025-01-02 16:21:08,3.4253503555290337
2025-01-02 16:21:09,3.125519826267025
2025-01-02 16:21:10,3.431767816036696
2025-01-02 16:21:11,3.1280289881688605
2025-01-02 16:21:12,3.3848427595606156
2025-01-02 16:21:13,3.225881710333221
2025-01-02 16:21:14,3.3668780213962117
2025-01-02 16:21:15,3.3415662294598008
2025-01-02 16:21:16,3.748935224166544
2025-01-02 16:21:17,3.468843142040417
2025-01-02 16:21:18,3.3343617537810535
2025-01-02 16:21:19,3.4351771233394026
2025-01-02 16:21:20,3.1496843252540647
2025-01-02 16:21:21,2.922296762552767
2025-01-02 16:21:22,3.1844091160274934
2025-01-02 16:21:23,3.138928382367753
2025-01-02 16:21:24,3.0052769599775506
2025-01-02 16:21:25,3.617076560107242
2025-01-02 16:21:26,3.4581110429391173
2025-01-02 16:21:27,3.1954322255341103
2025-01-02 16:21:28,3.398200892432447
2025-01-02 16:21:29,3.1620431338719928
2025-01-02 16:21:30,3.437128985334793
2025-01-02 16:21:31,3.716543059730822
2025-01-02 16:21:32,3.722538725087
2025-01-02 16:21:33,3.4249314337889096
2025-01-02 16:21:34,3.213113079152403
2025-01-02 16:21:35,3.381526800440284
2025-01-02 16:21:36,3.2265383885227585
2025-01-02 16:21:37,3.0256195243135577
2025-01-02 16:21:38,2.6824526874382566
2025-01-02 16:21:39,3.5837065745674517
2025-01-02 16:21:40,3.2510301007036566
2025-01-02 16:21:41,3.577151021799715
2025-01-02 16:21:42,3.7375781419126035
2025-01-02 16:21:43,3.0400814065963777
2025-01-02 16:21:44,3.5942568946676587
2025-01-02 16:21:45,3.356566553614089
2025-01-02 16:21:46,2.958719508461445
2025-01-02 16:21:47,3.073558116683551
2025-01-02 16:21:48,3.436856221873274
2025-01-02 16:21:49,3.1059916892685235
2025-01-02 16:21:50,3.7683956861518286
2025-01-02 16:21:51,3.1455563433762594
2025-01-02 16:21:52,3.3582250070062036
2025-01-02 16:21:53,3.357031313668069
2025-01-02 16:21:54,3.416085109334763
2025-01-02 16:21:55,
2025-01-02 16:21:56,2.990463428632871
2025-01-02 16:21:57,3.162237283417997
2025-01-02 16:21:58,3.059901721211822
2025-01-02 16:21:59,3.212281903220337
2025-01-02 16:22:00,3.600181167572685
2025-01-02 16:22:01,3.2673729717604347
2025-01-02 16:22:02,3.214628682384503
2025-01-02 16:22:03,2.9428644357974707
2025-01-02 16:22:04,2.839735688947766
2025-01-02 16:22:05,3.8146262349392663
2025-01-02 16:22:06,2.8311635848015593
2025-01-02 16:22:07,3.316255251292877
2025-01-02 16:22:08,3.4412662266282514
2025-01-02 16:22:09,3.3396018517998023
2025-01-02 16:22:10,3.099914722063849
2025-01-02 16:22:11,3.7376625356174817
2025-01-02 16:22:12,3.6721591536379754
2025-01-02 16:22:13,3.7688165248464567
2025-01-02 16:22:14,3.736885057565537
2025-01-02 16:22:15,3.0816926993604614
2025-01-02 16:22:16,3.42509323152646
2025-01-02 16:22:17,3.577808142103944
2025-01-02 16:22:18,3.4381814478501957
2025-01-02 16:22:19,3.6680026160045514
2025-01-02 16:22:20,3.487937748806653
2025-01-02 16:22:21,3.692719064743421
2025-01-02 16:22:22,3.0739520221857335
2025-01-02 16:22:23,2.837080093460111
2025-01-02 16:22:24,3.2634691368119753
2025-01-02 16:22:25,3.3813294412863932
2025-01-02 16:22:26,3.3133120954497426
2025-01-02 16:22:27,3.0126167466683467
2025-01-02 16:22:28,3.633800680765582
2025-01-02 16:22:29,2.7589156077245125
2025-01-02 16:22:30,3.3060585137842042
2025-01-02 16:22:31,3.4049966512481245
2025-01-02 16:22:32,3.8088039072115336
2025-01-02 16:22:33,3.1093912800753176
2025-01-02 16:22:34,3.4132925351861854
2025-01-02 16:22:35,3.574814564129353
2025-01-02 16:22:36,3.7562086454896217
2025-01-02 16:22:37,3.6047285747415305
2025-01-02 16:22:38,3.160760987050908
2025-01-02 16:22:39,3.326150155077887
2025-01-02 16:22:40,3.0874364754661063
2025-01-02 16:22:41,3.2305745009060134
2025-01-02 16:22:42,2.9942740693090157
2025-01-02 16:22:43,3.3686179963764538
2025-01-02 16:22:44,3.5981963995367634
2025-01-02 16:22:45,2.914351802492693
2025-01-02 16:22:46,2.873589972727334
2025-01-02 16:22:47,3.2461870254177216
2025-01-02 16:22:48,3.6969967933247387
2025-01-02 16:22:49,3.1587220616506624
2025-01-02 16:22:50,3.506478861190395
2025-01-02 16:22:51,3.4662483978460084
2025-01-02 16:22:52,3.2040422475056314
2025-01-02 16:22:53,3.1282025343054403
2025-01-02 16:22:54,3.488729925174152
2025-01-02 16:22:55,2.9222056759440482
2025-01-02 16:22:56,3.0281884728484094
2025-01-02 16:22:57,3.385671370706809
2025-01-02 16:22:58,3.3483909890590167
2025-01-02 16:22:59,2.88978871599865
2025-01-02 16:23:00,3.308672736589209
2025-01-02 16:23:01,2.7165513245011303
2025-01-02 16:23:02,3.39999267448985
2025-01-02 16:23:03,2.486842516017748
2025-01-02 16:23:04,3.382001157149593
2025-01-02 16:23:05,2.9488093881649666
2025-01-02 16:23:06,3.0383541392870925
2025-01-02 16:23:07,3.095227766885671
2025-01-02 16:23:08,3.336143373724106
2025-01-02 16:23:09,2.839683975149448
2025-01-02 16:23:10,3.010033228575974
2025-01-02 16:23:11,2.7865072933801134
2025-01-02 16:23:12,3.667203194952443
2025-01-02 16:23:13,3.309656269772611
2025-01-02 16:23:14,3.1671329547722333
2025-01-02 16:23:15,3.0822965751245976
2025-01-02 16:23:16,3.362506788644561
2025-01-02 16:23:17,3.4363027920446743
2025-01-02 16:23:18,4.0727042478807
2025-01-02 16:23:19,3.5400887894799515
2025-01-02 16:23:20,3.4132316761693096
2025-01-02 16:23:21,3.046488477634282
2025-01-02 16:23:22,2.7376255050128693
2025-01-02 16:23:23,3.484827327260326
2025-01-02 16:23:24,3.314039542161539
2025-01-02 16:23:25,3.117575760337733
2025-01-02 16:23:26,3.68862704233322
2025-01-02 16:23:27,3.099031331704887
2025-01-02 16:23:28,3.3471918504442777
2025-01-02 16:23:29,2.8604163717737183
2025-01-02 16:23:30,3.318574308219933
2025-01-02 16:23:31,3.48291163411344
2025-01-02 16:23:32,3.4526279485858375
2025-01-02 16:23:33,2.9012822603390513
2025-01-02 16:23:34,2.6144888626887273
2025-01-02 16:23:35,3.1103161253909346
2025-01-02 16:23:36,3.187280471526298
2025-01-02 16:23:37,3.264662773108287
2025-01-02 16:23:38,3.49342971353075
2025-01-02 16:23:39,3.2685350299857094
2025-01-02 16:23:40,2.74373525794091
2025-01-02 16:23:41,3.2583502876644044
2025-01-02 16:23:42,3.0346738634186883
2025-01-02 16:23:43,3.600935997180427
2025-01-02 16:23:44,3.6023049901672386
2025-01-02 16:23:45,3.6010893543339244
2025-01-02 16:23:46,3.506072424984661
2025-01-02 16:23:47,2.9453188961010794
2025-01-02 16:23:48,2.912131030050409
2025-01-02 16:23:49,3.7653564908123474
2025-01-02 16:23:50,3.5237704544190573
2025-01-02 16:23:51,3.2513248068198592
2025-01-02 16:23:52,3.6697646201723377
2025-01-02 16:23:53,3.067863349686883
2025-01-02 16:23:54,3.6106187987162865
2025-01-02 16:23:55,3.437614274451497
2025-01-02 16:23:56,3.2449502576602574
2025-01-02 16:23:57,3.549184772908153
2025-01-02 16:23:58,3.572379334069838
2025-01-02 16:23:59,4.054596609305848
2025-01-02 16:24:00,3.639087024223037
2025-01-02 16:24:01,3.365287124203071
2025-01-02 16:24:02,3.2853695819263664
2025-01-02 16:24:03,3.4837114022715188
2025-01-02 16:24:04,3.4699171944812677
2025-01-02 16:24:05,3.2005119804841975
2025-01-02 16:24:06,3.3408615489806257
2025-01-02 16:24:07,3.1854041426632467
2025-01-02 16:24:08,3.12232114439105
2025-01-02 16:24:09,3.6612554477670924
2025-01-02 16:24:10,3.080768045550751
2025-01-02 16:24:11,3.9034245132926997
2025-01-02 16:24:12,2.88959904707271
2025-01-02 16:24:13,3.7964842578826206
2025-01-02 16:24:14,3.7096636427742262
2025-01-02 16:24:15,2.945772985755147
2025-01-02 16:24:16,3.648801579118038
2025-01-02 16:24:17,3.871707852824572
2025-01-02 16:24:18,3.3161352218868307
2025-01-02 16:24:19,3.3131992319197985
2025-01-02 16:24:20,3.140627148530304
2025-01-02 16:24:21,2.619637479769665
2025-01-02 16:24:22,3.1858128111926187
2025-01-02 16:24:23,3.489048991650329
2025-01-02 16:24:24,3.493324138504489
2025-01-02 16:24:25,3.3057309598951403
2025-01-02 16:24:26,3.2746109726972734
2025-01-02 16:24:27,3.121389645092532
2025-01-02 16:24:28,2.882178472389949
2025-01-02 16:24:29,2.9887858828242737
2025-01-02 16:24:30,3.1944520533963265
2025-01-02 16:24:31,2.8993260185029923
2025-01-02 16:24:32,3.3126908736447844
2025-01-02 16:24:33,3.5074916929716835
2025-01-02 16:24:34,3.1388800630591707
2025-01-02 16:24:35,2.9588812916409517
2025-01-02 16:24:36,3.297411633439093
2025-01-02 16:24:37,2.7583465955337747
2025-01-02 16:24:38,3.3171392663372923
2025-01-02 16:24:39,3.1846214239240944
2025-01-02 16:24:40,3.243764061124366
2025-01-02 16:24:41,2.9019908959804512
2025-01-02 16:24:42,3.074705795257867
2025-01-02 16:24:43,3.625459736057334
2025-01-02 16:24:44,2.926068218573763
2025-01-02 16:24:45,3.3910655326665564
2025-01-02 16:24:46,2.7340946712398413
2025-01-02 16:24:47,
2025-01-02 16:24:48,3.268291364360048
2025-01-02 16:24:49,3.4443648427941684
2025-01-02 16:24:50,3.74410573224405
2025-01-02 16:24:51,3.7658280959805364
2025-01-02 16:24:52,3.490094259043761
2025-01-02 16:24:53,3.5073917569302213
2025-01-02 16:24:54,3.439034652078635
2025-01-02 16:24:55,3.473516246586718
2025-01-02 16:24:56,3.597798579503207
2025-01-02 16:24:57,3.907465402621561
2025-01-02 16:24:58,3.094041966203614
2025-01-02 16:24:59,3.091452658612113
2025-01-02 16:25:00,3.2495225778055135
2025-01-02 16:25:01,3.231452884490777
2025-01-02 16:25:02,3.4501607546921935
2025-01-02 16:25:03,3.1835143875856753
2025-01-02 16:25:04,3.1023597251271444
2025-01-02 16:25:05,2.865559048542702
2025-01-02 16:25:06,3.8177355974828595
2025-01-02 16:25:07,3.245121362490079
2025-01-02 16:25:08,3.3004030191401545
2025-01-02 16:25:09,3.5345434504700792
2025-01-02 16:25:10,3.3384179625409867
2025-01-02 16:25:11,3.2654902986518457
2025-01-02 16:25:12,3.0949540789083536
2025-01-02 16:25:13,2.987388346964323
2025-01-02 16:25:14,3.2843190048732724
2025-01-02 16:25:15,3.3362561788135205
2025-01-02 16:25:16,
2025-01-02 16:25:17,3.795407782026646
2025-01-02 16:25:18,3.187820158502759
2025-01-02 16:25:19,3.2702719666937914
2025-01-02 16:25:20,3.4718448734853418
2025-01-02 16:25:21,3.8109351979681114
2025-01-02 16:25:22,3.43785675558786
2025-01-02 16:25:23,3.2627551849999525
2025-01-02 16:25:24,4.025994545114433
2025-01-02 16:25:25,3.5966408064795723
2025-01-02 16:25:26,2.920057439856277
2025-01-02 16:25:27,3.6732451803516857
2025-01-02 16:25:28,3.5943635298651393
2025-01-02 16:25:29,2.805198605079929
2025-01-02 16:25:30,3.480830628411855
2025-01-02 16:25:31,3.261610370879991
2025-01-02 16:25:32,3.168774626052903
2025-01-02 16:25:33,3.188911139227018
2025-01-02 16:25:34,3.327934089783964
2025-01-02 16:25:35,3.7423611360055253
2025-01-02 16:25:36,3.5214320581339287
2025-01-02 16:25:37,3.44727244471696
2025-01-02 16:25:38,3.5217413760311116
2025-01-02 16:25:39,3.2629115990206845
2025-01-02 16:25:40,3.565946777233807
2025-01-02 16:25:41,2.658543345363202
2025-01-02 16:25:42,3.347684864469374
2025-01-02 16:25:43,3.378065216700747
2025-01-02 16:25:44,3.164997315824974
2025-01-02 16:25:45,3.4565038320351245
2025-01-02 16:25:46,3.211594086936425
2025-01-02 16:25:47,3.5273195479701434
2025-01-02 16:25:48,3.0447288558118903
2025-01-02 16:25:49,3.4340351111591283
2025-01-02 16:25:50,3.1676150758974986
2025-01-02 16:25:51,3.191707225654088
2025-01-02 16:25:52,3.118823120590538
2025-01-02 16:25:53,3.84157727721834
2025-01-02 16:25:54,3.0799935496131696
2025-01-02 16:25:55,3.8557726596808424
2025-01-02 16:25:56,3.952557267289484
2025-01-02 16:25:57,3.1452809490455333
2025-01-02 16:25:58,3.3896548711246637
2025-01-02 16:25:59,3.125333019691136
2025-01-02 16:26:00,3.3801170551955644
2025-01-02 16:26:01,3.6223624717162948
2025-01-02 16:26:02,2.8745598951040154
2025-01-02 16:26:03,3.9133284102002657
2025-01-02 16:26:04,2.7704751251036894
2025-01-02 16:26:05,3.037651001287763
2025-01-02 16:26:06,3.6251128987182817
2025-01-02 16:26:07,3.598916096128804
2025-01-02 16:26:08,2.9284623288175338
2025-01-02 16:26:09,3.2495155643583202
2025-01-02 16:26:10,3.3898170843498865
2025-01-02 16:26:11,2.765443433841112
2025-01-02 16:26:12,2.836067068766452
2025-01-02 16:26:13,3.6695128187625343
2025-01-02 16:26:14,3.060940945088825
2025-01-02 16:26:15,2.9889040117478602
2025-01-02 16:26:16,3.7955779056954255
2025-01-02 16:26:17,3.2710063257541457
2025-01-02 16:26:18,3.176772691085785
2025-01-02 16:26:19,3.0351706253645276
2025-01-02 16:26:20,3.2868150916064005
2025-01-02 16:26:21,3.3096860263253123
2025-01-02 16:26:22,3.0780864582341536
2025-01-02 16:26:23,3.937794497660917
2025-01-02 16:26:24,3.4738394078751047
2025-01-02 16:26:25,2.8940409691990046
2025-01-02 16:26:26,3.1879189573902424
2025-01-02 16:26:27,3.730909999512499
2025-01-02 16:26:28,3.471408434370698
2025-01-02 16:26:29,3.2003207132540825
2025-01-02 16:26:30,
2025-01-02 16:26:31,3.241323213345818
2025-01-02 16:26:32,3.4956358386562263
2025-01-02 16:26:33,3.2796923240757736
2025-01-02 16:26:34,3.022133622219519
2025-01-02 16:26:35,3.110509234312325
2025-01-02 16:26:36,3.737918078581239
2025-01-02 16:26:37,3.515732204452812
2025-01-02 16:26:38,3.6793703304912535
2025-01-02 16:26:39,3.536464397267224
2025-01-02 16:26:40,3.424289244533503
2025-01-02 16:26:41,3.1797662368896087
2025-01-02 16:26:42,2.9572315797698137
2025-01-02 16:26:43,3.616137626993041
2025-01-02 16:26:44,3.1842818553839294
2025-01-02 16:26:45,3.3803296743511675
2025-01-02 16:26:46,3.175837422104553
2025-01-02 16:26:47,3.1766838473350814
2025-01-02 16:26:48,3.440006984773948
2025-01-02 16:26:49,2.97894374053577
2025-01-02 16:26:50,2.9510564052459918
2025-01-02 16:26:51,3.5773697611133444
2025-01-02 16:26:52,3.3140689172969378
2025-01-02 16:26:53,3.2270517639989196
2025-01-02 16:26:54,3.6253804343620306
2025-01-02 16:26:55,3.6731481296730415
2025-01-02 16:26:56,3.3170968169110706
2025-01-02 16:26:57,2.9495278998667716
2025-01-02 16:26:58,3.287061945013331
2025-01-02 16:26:59,2.994232908924368
2025-01-02 16:27:00,3.1404207263011563
2025-01-02 16:27:01,3.5513292347006074
2025-01-02 16:27:02,3.4102988132634007
2025-01-02 16:27:03,3.157279458509318
2025-01-02 16:27:04,3.258544528101824
2025-01-02 16:27:05,3.2912999813174264
2025-01-02 16:27:06,2.988341278609613
2025-01-02 16:27:07,3.161131184486826
2025-01-02 16:27:08,2.865267666977947
2025-01-02 16:27:09,3.4306107415446645
2025-01-02 16:27:10,3.215900566269088
2025-01-02 16:27:11,3.6107717794083927
2025-01-02 16:27:12,3.0640106005411285
2025-01-02 16:27:13,3.2654058157566075
2025-01-02 16:27:14,3.086108795883611
2025-01-02 16:27:15,3.3123720856123064
2025-01-02 16:27:16,3.3706183721823257
2025-01-02 16:27:17,3.291853386273284
2025-01-02 16:27:18,3.5132475242254175
2025-01-02 16:27:19,3.5521219604457035
2025-01-02 16:27:20,3.0380808290697487
2025-01-02 16:27:21,3.283023883975858
2025-01-02 16:27:22,3.0687477347280683
2025-01-02 16:27:23,2.797333526076872
2025-01-02 16:27:24,3.8484327661140507
2025-01-02 16:27:25,3.5363477423013934
2025-01-02 16:27:26,3.903521259685122
2025-01-02 16:27:27,2.8992320957544377
2025-01-02 16:27:28,
2025-01-02 16:27:29,3.3099364986326543
2025-01-02 16:27:30,2.7886010338058544
2025-01-02 16:27:31,3.0184569225329296
2025-01-02 16:27:32,3.283987936878723
2025-01-02 16:27:33,3.2986981862843416
2025-01-02 16:27:34,3.7980935105446743
2025-01-02 16:27:35,3.328283767934708
2025-01-02 16:27:36,
2025-01-02 16:27:37,3.229926490142336
2025-01-02 16:27:38,3.060518985656696
2025-01-02 16:27:39,3.326139686009107
2025-01-02 16:27:40,3.2279921229145923
2025-01-02 16:27:41,3.2861161013930094
2025-01-02 16:27:42,3.0028937211041846
2025-01-02 16:27:43,3.1694364538874398
2025-01-02 16:27:44,3.6272501314794927
2025-01-02 16:27:45,3.579610048920051
2025-01-02 16:27:46,3.6465232519568005
2025-01-02 16:27:47,3.405754879092904
2025-01-02 16:27:48,3.579960004992571
2025-01-02 16:27:49,3.2819821786595993
2025-01-02 16:27:50,3.4561410078678367
2025-01-02 16:27:51,3.179930377265773
2025-01-02 16:27:52,3.064741130119759
2025-01-02 16:27:53,3.3353763298826373
2025-01-02 16:27:54,3.084617339686229
2025-01-02 16:27:55,3.563896599727059
2025-01-02 16:27:56,3.7455933523001463
2025-01-02 16:27:57,3.4486784255893372
2025-01-02 16:27:58,3.2425091596170925
2025-01-02 16:27:59,3.202599267232194
2025-01-02 16:28:00,3.3063389398963263
2025-01-02 16:28:01,3.395226952021498
2025-01-02 16:28:02,3.6075670019852786
2025-01-02 16:28:03,3.0243363204945335
2025-01-02 16:28:04,2.8292223406215067
2025-01-02 16:28:05,2.9904959775392883
2025-01-02 16:28:06,3.3000825051395735
2025-01-02 16:28:07,3.251997206713467
2025-01-02 16:28:08,3.2107251690375076
2025-01-02 16:28:09,3.2577183222994246
2025-01-02 16:28:10,2.935752009808289
2025-01-02 16:28:11,3.573599579338239
2025-01-02 16:28:12,3.494125627189859
2025-01-02 16:28:13,2.9236420862262
2025-01-02 16:28:14,3.508984189945905
2025-01-02 16:28:15,3.5177895313254517
2025-01-02 16:28:16,3.3471569252392617
2025-01-02 16:28:17,2.874360012396628
2025-01-02 16:28:18,3.47772715014072
2025-01-02 16:28:19,3.3482853811161983
2025-01-02 16:28:20,3.0807023987206934
2025-01-02 16:28:21,3.1941907226860975
2025-01-02 16:28:22,3.355668548611227
2025-01-02 16:28:23,3.315720246434118
2025-01-02 16:28:24,3.6882050342079937
2025-01-02 16:28:25,3.3521974308018474
2025-01-02 16:28:26,3.65572760507418
2025-01-02 16:28:27,3.490859995476594
2025-01-02 16:28:28,3.3814304205690733
2025-01-02 16:28:29,3.3770776252072174
2025-01-02 16:28:30,3.5215605017274685
2025-01-02 16:28:31,3.7506956533573295
2025-01-02 16:28:32,2.6563218169862726
2025-01-02 16:28:33,3.0532001496255576
2025-01-02 16:28:34,3.199636190117742
2025-01-02 16:28:35,
2025-01-02 16:28:36,3.5879496315211576
2025-01-02 16:28:37,3.1217033726544248
2025-01-02 16:28:38,3.240497378248413
2025-01-02 16:28:39,2.9959349996655327
2025-01-02 16:28:40,2.611425662437794
2025-01-02 16:28:41,2.610913197543089
2025-01-02 16:28:42,2.8720799759024676
2025-01-02 16:28:43,3.374591345092419
2025-01-02 16:28:44,3.340462930593393
2025-01-02 16:28:45,3.1535623133553994
2025-01-02 16:28:46,3.2413886105792757
2025-01-02 16:28:47,3.5176152051182568
2025-01-02 16:28:48,3.03640198501949
2025-01-02 16:28:49,2.8246633778411123
2025-01-02 16:28:50,3.136689549398549
2025-01-02 16:28:51,
2025-01-02 16:28:52,3.993759602942374
2025-01-02 16:28:53,3.60207765749254
2025-01-02 16:28:54,3.4202031172494314
2025-01-02 16:28:55,3.486237640348116
2025-01-02 16:28:56,3.3924757851787524
2025-01-02 16:28:57,3.430722848733878
2025-01-02 16:28:58,3.0125824348674857
2025-01-02 16:28:59,3.102649992892858
2025-01-02 16:29:00,3.194635631087508
2025-01-02 16:29:01,3.1025808796212617
2025-01-02 16:29:02,3.666134856462024
2025-01-02 16:29:03,4.117994026324601
2025-01-02 16:29:04,2.600839670143717
2025-01-02 16:29:05,3.394364050824125
2025-01-02 16:29:06,3.062814213575495
2025-01-02 16:29:07,2.8292881195978805
2025-01-02 16:29:08,2.989804306413676
2025-01-02 16:29:09,2.667661772434647
2025-01-02 16:29:10,2.974392334729692
2025-01-02 16:29:11,3.4120791173809337
2025-01-02 16:29:12,3.1829592361584984
2025-01-02 16:29:13,2.8455073900780232
2025-01-02 16:29:14,2.7460882711231624
2025-01-02 16:29:15,3.4165723548699716
2025-01-02 16:29:16,3.4743634793574403
2025-01-02 16:29:17,3.564908972856819
2025-01-02 16:29:18,3.340532550991877
2025-01-02 16:29:19,3.2053303175871815
2025-01-02 16:29:20,
2025-01-02 16:29:21,3.1682350005427993
2025-01-02 16:29:22,3.5779453976340867
2025-01-02 16:29:23,3.6483001612536183
2025-01-02 16:29:24,3.8456616536366584
2025-01-02 16:29:25,3.433444530954367
2025-01-02 16:29:26,3.4975517211373464
2025-01-02 16:29:27,3.5096681406795387
2025-01-02 16:29:28,3.2667167983562235
2025-01-02 16:29:29,3.2935758245200173
2025-01-02 16:29:30,3.038390685757481
2025-01-02 16:29:31,4.071515527583452
2025-01-02 16:29:32,3.675410726857974
2025-01-02 16:29:33,3.460803822386967
2025-01-02 16:29:34,3.369749206412381
2025-01-02 16:29:35,3.4616334158071265
2025-01-02 16:29:36,3.133821855270852
2025-01-02 16:29:37,2.759081848095737
2025-01-02 16:29:38,2.900625778367159
2025-01-02 16:29:39,3.0531827923419805
2025-01-02 16:29:40,3.113718575190214
2025-01-02 16:29:41,3.256777380116266
2025-01-02 16:29:42,3.2080565598153705
2025-01-02 16:29:43,3.073652740522837
2025-01-02 16:29:44,3.2757905257829467
2025-01-02 16:29:45,3.1438256837069773
2025-01-02 16:29:46,3.5226804875773543
2025-01-02 16:29:47,3.5150118752185757
2025-01-02 16:29:48,3.066925305244615
2025-01-02 16:29:49,3.053987397182195
2025-01-02 16:29:50,3.488077118589066
2025-01-02 16:29:51,3.19586305099309
2025-01-02 16:29:52,3.3232527775323017
2025-01-02 16:29:53,3.4197538025234495
2025-01-02 16:29:54,3.6576138223737287
2025-01-02 16:29:55,3.104198763555387
2025-01-02 16:29:56,3.17782939426112
2025-01-02 16:29:57,3.471204793752029
2025-01-02 16:29:58,3.4103852638737897
2025-01-02 16:29:59,3.5855760988760923
2025-01-02 16:30:00,3.175135858872632
2025-01-02 16:30:01,3.2757815418312997
2025-01-02 16:30:02,3.335123197144761
2025-01-02 16:30:03,3.1429916468543486
2025-01-02 16:30:04,3.158229202992127
2025-01-02 16:30:05,3.3119946094106494
2025-01-02 16:30:06,3.1511352869959257
2025-01-02 16:30:07,3.2070544244156802
2025-01-02 16:30:08,2.7924106703923175
2025-01-02 16:30:09,3.4438517703460025
2025-01-02 16:30:10,3.463468094943809
2025-01-02 16:30:11,3.1446828613206597
2025-01-02 16:30:12,3.343758520033092
2025-01-02 16:30:13,3.101066884605053
2025-01-02 16:30:14,3.3873281059741953
2025-01-02 16:30:15,3.28154066272749
2025-01-02 16:30:16,2.9060978720449295
2025-01-02 16:30:17,3.2819862107505604
2025-01-02 16:30:18,
2025-01-02 16:30:19,3.465839444184599
2025-01-02 16:30:20,3.1986282659675407
2025-01-02 16:30:21,2.783145307808902
2025-01-02 16:30:22,3.414010543796025
2025-01-02 16:30:23,3.3031569552997118
2025-01-02 16:30:24,3.4492666044401283
2025-01-02 16:30:25,3.232230605708547
2025-01-02 16:30:26,2.9590236978084534
2025-01-02 16:30:27,3.116369755099157
2025-01-02 16:30:28,3.2515683301359464
2025-01-02 16:30:29,3.4241695263263385
2025-01-02 16:30:30,2.992034963478348
2025-01-02 16:30:31,3.1964580825660915
2025-01-02 16:30:32,3.366277478985636
2025-01-02 16:30:33,3.408422206094699
2025-01-02 16:30:34,3.3853902136861707
2025-01-02 16:30:35,3.164231306024331
2025-01-02 16:30:36,3.644640058946357
2025-01-02 16:30:37,3.7387688752914414
2025-01-02 16:30:38,2.7304264308138126
2025-01-02 16:30:39,2.5904507104477235
2025-01-02 16:30:40,3.1278747650444867
2025-01-02 16:30:41,3.333698263609769
2025-01-02 16:30:42,3.5411763806664798
2025-01-02 16:30:43,3.5589076031959794
2025-01-02 16:30:44,3.219605908898912
2025-01-02 16:30:45,3.2546928485649995
2025-01-02 16:30:46,3.5161744864985005
2025-01-02 16:30:47,3.3442910239152734
2025-01-02 16:30:48,3.04017024682475
2025-01-02 16:30:49,3.0598109117262364
2025-01-02 16:30:50,
2025-01-02 16:30:51,3.0074221799661593
2025-01-02 16:30:52,3.1410010676032694
2025-01-02 16:30:53,2.9746461978269556
2025-01-02 16:30:54,3.1132731825903917
2025-01-02 16:30:55,2.890445780590161
2025-01-02 16:30:56,3.0443253259158336
2025-01-02 16:30:57,3.1979677894816874
2025-01-02 16:30:58,3.40655128314255
2025-01-02 16:30:59,3.042096160565616
2025-01-02 16:31:00,3.739032854715
2025-01-02 16:31:01,3.405113569903584
2025-01-02 16:31:02,2.64318638261562
2025-01-02 16:31:03,3.0247557764989854
2025-01-02 16:31:04,3.1208991250781044
2025-01-02 16:31:05,3.4381152861399182
2025-01-02 16:31:06,3.2098692984863653
2025-01-02 16:31:07,3.0978548426593013
2025-01-02 16:31:08,3.220016213084284
2025-01-02 16:31:09,3.212564583889044
2025-01-02 16:31:10,3.480082147387323
2025-01-02 16:31:11,3.0962757594078356
2025-01-02 16:31:12,2.6444739960226307
2025-01-02 16:31:13,3.266794204502654
2025-01-02 16:31:14,3.042366658335335
2025-01-02 16:31:15,2.8751001726645384
2025-01-02 16:31:16,3.1340412545776153
2025-01-02 16:31:17,3.1397296878623484
2025-01-02 16:31:18,3.3460107610917484
2025-01-02 16:31:19,3.116717157555601
2025-01-02 16:31:20,3.146818510060541
2025-01-02 16:31:21,3.2320474982760996
2025-01-02 16:31:22,3.637504074435559
2025-01-02 16:31:23,3.477389818033353
2025-01-02 16:31:24,3.588877565673177
2025-01-02 16:31:25,2.860084137804839
2025-01-02 16:31:26,3.2606451147433626
2025-01-02 16:31:27,3.115634629434308
2025-01-02 16:31:28,2.8360465436419
2025-01-02 16:31:29,3.410241566916383
2025-01-02 16:31:30,3.2959121306531363
2025-01-02 16:31:31,3.6617206357036247
2025-01-02 16:31:32,3.800447743596626
2025-01-02 16:31:33,3.28558328229762
2025-01-02 16:31:34,2.6569821985154576
2025-01-02 16:31:35,2.9095348967094097
2025-01-02 16:31:36,
2025-01-02 16:31:37,3.215277477937642
2025-01-02 16:31:38,3.305610247902606
2025-01-02 16:31:39,4.046910407902716
2025-01-02 16:31:40,3.355852401678732
2025-01-02 16:31:41,3.534354892697915
2025-01-02 16:31:42,3.3851512490501947
2025-01-02 16:31:43,3.040209165827641
2025-01-02 16:31:44,3.9147582716623126
2025-01-02 16:31:45,3.439786986425254
2025-01-02 16:31:46,2.8846486686346013
2025-01-02 16:31:47,3.3734072908149937
2025-01-02 16:31:48,2.7861394550056344
2025-01-02 16:31:49,3.397603738194002
2025-01-02 16:31:50,3.6479849963449533
2025-01-02 16:31:51,3.1301029317822864
2025-01-02 16:31:52,2.8919803294357456
2025-01-02 16:31:53,2.997992500964458
2025-01-02 16:31:54,3.4499028908690823
2025-01-02 16:31:55,3.823368957959906
2025-01-02 16:31:56,2.5735896101004165
2025-01-02 16:31:57,3.0575202910958996
2025-01-02 16:31:58,3.1903754125307273
2025-01-02 16:31:59,3.5731235541718442
2025-01-02 16:32:00,3.116820013835542
2025-01-02 16:32:01,3.183415970720219
2025-01-02 16:32:02,2.899505952967602
2025-01-02 16:32:03,3.840644332224999
2025-01-02 16:32:04,3.4721734353434774
2025-01-02 16:32:05,3.179371920556382
2025-01-02 16:32:06,3.501881981209666
2025-01-02 16:32:07,3.2394009344128905
2025-01-02 16:32:08,3.4030564238898404
2025-01-02 16:32:09,2.8208331617428355
2025-01-02 16:32:10,3.263264256801217
2025-01-02 16:32:11,3.902077034889675
2025-01-02 16:32:12,2.9562318428213503
2025-01-02 16:32:13,3.7546068982598126
2025-01-02 16:32:14,2.9016126023316415
2025-01-02 16:32:15,3.5069142281727874
2025-01-02 16:32:16,2.710549921282791
2025-01-02 16:32:17,3.18288067694397
2025-01-02 16:32:18,3.334953531268305
2025-01-02 16:32:19,2.841392804964916
2025-01-02 16:32:20,3.110036642288879
2025-01-02 16:32:21,3.3660916013869917
2025-01-02 16:32:22,3.3438471368337543
2025-01-02 16:32:23,3.2780950056658447
2025-01-02 16:32:24,3.1478673686674234
2025-01-02 16:32:25,3.017251197095672
2025-01-02 16:32:26,3.7292906781412443
2025-01-02 16:32:27,2.983670721332052
2025-01-02 16:32:28,3.141479478309776
2025-01-02 16:32:29,3.3520232334355784
2025-01-02 16:32:30,3.4585069336574787
2025-01-02 16:32:31,3.256063099393556
2025-01-02 16:32:32,3.687938763172629
2025-01-02 16:32:33,
2025-01-02 16:32:34,3.133392019971248
2025-01-02 16:32:35,2.9368909444895905
2025-01-02 16:32:36,3.485529892825494
2025-01-02 16:32:37,3.3359503110354387
2025-01-02 16:32:38,3.341108381019378
2025-01-02 16:32:39,3.242844343312901
2025-01-02 16:32:40,3.365486548184686
2025-01-02 16:32:41,3.4797660713255265
2025-01-02 16:32:42,3.2201059732266812
2025-01-02 16:32:43,3.8063443085174025
2025-01-02 16:32:44,2.9632195286639638
2025-01-02 16:32:45,3.085912584974832
2025-01-02 16:32:46,3.2005579602442547
2025-01-02 16:32:47,3.2800488016397344
2025-01-02 16:32:48,3.1155871698147
2025-01-02 16:32:49,2.9843769977245387
2025-01-02 16:32:50,3.118548688432523
2025-01-02 16:32:51,2.7244869114547368
2025-01-02 16:32:52,3.4032491186676066
2025-01-02 16:32:53,3.437494019377267
2025-01-02 16:32:54,2.7296431318768866
2025-01-02 16:32:55,3.284650296431117
2025-01-02 16:32:56,3.4140904248799013
2025-01-02 16:32:57,3.6492075835073803
2025-01-02 16:32:58,3.3183461248665718
2025-01-02 16:32:59,3.457662865782509
2025-01-02 16:33:00,3.270212420056134
2025-01-02 16:33:01,2.992849137500029
2025-01-02 16:33:02,3.115335330174254
2025-01-02 16:33:03,3.4190092137093617
2025-01-02 16:33:04,3.1695001736921324
2025-01-02 16:33:05,3.1056093680573835
2025-01-02 16:33:06,3.35406941071645
2025-01-02 16:33:07,3.4605883156506545
2025-01-02 16:33:08,3.026266164017646
2025-01-02 16:33:09,3.203873193883758
2025-01-02 16:33:10,3.1215520853273016
2025-01-02 16:33:11,3.6346574451545863
2025-01-02 16:33:12,3.164607294145132
2025-01-02 16:33:13,3.6896872268205168
2025-01-02 16:33:14,3.217658758084738
2025-01-02 16:33:15,3.3138484514105793
2025-01-02 16:33:16,3.03739117842693
2025-01-02 16:33:17,3.173881175065954
2025-01-02 16:33:18,3.3946478294029188
2025-01-02 16:33:19,2.8992797924879303
2025-01-02 16:33:20,3.5268577494842344
2025-01-02 16:33:21,2.958285865693167
2025-01-02 16:33:22,3.2701948979411877
2025-01-02 16:33:23,3.247197995196173
2025-01-02 16:33:24,2.9939099345981406
2025-01-02 16:33:25,3.4059674962789326
2025-01-02 16:33:26,3.2649951191987574
2025-01-02 16:33:27,3.2875795278057516
2025-01-02 16:33:28,2.978713431993027
2025-01-02 16:33:29,3.104035423857092
2025-01-02 16:33:30,2.6312370373551457
2025-01-02 16:33:31,3.1168484382514965
2025-01-02 16:33:32,2.9435585753102855
2025-01-02 16:33:33,3.096007090960307
2025-01-02 16:33:34,3.2920783324805987
2025-01-02 16:33:35,2.924643238325731
2025-01-02 16:33:36,3.06934499735808
2025-01-02 16:33:37,3.8221756383076926
2025-01-02 16:33:38,3.0440391691699635
2025-01-02 16:33:39,3.7558054185926473
2025-01-02 16:33:40,3.359712579505319
2025-01-02 16:33:41,3.280245449999672
2025-01-02 16:33:42,3.450850303251273
2025-01-02 16:33:43,3.4018551965208728
2025-01-02 16:33:44,3.001074688468971
2025-01-02 16:33:45,3.526972639166207
2025-01-02 16:33:46,3.04286196498279
2025-01-02 16:33:47,3.466666407722687
2025-01-02 16:33:48,3.285789113005278
2025-01-02 16:33:49,2.7933301608449743
2025-01-02 16:33:50,3.0399932636825584
2025-01-02 16:33:51,2.843701807535432
2025-01-02 16:33:52,3.144378338433148
2025-01-02 16:33:53,3.0177274385906565
2025-01-02 16:33:54,3.2884904723421102
2025-01-02 16:33:55,2.9663885497875055
2025-01-02 16:33:56,2.858774826660459
2025-01-02 16:33:57,3.0994168336906096
2025-01-02 16:33:58,3.593569816349255
2025-01-02 16:33:59,3.142557499434056
2025-01-02 16:34:00,3.082784085159851
2025-01-02 16:34:01,3.3486558096953893
2025-01-02 16:34:02,3.2630962983998675
2025-01-02 16:34:03,3.2193308929409072
2025-01-02 16:34:04,3.3867494937519314
2025-01-02 16:34:05,3.63099094562314
2025-01-02 16:34:06,3.7189801536194276
2025-01-02 16:34:07,2.980138876449402
2025-01-02 16:34:08,3.1862845035266463
2025-01-02 16:34:09,3.7180008025819236
2025-01-02 16:34:10,3.5980011053688794
2025-01-02 16:34:11,
2025-01-02 16:34:12,2.8335476325426043
2025-01-02 16:34:13,
2025-01-02 16:34:14,3.4986861693983085
2025-01-02 16:34:15,2.9870972670454767
2025-01-02 16:34:16,3.002735112116381
2025-01-02 16:34:17,2.9292426574501316
2025-01-02 16:34:18,3.2729689656503633
2025-01-02 16:34:19,2.9939213277150976
2025-01-02 16:34:20,3.754252413046352
2025-01-02 16:34:21,3.5622855968667873
2025-01-02 16:34:22,2.78133344464391
2025-01-02 16:34:23,3.403854194505135
2025-01-02 16:34:24,3.4646987346664058
2025-01-02 16:34:25,3.4517777655861472
2025-01-02 16:34:26,2.8770918251744475
2025-01-02 16:34:27,3.053295611454906
2025-01-02 16:34:28,3.2214744736086387
2025-01-02 16:34:29,3.2749875489600706
2025-01-02 16:34:30,3.2635631154677607
2025-01-02 16:34:31,3.376040152365747
2025-01-02 16:34:32,3.3131521395567587
2025-01-02 16:34:33,3.32181561013228
2025-01-02 16:34:34,2.992715389610161
2025-01-02 16:34:35,3.4541543807025405
2025-01-02 16:34:36,3.173958050141605
2025-01-02 16:34:37,3.095722266031817
2025-01-02 16:34:38,3.1422846841650696
2025-01-02 16:34:39,3.141168373042646
2025-01-02 16:34:40,3.5266394682702753
2025-01-02 16:34:41,2.8982882357541806
2025-01-02 16:34:42,3.1417072748442867
2025-01-02 16:34:43,2.9831503215908834
2025-01-02 16:34:44,3.116123377300749
2025-01-02 16:34:45,2.5030221439074336
2025-01-02 16:34:46,3.37556459306622
2025-01-02 16:34:47,3.2453903557757178
2025-01-02 16:34:48,3.4669209322298324
2025-01-02 16:34:49,3.2179736729654285
2025-01-02 16:34:50,3.6466411756862382
2025-01-02 16:34:51,3.2084717272789827
2025-01-02 16:34:52,3.0888857995712127
2025-01-02 16:34:53,3.455930439980337
2025-01-02 16:34:54,3.0685944918613037
2025-01-02 16:34:55,3.4816313959341283
2025-01-02 16:34:56,3.271216884862317
2025-01-02 16:34:57,3.1466121633496873
2025-01-02 16:34:58,3.743056918218146
2025-01-02 16:34:59,2.9755288718056705
2025-01-02 16:35:00,3.256464440502785
2025-01-02 16:35:01,2.910897100645453
2025-01-02 16:35:02,2.957645010977062
2025-01-02 16:35:03,3.5059676624003075
2025-01-02 16:35:04,3.1209152595258316
2025-01-02 16:35:05,3.7032321426453887
2025-01-02 16:35:06,3.5013493388532417
2025-01-02 16:35:07,2.6205159949953742
2025-01-02 16:35:08,3.4688194746896537
2025-01-02 16:35:09,3.0300044703802698
2025-01-02 16:35:10,3.188966361535542
2025-01-02 16:35:11,3.0125537651057215
2025-01-02 16:35:12,3.4963291862285892
2025-01-02 16:35:13,3.8314207962082083
2025-01-02 16:35:14,3.1397932878947308
2025-01-02 16:35:15,3.47468310751153
2025-01-02 16:35:16,3.01421729371472
2025-01-02 16:35:17,3.772052571975569
2025-01-02 16:35:18,3.4501449360471375
2025-01-02 16:35:19,3.2918684013971693
2025-01-02 16:35:20,2.8058096596862203
2025-01-02 16:35:21,3.3838628455177684
2025-01-02 16:35:22,3.4624052350155936
2025-01-02 16:35:23,3.171529571405833
2025-01-02 16:35:24,3.2044686216917406
2025-01-02 16:35:25,2.9895364079617983
2025-01-02 16:35:26,3.1896903105135133
2025-01-02 16:35:27,3.0315194255674935
2025-01-02 16:35:28,3.393076703522496
2025-01-02 16:35:29,2.9155304320825968
2025-01-02 16:35:30,3.057346230990764
2025-01-02 16:35:31,3.4201185687892535
2025-01-02 16:35:32,3.3133923000255217
2025-01-02 16:35:33,3.416011314786702
2025-01-02 16:35:34,3.4535612275748955
2025-01-02 16:35:35,3.2513782821022166
2025-01-02 16:35:36,3.4145275933411887
2025-01-02 16:35:37,3.092410382181792
2025-01-02 16:35:38,3.118746574080219
2025-01-02 16:35:39,3.172133154587387
2025-01-02 16:35:40,2.9837542022966543
2025-01-02 16:35:41,2.9694226143950875
2025-01-02 16:35:42,3.2948894914478792
2025-01-02 16:35:43,3.574273143334446
2025-01-02 16:35:44,3.4118288703651176
2025-01-02 16:35:45,3.5078139726053412
2025-01-02 16:35:46,2.967452408978579
2025-01-02 16:35:47,
2025-01-02 16:35:48,3.5811109525355
2025-01-02 16:35:49,3.410829841774535
2025-01-02 16:35:50,3.4293917816239556
2025-01-02 16:35:51,3.087850980071961
2025-01-02 16:35:52,3.3966005855290913
2025-01-02 16:35:53,2.6690628807227954
2025-01-02 16:35:54,2.8099212991229687
2025-01-02 16:35:55,3.105348981840726
2025-01-02 16:35:56,3.598694715577211
2025-01-02 16:35:57,3.471573002792705
2025-01-02 16:35:58,3.37679738063094
2025-01-02 16:35:59,3.418618389727084
2025-01-02 16:36:00,2.785623785959111
2025-01-02 16:36:01,2.9785415270434337
2025-01-02 16:36:02,3.0874915226256654
2025-01-02 16:36:03,2.973413537385907
2025-01-02 16:36:04,3.018642079921685
2025-01-02 16:36:05,3.2861225689604696
2025-01-02 16:36:06,3.219049269824174
2025-01-02 16:36:07,3.481900463286943
2025-01-02 16:36:08,2.837898215705373
2025-01-02 16:36:09,3.461421771470463
2025-01-02 16:36:10,3.5029242895733557
2025-01-02 16:36:11,3.71401734292968
2025-01-02 16:36:12,2.9178301173424686
2025-01-02 16:36:13,3.158556084850611
2025-01-02 16:36:14,3.108415130286462
2025-01-02 16:36:15,3.287752466622504
2025-01-02 16:36:16,2.426062266259893
2025-01-02 16:36:17,2.859358662005685
2025-01-02 16:36:18,3.6132925188386227
2025-01-02 16:36:19,2.682977707957691
2025-01-02 16:36:20,3.439211433515868
2025-01-02 16:36:21,3.3586045300296172
2025-01-02 16:36:22,3.470440299221766
2025-01-02 16:36:23,3.4623909579784384
2025-01-02 16:36:24,3.826013391668096
2025-01-02 16:36:25,2.935363034313085
2025-01-02 16:36:26,3.3047883279233807
2025-01-02 16:36:27,3.2209154444251547
2025-01-02 16:36:28,3.15782441801953
2025-01-02 16:36:29,4.0152368421562015
2025-01-02 16:36:30,3.478448665837005
2025-01-02 16:36:31,3.418713319035004
2025-01-02 16:36:32,
2025-01-02 16:36:33,3.858935038135617
2025-01-02 16:36:34,3.5115229956702
2025-01-02 16:36:35,3.689336420826803
2025-01-02 16:36:36,3.1454435860237107
2025-01-02 16:36:37,2.859979131394915
2025-01-02 16:36:38,3.6282876556898596
2025-01-02 16:36:39,2.833853325391134
2025-01-02 16:36:40,3.199379799091462
2025-01-02 16:36:41,2.808299713504006
2025-01-02 16:36:42,3.2238844105627362
2025-01-02 16:36:43,3.178548765048552
2025-01-02 16:36:44,3.4032923364314343
2025-01-02 16:36:45,4.003814701662016
2025-01-02 16:36:46,3.1569938654005076
2025-01-02 16:36:47,3.6506712711982616
2025-01-02 16:36:48,3.063401199968373
2025-01-02 16:36:49,2.921516114404166
2025-01-02 16:36:50,3.0804593924511017
2025-01-02 16:36:51,3.2629957039245143
2025-01-02 16:36:52,3.715117302066873
2025-01-02 16:36:53,3.025024014599557
2025-01-02 16:36:54,3.443088842943237
2025-01-02 16:36:55,3.6315587770645674
2025-01-02 16:36:56,3.2078601176276225
2025-01-02 16:36:57,2.542111917841776
2025-01-02 16:36:58,3.1440930650826733
2025-01-02 16:36:59,2.926072303595296
2025-01-02 16:37:00,3.519551016414766
2025-01-02 16:37:01,2.9134660126265444
2025-01-02 16:37:02,2.9858019980238084
2025-01-02 16:37:03,3.2331171118224296
2025-01-02 16:37:04,2.737961930867793
2025-01-02 16:37:05,2.8863210630750857
2025-01-02 16:37:06,3.004436904488536
2025-01-02 16:37:07,3.2148226317297803
2025-01-02 16:37:08,3.5221071422696633
2025-01-02 16:37:09,2.9568285526082
2025-01-02 16:37:10,3.3929417004415034
2025-01-02 16:37:11,2.9496876934020535
2025-01-02 16:37:12,3.3653088063893977
2025-01-02 16:37:13,3.5702198644925622
2025-01-02 16:37:14,3.4632368680008216
2025-01-02 16:37:15,2.929405923106827
2025-01-02 16:37:16,3.2428905822625125
2025-01-02 16:37:17,3.3588107582312876
2025-01-02 16:37:18,3.4551630853198536
2025-01-02 16:37:19,3.3190500938779817
2025-01-02 16:37:20,3.2325322137953982
2025-01-02 16:37:21,3.4988667529857125
2025-01-02 16:37:22,3.018811391059212
2025-01-02 16:37:23,3.4384256740703627
2025-01-02 16:37:24,2.9660022487469715
2025-01-02 16:37:25,3.5520913185954828
2025-01-02 16:37:26,3.288946773784724
2025-01-02 16:37:27,2.874866220660041
2025-01-02 16:37:28,2.94214046783468
2025-01-02 16:37:29,2.5668641495739717
2025-01-02 16:37:30,3.2459229892335046
2025-01-02 16:37:31,2.961529106288178
2025-01-02 16:37:32,2.7052525767547317
2025-01-02 16:37:33,3.3657855043076634
2025-01-02 16:37:34,3.6557520933074046
2025-01-02 16:37:35,2.8545670711781206
2025-01-02 16:37:36,3.486941108364439
2025-01-02 16:37:37,2.9145187008703086
2025-01-02 16:37:38,3.3784060727570315
2025-01-02 16:37:39,3.0432025031668246
2025-01-02 16:37:40,3.507145252168545
2025-01-02 16:37:41,3.1546628817144255
2025-01-02 16:37:42,3.4975723239385794
2025-01-02 16:37:43,3.3096814597435498
2025-01-02 16:37:44,3.516586361091351
2025-01-02 16:37:45,2.768773084919373
2025-01-02 16:37:46,2.743627230725382
2025-01-02 16:37:47,2.6724403507791656
2025-01-02 16:37:48,3.2401225215866853
2025-01-02 16:37:49,2.9410307276211776
2025-01-02 16:37:50,3.0535335309242
2025-01-02 16:37:51,3.544245632650372
2025-01-02 16:37:52,3.635936936125196
2025-01-02 16:37:53,
2025-01-02 16:37:54,3.2725888252694997
2025-01-02 16:37:55,3.1114933168093284
2025-01-02 16:37:56,2.99238827266096
2025-01-02 16:37:57,3.6164112520627407
2025-01-02 16:37:58,3.1303060294651104
2025-01-02 16:37:59,3.6711112428330903
2025-01-02 16:38:00,3.1607019231458167
2025-01-02 16:38:01,3.3498126100066337
2025-01-02 16:38:02,3.503800735229093
2025-01-02 16:38:03,3.112613465704283
2025-01-02 16:38:04,
2025-01-02 16:38:05,3.0592117584539142
2025-01-02 16:38:06,3.503336820416599
2025-01-02 16:38:07,3.661296076238779
2025-01-02 16:38:08,2.963483280030838
2025-01-02 16:38:09,2.9476139858504857
2025-01-02 16:38:10,2.898787415766178
2025-01-02 16:38:11,3.078744756084879
2025-01-02 16:38:12,3.7783854267931534
2025-01-02 16:38:13,3.0396611997590406
2025-01-02 16:38:14,3.3764633558704698
2025-01-02 16:38:15,3.3162296983772057
2025-01-02 16:38:16,3.163212639842322
2025-01-02 16:38:17,3.4270571718028067
2025-01-02 16:38:18,3.157756502713953
2025-01-02 16:38:19,2.82578181587581
2025-01-02 16:38:20,3.2112700211779464
2025-01-02 16:38:21,4.044146097172924
2025-01-02 16:38:22,2.9522422209927197
2025-01-02 16:38:23,3.1388842558593457
2025-01-02 16:38:24,3.014235833702696
2025-01-02 16:38:25,2.6599353718040897
2025-01-02 16:38:26,3.3856483745761454
2025-01-02 16:38:27,3.5938586007030304
2025-01-02 16:38:28,2.7640885529437647
2025-01-02 16:38:29,2.973815304292837
2025-01-02 16:38:30,3.34255836427967
2025-01-02 16:38:31,3.727728471936369
2025-01-02 16:38:32,2.9585338016492857
2025-01-02 16:38:33,2.906580278428994
2025-01-02 16:38:34,3.015930002870328
2025-01-02 16:38:35,3.5250240341373913
2025-01-02 16:38:36,3.257896866560511
2025-01-02 16:38:37,3.1594438031495424
2025-01-02 16:38:38,2.480251369388803
2025-01-02 16:38:39,3.8442822838699584
2025-01-02 16:38:40,3.0755295125291706
2025-01-02 16:38:41,2.6918115195975165
2025-01-02 16:38:42,3.2067861886530333
2025-01-02 16:38:43,3.575032457630823
2025-01-02 16:38:44,3.290721505044067
2025-01-02 16:38:45,3.304481522226562
2025-01-02 16:38:46,3.66932865486268
2025-01-02 16:38:47,2.6876665965735387
2025-01-02 16:38:48,3.18999350110394
2025-01-02 16:38:49,3.67805905850279
2025-01-02 16:38:50,
2025-01-02 16:38:51,2.85927641480064
2025-01-02 16:38:52,2.5933603273328965
2025-01-02 16:38:53,3.899006643952936
2025-01-02 16:38:54,3.096238754179942
2025-01-02 16:38:55,2.769383853977698
2025-01-02 16:38:56,2.9684467665541376
2025-01-02 16:38:57,3.1806424597072627
2025-01-02 16:38:58,3.4203022881374823
2025-01-02 16:38:59,3.6591772145659465
2025-01-02 16:39:00,2.9591544211628777
2025-01-02 16:39:01,2.7454600729277114
2025-01-02 16:39:02,3.2413226791437464
2025-01-02 16:39:03,4.129476718502177
2025-01-02 16:39:04,3.5772233448296418
2025-01-02 16:39:05,2.9205975814748926
2025-01-02 16:39:06,
2025-01-02 16:39:07,3.027734525798781
2025-01-02 16:39:08,2.828122452627019
2025-01-02 16:39:09,3.4685848494221303
2025-01-02 16:39:10,2.8843017639924082
2025-01-02 16:39:11,2.8907275571915276
2025-01-02 16:39:12,3.0237968923442238
2025-01-02 16:39:13,3.6213310601829654
2025-01-02 16:39:14,3.3673486709590144
2025-01-02 16:39:15,2.960664556881603
2025-01-02 16:39:16,3.4013006204386884
2025-01-02 16:39:17,3.0420631511337586
2025-01-02 16:39:18,3.3148053009092746
2025-01-02 16:39:19,2.522037450051904
2025-01-02 16:39:20,3.1207337770823345
2025-01-02 16:39:21,2.6968077465551676
2025-01-02 16:39:22,2.914937513786082
2025-01-02 16:39:23,2.9532805172758847
2025-01-02 16:39:24,3.6163998922121428
2025-01-02 16:39:25,2.7895753005667356
2025-01-02 16:39:26,3.6569665180809077
2025-01-02 16:39:27,3.000044591451759
2025-01-02 16:39:28,3.183377456612876
2025-01-02 16:39:29,2.8149429545419866
2025-01-02 16:39:30,2.693958255499017
2025-01-02 16:39:31,2.7006532972021207
2025-01-02 16:39:32,3.0718235533872953
2025-01-02 16:39:33,3.0270726120653326
2025-01-02 16:39:34,2.960299632366709
2025-01-02 16:39:35,3.10390556629331
2025-01-02 16:39:36,3.3776696115470726
2025-01-02 16:39:37,3.188968945851917
2025-01-02 16:39:38,3.0324464201400483
2025-01-02 16:39:39,3.702318302940715
2025-01-02 16:39:40,2.992527731297841
2025-01-02 16:39:41,3.011834352919698
2025-01-02 16:39:42,3.2549567607003658
2025-01-02 16:39:43,3.0126406344908703
2025-01-02 16:39:44,2.9016345485588717
2025-01-02 16:39:45,2.9721040901867837
2025-01-02 16:39:46,3.02579102556548
2025-01-02 16:39:47,
2025-01-02 16:39:48,3.4769116462884155
2025-01-02 16:39:49,3.0212853941948
2025-01-02 16:39:50,2.9484393081047116
2025-01-02 16:39:51,2.8941010108345466
2025-01-02 16:39:52,3.045704610905874
2025-01-02 16:39:53,3.6950284782716967
2025-01-02 16:39:54,2.904118982342175
2025-01-02 16:39:55,3.2059304444157566
2025-01-02 16:39:56,3.3873279931012044
2025-01-02 16:39:57,3.4472346339466475
2025-01-02 16:39:58,3.349225748380589
2025-01-02 16:39:59,2.6284359141348674
2025-01-02 16:40:00,2.88616487622889
2025-01-02 16:40:01,3.6032477790484942
2025-01-02 16:40:02,3.289187361714536
2025-01-02 16:40:03,2.689548804744989
2025-01-02 16:40:04,2.9067801664739066
2025-01-02 16:40:05,3.527493396298948
2025-01-02 16:40:06,3.0516164053187715
2025-01-02 16:40:07,3.717938371597328
2025-01-02 16:40:08,2.790876880467996
2025-01-02 16:40:09,2.883665906975712
2025-01-02 16:40:10,3.3279907404295797
2025-01-02 16:40:11,3.264896657921367
2025-01-02 16:40:12,3.1332521216835745
2025-01-02 16:40:13,2.5248994422488233
2025-01-02 16:40:14,3.6434091736782745
2025-01-02 16:40:15,3.325054128701579
2025-01-02 16:40:16,3.1797133317621658
2025-01-02 16:40:17,3.4580455795024365
2025-01-02 16:40:18,3.1756194586258832
2025-01-02 16:40:19,3.0851106772570187
2025-01-02 16:40:20,3.394528362032265
2025-01-02 16:40:21,3.330374317876312
2025-01-02 16:40:22,3.5854853848448514
2025-01-02 16:40:23,3.4274688709572634
2025-01-02 16:40:24,3.166372395395587
2025-01-02 16:40:25,2.619028315219872
2025-01-02 16:40:26,3.609987620600148
2025-01-02 16:40:27,2.968639318973969
2025-01-02 16:40:28,3.4058347259260553
2025-01-02 16:40:29,3.634307135986441
2025-01-02 16:40:30,2.860490112748401
2025-01-02 16:40:31,3.715819041671167
2025-01-02 16:40:32,3.4326587197686353
2025-01-02 16:40:33,3.292459775606525
2025-01-02 16:40:34,3.317774115979458
2025-01-02 16:40:35,3.3914923612902643
2025-01-02 16:40:36,3.369492371010246
2025-01-02 16:40:37,3.2349169596608505
2025-01-02 16:40:38,2.701458723693385
2025-01-02 16:40:39,3.2334982643976566
2025-01-02 16:40:40,3.1052429702489324
2025-01-02 16:40:41,3.4145102470535074
2025-01-02 16:40:42,3.1312888430282575
2025-01-02 16:40:43,3.1170434106985208
2025-01-02 16:40:44,3.3953949287523963
2025-01-02 16:40:45,3.47250338003708
2025-01-02 16:40:46,3.012402391696882
2025-01-02 16:40:47,3.411307211720551
2025-01-02 16:40:48,2.7334547944810414
2025-01-02 16:40:49,3.0068923466240087
2025-01-02 16:40:50,3.251517807767692
2025-01-02 16:40:51,3.377640446430444
2025-01-02 16:40:52,3.376953455448553
2025-01-02 16:40:53,3.356060800989836
2025-01-02 16:40:54,3.471209509763111
2025-01-02 16:40:55,3.4851648851918853
2025-01-02 16:40:56,3.500524354618675
2025-01-02 16:40:57,
2025-01-02 16:40:58,2.933461021787061
2025-01-02 16:40:59,2.9219974028087567
2025-01-02 16:41:00,2.9921984034807374
2025-01-02 16:41:01,3.242262914196285
2025-01-02 16:41:02,3.1134029500831617
2025-01-02 16:41:03,3.1106597550555386
2025-01-02 16:41:04,3.535757361458334
2025-01-02 16:41:05,3.615918635507589
2025-01-02 16:41:06,3.3416008666654595
2025-01-02 16:41:07,3.0651695846261187
2025-01-02 16:41:08,3.484202963352156
2025-01-02 16:41:09,2.9554296869899144
2025-01-02 16:41:10,3.201166606559789
2025-01-02 16:41:11,3.2128327847793328
2025-01-02 16:41:12,3.7177122478244526
2025-01-02 16:41:13,2.9895646508086586
2025-01-02 16:41:14,2.7462279901645195
2025-01-02 16:41:15,2.8318260244138003
2025-01-02 16:41:16,3.330500641702369
2025-01-02 16:41:17,3.145189127310129
2025-01-02 16:41:18,2.961549767857978
2025-01-02 16:41:19,3.235396462175248
2025-01-02 16:41:20,3.295492888004712
2025-01-02 16:41:21,3.167717612854259
2025-01-02 16:41:22,3.2476055695293344
2025-01-02 16:41:23,3.5055078380290094
2025-01-02 16:41:24,3.1991963405783954
2025-01-02 16:41:25,2.2042753559896755
2025-01-02 16:41:26,3.3827883195051576
2025-01-02 16:41:27,3.6514684493443648
2025-01-02 16:41:28,3.794324365638866
2025-01-02 16:41:29,3.0723032313168037
2025-01-02 16:41:30,2.925573075056087
2025-01-02 16:41:31,3.2484993947582623
2025-01-02 16:41:32,2.8901215317798545
2025-01-02 16:41:33,3.4771210884148314
2025-01-02 16:41:34,3.398062289785746
2025-01-02 16:41:35,3.2087737640615166
2025-01-02 16:41:36,3.649783342832286
2025-01-02 16:41:37,3.125012655407415
2025-01-02 16:41:38,3.2255469868844027
2025-01-02 16:41:39,2.98157812777611
2025-01-02 16:41:40,3.33985873806607
2025-01-02 16:41:41,3.375813340601353
2025-01-02 16:41:42,2.857502578636655
2025-01-02 16:41:43,3.068739256971776
2025-01-02 16:41:44,3.491586337110161
2025-01-02 16:41:45,3.073943617518335
2025-01-02 16:41:46,3.664470878533766
2025-01-02 16:41:47,3.059808155018951
2025-01-02 16:41:48,2.7115717453310806
2025-01-02 16:41:49,3.108401679608634
2025-01-02 16:41:50,3.296540096978426
2025-01-02 16:41:51,3.3426928945450034
2025-01-02 16:41:52,3.611700241015573
2025-01-02 16:41:53,
2025-01-02 16:41:54,2.8824039950039264
2025-01-02 16:41:55,2.971167149029011
2025-01-02 16:41:56,3.378680700073777
2025-01-02 16:41:57,3.4009016613698777
2025-01-02 16:41:58,3.051348809399837
2025-01-02 16:41:59,2.74531715587601
2025-01-02 16:42:00,3.030056434349031
2025-01-02 16:42:01,2.767973163966455
2025-01-02 16:42:02,3.7721906541800236
2025-01-02 16:42:03,3.091200041588482
2025-01-02 16:42:04,3.1364917030424793
2025-01-02 16:42:05,3.7549209586185683
2025-01-02 16:42:06,3.135760091780173
2025-01-02 16:42:07,2.6814717011434928
2025-01-02 16:42:08,2.917410976707046
2025-01-02 16:42:09,
2025-01-02 16:42:10,2.956743421749814
2025-01-02 16:42:11,3.4852039212562342
2025-01-02 16:42:12,3.471322523963692
2025-01-02 16:42:13,3.297828783455303
2025-01-02 16:42:14,2.995844982122284
2025-01-02 16:42:15,3.13487833978605
2025-01-02 16:42:16,3.427338509929043
2025-01-02 16:42:17,3.1029581571241627
2025-01-02 16:42:18,3.845735942149971
2025-01-02 16:42:19,3.2032338064342807
2025-01-02 16:42:20,3.640226492437916
2025-01-02 16:42:21,3.850708490968662
2025-01-02 16:42:22,3.4100177650033796
2025-01-02 16:42:23,2.7222091398955524
2025-01-02 16:42:24,2.952718164384137
2025-01-02 16:42:25,3.1527628576642193
2025-01-02 16:42:26,2.7671466744350726
2025-01-02 16:42:27,2.9503002170222863
2025-01-02 16:42:28,3.09566434553804
2025-01-02 16:42:29,3.3133079931091665
2025-01-02 16:42:30,3.44386864073565
2025-01-02 16:42:31,
2025-01-02 16:42:32,2.900157322687356
2025-01-02 16:42:33,3.2122551086583626
2025-01-02 16:42:34,3.3454945795160365
2025-01-02 16:42:35,3.59800976477361
2025-01-02 16:42:36,3.896869283199475
2025-01-02 16:42:37,3.3576843107004004
2025-01-02 16:42:38,3.273894967325216
2025-01-02 16:42:39,2.9358012435737173
2025-01-02 16:42:40,
2025-01-02 16:42:41,2.73652555586891
2025-01-02 16:42:42,2.530885949154012
2025-01-02 16:42:43,3.26680925096139
2025-01-02 16:42:44,3.0940309692052215
2025-01-02 16:42:45,2.9320638089079685
2025-01-02 16:42:46,3.511198342086841
2025-01-02 16:42:47,2.853202068077213
2025-01-02 16:42:48,3.5844372556971824
2025-01-02 16:42:49,3.576750863680468
2025-01-02 16:42:50,2.9210915844153442
2025-01-02 16:42:51,3.092504036575683
2025-01-02 16:42:52,3.216444138385548
2025-01-02 16:42:53,3.122825964060144
2025-01-02 16:42:54,3.86526234587284
2025-01-02 16:42:55,3.2382585077716612
2025-01-02 16:42:56,3.0265886285839136
2025-01-02 16:42:57,3.0056937193826516
2025-01-02 16:42:58,3.2786330597912263
2025-01-02 16:42:59,3.025976194691416
2025-01-02 16:43:00,3.1602344492878367
2025-01-02 16:43:01,3.2797943823275633
2025-01-02 16:43:02,3.2429659900690804
2025-01-02 16:43:03,3.1446488647163195
2025-01-02 16:43:04,
2025-01-02 16:43:05,4.3317582373372545
2025-01-02 16:43:06,3.3471142865635573
2025-01-02 16:43:07,3.7563093359634654
2025-01-02 16:43:08,3.4597490416879686
2025-01-02 16:43:09,3.732692136315401
2025-01-02 16:43:10,3.0171658778538992
2025-01-02 16:43:11,3.084887131993369
2025-01-02 16:43:12,3.624621068680659
2025-01-02 16:43:13,2.974548744055855
2025-01-02 16:43:14,3.255741662261718
2025-01-02 16:43:15,3.3030444084962305
2025-01-02 16:43:16,3.4514652535175108
2025-01-02 16:43:17,3.741734114370406
2025-01-02 16:43:18,3.658370355621208
2025-01-02 16:43:19,2.8730623761534315
2025-01-02 16:43:20,3.278797659253856
2025-01-02 16:43:21,3.3325638523689074
2025-01-02 16:43:22,3.139739449685229
2025-01-02 16:43:23,3.152037230311126
2025-01-02 16:43:24,3.249248864047647
2025-01-02 16:43:25,3.058394450298054
2025-01-02 16:43:26,2.7621673280573966
2025-01-02 16:43:27,2.7033691844556254
2025-01-02 16:43:28,3.2609981212674124
2025-01-02 16:43:29,3.236803690755362
2025-01-02 16:43:30,2.952817985023267
2025-01-02 16:43:31,2.85570561026979
2025-01-02 16:43:32,3.4459345759125712
2025-01-02 16:43:33,2.68868327444404
2025-01-02 16:43:34,3.683561914342655
2025-01-02 16:43:35,3.1126900506174606
2025-01-02 16:43:36,3.3238539385447856
2025-01-02 16:43:37,3.106321902965633
2025-01-02 16:43:38,2.9346639222895683
2025-01-02 16:43:39,2.893160030828022
2025-01-02 16:43:40,3.5723905003349903
2025-01-02 16:43:41,3.341242523883802
2025-01-02 16:43:42,3.4548558858509137
2025-01-02 16:43:43,3.0244843512037045
2025-01-02 16:43:44,3.449356530577223
2025-01-02 16:43:45,3.221954185435743
2025-01-02 16:43:46,3.3160127319749786
2025-01-02 16:43:47,3.407230271253585
2025-01-02 16:43:48,3.229222991935463
2025-01-02 16:43:49,3.2326739376689093
2025-01-02 16:43:50,2.966229604484963
2025-01-02 16:43:51,3.165123274399997
2025-01-02 16:43:52,2.543665026225039
2025-01-02 16:43:53,3.7197857619174206
2025-01-02 16:43:54,2.929103892789622
2025-01-02 16:43:55,3.2895767380104086
2025-01-02 16:43:56,3.014779171117629
2025-01-02 16:43:57,3.466199974287076
2025-01-02 16:43:58,
2025-01-02 16:43:59,3.266089885116514
2025-01-02 16:44:00,3.3287664504213814
2025-01-02 16:44:01,3.109850694785398
2025-01-02 16:44:02,3.0193320781719897
2025-01-02 16:44:03,4.013737049434684
2025-01-02 16:44:04,3.121385915797723
2025-01-02 16:44:05,3.700499148135558
2025-01-02 16:44:06,3.0421838679412883
2025-01-02 16:44:07,3.166016913680932
2025-01-02 16:44:08,3.4957002913646433
2025-01-02 16:44:09,3.081152117713905
2025-01-02 16:44:10,3.1745684087971884
2025-01-02 16:44:11,3.227722789450368
2025-01-02 16:44:12,3.8292102376987924
2025-01-02 16:44:13,3.4183602761900405
2025-01-02 16:44:14,3.536985826771575
2025-01-02 16:44:15,2.98121217618586
2025-01-02 16:44:16,3.0643574375405276
2025-01-02 16:44:17,3.249487519485471
2025-01-02 16:44:18,3.0591812928498747
2025-01-02 16:44:19,3.4884456177788277
2025-01-02 16:44:20,2.8619290340380457
2025-01-02 16:44:21,3.3498387465222543
2025-01-02 16:44:22,2.8696641384284916
2025-01-02 16:44:23,2.9892423684239042
2025-01-02 16:44:24,2.8440461446777765
2025-01-02 16:44:25,2.958057955610454
2025-01-02 16:44:26,3.1885499174248113
2025-01-02 16:44:27,3.3267327846652535
2025-01-02 16:44:28,3.112350629602279
2025-01-02 16:44:29,2.7679889221594545
2025-01-02 16:44:30,3.3363174046424087
2025-01-02 16:44:31,3.203874616586741
2025-01-02 16:44:32,
2025-01-02 16:44:33,3.6514774925205407
2025-01-02 16:44:34,3.134145700116833
2025-01-02 16:44:35,3.1950947857802183
2025-01-02 16:44:36,3.4258206987034923
2025-01-02 16:44:37,3.1843136077795235
2025-01-02 16:44:38,3.2409225995036555
2025-01-02 16:44:39,3.1792850506490216
2025-01-02 16:44:40,3.792007308581374
2025-01-02 16:44:41,2.763027262183847
2025-01-02 16:44:42,2.8230875125188084
2025-01-02 16:44:43,2.694750206465748
2025-01-02 16:44:44,3.374726129602707
2025-01-02 16:44:45,3.4405733693317693
2025-01-02 16:44:46,3.634686308540602
2025-01-02 16:44:47,3.0425002851088285
2025-01-02 16:44:48,3.4686215865671977
2025-01-02 16:44:49,3.522418423751797
2025-01-02 16:44:50,2.9499769166507273
2025-01-02 16:44:51,3.3934463691014978
2025-01-02 16:44:52,2.9860746338310307
2025-01-02 16:44:53,2.9006050097290923
2025-01-02 16:44:54,3.513252422754431
2025-01-02 16:44:55,2.863896931600929
2025-01-02 16:44:56,2.610980107196242
2025-01-02 16:44:57,3.504021847299675
2025-01-02 16:44:58,3.2204714923711
2025-01-02 16:44:59,3.157196064722428
2025-01-02 16:45:00,3.3568843582041143
2025-01-02 16:45:01,2.9950010975208414
2025-01-02 16:45:02,3.4455920128455615
2025-01-02 16:45:03,2.9617810527968773
2025-01-02 16:45:04,
2025-01-02 16:45:05,3.343168942169905
2025-01-02 16:45:06,3.433491046123681
2025-01-02 16:45:07,2.7821710518796268
2025-01-02 16:45:08,3.0195327941425942
2025-01-02 16:45:09,3.0277104324248807
2025-01-02 16:45:10,3.442144632148573
2025-01-02 16:45:11,3.6071585277958476
2025-01-02 16:45:12,2.981289892866311
2025-01-02 16:45:13,3.378230747954315
2025-01-02 16:45:14,3.9471458560434756
2025-01-02 16:45:15,2.7782302258877283
2025-01-02 16:45:16,3.0506711578047097
2025-01-02 16:45:17,3.680626804292862
2025-01-02 16:45:18,3.0981208268253275
2025-01-02 16:45:19,3.194553394593882
2025-01-02 16:45:20,3.2612711077214493
2025-01-02 16:45:21,3.794517679821205
2025-01-02 16:45:22,3.5777293110604464
2025-01-02 16:45:23,3.1457249901404074
2025-01-02 16:45:24,3.167812074130384
2025-01-02 16:45:25,3.0211256156426773
2025-01-02 16:45:26,3.2859643355516726
2025-01-02 16:45:27,3.18527803298625
2025-01-02 16:45:28,2.865247515097468
2025-01-02 16:45:29,3.2215394609885974
2025-01-02 16:45:30,3.4240682603047823
2025-01-02 16:45:31,3.1670403416960986
2025-01-02 16:45:32,2.8518598551120595
2025-01-02 16:45:33,3.687732380400448
2025-01-02 16:45:34,3.518354901712036
2025-01-02 16:45:35,2.8382059454733
2025-01-02 16:45:36,3.100988950158029
2025-01-02 16:45:37,
2025-01-02 16:45:38,3.387287723500572
2025-01-02 16:45:39,3.522797907321894
2025-01-02 16:45:40,3.5583914395342746
2025-01-02 16:45:41,3.422930790750693
2025-01-02 16:45:42,3.2113691906878583
2025-01-02 16:45:43,3.070038213733416
2025-01-02 16:45:44,3.1001314545837957
2025-01-02 16:45:45,2.7309756772829914
2025-01-02 16:45:46,2.6005485748495984
2025-01-02 16:45:47,2.8942712771547496
2025-01-02 16:45:48,3.680101585275452
2025-01-02 16:45:49,3.1224833177163043
2025-01-02 16:45:50,3.8561544725240107
2025-01-02 16:45:51,3.0580886519093826
2025-01-02 16:45:52,3.6227080976563117
2025-01-02 16:45:53,
2025-01-02 16:45:54,3.285849154046546
2025-01-02 16:45:55,2.7685486778160597
2025-01-02 16:45:56,3.2707395299521482
2025-01-02 16:45:57,2.2176704588530507
2025-01-02 16:45:58,3.175448429960483
2025-01-02 16:45:59,3.4071612512188234
2025-01-02 16:46:00,3.2244341778423866
2025-01-02 16:46:01,3.469132377259779
2025-01-02 16:46:02,3.298460318093397
2025-01-02 16:46:03,2.8944911725500093
2025-01-02 16:46:04,2.8180430676749086
2025-01-02 16:46:05,3.436600150540006
2025-01-02 16:46:06,2.695604575231033
2025-01-02 16:46:07,3.8179042639025
2025-01-02 16:46:08,3.3454426262662635
2025-01-02 16:46:09,2.8283836145176546
2025-01-02 16:46:10,3.2107395540831583
2025-01-02 16:46:11,3.762109913190022
2025-01-02 16:46:12,3.112759202751463
2025-01-02 16:46:13,3.373565343656114
2025-01-02 16:46:14,3.4224446204990295
2025-01-02 16:46:15,3.322521486853921
2025-01-02 16:46:16,3.1151812268867425
2025-01-02 16:46:17,3.9376252649145616
2025-01-02 16:46:18,3.107888771633702
2025-01-02 16:46:19,3.230970672316647
2025-01-02 16:46:20,3.3685438020855627
2025-01-02 16:46:21,3.6388559993841123
2025-01-02 16:46:22,3.1084020761677897
2025-01-02 16:46:23,2.8013016104698694
2025-01-02 16:46:24,2.879399885510639
2025-01-02 16:46:25,3.005129674890089
2025-01-02 16:46:26,2.633614321165691
2025-01-02 16:46:27,2.9766054586573802
2025-01-02 16:46:28,3.286741399454244
2025-01-02 16:46:29,3.3215297721568966
2025-01-02 16:46:30,3.2573706249434164
2025-01-02 16:46:31,2.920452471811548
2025-01-02 16:46:32,2.439563190362474
2025-01-02 16:46:33,2.761843122233094
2025-01-02 16:46:34,2.464993785859951
2025-01-02 16:46:35,3.450692045400743
2025-01-02 16:46:36,3.2242446912721796
2025-01-02 16:46:37,3.5204007246187516
2025-01-02 16:46:38,3.2930594585162325
2025-01-02 16:46:39,2.997883739464728
2025-01-02 16:46:40,2.952679257831594
2025-01-02 16:46:41,2.995996565462457
2025-01-02 16:46:42,3.241296439437698
2025-01-02 16:46:43,3.3996239808903277
2025-01-02 16:46:44,3.088162335648006
2025-01-02 16:46:45,3.086084986741126
2025-01-02 16:46:46,3.151489554364217
2025-01-02 16:46:47,3.4997987913013517
2025-01-02 16:46:48,2.9436797029825374
2025-01-02 16:46:49,3.1237485235322873
2025-01-02 16:46:50,3.333558428488204
2025-01-02 16:46:51,3.2772870111689696
2025-01-02 16:46:52,2.9667065854592827
2025-01-02 16:46:53,3.088100197365455
2025-01-02 16:46:54,3.3838956513102265
2025-01-02 16:46:55,2.9246726224499735
2025-01-02 16:46:56,3.4431157422139864
2025-01-02 16:46:57,3.8580344462134146
2025-01-02 16:46:58,3.5045556696047364
2025-01-02 16:46:59,3.4330200000268283
2025-01-02 16:47:00,3.1226064538367964
2025-01-02 16:47:01,2.972313121060681
2025-01-02 16:47:02,3.091430699350969
2025-01-02 16:47:03,3.769348292458481
2025-01-02 16:47:04,2.8465005916976867
2025-01-02 16:47:05,3.124981198521847
2025-01-02 16:47:06,3.131979407615648
2025-01-02 16:47:07,3.218617154135399
2025-01-02 16:47:08,3.1605143021474973
2025-01-02 16:47:09,3.2504863854007193
2025-01-02 16:47:10,3.2010196001386446
2025-01-02 16:47:11,2.8335297982336614
2025-01-02 16:47:12,3.62274285948675
2025-01-02 16:47:13,3.236220124878985
2025-01-02 16:47:14,3.3533442564782483
2025-01-02 16:47:15,2.8980274369262027
2025-01-02 16:47:16,3.316050751319567
2025-01-02 16:47:17,3.133807079731966
2025-01-02 16:47:18,3.434311357303461
2025-01-02 16:47:19,2.890972278041839
2025-01-02 16:47:20,2.9867164758269618
2025-01-02 16:47:21,2.655112021569326
2025-01-02 16:47:22,3.249273580381543
2025-01-02 16:47:23,3.1776205833720765
2025-01-02 16:47:24,3.08583035189696
2025-01-02 16:47:25,3.0856360349066443
2025-01-02 16:47:26,3.8495796589409963
2025-01-02 16:47:27,2.8192556162396376
2025-01-02 16:47:28,2.9800333128707783
2025-01-02 16:47:29,3.103888367444633
2025-01-02 16:47:30,3.2365405006586143
2025-01-02 16:47:31,2.739796778657272
2025-01-02 16:47:32,3.1116433219187862
2025-01-02 16:47:33,2.974935270537786
2025-01-02 16:47:34,3.361315945331308
2025-01-02 16:47:35,3.4283032298630784
2025-01-02 16:47:36,3.0431707573924798
2025-01-02 16:47:37,3.381628863908714
2025-01-02 16:47:38,3.667992206932865
2025-01-02 16:47:39,3.604901777304418
2025-01-02 16:47:40,3.243757979440197
2025-01-02 16:47:41,3.613996445790302
2025-01-02 16:47:42,3.461051784907504
2025-01-02 16:47:43,3.0078546523800944
2025-01-02 16:47:44,3.3384836307997756
2025-01-02 16:47:45,3.273403211620791
2025-01-02 16:47:46,3.2689126504293506
2025-01-02 16:47:47,2.7863459439841574
2025-01-02 16:47:48,3.602068760874788
2025-01-02 16:47:49,3.5032466660557233
2025-01-02 16:47:50,3.2610596215909946
2025-01-02 16:47:51,3.0646591078966448
2025-01-02 16:47:52,3.093887157174626
2025-01-02 16:47:53,3.2535006277213583
2025-01-02 16:47:54,2.990498369587918
2025-01-02 16:47:55,3.429076661481779
2025-01-02 16:47:56,3.613966038033811
2025-01-02 16:47:57,3.192058159239697
2025-01-02 16:47:58,3.0504190226313797
2025-01-02 16:47:59,3.215208778137753
2025-01-02 16:48:00,3.3459581053023313
2025-01-02 16:48:01,4.009746256357038
2025-01-02 16:48:02,3.26177226443955
2025-01-02 16:48:03,3.729600447231004
2025-01-02 16:48:04,3.1888970702551056
2025-01-02 16:48:05,3.417193529341702
2025-01-02 16:48:06,3.417563599938633
2025-01-02 16:48:07,2.97169196582972
2025-01-02 16:48:08,2.9769620865233537
2025-01-02 16:48:09,3.5638058089463107
2025-01-02 16:48:10,3.3813177639115755
2025-01-02 16:48:11,3.6612935384189313
2025-01-02 16:48:12,3.5759814451663265
2025-01-02 16:48:13,2.9843605374852933
2025-01-02 16:48:14,3.3100901094953867
2025-01-02 16:48:15,3.2360629210932275
2025-01-02 16:48:16,3.19792061810816
2025-01-02 16:48:17,3.669319110191384
2025-01-02 16:48:18,3.503875013586068
2025-01-02 16:48:19,3.4162447464524686
2025-01-02 16:48:20,3.070001112349999
2025-01-02 16:48:21,3.3204204268068036
2025-01-02 16:48:22,3.219249743232033
2025-01-02 16:48:23,2.642307422606382
2025-01-02 16:48:24,3.7494387408765153
2025-01-02 16:48:25,3.0773163340059533
2025-01-02 16:48:26,3.6606707608048485
2025-01-02 16:48:27,2.9056098912359056
2025-01-02 16:48:28,3.533204514526263
2025-01-02 16:48:29,3.7177343043003663
2025-01-02 16:48:30,3.244431165337484
2025-01-02 16:48:31,3.4800364001074033
2025-01-02 16:48:32,3.367049366593365
2025-01-02 16:48:33,3.4548679494197585
2025-01-02 16:48:34,3.244244919943538
2025-01-02 16:48:35,3.2877158526247565
2025-01-02 16:48:36,3.1175257933851914
2025-01-02 16:48:37,3.3107013737953905
2025-01-02 16:48:38,3.3209776684555656
2025-01-02 16:48:39,3.0339785648127338
2025-01-02 16:48:40,3.3386057070738686
2025-01-02 16:48:41,3.4314524658412022
2025-01-02 16:48:42,2.953292441887194
2025-01-02 16:48:43,3.321313972423937
2025-01-02 16:48:44,3.1836387225478564
2025-01-02 16:48:45,3.202169860099074
2025-01-02 16:48:46,3.687146704024038
2025-01-02 16:48:47,2.476015983133223
2025-01-02 16:48:48,3.331247648277144
2025-01-02 16:48:49,2.461263707946916
2025-01-02 16:48:50,2.826676437045434
2025-01-02 16:48:51,3.881274799840491
2025-01-02 16:48:52,2.9982035888311103
2025-01-02 16:48:53,3.898004557238626
2025-01-02 16:48:54,2.8883796068862835
2025-01-02 16:48:55,3.2112020146886207
2025-01-02 16:48:56,2.9130503748289303
2025-01-02 16:48:57,3.338363980934851
2025-01-02 16:48:58,3.9057916267905335
2025-01-02 16:48:59,3.086158295918424
2025-01-02 16:49:00,3.198036868924595
2025-01-02 16:49:01,3.1969900291990108
2025-01-02 16:49:02,3.8516394996684347
2025-01-02 16:49:03,3.506683895544983
2025-01-02 16:49:04,3.7578585503775366
2025-01-02 16:49:05,2.9542744328260526
2025-01-02 16:49:06,3.383216733596253
2025-01-02 16:49:07,3.240499510316137
2025-01-02 16:49:08,3.533608244781755
2025-01-02 16:49:09,2.9771058724554815
2025-01-02 16:49:10,3.2733176126352412
2025-01-02 16:49:11,3.4485216918987507
2025-01-02 16:49:12,3.1225992113088985
2025-01-02 16:49:13,3.1171756804280086
2025-01-02 16:49:14,3.7069404660287084
2025-01-02 16:49:15,2.980134857975383
2025-01-02 16:49:16,2.8325356492708402
2025-01-02 16:49:17,3.1255667420342297
2025-01-02 16:49:18,
2025-01-02 16:49:19,3.0156561111115736
2025-01-02 16:49:20,3.5182626531535535
2025-01-02 16:49:21,
2025-01-02 16:49:22,3.100464403102373
2025-01-02 16:49:23,3.563007953733115
2025-01-02 16:49:24,3.301225670619703
2025-01-02 16:49:25,2.6029291364951215
2025-01-02 16:49:26,3.9313067030488513
2025-01-02 16:49:27,3.3828016397264173
2025-01-02 16:49:28,3.427707663284998
2025-01-02 16:49:29,2.7761780565639205
2025-01-02 16:49:30,3.4706391292119276
2025-01-02 16:49:31,2.988895682452226
2025-01-02 16:49:32,3.6059475516237502
2025-01-02 16:49:33,3.4660569983816356
2025-01-02 16:49:34,2.8197065201093885
2025-01-02 16:49:35,2.7377663697767463
2025-01-02 16:49:36,3.4055570642763433
2025-01-02 16:49:37,3.460281257062177
2025-01-02 16:49:38,3.91445528279831
2025-01-02 16:49:39,3.526207615756423
2025-01-02 16:49:40,3.046148656786524
2025-01-02 16:49:41,2.916581378727368
2025-01-02 16:49:42,2.527839153570252
2025-01-02 16:49:43,3.6653052003248154
2025-01-02 16:49:44,2.7540263915733707
2025-01-02 16:49:45,3.5588279221748382
2025-01-02 16:49:46,3.1838857435349657
2025-01-02 16:49:47,2.9694775824692465
2025-01-02 16:49:48,3.472417107761443
2025-01-02 16:49:49,3.155243103507586
2025-01-02 16:49:50,3.1607382809682854
2025-01-02 16:49:51,3.4093902076094693
2025-01-02 16:49:52,3.4255991488542734
2025-01-02 16:49:53,3.1533790197601546
2025-01-02 16:49:54,3.716022418743993
2025-01-02 16:49:55,2.983332104855571
2025-01-02 16:49:56,3.1730767397362127
2025-01-02 16:49:57,3.1694140687897443
2025-01-02 16:49:58,3.129149038181529
2025-01-02 16:49:59,2.5301856797710998
2025-01-02 16:50:00,3.5184301727211547
2025-01-02 16:50:01,3.1912633709828957
2025-01-02 16:50:02,3.2641710167549887
2025-01-02 16:50:03,2.846711681002023
2025-01-02 16:50:04,
2025-01-02 16:50:05,2.453634727196267
2025-01-02 16:50:06,3.321274171171676
2025-01-02 16:50:07,3.747225792373853
2025-01-02 16:50:08,
2025-01-02 16:50:09,2.639186136060925
2025-01-02 16:50:10,3.352323578278273
2025-01-02 16:50:11,3.567331294556299
2025-01-02 16:50:12,3.2110834834537063
2025-01-02 16:50:13,3.0990145154105404
2025-01-02 16:50:14,3.1203167187955283
2025-01-02 16:50:15,3.4343617035440808
2025-01-02 16:50:16,3.2457639071790227
2025-01-02 16:50:17,3.6483513737489326
2025-01-02 16:50:18,3.311164913003457
2025-01-02 16:50:19,3.125056302054919
2025-01-02 16:50:20,3.107396670396414
2025-01-02 16:50:21,3.7186728289413686
2025-01-02 16:50:22,2.805752471720268
2025-01-02 16:50:23,3.6555570248343305
2025-01-02 16:50:24,3.643341414832473
2025-01-02 16:50:25,3.2022163737562126
2025-01-02 16:50:26,3.4559428835304336
2025-01-02 16:50:27,3.3565750554668696
2025-01-02 16:50:28,3.212855749524539
2025-01-02 16:50:29,3.272840988745325
2025-01-02 16:50:30,3.2795940062588116
2025-01-02 16:50:31,2.793036390152232
2025-01-02 16:50:32,3.3876793736921464
2025-01-02 16:50:33,3.5764047819828275
2025-01-02 16:50:34,3.3083751311862075
2025-01-02 16:50:35,2.5328034018630103
2025-01-02 16:50:36,3.0607449617076306
2025-01-02 16:50:37,2.9369060849533493
2025-01-02 16:50:38,3.305870692087624
2025-01-02 16:50:39,3.6656230761894273
2025-01-02 16:50:40,3.0692967372490743
2025-01-02 16:50:41,3.3162867221787637
2025-01-02 16:50:42,3.3093895000326308
2025-01-02 16:50:43,3.009541885195106
2025-01-02 16:50:44,3.1480196275463883
2025-01-02 16:50:45,3.1937230673715042
2025-01-02 16:50:46,3.2181471338728254
2025-01-02 16:50:47,3.534202820174406
2025-01-02 16:50:48,3.3826825627665764
2025-01-02 16:50:49,3.1713885098238173
2025-01-02 16:50:50,3.016648797702713
2025-01-02 16:50:51,3.068800852134466
2025-01-02 16:50:52,3.2273878584355167
2025-01-02 16:50:53,3.4726821139769886
2025-01-02 16:50:54,3.151211955698516
2025-01-02 16:50:55,3.4752948454287744
2025-01-02 16:50:56,3.1640361653859257
2025-01-02 16:50:57,3.3343165772093744
2025-01-02 16:50:58,3.2518954047314277
2025-01-02 16:50:59,2.9081583011139776
2025-01-02 16:51:00,3.569050711361789
2025-01-02 16:51:01,3.055907765395982
2025-01-02 16:51:02,3.655845962724662
2025-01-02 16:51:03,2.8497297793129697
2025-01-02 16:51:04,3.493834638988773
2025-01-02 16:51:05,3.8679172179927197
2025-01-02 16:51:06,3.0476660773961393
2025-01-02 16:51:07,
2025-01-02 16:51:08,3.216648230566169
2025-01-02 16:51:09,3.605868819728995
2025-01-02 16:51:10,3.3904827934762327
2025-01-02 16:51:11,2.855769102673899
2025-01-02 16:51:12,3.108545671090967
2025-01-02 16:51:13,3.0745510139996983
2025-01-02 16:51:14,3.3214745997401933
2025-01-02 16:51:15,3.4188571455929555
2025-01-02 16:51:16,3.077678696894416
2025-01-02 16:51:17,2.811421051473375
2025-01-02 16:51:18,3.2391808549990806
2025-01-02 16:51:19,3.273808365237256
2025-01-02 16:51:20,2.702273891648357
2025-01-02 16:51:21,3.0351103555493606
2025-01-02 16:51:22,2.408346133414605
2025-01-02 16:51:23,
2025-01-02 16:51:24,2.8456746758350913
2025-01-02 16:51:25,2.9509759633713033
2025-01-02 16:51:26,3.3888646004546903
2025-01-02 16:51:27,3.398527882843373
2025-01-02 16:51:28,3.053416420698967
2025-01-02 16:51:29,3.26076357947477
2025-01-02 16:51:30,3.1085792662553735
2025-01-02 16:51:31,3.9301289810169147
2025-01-02 16:51:32,3.004230526082469
2025-01-02 16:51:33,3.8365848909448537
2025-01-02 16:51:34,3.678185849801957
2025-01-02 16:51:35,3.348835355798059
2025-01-02 16:51:36,3.5765578946233028
2025-01-02 16:51:37,3.2694092710615075
2025-01-02 16:51:38,3.315038879986607
2025-01-02 16:51:39,2.837799496901152
2025-01-02 16:51:40,3.6989263637932286
2025-01-02 16:51:41,3.147850148788649
2025-01-02 16:51:42,3.294372643817454
2025-01-02 16:51:43,3.711630638906112
2025-01-02 16:51:44,2.9081199645355174
2025-01-02 16:51:45,3.1187247741852673
2025-01-02 16:51:46,2.8563048476217725
2025-01-02 16:51:47,3.9347368576504596
2025-01-02 16:51:48,2.7842302057081088
2025-01-02 16:51:49,3.077673036925335
2025-01-02 16:51:50,3.3904945565279467
2025-01-02 16:51:51,3.078380238889585
2025-01-02 16:51:52,3.4355566938498745
2025-01-02 16:51:53,3.978715033938819
2025-01-02 16:51:54,3.5016890538294483
2025-01-02 16:51:55,2.9600810659144488
2025-01-02 16:51:56,3.4466069874292096
2025-01-02 16:51:57,3.099536970435932
2025-01-02 16:51:58,3.143826429503394
2025-01-02 16:51:59,2.989071456200971
2025-01-02 16:52:00,3.721426847100253
2025-01-02 16:52:01,3.487047491275296
2025-01-02 16:52:02,3.159610815854811
2025-01-02 16:52:03,
2025-01-02 16:52:04,3.2588057442260157
2025-01-02 16:52:05,3.6257928582406045
2025-01-02 16:52:06,3.250852883774972
2025-01-02 16:52:07,3.6428783219568155
2025-01-02 16:52:08,3.146346306458768
2025-01-02 16:52:09,3.701828012961651
2025-01-02 16:52:10,3.4006765440417737
2025-01-02 16:52:11,3.198618641977736
2025-01-02 16:52:12,3.351993415575484
2025-01-02 16:52:13,3.137204524960794
2025-01-02 16:52:14,2.9396310855070964
2025-01-02 16:52:15,3.0954034815053855
2025-01-02 16:52:16,3.014732583514128
2025-01-02 16:52:17,3.21477014162695
2025-01-02 16:52:18,2.876321299713734
2025-01-02 16:52:19,3.552453550397168
2025-01-02 16:52:20,3.0959995634596393
2025-01-02 16:52:21,3.10450509381785
2025-01-02 16:52:22,3.5287749021529518
2025-01-02 16:52:23,3.4859623577120527
2025-01-02 16:52:24,3.122056599049237
2025-01-02 16:52:25,3.071100923942176
2025-01-02 16:52:26,
2025-01-02 16:52:27,3.026180858537911
2025-01-02 16:52:28,3.1309165076407086
2025-01-02 16:52:29,3.639860405100882
2025-01-02 16:52:30,3.4457319912312565
2025-01-02 16:52:31,3.129403347805731
2025-01-02 16:52:32,
2025-01-02 16:52:33,3.413287147464903
2025-01-02 16:52:34,3.334074458834595
2025-01-02 16:52:35,3.151111403467941
2025-01-02 16:52:36,3.2268899413314083
2025-01-02 16:52:37,3.6359558371297096
2025-01-02 16:52:38,3.6472475974204324
2025-01-02 16:52:39,3.0060267294794447
2025-01-02 16:52:40,
2025-01-02 16:52:41,3.019998306584318
2025-01-02 16:52:42,3.433497213431502
2025-01-02 16:52:43,3.1294938244160506
2025-01-02 16:52:44,2.8931614501616325
2025-01-02 16:52:45,2.6692457461598424
2025-01-02 16:52:46,2.862939892703596
2025-01-02 16:52:47,3.042528999606667
2025-01-02 16:52:48,2.9113693688757376
2025-01-02 16:52:49,3.403950750955367
2025-01-02 16:52:50,3.327059862242792
2025-01-02 16:52:51,2.919893233350036
2025-01-02 16:52:52,3.353470547201726
2025-01-02 16:52:53,2.9734736736119096
2025-01-02 16:52:54,3.1088242638193724
2025-01-02 16:52:55,3.602114831722631
2025-01-02 16:52:56,3.0296191896227875
2025-01-02 16:52:57,2.935875521653146
2025-01-02 16:52:58,3.699339485321787
2025-01-02 16:52:59,3.316288078660481
2025-01-02 16:53:00,3.361868477844448
2025-01-02 16:53:01,2.9670646087958366
2025-01-02 16:53:02,3.010887957812461
2025-01-02 16:53:03,3.099481279980502
2025-01-02 16:53:04,3.1782652899045543
2025-01-02 16:53:05,2.9743818927214614
2025-01-02 16:53:06,3.42542963169022
2025-01-02 16:53:07,3.444460784816203
2025-01-02 16:53:08,3.2571665806304444
2025-01-02 16:53:09,3.278906952758888
2025-01-02 16:53:10,3.3488407016665365
2025-01-02 16:53:11,3.5668645609356213
2025-01-02 16:53:12,3.2321369349313778
2025-01-02 16:53:13,3.3733102974147906
2025-01-02 16:53:14,3.31511833403235
2025-01-02 16:53:15,3.385786939647041
2025-01-02 16:53:16,2.6779644842616586
2025-01-02 16:53:17,3.200348946107432
2025-01-02 16:53:18,3.581796260648059
2025-01-02 16:53:19,3.0963248373616756
2025-01-02 16:53:20,2.8131805732642348
2025-01-02 16:53:21,3.4556668398456516
2025-01-02 16:53:22,3.0908518212729086
2025-01-02 16:53:23,3.1771662317130245
2025-01-02 16:53:24,3.327356099356937
2025-01-02 16:53:25,3.0888095594949485
2025-01-02 16:53:26,3.1033576341661777
2025-01-02 16:53:27,2.95426498685112
2025-01-02 16:53:28,2.7882147294240966
2025-01-02 16:53:29,3.400292270599085
2025-01-02 16:53:30,3.0316459451472113
2025-01-02 16:53:31,3.2129037240795224
2025-01-02 16:53:32,3.4881187285066533
2025-01-02 16:53:33,3.499641431521434
2025-01-02 16:53:34,3.0708057496922345
2025-01-02 16:53:35,3.49597746691956
2025-01-02 16:53:36,3.2388715770319667
2025-01-02 16:53:37,3.3798208460875037
2025-01-02 16:53:38,2.920285577209573
2025-01-02 16:53:39,3.6406318108544933
2025-01-02 16:53:40,3.7483538000969934
2025-01-02 16:53:41,3.340948263599468
2025-01-02 16:53:42,3.152473794749813
2025-01-02 16:53:43,3.140329614079685
2025-01-02 16:53:44,3.19390739253987
2025-01-02 16:53:45,3.238858754384802
2025-01-02 16:53:46,3.130592566515321
2025-01-02 16:53:47,2.8439623745954945
2025-01-02 16:53:48,3.0866770847944016
2025-01-02 16:53:49,3.1851506581549494
2025-01-02 16:53:50,
2025-01-02 16:53:51,3.4378807129232722
2025-01-02 16:53:52,3.6060368182479747
2025-01-02 16:53:53,3.2023823035377488
2025-01-02 16:53:54,3.7676789740601966
2025-01-02 16:53:55,3.5006632219572404
2025-01-02 16:53:56,2.892059882054309
2025-01-02 16:53:57,2.716077979837622
2025-01-02 16:53:58,3.854460505025484
2025-01-02 16:53:59,2.8934561221903836
2025-01-02 16:54:00,3.0634304376812453
2025-01-02 16:54:01,3.308780812977407
2025-01-02 16:54:02,3.6460760472394123
2025-01-02 16:54:03,3.4604563768716603
2025-01-02 16:54:04,3.709154163739811
2025-01-02 16:54:05,3.6122879314211698
2025-01-02 16:54:06,3.150489073200115
2025-01-02 16:54:07,3.3065668049807284
2025-01-02 16:54:08,3.9540148576203116
2025-01-02 16:54:09,2.8634766993247496
2025-01-02 16:54:10,3.733189995370641
2025-01-02 16:54:11,2.96117871169069
2025-01-02 16:54:12,3.665771129574503
2025-01-02 16:54:13,3.5656946371553455
2025-01-02 16:54:14,2.9802356384728386
2025-01-02 16:54:15,3.5087576194580175
2025-01-02 16:54:16,3.5294340898404486
2025-01-02 16:54:17,3.1111819325332952
2025-01-02 16:54:18,2.9971233326779303
2025-01-02 16:54:19,2.9872863083244203
2025-01-02 16:54:20,3.5048712334573686
2025-01-02 16:54:21,3.638504630368965
2025-01-02 16:54:22,3.0697950741627427
2025-01-02 16:54:23,2.7296024934842045
2025-01-02 16:54:24,3.234955229605654
2025-01-02 16:54:25,2.8943231171099817
2025-01-02 16:54:26,3.394302031757924
2025-01-02 16:54:27,3.259145035031246
2025-01-02 16:54:28,3.3837791792659555
2025-01-02 16:54:29,3.3367231204729193
2025-01-02 16:54:30,2.9068056174043586
2025-01-02 16:54:31,3.1412324211421394
2025-01-02 16:54:32,3.348933517107752
2025-01-02 16:54:33,3.4983999720116903
2025-01-02 16:54:34,3.728220947256161
2025-01-02 16:54:35,3.4886460796382783
2025-01-02 16:54:36,3.7265092062388896
2025-01-02 16:54:37,3.7800539839328233
2025-01-02 16:54:38,3.495508998793122
2025-01-02 16:54:39,3.3172531292030234
2025-01-02 16:54:40,3.726604764929245
2025-01-02 16:54:41,3.178429595980576
2025-01-02 16:54:42,3.0878362462758
2025-01-02 16:54:43,3.0746393243568386
2025-01-02 16:54:44,3.156791439847477
2025-01-02 16:54:45,3.5563065322474166
2025-01-02 16:54:46,2.7745749669311524
2025-01-02 16:54:47,3.252634659984219
2025-01-02 16:54:48,3.2514605088814363
2025-01-02 16:54:49,2.558426235939065
2025-01-02 16:54:50,3.256746182206652
2025-01-02 16:54:51,3.138863013016397
2025-01-02 16:54:52,3.2560164930077553
2025-01-02 16:54:53,3.6932750902874547
2025-01-02 16:54:54,3.303086023458454
2025-01-02 16:54:55,3.3519395329940065
2025-01-02 16:54:56,3.5554520409109034
2025-01-02 16:54:57,2.418520993498741
2025-01-02 16:54:58,2.8036711550753677
2025-01-02 16:54:59,2.865531680855835
2025-01-02 16:55:00,2.932677644725302
2025-01-02 16:55:01,3.1574580649500548
2025-01-02 16:55:02,3.209771697979231
2025-01-02 16:55:03,3.6354333647014867
2025-01-02 16:55:04,2.895547961585619
2025-01-02 16:55:05,2.92860986797135
2025-01-02 16:55:06,3.19749343730259
2025-01-02 16:55:07,3.1408607426890587
2025-01-02 16:55:08,3.227262750201386
2025-01-02 16:55:09,3.556752913949304
2025-01-02 16:55:10,3.2048200708480277
2025-01-02 16:55:11,3.8828059930835908
2025-01-02 16:55:12,2.5498738931633254
2025-01-02 16:55:13,2.8839692163661286
2025-01-02 16:55:14,3.1659067902386124
2025-01-02 16:55:15,3.3696813335671565
2025-01-02 16:55:16,3.608425131144915
2025-01-02 16:55:17,3.1832239649111087
2025-01-02 16:55:18,2.8012571488945825
2025-01-02 16:55:19,3.7358897647502376
2025-01-02 16:55:20,3.4369016068405327
2025-01-02 16:55:21,3.412336236170048
2025-01-02 16:55:22,3.2588438146154015
2025-01-02 16:55:23,2.8140245677036653
2025-01-02 16:55:24,4.183085864952979
2025-01-02 16:55:25,3.2676571072500495
2025-01-02 16:55:26,3.0078883969051757
2025-01-02 16:55:27,3.451751652000934
2025-01-02 16:55:28,3.133698175945775
2025-01-02 16:55:29,3.3579163531717597
2025-01-02 16:55:30,2.9372169221557525
2025-01-02 16:55:31,3.4703634929916554
2025-01-02 16:55:32,2.8625751241824546
2025-01-02 16:55:33,3.323353775408875
2025-01-02 16:55:34,3.3945616901887683
2025-01-02 16:55:35,3.2339551157381767
2025-01-02 16:55:36,3.3836787414483345
2025-01-02 16:55:37,3.063640824348637
2025-01-02 16:55:38,3.5099531908191466
2025-01-02 16:55:39,3.318410006822095
2025-01-02 16:55:40,2.9873600019618856
2025-01-02 16:55:41,3.0781996677375276
2025-01-02 16:55:42,3.456963220532793
2025-01-02 16:55:43,3.382674469073548
2025-01-02 16:55:44,2.593977512047412
2025-01-02 16:55:45,2.9077126364826156
2025-01-02 16:55:46,3.4001318781529277
2025-01-02 16:55:47,3.5811088071646626
2025-01-02 16:55:48,2.894428812537605
2025-01-02 16:55:49,2.8703391380272487
2025-01-02 16:55:50,3.3095204552068274
2025-01-02 16:55:51,2.7779294057105854
2025-01-02 16:55:52,3.3218589975690733
2025-01-02 16:55:53,3.214356476482092
2025-01-02 16:55:54,
2025-01-02 16:55:55,3.407482024744402
2025-01-02 16:55:56,2.7883125745128465
2025-01-02 16:55:57,2.968102769926025
2025-01-02 16:55:58,3.3697038209708072
2025-01-02 16:55:59,3.1290672124848062
2025-01-02 16:56:00,3.7804867038536116
2025-01-02 16:56:01,3.084782081181291
2025-01-02 16:56:02,2.84981161060756
2025-01-02 16:56:03,
2025-01-02 16:56:04,3.6192840181622006
2025-01-02 16:56:05,3.363066170217225
2025-01-02 16:56:06,3.1770854840015117
2025-01-02 16:56:07,3.2658194079266627
2025-01-02 16:56:08,3.5413060259813016
2025-01-02 16:56:09,3.1164405327273577
2025-01-02 16:56:10,3.702963622258804
2025-01-02 16:56:11,3.156812510066064
2025-01-02 16:56:12,2.4601447525266646
2025-01-02 16:56:13,3.274844245490619
2025-01-02 16:56:14,3.247639223031425
2025-01-02 16:56:15,2.857901249624893
2025-01-02 16:56:16,2.729814250500259
2025-01-02 16:56:17,3.0239734472766044
2025-01-02 16:56:18,3.2889027965643045
2025-01-02 16:56:19,3.0054690142671294
2025-01-02 16:56:20,3.0898772351933186
2025-01-02 16:56:21,3.2853898302842457
2025-01-02 16:56:22,3.068513173201672
2025-01-02 16:56:23,3.4720916608000016
2025-01-02 16:56:24,3.5505029235660968
2025-01-02 16:56:25,3.4831814748719054
2025-01-02 16:56:26,3.832491633344098
2025-01-02 16:56:27,2.4021836523391444
2025-01-02 16:56:28,3.0524452404954823
2025-01-02 16:56:29,3.4924684455411588
2025-01-02 16:56:30,3.4599726617239885
2025-01-02 16:56:31,3.0158518976292665
2025-01-02 16:56:32,3.4364963422225436
2025-01-02 16:56:33,3.4206277116121235
2025-01-02 16:56:34,3.5594892375479046
2025-01-02 16:56:35,3.5273860271243915
2025-01-02 16:56:36,3.511188049105935
2025-01-02 16:56:37,2.976133652670107
2025-01-02 16:56:38,2.9363645807209258
2025-01-02 16:56:39,3.31333963842313
2025-01-02 16:56:40,3.149139020058175
2025-01-02 16:56:41,3.4383098293993903
2025-01-02 16:56:42,2.774217373927528
2025-01-02 16:56:43,
2025-01-02 16:56:44,3.504646617653177
2025-01-02 16:56:45,3.082528252359173
2025-01-02 16:56:46,2.9841766421548153
2025-01-02 16:56:47,3.261554956105698
2025-01-02 16:56:48,2.7389036808676925
2025-01-02 16:56:49,3.746146195150228
2025-01-02 16:56:50,2.8903823923090353
2025-01-02 16:56:51,3.1289510790964616
2025-01-02 16:56:52,3.5377768209746137
2025-01-02 16:56:53,3.142911694428169
2025-01-02 16:56:54,3.5468814623265703
2025-01-02 16:56:55,3.4656666660307924
2025-01-02 16:56:56,3.2347773377677576
2025-01-02 16:56:57,3.4863796469501174
2025-01-02 16:56:58,2.61462606700764
2025-01-02 16:56:59,3.2283225910162976
2025-01-02 16:57:00,3.7293356205171886
2025-01-02 16:57:01,
2025-01-02 16:57:02,3.659068881182889
2025-01-02 16:57:03,3.3264203386505717
2025-01-02 16:57:04,3.3830118695024294
2025-01-02 16:57:05,3.3120573962685613
2025-01-02 16:57:06,3.179631887167464
2025-01-02 16:57:07,3.604388995688823
2025-01-02 16:57:08,3.1557356024704495
2025-01-02 16:57:09,3.0930444178171657
2025-01-02 16:57:10,2.642322660234271
2025-01-02 16:57:11,3.432284135057288
2025-01-02 16:57:12,3.070475974412528
2025-01-02 16:57:13,3.1183139692224846
2025-01-02 16:57:14,3.7152980696915376
2025-01-02 16:57:15,3.169163174331843
2025-01-02 16:57:16,3.0497185312959165
2025-01-02 16:57:17,3.124990772272556
2025-01-02 16:57:18,3.041520719032756
2025-01-02 16:57:19,3.403735812148986
2025-01-02 16:57:20,3.1910724107893005
2025-01-02 16:57:21,3.328400632718326
2025-01-02 16:57:22,3.736894947767917
2025-01-02 16:57:23,3.4459166977289772
2025-01-02 16:57:24,3.00789392079576
2025-01-02 16:57:25,3.4637630925491334
2025-01-02 16:57:26,3.3974937290850318
2025-01-02 16:57:27,3.8274827366921476
2025-01-02 16:57:28,3.358635375139865
2025-01-02 16:57:29,2.5352528259428757
2025-01-02 16:57:30,3.6103955315933427
2025-01-02 16:57:31,3.1869563750179295
2025-01-02 16:57:32,3.043289326724084
2025-01-02 16:57:33,3.0947237777659455
2025-01-02 16:57:34,3.5069559331391367
2025-01-02 16:57:35,
2025-01-02 16:57:36,3.2830735475798694
2025-01-02 16:57:37,2.7857281447746503
2025-01-02 16:57:38,3.606531569392687
2025-01-02 16:57:39,3.170174180315894
2025-01-02 16:57:40,3.986423085895434
2025-01-02 16:57:41,3.111002196754062
2025-01-02 16:57:42,3.4353840448988993
2025-01-02 16:57:43,3.469705062869924
2025-01-02 16:57:44,2.992147719933805
2025-01-02 16:57:45,2.630607478521614
2025-01-02 16:57:46,3.7348474617362726
2025-01-02 16:57:47,3.081190357360733
2025-01-02 16:57:48,3.5890690196655015
2025-01-02 16:57:49,2.9229931822741424
2025-01-02 16:57:50,3.084719793988209
2025-01-02 16:57:51,3.439705302147574
2025-01-02 16:57:52,3.381766040130695
2025-01-02 16:57:53,3.4819428365998175
2025-01-02 16:57:54,2.9098971595840353
2025-01-02 16:57:55,3.609800026380145
2025-01-02 16:57:56,2.928494265340119
2025-01-02 16:57:57,2.9576160223684447
2025-01-02 16:57:58,3.3405668864421205
2025-01-02 16:57:59,2.760387302818999
2025-01-02 16:58:00,3.5034145068441123
2025-01-02 16:58:01,3.361820876335135
2025-01-02 16:58:02,3.170728391062848
2025-01-02 16:58:03,3.210371644208253
2025-01-02 16:58:04,3.132517107158792
2025-01-02 16:58:05,3.158763898362821
2025-01-02 16:58:06,3.1998179489088043
2025-01-02 16:58:07,2.4837663853715233
2025-01-02 16:58:08,3.215501756124742
2025-01-02 16:58:09,3.395727076503348
2025-01-02 16:58:10,3.3666880297234085
2025-01-02 16:58:11,2.9317249768621436
2025-01-02 16:58:12,3.391092195316911
2025-01-02 16:58:13,3.127194583740544
2025-01-02 16:58:14,3.0208601624858997
2025-01-02 16:58:15,3.6567244669334755
2025-01-02 16:58:16,2.608874720332028
2025-01-02 16:58:17,3.3671220139385487
2025-01-02 16:58:18,3.128242087665199
2025-01-02 16:58:19,3.1919917671883486
2025-01-02 16:58:20,3.693159969680704
2025-01-02 16:58:21,3.117076811278711
2025-01-02 16:58:22,3.4633424309676712
2025-01-02 16:58:23,3.370153562766673
2025-01-02 16:58:24,3.892071595982635
2025-01-02 16:58:25,2.842302793134874
2025-01-02 16:58:26,3.6116721574472312
2025-01-02 16:58:27,3.244419275327949
2025-01-02 16:58:28,3.062267610580192
2025-01-02 16:58:29,3.154056406065594
2025-01-02 16:58:30,3.6830569277240746
2025-01-02 16:58:31,2.731944921422376
2025-01-02 16:58:32,2.811254918775172
2025-01-02 16:58:33,3.6244006439599596
2025-01-02 16:58:34,3.0967602746838043
2025-01-02 16:58:35,2.7775945305055356
2025-01-02 16:58:36,3.4748909502267047
2025-01-02 16:58:37,3.414510800413279
2025-01-02 16:58:38,3.137068519305866
2025-01-02 16:58:39,3.0855309124183683
2025-01-02 16:58:40,2.857370721986659
2025-01-02 16:58:41,3.1124560589705084
2025-01-02 16:58:42,3.6007650335879555
2025-01-02 16:58:43,3.3125589902926773
2025-01-02 16:58:44,3.250385749225407
2025-01-02 16:58:45,3.2298456522668917
2025-01-02 16:58:46,3.504967485851568
2025-01-02 16:58:47,3.2637033585102966
2025-01-02 16:58:48,3.5479125251152603
2025-01-02 16:58:49,3.5156330376004563
2025-01-02 16:58:50,3.117050683126487
2025-01-02 16:58:51,3.591597914212281
2025-01-02 16:58:52,3.6761227273023254
2025-01-02 16:58:53,3.4801798889575415
2025-01-02 16:58:54,3.8908237667484835
2025-01-02 16:58:55,3.15150674027688
2025-01-02 16:58:56,3.085416235721544
2025-01-02 16:58:57,3.2232184932644863
2025-01-02 16:58:58,2.736463617378698
2025-01-02 16:58:59,3.4250205495048447
2025-01-02 16:59:00,3.1938826523483717
2025-01-02 16:59:01,3.4034173700363066
2025-01-02 16:59:02,3.5316519380847518
2025-01-02 16:59:03,3.3754050391150154
2025-01-02 16:59:04,3.768850512730556
2025-01-02 16:59:05,2.5821149310826774
2025-01-02 16:59:06,2.9408508538255718
2025-01-02 16:59:07,3.5519502862822985
2025-01-02 16:59:08,2.967810466998221
2025-01-02 16:59:09,3.449516224847497
2025-01-02 16:59:10,3.062397404743035
2025-01-02 16:59:11,3.3484423444084745
2025-01-02 16:59:12,3.051810067715495
2025-01-02 16:59:13,3.003762002885831
2025-01-02 16:59:14,3.003954702470725
2025-01-02 16:59:15,3.644938717495079
2025-01-02 16:59:16,3.1930695280562116
2025-01-02 16:59:17,3.6321780026984776
2025-01-02 16:59:18,2.861901027130725
2025-01-02 16:59:19,3.322273421683097
2025-01-02 16:59:20,3.2929965823497427
2025-01-02 16:59:21,3.177067048306035
2025-01-02 16:59:22,3.0875856126116235
2025-01-02 16:59:23,3.669252372963936
2025-01-02 16:59:24,3.4778926701713924
2025-01-02 16:59:25,3.018827870329486
2025-01-02 16:59:26,2.915278490150908
2025-01-02 16:59:27,3.3954254489394127
2025-01-02 16:59:28,3.1838669610759327
2025-01-02 16:59:29,
2025-01-02 16:59:30,3.0943511544139266
2025-01-02 16:59:31,3.0691063678975565
2025-01-02 16:59:32,3.420279779029522
2025-01-02 16:59:33,3.671024465072942
2025-01-02 16:59:34,3.528784104816562
2025-01-02 16:59:35,
2025-01-02 16:59:36,3.3392251831243844
2025-01-02 16:59:37,3.1891903349857125
2025-01-02 16:59:38,3.383706375471054
2025-01-02 16:59:39,
2025-01-02 16:59:40,3.440290489898287
2025-01-02 16:59:41,3.0135323192323957
2025-01-02 16:59:42,2.8144249514988786
2025-01-02 16:59:43,2.9046228054430197
2025-01-02 16:59:44,3.2070559979689905
2025-01-02 16:59:45,
2025-01-02 16:59:46,4.2895196060058165
2025-01-02 16:59:47,3.238455329817398
2025-01-02 16:59:48,3.3688515088492914
2025-01-02 16:59:49,3.325704428796147
2025-01-02 16:59:50,3.5561319147573984
2025-01-02 16:59:51,2.935267018435183
2025-01-02 16:59:52,4.033005812814488
2025-01-02 16:59:53,3.5700967331040747
2025-01-02 16:59:54,3.081705930434178
2025-01-02 16:59:55,3.2168174430952603
2025-01-02 16:59:56,3.371167781512249
2025-01-02 16:59:57,2.850950756287241
2025-01-02 16:59:58,2.8431688786011122
2025-01-02 16:59:59,2.8407110247828617
2025-01-02 17:00:00,3.456667132636529
2025-01-02 17:00:01,2.9679873669929266
2025-01-02 17:00:02,3.7104614332048693
2025-01-02 17:00:03,3.003936949654758
2025-01-02 17:00:04,2.859638608108659
2025-01-02 17:00:05,3.2540020227701643
2025-01-02 17:00:06,3.4875283580946648
2025-01-02 17:00:07,2.8962012200963327
2025-01-02 17:00:08,3.314509459600904
2025-01-02 17:00:09,2.925877983759744
2025-01-02 17:00:10,3.533094908211256
2025-01-02 17:00:11,3.268901820018442
2025-01-02 17:00:12,3.1518304977640255
2025-01-02 17:00:13,3.448573800152541
2025-01-02 17:00:14,3.409909860849436
2025-01-02 17:00:15,
2025-01-02 17:00:16,2.984221452342445
2025-01-02 17:00:17,3.454629173303675
2025-01-02 17:00:18,3.4461136981308846
2025-01-02 17:00:19,3.253704535424326
2025-01-02 17:00:20,2.8526593076026145
2025-01-02 17:00:21,3.3423419935980307
2025-01-02 17:00:22,3.2256052708863368
2025-01-02 17:00:23,2.9307775739830184
2025-01-02 17:00:24,3.0117888537511592
2025-01-02 17:00:25,3.4330144631041826
2025-01-02 17:00:26,2.7379386588231616
2025-01-02 17:00:27,3.4516043294558583
2025-01-02 17:00:28,3.7153740608084758
2025-01-02 17:00:29,3.3091073228545262
2025-01-02 17:00:30,3.3381026747749787
2025-01-02 17:00:31,3.3493361416563996
2025-01-02 17:00:32,3.379528978131097
2025-01-02 17:00:33,3.2927162908563368
2025-01-02 17:00:34,3.203940218121171
2025-01-02 17:00:35,3.554109912080643
2025-01-02 17:00:36,3.689299128036664
2025-01-02 17:00:37,2.8725612536448506
2025-01-02 17:00:38,2.9570343887510315
2025-01-02 17:00:39,3.018392877183486
2025-01-02 17:00:40,2.953859404555393
2025-01-02 17:00:41,3.4421453483456896
2025-01-02 17:00:42,3.845188020134695
2025-01-02 17:00:43,2.7216579380643062
2025-01-02 17:00:44,3.0094537772785555
2025-01-02 17:00:45,3.483062759441896
2025-01-02 17:00:46,3.7996966153472798
2025-01-02 17:00:47,3.4253108573992757
2025-01-02 17:00:48,2.9224651815277167
2025-01-02 17:00:49,3.0992614689110116
2025-01-02 17:00:50,3.447813640338281
2025-01-02 17:00:51,3.2648743940570824
2025-01-02 17:00:52,3.2467271738604984
2025-01-02 17:00:53,3.4510220469297725
2025-01-02 17:00:54,2.5732081877352813
2025-01-02 17:00:55,3.4407020825183126
2025-01-02 17:00:56,2.9012980356449494
2025-01-02 17:00:57,3.3287944932154745
2025-01-02 17:00:58,3.4478800957750533
2025-01-02 17:00:59,3.048778432611775
2025-01-02 17:01:00,3.349979963768765
2025-01-02 17:01:01,3.521993595479562
2025-01-02 17:01:02,2.8353710920472635
2025-01-02 17:01:03,3.2360820449217855
2025-01-02 17:01:04,3.429616755377111
2025-01-02 17:01:05,3.2387468336319114
2025-01-02 17:01:06,3.1405172372643446
2025-01-02 17:01:07,3.219633275983621
2025-01-02 17:01:08,3.338910521349805
2025-01-02 17:01:09,2.7207754648389013
2025-01-02 17:01:10,3.461672052573968
2025-01-02 17:01:11,3.6342338063360105
2025-01-02 17:01:12,3.276464406459578
2025-01-02 17:01:13,3.549066200527261
2025-01-02 17:01:14,3.685795386254361
2025-01-02 17:01:15,3.4093975839229143
2025-01-02 17:01:16,3.3103899513795074
2025-01-02 17:01:17,3.4435844895511334
2025-01-02 17:01:18,3.9935423600653017
2025-01-02 17:01:19,2.9750427618521265
2025-01-02 17:01:20,3.3374193692690053
2025-01-02 17:01:21,3.2890663367310164
2025-01-02 17:01:22,3.444641044252999
2025-01-02 17:01:23,2.8576044003464713
2025-01-02 17:01:24,3.3431714616934283
2025-01-02 17:01:25,3.6321356512582317
2025-01-02 17:01:26,3.1627220773038376
2025-01-02 17:01:27,3.3944598670967414
2025-01-02 17:01:28,3.124857202729561
2025-01-02 17:01:29,3.0383021979495446
2025-01-02 17:01:30,2.9113096663131772
2025-01-02 17:01:31,3.091487390519848
2025-01-02 17:01:32,3.217481167022367
2025-01-02 17:01:33,3.5585078959014105
2025-01-02 17:01:34,2.6233626172210647
2025-01-02 17:01:35,3.073749938025573
2025-01-02 17:01:36,3.0001341013040306
2025-01-02 17:01:37,3.576877348332132
2025-01-02 17:01:38,3.4214597193326504
2025-01-02 17:01:39,3.189539481197902
2025-01-02 17:01:40,3.293809120793538
2025-01-02 17:01:41,3.6973762666536936
2025-01-02 17:01:42,3.65022435359792
2025-01-02 17:01:43,3.8685236107971708
2025-01-02 17:01:44,3.2673581850941447
2025-01-02 17:01:45,3.240279632071018
2025-01-02 17:01:46,3.6004787032539816
2025-01-02 17:01:47,3.1700467121354254
2025-01-02 17:01:48,3.5299693112185273
2025-01-02 17:01:49,3.2846735156863396
2025-01-02 17:01:50,2.9930458973510734
2025-01-02 17:01:51,3.228285464072222
2025-01-02 17:01:52,3.487593914063231
2025-01-02 17:01:53,3.234151868019869
2025-01-02 17:01:54,2.793533094747327
2025-01-02 17:01:55,2.761526848771879
2025-01-02 17:01:56,3.6009802080220608
2025-01-02 17:01:57,3.5213936059196413
2025-01-02 17:01:58,3.385442058296815
2025-01-02 17:01:59,3.586856099009216
2025-01-02 17:02:00,2.6497777027603893
2025-01-02 17:02:01,3.4461201903645997
2025-01-02 17:02:02,3.189340504196475
2025-01-02 17:02:03,2.974498365850225
2025-01-02 17:02:04,3.456059725762287
2025-01-02 17:02:05,3.0919302724732916
2025-01-02 17:02:06,3.213080671267038
2025-01-02 17:02:07,3.4151913772801787
2025-01-02 17:02:08,
2025-01-02 17:02:09,3.8287417289738883
2025-01-02 17:02:10,3.45417121893181
2025-01-02 17:02:11,2.9711717414108882
2025-01-02 17:02:12,3.0905224985948005
2025-01-02 17:02:13,3.6690008316051843
2025-01-02 17:02:14,3.417698400723233
2025-01-02 17:02:15,3.3622524194010346
2025-01-02 17:02:16,3.192990578106023
2025-01-02 17:02:17,3.5910456089404903
2025-01-02 17:02:18,3.517235352287044
2025-01-02 17:02:19,3.4988475387951765
2025-01-02 17:02:20,3.745121196349253
2025-01-02 17:02:21,3.3356165789636414
2025-01-02 17:02:22,2.99519334789349
2025-01-02 17:02:23,3.199556890575351
2025-01-02 17:02:24,3.086583386372721
2025-01-02 17:02:25,3.892425402268607
2025-01-02 17:02:26,3.3153215286305215
2025-01-02 17:02:27,3.003881598711684
2025-01-02 17:02:28,4.023119596368593
2025-01-02 17:02:29,2.958169551990921
2025-01-02 17:02:30,3.479519249387566
2025-01-02 17:02:31,3.345358041730347
2025-01-02 17:02:32,2.9575233322207852
2025-01-02 17:02:33,3.1430679853622108
2025-01-02 17:02:34,
2025-01-02 17:02:35,3.01576120130009
2025-01-02 17:02:36,3.3408379300021585
2025-01-02 17:02:37,3.026276793482311
2025-01-02 17:02:38,3.678850293178198
2025-01-02 17:02:39,3.4508118698966146
2025-01-02 17:02:40,3.962603802312782
2025-01-02 17:02:41,3.3835385455177023
2025-01-02 17:02:42,3.0147349699690382
2025-01-02 17:02:43,3.549619188245737
2025-01-02 17:02:44,2.896543502310436
2025-01-02 17:02:45,2.9799435198597535
2025-01-02 17:02:46,3.4231807584666543
2025-01-02 17:02:47,3.8850607188132913
2025-01-02 17:02:48,3.3633469824068505
2025-01-02 17:02:49,3.373102696517683
2025-01-02 17:02:50,3.6455893779065516
2025-01-02 17:02:51,3.335375451568178
2025-01-02 17:02:52,3.6316511381336882
2025-01-02 17:02:53,3.1293686874461835
2025-01-02 17:02:54,3.371040361040132
2025-01-02 17:02:55,2.6382882695406233
2025-01-02 17:02:56,3.578411004417482
2025-01-02 17:02:57,3.447401215240523
2025-01-02 17:02:58,3.6896165571875663
2025-01-02 17:02:59,3.9515346085530876
2025-01-02 17:03:00,3.606349956354129
2025-01-02 17:03:01,3.1058811859563784
2025-01-02 17:03:02,3.241050350751252
2025-01-02 17:03:03,3.410245239230224
2025-01-02 17:03:04,3.827253733119627
2025-01-02 17:03:05,3.3286181349939397
2025-01-02 17:03:06,2.9991772019568463
2025-01-02 17:03:07,3.5304236675668528
2025-01-02 17:03:08,2.402919941413588
2025-01-02 17:03:09,3.583674803876815
2025-01-02 17:03:10,3.3557651058082776
2025-01-02 17:03:11,2.821741212174909
2025-01-02 17:03:12,
2025-01-02 17:03:13,2.912814666276372
2025-01-02 17:03:14,3.341736676150021
2025-01-02 17:03:15,3.5943844720158276
2025-01-02 17:03:16,3.5620444270002576
2025-01-02 17:03:17,3.1978119449915705
2025-01-02 17:03:18,3.0786780546521104
2025-01-02 17:03:19,2.7064207147278383
2025-01-02 17:03:20,3.350769542452794
2025-01-02 17:03:21,3.2983495321499503
2025-01-02 17:03:22,3.5377712508746018
2025-01-02 17:03:23,3.518140179562091
2025-01-02 17:03:24,3.192886115753787
2025-01-02 17:03:25,3.448013807797434
2025-01-02 17:03:26,3.0575471391643547
2025-01-02 17:03:27,3.51716229703424
2025-01-02 17:03:28,3.4025571405738826
2025-01-02 17:03:29,2.816478697499832
2025-01-02 17:03:30,3.8509764507129827
2025-01-02 17:03:31,3.1161468566286565
2025-01-02 17:03:32,3.243595665834829
2025-01-02 17:03:33,2.9512564969105406
2025-01-02 17:03:34,3.606420867395739
2025-01-02 17:03:35,3.5410706282417523
2025-01-02 17:03:36,3.77657086920926
2025-01-02 17:03:37,3.405371911311454
2025-01-02 17:03:38,3.564568885704131
2025-01-02 17:03:39,2.7106162630206185
2025-01-02 17:03:40,3.3109628786426044
2025-01-02 17:03:41,2.924178670388077
2025-01-02 17:03:42,3.599657903719493
2025-01-02 17:03:43,3.1982854825770746
2025-01-02 17:03:44,3.4201317181615423
2025-01-02 17:03:45,3.4368542985730035
2025-01-02 17:03:46,2.799013767951619
2025-01-02 17:03:47,
2025-01-02 17:03:48,3.539338343233685
2025-01-02 17:03:49,3.395050759008783
2025-01-02 17:03:50,3.2154611264905446
2025-01-02 17:03:51,3.37774834805652
2025-01-02 17:03:52,3.0365336415995703
2025-01-02 17:03:53,3.246963991471948
2025-01-02 17:03:54,3.423622050896264
2025-01-02 17:03:55,3.4377779949740286
2025-01-02 17:03:56,3.6688230310849557
2025-01-02 17:03:57,2.9209648960867423
2025-01-02 17:03:58,3.4189773531254466
2025-01-02 17:03:59,3.313521882016173
2025-01-02 17:04:00,3.1026705516907547
2025-01-02 17:04:01,3.3358110108154775
2025-01-02 17:04:02,3.249743922359879
2025-01-02 17:04:03,3.130067988850854
2025-01-02 17:04:04,3.047473295175908
2025-01-02 17:04:05,3.1325048157515694
2025-01-02 17:04:06,3.739213326005011
2025-01-02 17:04:07,3.5288099878000265
2025-01-02 17:04:08,3.349355543690426
2025-01-02 17:04:09,3.315748918168835
2025-01-02 17:04:10,3.266253082365572
2025-01-02 17:04:11,3.104766523693997
2025-01-02 17:04:12,2.9540079351352624
2025-01-02 17:04:13,3.232110453556057
2025-01-02 17:04:14,3.36245548504089
2025-01-02 17:04:15,3.1959296089915483
2025-01-02 17:04:16,2.97092392675427
2025-01-02 17:04:17,3.097165060152154
2025-01-02 17:04:18,3.454149706245254
2025-01-02 17:04:19,3.6298072311537593
2025-01-02 17:04:20,3.0195572993986186
2025-01-02 17:04:21,
2025-01-02 17:04:22,3.8023713275149635
2025-01-02 17:04:23,3.024224451600767
2025-01-02 17:04:24,3.371306044619874
2025-01-02 17:04:25,3.4557656270625645
2025-01-02 17:04:26,3.340645124773018
2025-01-02 17:04:27,3.014657526533449
2025-01-02 17:04:28,3.0464121752696687
2025-01-02 17:04:29,3.2808709099096633
2025-01-02 17:04:30,3.5438787598545467
2025-01-02 17:04:31,3.12947485768603
2025-01-02 17:04:32,3.261647123308878
2025-01-02 17:04:33,3.3439039456964847
2025-01-02 17:04:34,3.710390463685905
2025-01-02 17:04:35,2.6576307787739233
2025-01-02 17:04:36,3.221462752032484
2025-01-02 17:04:37,3.1316552332723244
2025-01-02 17:04:38,3.3262421501929627
2025-01-02 17:04:39,3.038381631486786
2025-01-02 17:04:40,3.08458495556335
2025-01-02 17:04:41,3.6282806998590758
2025-01-02 17:04:42,3.6401652971445633
2025-01-02 17:04:43,2.358019982801235
2025-01-02 17:04:44,3.2019959999714382
2025-01-02 17:04:45,3.445309936040784
2025-01-02 17:04:46,3.573012323334063
2025-01-02 17:04:47,3.6436195976984607
2025-01-02 17:04:48,3.4018895230149977
2025-01-02 17:04:49,3.855960411904723
2025-01-02 17:04:50,3.5488291377684793
2025-01-02 17:04:51,3.173541535205273
2025-01-02 17:04:52,3.210357188556472
2025-01-02 17:04:53,3.338894451377974
2025-01-02 17:04:54,3.6008347563955434
2025-01-02 17:04:55,
2025-01-02 17:04:56,3.44086179468649
2025-01-02 17:04:57,3.2281021931436005
2025-01-02 17:04:58,3.239988548562171
2025-01-02 17:04:59,3.180576059263381
2025-01-02 17:05:00,3.801298977447426
2025-01-02 17:05:01,3.1434367190945367
2025-01-02 17:05:02,3.446818630775184
2025-01-02 17:05:03,2.822624452554857
2025-01-02 17:05:04,3.3303719717951394
2025-01-02 17:05:05,3.563787555714468
2025-01-02 17:05:06,3.290968906720683
2025-01-02 17:05:07,3.9852511028033364
2025-01-02 17:05:08,2.6825604214521794
2025-01-02 17:05:09,2.7637126808913877
2025-01-02 17:05:10,3.707468144415496
2025-01-02 17:05:11,4.097108033849559
2025-01-02 17:05:12,3.525459791201232
2025-01-02 17:05:13,3.4529662469107247
2025-01-02 17:05:14,2.9904069076490636
2025-01-02 17:05:15,3.479485964508384
2025-01-02 17:05:16,3.6982888871935407
2025-01-02 17:05:17,2.422064332716624
2025-01-02 17:05:18,3.10417305857254
2025-01-02 17:05:19,3.3468337962881396
2025-01-02 17:05:20,2.1567269385366634
2025-01-02 17:05:21,2.9904458222541668
2025-01-02 17:05:22,3.535503025918637
2025-01-02 17:05:23,3.173325462054874
2025-01-02 17:05:24,3.291278633937071
2025-01-02 17:05:25,3.3089390093452646
2025-01-02 17:05:26,3.214863459809297
2025-01-02 17:05:27,3.1577619060655477
2025-01-02 17:05:28,3.3557745100514578
2025-01-02 17:05:29,3.3969200725608446
2025-01-02 17:05:30,2.9453217176991
2025-01-02 17:05:31,3.179532037174341
2025-01-02 17:05:32,3.418957434231275
2025-01-02 17:05:33,3.2968123477862408
2025-01-02 17:05:34,3.2681814585902687
2025-01-02 17:05:35,3.4194256462961734
2025-01-02 17:05:36,3.5483514805989773
2025-01-02 17:05:37,2.8149427122197306
2025-01-02 17:05:38,3.2500610166349495
2025-01-02 17:05:39,3.4996610656210576
2025-01-02 17:05:40,3.32427666037118
2025-01-02 17:05:41,3.725366878023264
2025-01-02 17:05:42,3.052548987817948
2025-01-02 17:05:43,3.1921848515820463
2025-01-02 17:05:44,3.165059868727732
2025-01-02 17:05:45,3.1466494768052713
2025-01-02 17:05:46,3.0630274693627384
2025-01-02 17:05:47,3.601902320281728
2025-01-02 17:05:48,3.6831480695341137
2025-01-02 17:05:49,3.017968761135448
2025-01-02 17:05:50,3.221861683080534
2025-01-02 17:05:51,3.097697377886349
2025-01-02 17:05:52,3.191845537842282
2025-01-02 17:05:53,3.1723590215519937
2025-01-02 17:05:54,3.36932561472099
2025-01-02 17:05:55,3.0341133957136104
2025-01-02 17:05:56,3.5382085017804883
2025-01-02 17:05:57,3.457966134227099
2025-01-02 17:05:58,2.7242137234431616
2025-01-02 17:05:59,3.2490672099553133
2025-01-02 17:06:00,2.7025317924676413
2025-01-02 17:06:01,3.392048365280371
2025-01-02 17:06:02,3.7339393198024924
2025-01-02 17:06:03,3.105692718126965
2025-01-02 17:06:04,2.878747204206095
2025-01-02 17:06:05,2.617977415436819
2025-01-02 17:06:06,3.4303946978651156
2025-01-02 17:06:07,3.2256918826268715
2025-01-02 17:06:08,2.969942161665327
2025-01-02 17:06:09,2.9734312878999822
2025-01-02 17:06:10,3.2947645673296897
2025-01-02 17:06:11,3.9076403871093435
2025-01-02 17:06:12,3.8552420971051182
2025-01-02 17:06:13,3.343586030742976
2025-01-02 17:06:14,3.540643013490435
2025-01-02 17:06:15,3.0983092412306013
2025-01-02 17:06:16,3.607285731683162
2025-01-02 17:06:17,3.4726013316565076
2025-01-02 17:06:18,3.4237519118704776
2025-01-02 17:06:19,3.3286881586277626
2025-01-02 17:06:20,3.0876599550210337
2025-01-02 17:06:21,3.029703802419156
2025-01-02 17:06:22,
2025-01-02 17:06:23,3.232911024797324
2025-01-02 17:06:24,3.39410875187143
2025-01-02 17:06:25,3.2358936560180798
2025-01-02 17:06:26,2.732414032269034
2025-01-02 17:06:27,3.6114174308362554
2025-01-02 17:06:28,3.206644462367143
2025-01-02 17:06:29,3.3398551169067345
2025-01-02 17:06:30,3.3323729767611336
2025-01-02 17:06:31,3.1595484110309355
2025-01-02 17:06:32,3.314966474579706
2025-01-02 17:06:33,3.384235471183923
2025-01-02 17:06:34,3.1346041750076723
2025-01-02 17:06:35,3.204949998969188
2025-01-02 17:06:36,
2025-01-02 17:06:37,3.020038703121471
2025-01-02 17:06:38,3.6684438807358712
2025-01-02 17:06:39,3.901891636312183
2025-01-02 17:06:40,3.1347229364833558
2025-01-02 17:06:41,3.498405270848146
2025-01-02 17:06:42,3.2847131448262012
2025-01-02 17:06:43,3.5067115159814617
2025-01-02 17:06:44,
2025-01-02 17:06:45,3.529016914289546
2025-01-02 17:06:46,3.2700606669866814
2025-01-02 17:06:47,3.384359357349418
2025-01-02 17:06:48,3.3164835979311817
2025-01-02 17:06:49,3.878164706578797
2025-01-02 17:06:50,3.3556319515125677
2025-01-02 17:06:51,4.014560404419644
2025-01-02 17:06:52,3.1437339825630075
2025-01-02 17:06:53,
2025-01-02 17:06:54,2.6903099176409713
2025-01-02 17:06:55,3.4494122500139124
2025-01-02 17:06:56,3.1733287253191196
2025-01-02 17:06:57,3.0733011307947846
2025-01-02 17:06:58,2.937442775818745
2025-01-02 17:06:59,3.2597653052448994
2025-01-02 17:07:00,2.756114472960172
2025-01-02 17:07:01,3.393395363701762
2025-01-02 17:07:02,3.208578209410916
2025-01-02 17:07:03,3.6831546627502276
2025-01-02 17:07:04,3.863938697494179
2025-01-02 17:07:05,3.37181822050551
2025-01-02 17:07:06,3.292292328315329
2025-01-02 17:07:07,3.148790282468862
2025-01-02 17:07:08,3.570871522461847
2025-01-02 17:07:09,4.327006850151258
2025-01-02 17:07:10,3.32009170828021
2025-01-02 17:07:11,3.28981578444789
2025-01-02 17:07:12,3.598537742803045
2025-01-02 17:07:13,3.279089519951968
2025-01-02 17:07:14,2.9933424388240093
2025-01-02 17:07:15,3.1573031798546842
2025-01-02 17:07:16,3.6203114305418884
2025-01-02 17:07:17,3.2634967042827605
2025-01-02 17:07:18,3.512070725155823
2025-01-02 17:07:19,3.096907487187537
2025-01-02 17:07:20,3.383345076910179
2025-01-02 17:07:21,3.5252624607564065
2025-01-02 17:07:22,3.3977626548563133
2025-01-02 17:07:23,3.8879534954466854
2025-01-02 17:07:24,3.3803514733915865
2025-01-02 17:07:25,3.00549959384855
2025-01-02 17:07:26,3.101338748600036
2025-01-02 17:07:27,3.6796043700420578
2025-01-02 17:07:28,2.9741731516113665
2025-01-02 17:07:29,3.241170320743485
2025-01-02 17:07:30,3.2766083456359287
2025-01-02 17:07:31,3.3452762580782034
2025-01-02 17:07:32,2.8498197908519356
2025-01-02 17:07:33,3.4218786259252236
2025-01-02 17:07:34,
2025-01-02 17:07:35,3.716295197376263
2025-01-02 17:07:36,2.8689113242621302
2025-01-02 17:07:37,3.3653594194307392
2025-01-02 17:07:38,3.040784422617258
2025-01-02 17:07:39,3.0146565568369694
2025-01-02 17:07:40,3.6512595120521754
2025-01-02 17:07:41,3.867531732956685
2025-01-02 17:07:42,2.761154334665883
2025-01-02 17:07:43,2.627776996602204
2025-01-02 17:07:44,3.61756421998711
2025-01-02 17:07:45,3.673083994838793
2025-01-02 17:07:46,3.3862433617155263
2025-01-02 17:07:47,3.5498367330097738
2025-01-02 17:07:48,3.1973057893349246
2025-01-02 17:07:49,3.793972648381437
2025-01-02 17:07:50,2.684132989143558
2025-01-02 17:07:51,3.132107974987722
2025-01-02 17:07:52,3.6914265884108644
2025-01-02 17:07:53,3.194461774200167
2025-01-02 17:07:54,3.7323899496322577
2025-01-02 17:07:55,2.8112811949583705
2025-01-02 17:07:56,3.5591751566287138
2025-01-02 17:07:57,3.180704487179441
2025-01-02 17:07:58,3.2078000466720726
2025-01-02 17:07:59,3.457655846109161
2025-01-02 17:08:00,3.2054659744523066
2025-01-02 17:08:01,
2025-01-02 17:08:02,3.4668549193702325
2025-01-02 17:08:03,3.6666965969531176
2025-01-02 17:08:04,3.9164641901936603
2025-01-02 17:08:05,3.6367644303006714
2025-01-02 17:08:06,3.2816635927404487
2025-01-02 17:08:07,2.86201774273249
2025-01-02 17:08:08,3.282363694023553
2025-01-02 17:08:09,3.621754789168184
2025-01-02 17:08:10,3.7915651134375383
2025-01-02 17:08:11,3.366399095953143
2025-01-02 17:08:12,3.5242286425490703
2025-01-02 17:08:13,3.103162652387736
2025-01-02 17:08:14,2.8419477217603353
2025-01-02 17:08:15,3.621168170778246
2025-01-02 17:08:16,3.236662407337098
2025-01-02 17:08:17,3.5566020911740828
2025-01-02 17:08:18,3.465289129224161
2025-01-02 17:08:19,2.891315946097659
2025-01-02 17:08:20,3.956082251252581
2025-01-02 17:08:21,2.9550348763914407
2025-01-02 17:08:22,2.8847224435072425
2025-01-02 17:08:23,3.3952909530876796
2025-01-02 17:08:24,3.9715388082844316
2025-01-02 17:08:25,3.6058346982234264
2025-01-02 17:08:26,3.2464049978977987
2025-01-02 17:08:27,3.0844240834122543
2025-01-02 17:08:28,3.454875899007935
2025-01-02 17:08:29,3.374002782055511
2025-01-02 17:08:30,3.181023625655824
2025-01-02 17:08:31,2.68822159067287
2025-01-02 17:08:32,3.811373285581104
2025-01-02 17:08:33,3.5078347001536496
2025-01-02 17:08:34,2.9323306147675314
2025-01-02 17:08:35,2.954646717446418
2025-01-02 17:08:36,3.7679012281428514
2025-01-02 17:08:37,3.5099723283868127
2025-01-02 17:08:38,3.444135718783484
2025-01-02 17:08:39,3.4714538206628216
2025-01-02 17:08:40,3.336253754184006
2025-01-02 17:08:41,3.3849605446632802
2025-01-02 17:08:42,3.2386819222302665
2025-01-02 17:08:43,3.4862368494374327
2025-01-02 17:08:44,3.046457287282365
2025-01-02 17:08:45,2.8111988096172293
2025-01-02 17:08:46,3.5436583506520636
2025-01-02 17:08:47,3.8153495372901864
2025-01-02 17:08:48,3.1079908149204787
2025-01-02 17:08:49,3.261839491902013
2025-01-02 17:08:50,2.7496772780200356
2025-01-02 17:08:51,3.4220773597322527
2025-01-02 17:08:52,3.6933222006619926
2025-01-02 17:08:53,3.2707993069212127
2025-01-02 17:08:54,3.446288659635164
2025-01-02 17:08:55,3.1778482460867292
2025-01-02 17:08:56,3.2451833081082806
2025-01-02 17:08:57,3.2233988226794428
2025-01-02 17:08:58,3.2472349587588263
2025-01-02 17:08:59,3.7553558129282765
2025-01-02 17:09:00,3.4802608436122755
2025-01-02 17:09:01,3.5102026866511284
2025-01-02 17:09:02,3.516925656245134
2025-01-02 17:09:03,
2025-01-02 17:09:04,3.414306569819931
2025-01-02 17:09:05,3.4448303573848467
2025-01-02 17:09:06,2.474141671176654
2025-01-02 17:09:07,3.3320515125779053
2025-01-02 17:09:08,3.1541721053853458
2025-01-02 17:09:09,3.106558548758408
2025-01-02 17:09:10,3.775981973023671
2025-01-02 17:09:11,3.19502381102087
2025-01-02 17:09:12,3.614910892108223
2025-01-02 17:09:13,3.0974955457770736
2025-01-02 17:09:14,2.9097920180068626
2025-01-02 17:09:15,3.797416735526377
2025-01-02 17:09:16,
2025-01-02 17:09:17,3.688424084851186
2025-01-02 17:09:18,3.3656543292103973
2025-01-02 17:09:19,3.291538296931297
2025-01-02 17:09:20,3.2699890603356474
2025-01-02 17:09:21,3.608911392655769
2025-01-02 17:09:22,3.18908811449811
2025-01-02 17:09:23,4.089713415576771
2025-01-02 17:09:24,2.8726616761330392
2025-01-02 17:09:25,3.5458077706140902
2025-01-02 17:09:26,3.856970599682105
2025-01-02 17:09:27,3.4512573524617687
2025-01-02 17:09:28,3.461375981320882
2025-01-02 17:09:29,2.8933540384737135
2025-01-02 17:09:30,3.2892661992623204
2025-01-02 17:09:31,3.337574076923815
2025-01-02 17:09:32,3.34177816280044
2025-01-02 17:09:33,3.717869344635315
2025-01-02 17:09:34,3.6772606097192257
2025-01-02 17:09:35,3.049631857288292
2025-01-02 17:09:36,2.9778456992265
2025-01-02 17:09:37,3.3511171414777228
2025-01-02 17:09:38,3.226442428521722
2025-01-02 17:09:39,3.807051975766024
2025-01-02 17:09:40,2.8940411305948763
2025-01-02 17:09:41,3.1180550220236607
2025-01-02 17:09:42,3.2713129830540804
2025-01-02 17:09:43,3.033237964902634
2025-01-02 17:09:44,3.376383216695352
2025-01-02 17:09:45,
2025-01-02 17:09:46,3.6699512414732265
2025-01-02 17:09:47,3.113188054928734
2025-01-02 17:09:48,3.759198984442156
2025-01-02 17:09:49,3.3384036126742207
2025-01-02 17:09:50,3.505555729552433
2025-01-02 17:09:51,3.3682849847961163
2025-01-02 17:09:52,3.2240374250315367
2025-01-02 17:09:53,3.0177500157420094
2025-01-02 17:09:54,3.049255768750661
2025-01-02 17:09:55,3.5887169926552724
2025-01-02 17:09:56,3.6375386175457374
2025-01-02 17:09:57,3.232418746399239
2025-01-02 17:09:58,3.321724944517533
2025-01-02 17:09:59,3.254517267646124
2025-01-02 17:10:00,2.9481485438250825
2025-01-02 17:10:01,3.306657172873362
2025-01-02 17:10:02,3.524464817165044
2025-01-02 17:10:03,3.885816479660738
2025-01-02 17:10:04,3.100173322563521
2025-01-02 17:10:05,3.021114621850019
2025-01-02 17:10:06,2.565830531994119
2025-01-02 17:10:07,3.5472069459010283
2025-01-02 17:10:08,3.0990848525194736
2025-01-02 17:10:09,3.6375259172982357
2025-01-02 17:10:10,3.2667827900088224
2025-01-02 17:10:11,2.4694508355163185
2025-01-02 17:10:12,3.672547218260948
2025-01-02 17:10:13,3.3367440191216637
2025-01-02 17:10:14,3.691096649584357
2025-01-02 17:10:15,3.4798496168914697
2025-01-02 17:10:16,3.594650018918772
2025-01-02 17:10:17,2.8026310553877436
2025-01-02 17:10:18,3.516607499974389
2025-01-02 17:10:19,3.1199441438500113
2025-01-02 17:10:20,3.2628806413219165
2025-01-02 17:10:21,3.4150522523316957
2025-01-02 17:10:22,3.1609726545580195
2025-01-02 17:10:23,2.5161423784606036
2025-01-02 17:10:24,2.961883302472771
2025-01-02 17:10:25,3.162947257096202
2025-01-02 17:10:26,3.4233797659986664
2025-01-02 17:10:27,3.6954626975615756
2025-01-02 17:10:28,3.4091368696423587
2025-01-02 17:10:29,3.5985144825026745
2025-01-02 17:10:30,3.4118393259934567
2025-01-02 17:10:31,3.5017285146584483
2025-01-02 17:10:32,3.5610933618454363
2025-01-02 17:10:33,4.184806513538401
2025-01-02 17:10:34,3.107169780939469
2025-01-02 17:10:35,3.1571012911133174
2025-01-02 17:10:36,3.5359160000897782
2025-01-02 17:10:37,3.3589409907925534
2025-01-02 17:10:38,3.1132294342940696
2025-01-02 17:10:39,3.21275380074399
2025-01-02 17:10:40,3.8233839077059684
2025-01-02 17:10:41,3.8325066470454967
2025-01-02 17:10:42,3.7145978781713844
2025-01-02 17:10:43,3.6548958469752524
2025-01-02 17:10:44,3.75814135446988
2025-01-02 17:10:45,2.9908775593028794
2025-01-02 17:10:46,3.2459626403127833
2025-01-02 17:10:47,3.3516483126410055
2025-01-02 17:10:48,2.983567911314927
2025-01-02 17:10:49,3.0723263590335455
2025-01-02 17:10:50,3.0413096104795594
2025-01-02 17:10:51,
2025-01-02 17:10:52,3.6620531001789502
2025-01-02 17:10:53,3.000697331643569
2025-01-02 17:10:54,2.537090155570591
2025-01-02 17:10:55,3.763456927611255
2025-01-02 17:10:56,2.893664349474226
2025-01-02 17:10:57,2.685732773854659
2025-01-02 17:10:58,
2025-01-02 17:10:59,3.460515192752635
2025-01-02 17:11:00,3.0318825869996813
2025-01-02 17:11:01,2.9575159831874687
2025-01-02 17:11:02,3.6813736980777296
2025-01-02 17:11:03,3.001839343039371
2025-01-02 17:11:04,3.2321596592553297
2025-01-02 17:11:05,3.718572964211333
2025-01-02 17:11:06,2.9117868571276886
2025-01-02 17:11:07,3.1886274578758766
2025-01-02 17:11:08,3.2042211316922002
2025-01-02 17:11:09,3.359755695593477
2025-01-02 17:11:10,3.1166535721077175
2025-01-02 17:11:11,3.436757460708496
2025-01-02 17:11:12,2.882894802286536
2025-01-02 17:11:13,3.161145080101752
2025-01-02 17:11:14,3.2686435394791826
2025-01-02 17:11:15,3.1551238243780895
2025-01-02 17:11:16,3.5831265044001013
2025-01-02 17:11:17,3.658945556185974
2025-01-02 17:11:18,3.7285235954559224
2025-01-02 17:11:19,3.730997711184403
2025-01-02 17:11:20,3.468566816987865
2025-01-02 17:11:21,3.621468633171636
2025-01-02 17:11:22,3.2855152960662686
2025-01-02 17:11:23,2.7919589482718647
2025-01-02 17:11:24,3.542165960747928
2025-01-02 17:11:25,
2025-01-02 17:11:26,3.3230224384297102
2025-01-02 17:11:27,3.133140814009901
2025-01-02 17:11:28,3.497960045519717
2025-01-02 17:11:29,3.729855504293945
2025-01-02 17:11:30,3.017056912979483
2025-01-02 17:11:31,3.558821855003001
2025-01-02 17:11:32,3.04861574752937
2025-01-02 17:11:33,3.6137473047655604
2025-01-02 17:11:34,
2025-01-02 17:11:35,3.6089984340859216
2025-01-02 17:11:36,3.130438508185837
2025-01-02 17:11:37,3.6199655106615825
2025-01-02 17:11:38,3.567070099888785
2025-01-02 17:11:39,3.514063810567619
2025-01-02 17:11:40,3.232578711210453
2025-01-02 17:11:41,3.4841648523925794
2025-01-02 17:11:42,3.627266645890648
2025-01-02 17:11:43,3.379475674724082
2025-01-02 17:11:44,3.0683781136254975
2025-01-02 17:11:45,3.3013549950750636
2025-01-02 17:11:46,3.232751580749363
2025-01-02 17:11:47,3.158620208667191
2025-01-02 17:11:48,3.09149038835535
2025-01-02 17:11:49,3.684469761513631
2025-01-02 17:11:50,3.049935713681899
2025-01-02 17:11:51,3.46651992888225
2025-01-02 17:11:52,3.1691250398257935
2025-01-02 17:11:53,3.4118696628309357
2025-01-02 17:11:54,3.3662539558276108
2025-01-02 17:11:55,3.5605384878028015
2025-01-02 17:11:56,3.430127268184444
2025-01-02 17:11:57,2.7945258472317276
2025-01-02 17:11:58,3.513360111075872
2025-01-02 17:11:59,3.225840757504327
2025-01-02 17:12:00,2.7583620118468843
2025-01-02 17:12:01,3.2759939158802913
2025-01-02 17:12:02,3.35831191381141
2025-01-02 17:12:03,3.1830940959359673
2025-01-02 17:12:04,4.10070325822463
2025-01-02 17:12:05,3.373277485947033
2025-01-02 17:12:06,3.1304721875770656
2025-01-02 17:12:07,2.621984143424749
2025-01-02 17:12:08,3.563217246700516
2025-01-02 17:12:09,3.83629375905272
2025-01-02 17:12:10,3.058451096242868
2025-01-02 17:12:11,3.4382264326216783
2025-01-02 17:12:12,3.279002319035911
2025-01-02 17:12:13,3.8330004370937343
2025-01-02 17:12:14,3.5709718001795214
2025-01-02 17:12:15,3.9738772103218367
2025-01-02 17:12:16,3.4003179031564894
2025-01-02 17:12:17,2.866688888338125
2025-01-02 17:12:18,3.4333570516016456
2025-01-02 17:12:19,2.590910456368889
2025-01-02 17:12:20,
2025-01-02 17:12:21,3.5490795300447124
2025-01-02 17:12:22,3.3803249510445648
2025-01-02 17:12:23,3.704546057446811
2025-01-02 17:12:24,3.431072223893811
2025-01-02 17:12:25,2.9605732004838985
2025-01-02 17:12:26,2.7333884561479938
2025-01-02 17:12:27,3.139839399074734
2025-01-02 17:12:28,3.467186083829678
2025-01-02 17:12:29,3.249473503345277
2025-01-02 17:12:30,3.5721168777639907
2025-01-02 17:12:31,3.8276013356102583
2025-01-02 17:12:32,
2025-01-02 17:12:33,3.852293681719499
2025-01-02 17:12:34,3.2560752274031404
2025-01-02 17:12:35,3.0731974812044784
2025-01-02 17:12:36,3.3803461442670137
2025-01-02 17:12:37,3.407847126736282
2025-01-02 17:12:38,3.05165028431607
2025-01-02 17:12:39,3.6646634626868626
2025-01-02 17:12:40,3.3425913717028233
2025-01-02 17:12:41,3.538615683846403
2025-01-02 17:12:42,3.3755356465797375
2025-01-02 17:12:43,3.3209074339036424
2025-01-02 17:12:44,3.3695682932894084
2025-01-02 17:12:45,3.27045162716541
2025-01-02 17:12:46,4.122638034093459
2025-01-02 17:12:47,3.3697290293507303
2025-01-02 17:12:48,3.338513996388992
2025-01-02 17:12:49,3.554695042233165
2025-01-02 17:12:50,3.695717925596694
2025-01-02 17:12:51,3.1267196873327627
2025-01-02 17:12:52,3.692966563427218
2025-01-02 17:12:53,
2025-01-02 17:12:54,3.03619532290854
2025-01-02 17:12:55,3.281113307793744
2025-01-02 17:12:56,3.570026643303274
2025-01-02 17:12:57,3.560736471188495
2025-01-02 17:12:58,3.277964534837243
2025-01-02 17:12:59,3.6570119448633522
2025-01-02 17:13:00,3.2973078308958623
2025-01-02 17:13:01,3.4684951010966847
2025-01-02 17:13:02,2.9706731947566185
2025-01-02 17:13:03,3.566136303721946
2025-01-02 17:13:04,3.4426036686139976
2025-01-02 17:13:05,3.303760032768381
2025-01-02 17:13:06,3.153288634790946
2025-01-02 17:13:07,3.291492955042827
2025-01-02 17:13:08,3.5541091459061174
2025-01-02 17:13:09,3.0902052850977966
2025-01-02 17:13:10,3.3205145146304096
2025-01-02 17:13:11,3.3069315750674706
2025-01-02 17:13:12,3.3832811801382716
2025-01-02 17:13:13,3.5157975483038957
2025-01-02 17:13:14,3.6488050799111456
2025-01-02 17:13:15,3.671017819892855
2025-01-02 17:13:16,2.886004950311849
2025-01-02 17:13:17,2.65513307819944
2025-01-02 17:13:18,3.4370461015266143
2025-01-02 17:13:19,3.4344411472584384
2025-01-02 17:13:20,3.3710826021984555
2025-01-02 17:13:21,3.816643672729258
2025-01-02 17:13:22,3.4306316638168104
2025-01-02 17:13:23,3.1667828826972406
2025-01-02 17:13:24,3.2832545692479584
2025-01-02 17:13:25,3.5521207471816916
2025-01-02 17:13:26,3.3814593084851143
2025-01-02 17:13:27,3.220140482628095
2025-01-02 17:13:28,3.8395923139016928
2025-01-02 17:13:29,3.7601433883415285
2025-01-02 17:13:30,3.242787842050147
2025-01-02 17:13:31,3.4857400697132994
2025-01-02 17:13:32,3.9336958963446387
2025-01-02 17:13:33,4.046117428922668
2025-01-02 17:13:34,3.5431702960846923
2025-01-02 17:13:35,2.900399584719402
2025-01-02 17:13:36,3.5749617949433268
2025-01-02 17:13:37,3.4674268766080587
2025-01-02 17:13:38,2.9957440287995554
2025-01-02 17:13:39,3.5829938768632403
2025-01-02 17:13:40,3.392464162543789
2025-01-02 17:13:41,2.8237475722892307
2025-01-02 17:13:42,3.1413266378873548
2025-01-02 17:13:43,3.2581299483040347
2025-01-02 17:13:44,3.2927012357539316
2025-01-02 17:13:45,3.549666220429248
2025-01-02 17:13:46,3.729350119514715
2025-01-02 17:13:47,3.1888595612144606
2025-01-02 17:13:48,3.1381756788140263
2025-01-02 17:13:49,3.2217858050742287
2025-01-02 17:13:50,3.878279265355707
2025-01-02 17:13:51,3.252400224955298
2025-01-02 17:13:52,3.483275527113593
2025-01-02 17:13:53,3.5994991560492897
2025-01-02 17:13:54,3.1000921835093402
2025-01-02 17:13:55,
2025-01-02 17:13:56,3.064197205161916
2025-01-02 17:13:57,3.2904788403545995
2025-01-02 17:13:58,3.3262818328005794
2025-01-02 17:13:59,3.18555084027067
2025-01-02 17:14:00,3.470155197899209
2025-01-02 17:14:01,3.2339860600459653
2025-01-02 17:14:02,3.4807784471765504
2025-01-02 17:14:03,3.7444235994486745
2025-01-02 17:14:04,3.528724234000058
2025-01-02 17:14:05,3.2204034340741066
2025-01-02 17:14:06,3.0530057091614653
2025-01-02 17:14:07,3.4690150737618213
2025-01-02 17:14:08,3.164432716631184
2025-01-02 17:14:09,3.2537094655732903
2025-01-02 17:14:10,3.1501622042457
2025-01-02 17:14:11,3.538682949265858
2025-01-02 17:14:12,3.7804221611339925
2025-01-02 17:14:13,3.708129055355174
2025-01-02 17:14:14,3.2995061850508893
2025-01-02 17:14:15,3.7339753831264844
2025-01-02 17:14:16,2.804012606608279
2025-01-02 17:14:17,3.5857953003639174
2025-01-02 17:14:18,3.0856239950547955
2025-01-02 17:14:19,3.9380434040436705
2025-01-02 17:14:20,3.4911338686260103
2025-01-02 17:14:21,3.5571845892790988
2025-01-02 17:14:22,3.419962415892386
2025-01-02 17:14:23,3.1259363642109363
2025-01-02 17:14:24,3.793688404072994
2025-01-02 17:14:25,2.8551570145847505
2025-01-02 17:14:26,3.9176577162508424
2025-01-02 17:14:27,3.3726645043249377
2025-01-02 17:14:28,3.1438522193639473
2025-01-02 17:14:29,3.476643722879432
2025-01-02 17:14:30,3.3621713877583916
2025-01-02 17:14:31,3.5463679345183396
2025-01-02 17:14:32,3.443476055085706
2025-01-02 17:14:33,3.3204948486717236
2025-01-02 17:14:34,3.1775562662744083
2025-01-02 17:14:35,3.8802011792543283
2025-01-02 17:14:36,2.836983575067537
2025-01-02 17:14:37,
2025-01-02 17:14:38,2.662257427666012
2025-01-02 17:14:39,4.019289680925559
2025-01-02 17:14:40,3.437209414434682
2025-01-02 17:14:41,3.530117436271489
2025-01-02 17:14:42,3.4630749905833547
2025-01-02 17:14:43,3.7211199832941313
2025-01-02 17:14:44,3.2414867716582805
2025-01-02 17:14:45,3.669200083190632
2025-01-02 17:14:46,3.688576010559003
2025-01-02 17:14:47,3.289043423051921
2025-01-02 17:14:48,3.434317123762588
2025-01-02 17:14:49,3.5761358388354694
2025-01-02 17:14:50,3.7336206599839215
2025-01-02 17:14:51,3.007770285054866
2025-01-02 17:14:52,3.3410657016069547
2025-01-02 17:14:53,
2025-01-02 17:14:54,2.978978654001587
2025-01-02 17:14:55,3.498476920246913
2025-01-02 17:14:56,3.0758890429997554
2025-01-02 17:14:57,3.5204438865333616
2025-01-02 17:14:58,3.687094671976509
2025-01-02 17:14:59,3.4373368269607183
2025-01-02 17:15:00,3.1392722867741365
2025-01-02 17:15:01,3.4496727273702232
2025-01-02 17:15:02,3.8190364506500245
2025-01-02 17:15:03,3.1311406753824107
2025-01-02 17:15:04,3.480121756377958
2025-01-02 17:15:05,3.622135998401769
2025-01-02 17:15:06,3.5292261610625406
2025-01-02 17:15:07,3.2335330607711095
2025-01-02 17:15:08,3.179366455762519
2025-01-02 17:15:09,3.649767864139168
2025-01-02 17:15:10,3.465271778175315
2025-01-02 17:15:11,3.204014471970822
2025-01-02 17:15:12,3.252834738596586
2025-01-02 17:15:13,2.9569082497448544
2025-01-02 17:15:14,3.60863090997534
2025-01-02 17:15:15,3.2095524515243294
2025-01-02 17:15:16,3.1910818998481973
2025-01-02 17:15:17,3.296511023757677
2025-01-02 17:15:18,3.6889888763259555
2025-01-02 17:15:19,3.3447294608015214
2025-01-02 17:15:20,3.80926527115327
2025-01-02 17:15:21,3.6883669644263826
2025-01-02 17:15:22,3.689833615977662
2025-01-02 17:15:23,3.029108342499639
2025-01-02 17:15:24,3.6875851834311986
2025-01-02 17:15:25,3.438335023771146
2025-01-02 17:15:26,3.5542552887759427
2025-01-02 17:15:27,3.534536749912858
2025-01-02 17:15:28,3.3507472317687337
2025-01-02 17:15:29,3.188102020599481
2025-01-02 17:15:30,3.285629299693276
2025-01-02 17:15:31,3.6022996748933194
2025-01-02 17:15:32,3.8809886271955585
2025-01-02 17:15:33,3.935241080960898
2025-01-02 17:15:34,4.053247815973184
2025-01-02 17:15:35,3.0648698707674726
2025-01-02 17:15:36,3.092667135451392
2025-01-02 17:15:37,3.1941981531938266
2025-01-02 17:15:38,3.4228914550481324
2025-01-02 17:15:39,3.8206634500077152
2025-01-02 17:15:40,3.3425231743338952
2025-01-02 17:15:41,3.6172228559253576
2025-01-02 17:15:42,4.001223278857088
2025-01-02 17:15:43,3.185877666070602
2025-01-02 17:15:44,2.9656781588708454
2025-01-02 17:15:45,3.558875189630932
2025-01-02 17:15:46,3.204675317899385
2025-01-02 17:15:47,3.3061987577711713
2025-01-02 17:15:48,3.626254404129379
2025-01-02 17:15:49,3.125085491593418
2025-01-02 17:15:50,3.507989623404797
2025-01-02 17:15:51,2.9281630600452475
2025-01-02 17:15:52,3.4109497494086027
2025-01-02 17:15:53,3.1234052283171185
2025-01-02 17:15:54,2.857632067070169
2025-01-02 17:15:55,3.437965403634132
2025-01-02 17:15:56,3.5330961394357674
2025-01-02 17:15:57,3.4396145141824297
2025-01-02 17:15:58,3.9934705952125515
2025-01-02 17:15:59,3.5670096334107604
2025-01-02 17:16:00,3.318067707170727
2025-01-02 17:16:01,3.9461670973069607
2025-01-02 17:16:02,3.105806501879136
2025-01-02 17:16:03,3.330453750025506
2025-01-02 17:16:04,3.5021282209226303
2025-01-02 17:16:05,3.4426655207582875
2025-01-02 17:16:06,
2025-01-02 17:16:07,3.3108236681418672
2025-01-02 17:16:08,3.273644871982212
2025-01-02 17:16:09,3.943549633037236
2025-01-02 17:16:10,4.148933747402557
2025-01-02 17:16:11,3.1646053351759966
2025-01-02 17:16:12,3.749325121530197
2025-01-02 17:16:13,3.7011520926165464
2025-01-02 17:16:14,3.5819129266954395
2025-01-02 17:16:15,3.3017968904102477
2025-01-02 17:16:16,3.395512875268426
2025-01-02 17:16:17,3.383100016429847
2025-01-02 17:16:18,3.193483859957941
2025-01-02 17:16:19,3.9809437948344786
2025-01-02 17:16:20,3.940510246797783
2025-01-02 17:16:21,3.7769000264887738
2025-01-02 17:16:22,3.3102726061511745
2025-01-02 17:16:23,3.1072109383000566
2025-01-02 17:16:24,3.648274986127219
2025-01-02 17:16:25,3.6157485141670693
2025-01-02 17:16:26,3.742231274086329
2025-01-02 17:16:27,3.682233157911231
2025-01-02 17:16:28,2.8767984451622026
2025-01-02 17:16:29,3.832250416346721
2025-01-02 17:16:30,3.67487217048852
2025-01-02 17:16:31,3.3097910032755182
2025-01-02 17:16:32,3.6511174551062116
2025-01-02 17:16:33,3.340513090855348
2025-01-02 17:16:34,3.517021848587646
2025-01-02 17:16:35,3.3860849616140003
2025-01-02 17:16:36,3.5636716802245827
2025-01-02 17:16:37,3.5847192622282114
2025-01-02 17:16:38,3.244725478280856
2025-01-02 17:16:39,3.6989660397803847
2025-01-02 17:16:40,3.3411935633371326
2025-01-02 17:16:41,3.3617434320101953
2025-01-02 17:16:42,3.358155843995411
2025-01-02 17:16:43,3.030887864600634
2025-01-02 17:16:44,3.3863671823680663
2025-01-02 17:16:45,3.1945152082208543
2025-01-02 17:16:46,3.873861072123284
2025-01-02 17:16:47,3.65788832940024
2025-01-02 17:16:48,3.0022333673669057
2025-01-02 17:16:49,3.782619854652434
2025-01-02 17:16:50,3.406280118851987
2025-01-02 17:16:51,3.6485419646004713
2025-01-02 17:16:52,3.279521203320852
2025-01-02 17:16:53,3.5189238948626462
2025-01-02 17:16:54,3.0216053985886897
2025-01-02 17:16:55,3.279432549567598
2025-01-02 17:16:56,3.1655705478159897
2025-01-02 17:16:57,3.9548261320059406
2025-01-02 17:16:58,3.6185857624748343
2025-01-02 17:16:59,3.220819076448236
2025-01-02 17:17:00,3.4981569982113467
2025-01-02 17:17:01,3.7420104209802956
2025-01-02 17:17:02,3.281639927138871
2025-01-02 17:17:03,3.43318916678189
2025-01-02 17:17:04,3.4150896852066874
2025-01-02 17:17:05,3.200753930273332
2025-01-02 17:17:06,3.430205000627162
2025-01-02 17:17:07,3.294266294895877
2025-01-02 17:17:08,3.4293393720110665
2025-01-02 17:17:09,4.078226108954604
2025-01-02 17:17:10,3.6080513698117973
2025-01-02 17:17:11,3.5592604188424417
2025-01-02 17:17:12,3.268829137403381
2025-01-02 17:17:13,3.5968107021899702
2025-01-02 17:17:14,
2025-01-02 17:17:15,3.3929076033042214
2025-01-02 17:17:16,3.5497565824887163
2025-01-02 17:17:17,2.948518559088535
2025-01-02 17:17:18,3.879649586133994
2025-01-02 17:17:19,3.3124878960919752
2025-01-02 17:17:20,3.6433483370907753
2025-01-02 17:17:21,3.4540885662030947
2025-01-02 17:17:22,3.135642606290278
2025-01-02 17:17:23,2.754393891176481
2025-01-02 17:17:24,3.405153221732859
2025-01-02 17:17:25,3.78627425990171
2025-01-02 17:17:26,3.1775547803334176
2025-01-02 17:17:27,3.602483439134155
2025-01-02 17:17:28,3.9533264355187985
2025-01-02 17:17:29,3.247273670100401
2025-01-02 17:17:30,3.6681160432816546
2025-01-02 17:17:31,3.8041269321273847
2025-01-02 17:17:32,3.839737390636171
2025-01-02 17:17:33,3.2349603289228437
2025-01-02 17:17:34,3.6879979131946383
2025-01-02 17:17:35,3.467748722171384
2025-01-02 17:17:36,3.728098534222422
2025-01-02 17:17:37,2.9887162481318885
2025-01-02 17:17:38,4.023647761411781
2025-01-02 17:17:39,3.282681102388587
2025-01-02 17:17:40,
2025-01-02 17:17:41,3.5702726139932826
2025-01-02 17:17:42,3.2084750009069056
2025-01-02 17:17:43,3.1052453169842518
2025-01-02 17:17:44,3.3156001343259622
2025-01-02 17:17:45,3.566328594761103
2025-01-02 17:17:46,3.096195384152718
2025-01-02 17:17:47,3.2810973886284716
2025-01-02 17:17:48,3.4235609080016207
2025-01-02 17:17:49,3.018067165061006
2025-01-02 17:17:50,3.2178731862920897
2025-01-02 17:17:51,3.3827635137033814
2025-01-02 17:17:52,3.384979285468729
2025-01-02 17:17:53,2.9895252090267332
2025-01-02 17:17:54,3.189355018489916
2025-01-02 17:17:55,3.264894730225266
2025-01-02 17:17:56,3.0484339159026352
2025-01-02 17:17:57,3.1201547774399727
2025-01-02 17:17:58,3.7657108696506767
2025-01-02 17:17:59,3.3633134176432766
2025-01-02 17:18:00,3.2789014643856125
2025-01-02 17:18:01,3.437487986871414
2025-01-02 17:18:02,3.346204148234037
2025-01-02 17:18:03,3.477124695845191
2025-01-02 17:18:04,3.3217230199538954
2025-01-02 17:18:05,3.8893915417861282
2025-01-02 17:18:06,2.8503712688778498
2025-01-02 17:18:07,3.2830691732225334
2025-01-02 17:18:08,3.4854940864037185
2025-01-02 17:18:09,3.6524499560218455
2025-01-02 17:18:10,3.5858265949610577
2025-01-02 17:18:11,3.5546457639903717
2025-01-02 17:18:12,3.342618890872439
2025-01-02 17:18:13,3.351073481551736
2025-01-02 17:18:14,3.4452106464541337
2025-01-02 17:18:15,2.731835647695421
2025-01-02 17:18:16,3.7128843338318434
2025-01-02 17:18:17,3.726269170637015
2025-01-02 17:18:18,3.283688078120458
2025-01-02 17:18:19,3.893739153958524
2025-01-02 17:18:20,3.263696133555284
2025-01-02 17:18:21,3.8571017927895968
2025-01-02 17:18:22,3.8093119200796313
2025-01-02 17:18:23,3.3633014197493285
2025-01-02 17:18:24,4.321238695530136
2025-01-02 17:18:25,3.3794987126302347
2025-01-02 17:18:26,2.894086178521072
2025-01-02 17:18:27,2.8890429743525736
2025-01-02 17:18:28,3.1414175971702085
2025-01-02 17:18:29,3.5507255523817274
2025-01-02 17:18:30,3.1049395013713816
2025-01-02 17:18:31,4.1480122917783735
2025-01-02 17:18:32,3.497773450539908
2025-01-02 17:18:33,3.2702867064839385
2025-01-02 17:18:34,3.3071724354624807
2025-01-02 17:18:35,3.8125863121664363
2025-01-02 17:18:36,3.505800031646104
2025-01-02 17:18:37,3.9159852567345066
2025-01-02 17:18:38,2.8788441462053287
2025-01-02 17:18:39,3.782893723055226
2025-01-02 17:18:40,3.3825724884775696
2025-01-02 17:18:41,3.980023079171972
2025-01-02 17:18:42,3.721975788949467
2025-01-02 17:18:43,3.3993158956759855
2025-01-02 17:18:44,2.887703374063727
2025-01-02 17:18:45,2.9791962007454336
2025-01-02 17:18:46,4.093766885924864
2025-01-02 17:18:47,3.257437502518816
2025-01-02 17:18:48,3.659010251107896
2025-01-02 17:18:49,3.309169804800541
2025-01-02 17:18:50,3.6020652211575355
2025-01-02 17:18:51,3.8279940916840873
2025-01-02 17:18:52,3.86483551852594
2025-01-02 17:18:53,3.2631451178384507
2025-01-02 17:18:54,3.071937931968506
2025-01-02 17:18:55,3.370215454652333
2025-01-02 17:18:56,3.9648956862664106
2025-01-02 17:18:57,3.5769631406769573
2025-01-02 17:18:58,2.9318741355873437
2025-01-02 17:18:59,3.5819581800356155
2025-01-02 17:19:00,2.972353798892367
2025-01-02 17:19:01,3.342276179793665
2025-01-02 17:19:02,3.55905418740416
2025-01-02 17:19:03,4.181737276460832
2025-01-02 17:19:04,3.513308793277035
2025-01-02 17:19:05,3.0428047574440673
2025-01-02 17:19:06,3.655127233522812
2025-01-02 17:19:07,3.464956406080116
2025-01-02 17:19:08,3.3070558739748077
2025-01-02 17:19:09,3.335806411971665
2025-01-02 17:19:10,3.4471165055241273
2025-01-02 17:19:11,3.3386019046559983
2025-01-02 17:19:12,3.4937475419705715
2025-01-02 17:19:13,3.731579591254881
2025-01-02 17:19:14,3.4028971364595706
2025-01-02 17:19:15,3.3121892430156823
2025-01-02 17:19:16,3.3930211450543
2025-01-02 17:19:17,2.9728486334926965
2025-01-02 17:19:18,3.318382431066184
2025-01-02 17:19:19,3.242299813423243
2025-01-02 17:19:20,2.9863739479033056
2025-01-02 17:19:21,3.8388319455212954
2025-01-02 17:19:22,3.623926336286086
2025-01-02 17:19:23,3.7339395364162535
2025-01-02 17:19:24,3.3883048126845527
2025-01-02 17:19:25,3.010736495544024
2025-01-02 17:19:26,3.9540418791055627
2025-01-02 17:19:27,3.403551212769203
2025-01-02 17:19:28,3.598451088015858
2025-01-02 17:19:29,3.6866819890322633
2025-01-02 17:19:30,3.5154921256654506
2025-01-02 17:19:31,3.446911439811189
2025-01-02 17:19:32,3.5657329656372765
2025-01-02 17:19:33,3.9562708923097523
2025-01-02 17:19:34,3.0819424257594212
2025-01-02 17:19:35,3.2796059153483195
2025-01-02 17:19:36,3.84029715019465
2025-01-02 17:19:37,3.3085988686471373
2025-01-02 17:19:38,3.618446356358079
2025-01-02 17:19:39,3.6205729988880795
2025-01-02 17:19:40,3.747638655455378
2025-01-02 17:19:41,3.1372121622348756
2025-01-02 17:19:42,3.901183733084288
2025-01-02 17:19:43,3.7767614908508853
2025-01-02 17:19:44,3.2699129898274157
2025-01-02 17:19:45,3.2285933721600264
2025-01-02 17:19:46,3.750785201031355
2025-01-02 17:19:47,3.225421043724158
2025-01-02 17:19:48,3.4887671735324304
2025-01-02 17:19:49,3.1226838233448957
2025-01-02 17:19:50,3.5643823338869947
2025-01-02 17:19:51,3.5268039924660286
2025-01-02 17:19:52,3.7408449003938875
2025-01-02 17:19:53,2.911402780788302
2025-01-02 17:19:54,3.919202911258111
2025-01-02 17:19:55,3.3911570708192524
2025-01-02 17:19:56,3.9760300012027305
2025-01-02 17:19:57,3.101345100050766
2025-01-02 17:19:58,3.2544215731318364
2025-01-02 17:19:59,3.8628485057705317
2025-01-02 17:20:00,3.569584490299065
2025-01-02 17:20:01,3.4939462561891483
2025-01-02 17:20:02,3.924704976122754
2025-01-02 17:20:03,3.289160407088451
2025-01-02 17:20:04,4.23953275932929
2025-01-02 17:20:05,3.4405938868789754
2025-01-02 17:20:06,3.1878490789824783
2025-01-02 17:20:07,3.6972942267449516
2025-01-02 17:20:08,3.166779056822209
2025-01-02 17:20:09,3.0523147342894745
2025-01-02 17:20:10,3.7678809603144687
2025-01-02 17:20:11,3.515539300189909
2025-01-02 17:20:12,3.5376999049760456
2025-01-02 17:20:13,3.301849134797385
2025-01-02 17:20:14,
2025-01-02 17:20:15,3.864238264691524
2025-01-02 17:20:16,3.307682057513908
2025-01-02 17:20:17,
2025-01-02 17:20:18,3.305232371169202
2025-01-02 17:20:19,3.7816865964984423
2025-01-02 17:20:20,3.392301814493374
2025-01-02 17:20:21,3.961838293080702
2025-01-02 17:20:22,4.271438437088881
2025-01-02 17:20:23,
2025-01-02 17:20:24,3.727947364704186
2025-01-02 17:20:25,3.219426204207581
2025-01-02 17:20:26,3.384482213711991
2025-01-02 17:20:27,3.6444695933517375
2025-01-02 17:20:28,3.2468495414470375
2025-01-02 17:20:29,3.3698897274845483
2025-01-02 17:20:30,3.4540522499419573
2025-01-02 17:20:31,3.494490758819332
2025-01-02 17:20:32,3.9105461120763394
2025-01-02 17:20:33,3.8417185362003208
2025-01-02 17:20:34,3.3120018480170614
2025-01-02 17:20:35,3.2494337418347183
2025-01-02 17:20:36,2.982522514852644
2025-01-02 17:20:37,3.583812125649936
2025-01-02 17:20:38,3.5044075550208262
2025-01-02 17:20:39,3.4150508583803747
2025-01-02 17:20:40,3.761827512519074
2025-01-02 17:20:41,2.9552875205016713
2025-01-02 17:20:42,3.9257961477128127
2025-01-02 17:20:43,3.3725320703792225
2025-01-02 17:20:44,3.6052162689934417
2025-01-02 17:20:45,3.4531861630082785
2025-01-02 17:20:46,3.640616540763669
2025-01-02 17:20:47,3.4906216356183934
2025-01-02 17:20:48,2.940141962547189
2025-01-02 17:20:49,3.223630196202738
2025-01-02 17:20:50,3.331319501738945
2025-01-02 17:20:51,3.312630652871678
2025-01-02 17:20:52,4.000833745188518
2025-01-02 17:20:53,3.2840677444816704
2025-01-02 17:20:54,3.7026098652417385
2025-01-02 17:20:55,3.4158686310229975
2025-01-02 17:20:56,3.4197303981281895
2025-01-02 17:20:57,3.3253905466527165
2025-01-02 17:20:58,3.488760470760524
2025-01-02 17:20:59,3.679751244468216
2025-01-02 17:21:00,3.413439807872196
2025-01-02 17:21:01,3.701056760947464
2025-01-02 17:21:02,3.503647374109717
2025-01-02 17:21:03,3.2651751303474503
2025-01-02 17:21:04,3.2460738392544366
2025-01-02 17:21:05,3.3492906844957324
2025-01-02 17:21:06,3.652246090537021
2025-01-02 17:21:07,3.827573274937405
2025-01-02 17:21:08,3.3911451412434044
2025-01-02 17:21:09,3.7197101868464735
2025-01-02 17:21:10,3.404480605219925
2025-01-02 17:21:11,2.8945230611233694
2025-01-02 17:21:12,3.6515972353583637
2025-01-02 17:21:13,3.7358884405152524
2025-01-02 17:21:14,3.5268270431457123
2025-01-02 17:21:15,3.588885938615555
2025-01-02 17:21:16,
2025-01-02 17:21:17,3.148669928504247
2025-01-02 17:21:18,2.8223022998775975
2025-01-02 17:21:19,3.8232487857782593
2025-01-02 17:21:20,3.7386745565827546
2025-01-02 17:21:21,3.2835089763743293
2025-01-02 17:21:22,3.581662971151951
2025-01-02 17:21:23,3.23412719816149
2025-01-02 17:21:24,3.063572437019009
2025-01-02 17:21:25,3.263333072959177
2025-01-02 17:21:26,
2025-01-02 17:21:27,3.5825019893609475
2025-01-02 17:21:28,2.8826155618616918
2025-01-02 17:21:29,3.222316613693207
2025-01-02 17:21:30,3.2486586066516363
2025-01-02 17:21:31,3.524521175950903
2025-01-02 17:21:32,3.3842717094011188
2025-01-02 17:21:33,3.6881889385524396
2025-01-02 17:21:34,3.1557008593534097
2025-01-02 17:21:35,4.024486037679302
2025-01-02 17:21:36,3.7380783496473238
2025-01-02 17:21:37,3.632101551007669
2025-01-02 17:21:38,3.6300038083494583
2025-01-02 17:21:39,3.6655159375888826
2025-01-02 17:21:40,3.0322839649793103
2025-01-02 17:21:41,3.385208602400561
2025-01-02 17:21:42,3.3843567107198465
2025-01-02 17:21:43,3.4629237658567718
2025-01-02 17:21:44,2.9592273148323947
2025-01-02 17:21:45,3.6005214622031425
2025-01-02 17:21:46,3.444630788807462
2025-01-02 17:21:47,3.701299561310181
2025-01-02 17:21:48,3.44895969768743
2025-01-02 17:21:49,4.095291602223548
2025-01-02 17:21:50,3.130895252524078
2025-01-02 17:21:51,3.7044225412108975
2025-01-02 17:21:52,2.774733175711949
2025-01-02 17:21:53,3.2750811301474725
2025-01-02 17:21:54,3.6847877234411324
2025-01-02 17:21:55,3.5702798627269243
2025-01-02 17:21:56,3.488696043379304
2025-01-02 17:21:57,3.2026216310857873
2025-01-02 17:21:58,3.5310476540965863
2025-01-02 17:21:59,3.7412797899032477
2025-01-02 17:22:00,3.6461069445473777
2025-01-02 17:22:01,3.686889891188467
2025-01-02 17:22:02,3.6426930416871404
2025-01-02 17:22:03,3.402293129407921
2025-01-02 17:22:04,3.486433403781907
2025-01-02 17:22:05,
2025-01-02 17:22:06,3.488184433129447
2025-01-02 17:22:07,
2025-01-02 17:22:08,3.6028588203208547
2025-01-02 17:22:09,3.4740549365339275
2025-01-02 17:22:10,3.6409363035083073
2025-01-02 17:22:11,3.5155143176262684
2025-01-02 17:22:12,3.5484645104008594
2025-01-02 17:22:13,3.818603615749623
2025-01-02 17:22:14,3.634780196284273
2025-01-02 17:22:15,3.160394008206395
2025-01-02 17:22:16,3.466307790045586
2025-01-02 17:22:17,4.178364114550156
2025-01-02 17:22:18,3.533484559472554
2025-01-02 17:22:19,3.7491200198622314
2025-01-02 17:22:20,3.934849595654403
2025-01-02 17:22:21,3.5443716916738954
2025-01-02 17:22:22,3.0542613271231365
2025-01-02 17:22:23,3.4986772825696897
2025-01-02 17:22:24,3.7009101878731685
2025-01-02 17:22:25,4.331461062513064
2025-01-02 17:22:26,3.346777901235849
2025-01-02 17:22:27,2.958836346992668
2025-01-02 17:22:28,3.9376416509621435
2025-01-02 17:22:29,3.9107862314149364
2025-01-02 17:22:30,3.4502704345074773
2025-01-02 17:22:31,3.863000377515858
2025-01-02 17:22:32,3.381425776378653
2025-01-02 17:22:33,2.9685766727159812
2025-01-02 17:22:34,3.7761775950512293
2025-01-02 17:22:35,3.4409545601700957
2025-01-02 17:22:36,2.950608026223244
2025-01-02 17:22:37,3.2696610937931188
2025-01-02 17:22:38,3.672719012896225
2025-01-02 17:22:39,3.65529525218618
2025-01-02 17:22:40,3.731753270298524
2025-01-02 17:22:41,3.789059654851742
2025-01-02 17:22:42,4.12239276587587
2025-01-02 17:22:43,2.9697987587072445
2025-01-02 17:22:44,4.202543842310764
2025-01-02 17:22:45,3.270528362990776
2025-01-02 17:22:46,2.9140718446321063
2025-01-02 17:22:47,3.356651082450905
2025-01-02 17:22:48,3.8397991602717574
2025-01-02 17:22:49,3.442268852577409
2025-01-02 17:22:50,3.279219463030844
2025-01-02 17:22:51,3.3974186700917786
2025-01-02 17:22:52,2.843898026903456
2025-01-02 17:22:53,3.5830749796646195
2025-01-02 17:22:54,3.8098186394219415
2025-01-02 17:22:55,3.9297359325610755
2025-01-02 17:22:56,3.5960960553830437
2025-01-02 17:22:57,3.3552990073055007
2025-01-02 17:22:58,3.634726418367393
2025-01-02 17:22:59,3.953000507857474
2025-01-02 17:23:00,3.3934789132491834
2025-01-02 17:23:01,3.687796134575968
2025-01-02 17:23:02,3.385231403665855
2025-01-02 17:23:03,3.788240837713799
2025-01-02 17:23:04,3.4670782917308793
2025-01-02 17:23:05,2.784355675748436
2025-01-02 17:23:06,3.572302254859479
2025-01-02 17:23:07,3.8118254359926684
2025-01-02 17:23:08,3.553311781097479
2025-01-02 17:23:09,3.4242219856043703
2025-01-02 17:23:10,3.6812218040647844
2025-01-02 17:23:11,3.5497566310370865
2025-01-02 17:23:12,3.4489464563752237
2025-01-02 17:23:13,3.2377703924026022
2025-01-02 17:23:14,3.6889463047344657
2025-01-02 17:23:15,3.523529622163316
2025-01-02 17:23:16,3.594286439920831
2025-01-02 17:23:17,3.6589942224049388
2025-01-02 17:23:18,3.699043157623662
2025-01-02 17:23:19,3.7789834958406683
2025-01-02 17:23:20,3.7869172783773086
2025-01-02 17:23:21,2.7174335556534492
2025-01-02 17:23:22,3.517205945119471
2025-01-02 17:23:23,3.8920541903676886
2025-01-02 17:23:24,3.6057700952101093
2025-01-02 17:23:25,3.038765338988686
2025-01-02 17:23:26,2.66005983015312
2025-01-02 17:23:27,3.637289705539791
2025-01-02 17:23:28,2.9998519810043454
2025-01-02 17:23:29,2.8564782038017853
2025-01-02 17:23:30,3.674115811063841
2025-01-02 17:23:31,2.797814263029559
2025-01-02 17:23:32,3.3005953301923747
2025-01-02 17:23:33,3.3070113136625867
2025-01-02 17:23:34,3.311284304245116
2025-01-02 17:23:35,3.9402826393026396
2025-01-02 17:23:36,3.5593830041621355
2025-01-02 17:23:37,3.232454464929637
2025-01-02 17:23:38,3.6593144578350567
2025-01-02 17:23:39,3.4248639715180267
2025-01-02 17:23:40,3.9165928706332047
2025-01-02 17:23:41,3.691938486713669
2025-01-02 17:23:42,3.344607991916811
2025-01-02 17:23:43,3.8541436227251507
2025-01-02 17:23:44,3.859072700510257
2025-01-02 17:23:45,3.479404371689672
2025-01-02 17:23:46,3.4093278791598185
2025-01-02 17:23:47,3.5732620916027193
2025-01-02 17:23:48,3.6943697046758714
2025-01-02 17:23:49,3.500220332126015
2025-01-02 17:23:50,3.2740223265779798
2025-01-02 17:23:51,3.7897349526402166
2025-01-02 17:23:52,4.0118246124262225
2025-01-02 17:23:53,3.3981829922452484
2025-01-02 17:23:54,
2025-01-02 17:23:55,3.5799189822042865
2025-01-02 17:23:56,3.4687738416905836
2025-01-02 17:23:57,3.70755597976965
2025-01-02 17:23:58,3.5673409745764904
2025-01-02 17:23:59,3.460774363629886
2025-01-02 17:24:00,3.37827718285325
2025-01-02 17:24:01,3.2202808450534843
2025-01-02 17:24:02,3.577645033639647
2025-01-02 17:24:03,3.2733439373396154
2025-01-02 17:24:04,3.720621900926952
2025-01-02 17:24:05,3.299903929533126
2025-01-02 17:24:06,3.286318035905447
2025-01-02 17:24:07,3.718766449295637
2025-01-02 17:24:08,3.7810962938475363
2025-01-02 17:24:09,3.2809843472441758
2025-01-02 17:24:10,3.677473127455128
2025-01-02 17:24:11,3.9132198858392555
2025-01-02 17:24:12,3.9567860953576783
2025-01-02 17:24:13,3.864164843437965
2025-01-02 17:24:14,
2025-01-02 17:24:15,3.1889677637348672
2025-01-02 17:24:16,3.2061105852892533
2025-01-02 17:24:17,3.3940397117441865
2025-01-02 17:24:18,4.0175449768314895
2025-01-02 17:24:19,3.4400042574306644
2025-01-02 17:24:20,3.6202028870135554
2025-01-02 17:24:21,3.5979685010153526
2025-01-02 17:24:22,3.341949196375262
2025-01-02 17:24:23,3.6765181606495325
2025-01-02 17:24:24,3.6412818587839806
2025-01-02 17:24:25,3.4869546716384296
2025-01-02 17:24:26,3.677433878688347
2025-01-02 17:24:27,3.5260718887792057
2025-01-02 17:24:28,3.9643231111560557
2025-01-02 17:24:29,3.4841076989527084
2025-01-02 17:24:30,3.0877258224562913
2025-01-02 17:24:31,3.4295136594474136
2025-01-02 17:24:32,3.636007062721138
2025-01-02 17:24:33,4.015989393739447
2025-01-02 17:24:34,2.856798685895209
2025-01-02 17:24:35,3.080935900966164
2025-01-02 17:24:36,4.050395281979602
2025-01-02 17:24:37,3.536882265292601
2025-01-02 17:24:38,2.8882306935626625
2025-01-02 17:24:39,3.31794639127432
2025-01-02 17:24:40,3.7574646428426237
2025-01-02 17:24:41,3.9445917916467685
2025-01-02 17:24:42,3.2719814695611222
2025-01-02 17:24:43,3.410207774283591
2025-01-02 17:24:44,4.019510589812428
2025-01-02 17:24:45,3.9663884318790905
2025-01-02 17:24:46,3.8941046000168575
2025-01-02 17:24:47,3.6631949600914715
2025-01-02 17:24:48,3.1038365893824484
2025-01-02 17:24:49,3.3594362949508274
2025-01-02 17:24:50,3.9390808291212567
2025-01-02 17:24:51,3.536019076546038
2025-01-02 17:24:52,4.283995409857109
2025-01-02 17:24:53,3.6859463583519085
2025-01-02 17:24:54,3.5399573841887064
2025-01-02 17:24:55,
2025-01-02 17:24:56,3.522466585980159
2025-01-02 17:24:57,3.627677936656166
2025-01-02 17:24:58,4.325898919172523
2025-01-02 17:24:59,3.7186561031182035
2025-01-02 17:25:00,3.144128784166097
2025-01-02 17:25:01,3.2250619628753627
2025-01-02 17:25:02,3.517400615751477
2025-01-02 17:25:03,3.916824424176651
2025-01-02 17:25:04,3.496002503215915
2025-01-02 17:25:05,3.450739339389471
2025-01-02 17:25:06,3.368913195394365
2025-01-02 17:25:07,3.1826066249668243
2025-01-02 17:25:08,4.119632149260768
2025-01-02 17:25:09,3.407637269933878
2025-01-02 17:25:10,3.6342256572756195
2025-01-02 17:25:11,3.6133767672886026
2025-01-02 17:25:12,3.968820045041645
2025-01-02 17:25:13,3.7801921623291803
2025-01-02 17:25:14,2.8725437809768324
2025-01-02 17:25:15,3.489749132395931
2025-01-02 17:25:16,3.3514271683310173
2025-01-02 17:25:17,3.457194233306612
2025-01-02 17:25:18,3.4812555880224485
2025-01-02 17:25:19,3.5064799373072053
2025-01-02 17:25:20,3.620405225957029
2025-01-02 17:25:21,3.5358340530180725
2025-01-02 17:25:22,3.1191456813852207
2025-01-02 17:25:23,3.2713444201504376
2025-01-02 17:25:24,3.303491490957256
2025-01-02 17:25:25,3.324922290866206
2025-01-02 17:25:26,3.315145419643053
2025-01-02 17:25:27,3.6729755799444908
2025-01-02 17:25:28,3.4935498076691647
2025-01-02 17:25:29,3.5972228484062767
2025-01-02 17:25:30,3.1726609925323404
2025-01-02 17:25:31,3.423290762786703
2025-01-02 17:25:32,3.2931333494189015
2025-01-02 17:25:33,3.7645862927652076
2025-01-02 17:25:34,3.152898081889084
2025-01-02 17:25:35,3.4845010070745457
2025-01-02 17:25:36,3.650315146040136
2025-01-02 17:25:37,3.1598666542626987
2025-01-02 17:25:38,3.146122103590099
2025-01-02 17:25:39,3.575807485891556
2025-01-02 17:25:40,3.5038217599420474
2025-01-02 17:25:41,3.621907966148748
2025-01-02 17:25:42,3.5109846599492722
2025-01-02 17:25:43,3.69050199650173
2025-01-02 17:25:44,3.682290169477905
2025-01-02 17:25:45,3.8677034556243477
2025-01-02 17:25:46,3.2610026830062964
2025-01-02 17:25:47,3.6332289658000647
2025-01-02 17:25:48,3.9210246479622644
2025-01-02 17:25:49,3.1593503407136905
2025-01-02 17:25:50,3.2200829612396165
2025-01-02 17:25:51,3.5765597966323046
2025-01-02 17:25:52,3.536437273541062
2025-01-02 17:25:53,3.610976745685727
2025-01-02 17:25:54,3.387797270963468
2025-01-02 17:25:55,2.8725961171196994
2025-01-02 17:25:56,3.4766742722629376
2025-01-02 17:25:57,3.8997205778702657
2025-01-02 17:25:58,3.2253715034698134
2025-01-02 17:25:59,3.550895942734318
2025-01-02 17:26:00,3.1617098405795154
2025-01-02 17:26:01,3.170716783807708
2025-01-02 17:26:02,3.557226819423806
2025-01-02 17:26:03,3.3095375716674167
2025-01-02 17:26:04,3.246639572548905
2025-01-02 17:26:05,3.8937825081130524
2025-01-02 17:26:06,3.844672182728666
2025-01-02 17:26:07,3.47539051361672
2025-01-02 17:26:08,3.3310004743409567
2025-01-02 17:26:09,3.842209048641252
2025-01-02 17:26:10,3.2954385418042533
2025-01-02 17:26:11,3.745823290210582
2025-01-02 17:26:12,4.268471677647998
2025-01-02 17:26:13,4.3051115661275405
2025-01-02 17:26:14,3.4659961340940435
2025-01-02 17:26:15,3.7932430363783536
2025-01-02 17:26:16,3.5924686940461514
2025-01-02 17:26:17,3.407428329980397
2025-01-02 17:26:18,4.0413779706207755
2025-01-02 17:26:19,3.448590223228043
2025-01-02 17:26:20,3.3216764159525987
2025-01-02 17:26:21,3.9869394693044233
2025-01-02 17:26:22,3.330378008099635
2025-01-02 17:26:23,3.7407755638958613
2025-01-02 17:26:24,3.7156122561443996
2025-01-02 17:26:25,3.943755901023671
2025-01-02 17:26:26,2.9695468071789577
2025-01-02 17:26:27,3.4177590902373445
2025-01-02 17:26:28,3.9505937607357766
2025-01-02 17:26:29,3.524723608739709
2025-01-02 17:26:30,3.497787663349998
2025-01-02 17:26:31,3.9239674938227798
2025-01-02 17:26:32,3.72263866679473
2025-01-02 17:26:33,3.3188417329075124
2025-01-02 17:26:34,3.4522970456587174
2025-01-02 17:26:35,2.662830733638668
2025-01-02 17:26:36,3.5816967576433987
2025-01-02 17:26:37,3.366967906117292
2025-01-02 17:26:38,3.8820186467596245
2025-01-02 17:26:39,3.8463855397422777
2025-01-02 17:26:40,3.109119779185216
2025-01-02 17:26:41,4.009736856707385
2025-01-02 17:26:42,3.4879791597665233
2025-01-02 17:26:43,3.5710625086351335
2025-01-02 17:26:44,3.715784997595317
2025-01-02 17:26:45,3.4586374069847494
2025-01-02 17:26:46,3.262375165488139
2025-01-02 17:26:47,3.831112354796546
2025-01-02 17:26:48,3.514631282640945
2025-01-02 17:26:49,3.687948784632496
2025-01-02 17:26:50,3.6328128121583503
2025-01-02 17:26:51,3.5432916395458243
2025-01-02 17:26:52,3.306307736524835
2025-01-02 17:26:53,3.94714349007241
2025-01-02 17:26:54,3.249587042062796
2025-01-02 17:26:55,3.4319224007943996
2025-01-02 17:26:56,3.027742321957543
2025-01-02 17:26:57,3.2170414176163065
2025-01-02 17:26:58,3.3539601734735847
2025-01-02 17:26:59,3.7319111711632744
2025-01-02 17:27:00,3.1557958677502405
2025-01-02 17:27:01,3.7340320522101504
2025-01-02 17:27:02,3.713698910496184
2025-01-02 17:27:03,3.5433225421099195
2025-01-02 17:27:04,3.182755489816428
2025-01-02 17:27:05,3.411520974065216
2025-01-02 17:27:06,3.403366463901594
2025-01-02 17:27:07,
2025-01-02 17:27:08,3.5496729941464404
2025-01-02 17:27:09,3.2107753320859365
2025-01-02 17:27:10,
2025-01-02 17:27:11,4.138155949107675
2025-01-02 17:27:12,4.509138355586612
2025-01-02 17:27:13,3.083394429574141
2025-01-02 17:27:14,3.7695534585199595
2025-01-02 17:27:15,3.4655879569525396
2025-01-02 17:27:16,3.3749124924305685
2025-01-02 17:27:17,3.6384099322441155
2025-01-02 17:27:18,3.1556620477783266
2025-01-02 17:27:19,3.266859763629368
2025-01-02 17:27:20,3.232595134378362
2025-01-02 17:27:21,3.363125195194781
2025-01-02 17:27:22,3.787931398776846
2025-01-02 17:27:23,4.188518192247136
2025-01-02 17:27:24,3.065938803217954
2025-01-02 17:27:25,3.4771505472335003
2025-01-02 17:27:26,3.470251191299196
2025-01-02 17:27:27,3.551640634299313
2025-01-02 17:27:28,3.8214673190306616
2025-01-02 17:27:29,3.660958861316742
2025-01-02 17:27:30,3.1919894726650977
2025-01-02 17:27:31,3.741497198992128
2025-01-02 17:27:32,3.7972436683621242
2025-01-02 17:27:33,3.502367591691933
2025-01-02 17:27:34,3.7354314472982377
2025-01-02 17:27:35,3.6905884639345006
2025-01-02 17:27:36,3.2203563633823404
2025-01-02 17:27:37,3.5721125112460235
2025-01-02 17:27:38,3.208737085518718
2025-01-02 17:27:39,3.962988017587093
2025-01-02 17:27:40,3.7908573136503185
2025-01-02 17:27:41,3.1540744267529375
2025-01-02 17:27:42,3.5890233202600674
2025-01-02 17:27:43,3.602590858836485
2025-01-02 17:27:44,3.932458063055688
2025-01-02 17:27:45,3.4511961026000657
2025-01-02 17:27:46,3.5658928070767706
2025-01-02 17:27:47,3.848385981310628
2025-01-02 17:27:48,3.8196071268449288
2025-01-02 17:27:49,3.7531666452375196
2025-01-02 17:27:50,4.138071345376216
2025-01-02 17:27:51,3.8149390793817144
2025-01-02 17:27:52,3.013839543406138
2025-01-02 17:27:53,3.904224268442549
2025-01-02 17:27:54,2.976072519102802
2025-01-02 17:27:55,4.107025223740155
2025-01-02 17:27:56,3.626843892935194
2025-01-02 17:27:57,3.4251104095916176
2025-01-02 17:27:58,3.1436257750219814
2025-01-02 17:27:59,3.0527988529998575
2025-01-02 17:28:00,3.3922410767395976
2025-01-02 17:28:01,3.5855813803628966
2025-01-02 17:28:02,3.9146388978491626
2025-01-02 17:28:03,4.149813165379084
2025-01-02 17:28:04,3.212982705093774
2025-01-02 17:28:05,3.503288942405507
2025-01-02 17:28:06,3.2082202326898868
2025-01-02 17:28:07,
2025-01-02 17:28:08,3.5382498656743935
2025-01-02 17:28:09,3.959713315584031
2025-01-02 17:28:10,3.4097638692184207
2025-01-02 17:28:11,3.7273487894134094
2025-01-02 17:28:12,3.2448764402886665
2025-01-02 17:28:13,3.367246903449189
2025-01-02 17:28:14,3.974033067137168
2025-01-02 17:28:15,3.62692361711549
2025-01-02 17:28:16,2.8484633353991025
2025-01-02 17:28:17,3.010099454217097
2025-01-02 17:28:18,3.7593993777988017
2025-01-02 17:28:19,
2025-01-02 17:28:20,3.8208832315398378
2025-01-02 17:28:21,3.3340792739773653
2025-01-02 17:28:22,3.646449419135373
2025-01-02 17:28:23,3.6432365994829397
2025-01-02 17:28:24,3.5425632171845827
2025-01-02 17:28:25,3.7477466761441653
2025-01-02 17:28:26,3.734930870522177
2025-01-02 17:28:27,3.747888823511866
2025-01-02 17:28:28,3.7111536560171197
2025-01-02 17:28:29,3.3996000994869875
2025-01-02 17:28:30,3.359580620411695
2025-01-02 17:28:31,3.2814518485262463
2025-01-02 17:28:32,3.3579805406209724
2025-01-02 17:28:33,3.0551946600219297
2025-01-02 17:28:34,2.98700071980039
2025-01-02 17:28:35,3.3956049600190608
2025-01-02 17:28:36,3.7131825510674106
2025-01-02 17:28:37,3.0766734676339422
2025-01-02 17:28:38,3.6390955341982885
2025-01-02 17:28:39,3.294815236427592
2025-01-02 17:28:40,3.658705073964228
2025-01-02 17:28:41,3.4401496946301604
2025-01-02 17:28:42,3.275407170931515
2025-01-02 17:28:43,3.073498136854596
2025-01-02 17:28:44,3.0844067283241934
2025-01-02 17:28:45,3.711218829571831
2025-01-02 17:28:46,3.459203998239507
2025-01-02 17:28:47,3.3996612989601376
2025-01-02 17:28:48,3.255609187795949
2025-01-02 17:28:49,3.332266143902647
2025-01-02 17:28:50,3.458916402395407
2025-01-02 17:28:51,3.9290487971178694
2025-01-02 17:28:52,3.132882449003366
2025-01-02 17:28:53,3.9960332004177044
2025-01-02 17:28:54,4.059651003506598
2025-01-02 17:28:55,3.1591503684758955
2025-01-02 17:28:56,3.07771599118418
2025-01-02 17:28:57,3.379316978600543
2025-01-02 17:28:58,3.4298023699950724
2025-01-02 17:28:59,2.975770870982653
2025-01-02 17:29:00,2.9135721583619736
2025-01-02 17:29:01,3.3232958685303866
2025-01-02 17:29:02,3.5703197765992787
2025-01-02 17:29:03,3.372011723679132
2025-01-02 17:29:04,3.444155791371971
2025-01-02 17:29:05,4.016239186669533
2025-01-02 17:29:06,3.306120120873992
2025-01-02 17:29:07,3.746277339741383
2025-01-02 17:29:08,3.2758053427402904
2025-01-02 17:29:09,3.1630080619589993
2025-01-02 17:29:10,3.634747945310524
2025-01-02 17:29:11,3.192378834369313
2025-01-02 17:29:12,3.5423238195619495
2025-01-02 17:29:13,3.465312855215027
2025-01-02 17:29:14,3.502033711481961
2025-01-02 17:29:15,3.7986061422103923
2025-01-02 17:29:16,3.5515446502214534
2025-01-02 17:29:17,3.585854008632472
2025-01-02 17:29:18,3.591344230966117
2025-01-02 17:29:19,3.3523725380869074
2025-01-02 17:29:20,3.7413341774061086
2025-01-02 17:29:21,3.5777866186286427
2025-01-02 17:29:22,3.291185745369794
2025-01-02 17:29:23,3.450061721824565
2025-01-02 17:29:24,3.4178494631303225
2025-01-02 17:29:25,3.7178587944140196
2025-01-02 17:29:26,3.435638544964911
2025-01-02 17:29:27,3.5605368542139417
2025-01-02 17:29:28,3.826505762527722
2025-01-02 17:29:29,3.828321391023842
2025-01-02 17:29:30,3.3917115990948536
2025-01-02 17:29:31,3.3100547512913967
2025-01-02 17:29:32,3.2285022010988182
2025-01-02 17:29:33,4.126216183960157
2025-01-02 17:29:34,3.336710601798947
2025-01-02 17:29:35,3.5360488815969653
2025-01-02 17:29:36,3.6161648720631168
2025-01-02 17:29:37,3.388852333925937
2025-01-02 17:29:38,3.2468186868091187
2025-01-02 17:29:39,3.6334022672089574
2025-01-02 17:29:40,3.70445830941945
2025-01-02 17:29:41,
2025-01-02 17:29:42,3.92045441159797
2025-01-02 17:29:43,3.822893731283277
2025-01-02 17:29:44,3.052612341323931
2025-01-02 17:29:45,3.467279766010494
2025-01-02 17:29:46,4.1396451145032795
2025-01-02 17:29:47,3.515886939207558
2025-01-02 17:29:48,3.9648576360933565
2025-01-02 17:29:49,3.9198169587280316
2025-01-02 17:29:50,3.2580064086545417
2025-01-02 17:29:51,3.1106482886780498
2025-01-02 17:29:52,3.5232821884503824
2025-01-02 17:29:53,3.1441333157020748
2025-01-02 17:29:54,3.2681613432583037
2025-01-02 17:29:55,3.637341403643901
2025-01-02 17:29:56,3.147085084782219
2025-01-02 17:29:57,3.3658092838150884
2025-01-02 17:29:58,3.2071414930000155
2025-01-02 17:29:59,3.4990857084848863
2025-01-02 17:30:00,3.7371987458986777
2025-01-02 17:30:01,3.5339603076178974
2025-01-02 17:30:02,3.8448887781706924
2025-01-02 17:30:03,3.1809246513487435
2025-01-02 17:30:04,3.4646559514205673
2025-01-02 17:30:05,4.435797500159194
2025-01-02 17:30:06,4.299702417653887
2025-01-02 17:30:07,4.096790842809291
2025-01-02 17:30:08,3.8147188759677277
2025-01-02 17:30:09,3.6204934067044614
2025-01-02 17:30:10,3.4436200067547933
2025-01-02 17:30:11,4.175706344381309
2025-01-02 17:30:12,3.5607876122642623
2025-01-02 17:30:13,3.6476396881857833
2025-01-02 17:30:14,3.5711699753124306
2025-01-02 17:30:15,3.326957481327215
2025-01-02 17:30:16,3.517606785658936
2025-01-02 17:30:17,3.6042240200922238
2025-01-02 17:30:18,3.1844501223165125
2025-01-02 17:30:19,3.417159033134459
2025-01-02 17:30:20,3.6073751968518604
2025-01-02 17:30:21,3.8461052958871185
2025-01-02 17:30:22,
2025-01-02 17:30:23,3.728101615409237
2025-01-02 17:30:24,3.679954592490735
2025-01-02 17:30:25,3.411159043303302
2025-01-02 17:30:26,3.8470645618087063
2025-01-02 17:30:27,4.072512716389488
2025-01-02 17:30:28,3.759549795747712
2025-01-02 17:30:29,3.3061956604900895
2025-01-02 17:30:30,3.4410417795665182
2025-01-02 17:30:31,3.6406726044404936
2025-01-02 17:30:32,3.1808013160907627
2025-01-02 17:30:33,3.5779317924230214
2025-01-02 17:30:34,3.7793260357462324
2025-01-02 17:30:35,3.3557246201590414
2025-01-02 17:30:36,3.227788479796852
2025-01-02 17:30:37,3.6326340326197077
2025-01-02 17:30:38,4.151267179570101
2025-01-02 17:30:39,3.5411536293778205
2025-01-02 17:30:40,3.358469479598461
2025-01-02 17:30:41,3.3133700345870816
2025-01-02 17:30:42,4.167234175852689
2025-01-02 17:30:43,3.830325602045687
2025-01-02 17:30:44,3.5775361384256796
2025-01-02 17:30:45,3.3195407389873397
2025-01-02 17:30:46,3.7819037865663714
2025-01-02 17:30:47,3.6651976088482208
2025-01-02 17:30:48,3.602782684900423
2025-01-02 17:30:49,3.606942351334934
2025-01-02 17:30:50,3.440115617104198
2025-01-02 17:30:51,3.949931278624935
2025-01-02 17:30:52,3.358574461674868
2025-01-02 17:30:53,3.467327167999337
2025-01-02 17:30:54,3.618334253006704
2025-01-02 17:30:55,3.767045261739686
2025-01-02 17:30:56,3.8872194518917977
2025-01-02 17:30:57,3.0196797782521836
2025-01-02 17:30:58,3.2268477160047135
2025-01-02 17:30:59,4.442889593045241
2025-01-02 17:31:00,3.8722210167149687
2025-01-02 17:31:01,3.370137468467622
2025-01-02 17:31:02,3.5851640073011954
2025-01-02 17:31:03,3.7644962542448774
2025-01-02 17:31:04,3.6477273459639896
2025-01-02 17:31:05,3.433380724164565
2025-01-02 17:31:06,3.42217771832062
2025-01-02 17:31:07,3.1520965586935836
2025-01-02 17:31:08,3.7603428176223828
2025-01-02 17:31:09,3.7030575796996383
2025-01-02 17:31:10,3.365969411158915
2025-01-02 17:31:11,3.6443278217005663
2025-01-02 17:31:12,3.3976713391757167
2025-01-02 17:31:13,4.056507456696256
2025-01-02 17:31:14,2.883809062266509
2025-01-02 17:31:15,3.5278761156365332
2025-01-02 17:31:16,4.226415178900451
2025-01-02 17:31:17,3.2281435070318
2025-01-02 17:31:18,3.3752795166127796
2025-01-02 17:31:19,3.459155622494065
2025-01-02 17:31:20,3.8275494718123757
2025-01-02 17:31:21,3.6957062761320736
2025-01-02 17:31:22,3.7686075635829455
2025-01-02 17:31:23,3.694305127590991
2025-01-02 17:31:24,
2025-01-02 17:31:25,3.514502655440066
2025-01-02 17:31:26,3.884102891787966
2025-01-02 17:31:27,3.678489627043671
2025-01-02 17:31:28,3.654928637983639
2025-01-02 17:31:29,3.59112780315797
2025-01-02 17:31:30,3.8186452281547396
2025-01-02 17:31:31,3.3319175452886465
2025-01-02 17:31:32,3.371993471338421
2025-01-02 17:31:33,3.44015496748136
2025-01-02 17:31:34,3.1724551139594324
2025-01-02 17:31:35,3.9361438972966933
2025-01-02 17:31:36,3.2822498950671237
2025-01-02 17:31:37,3.839639226274961
2025-01-02 17:31:38,3.514811710762126
2025-01-02 17:31:39,3.4617314935776258
2025-01-02 17:31:40,3.14988396417395
2025-01-02 17:31:41,4.255072338622117
2025-01-02 17:31:42,3.316843625391095
2025-01-02 17:31:43,3.461917604860604
2025-01-02 17:31:44,3.701800818049526
2025-01-02 17:31:45,3.7186439181298914
2025-01-02 17:31:46,3.566398331171616
2025-01-02 17:31:47,4.0850074401230785
2025-01-02 17:31:48,
2025-01-02 17:31:49,3.2348833629992515
2025-01-02 17:31:50,2.945128232641055
2025-01-02 17:31:51,3.77250628609057
2025-01-02 17:31:52,3.817388004448256
2025-01-02 17:31:53,3.484548930329957
2025-01-02 17:31:54,3.437736019100366
2025-01-02 17:31:55,3.422938588940904
2025-01-02 17:31:56,3.531349650725971
2025-01-02 17:31:57,3.639362473336042
2025-01-02 17:31:58,3.3514340178831152
2025-01-02 17:31:59,3.9099362229939327
2025-01-02 17:32:00,3.2806855009787452
2025-01-02 17:32:01,4.056437834191325
2025-01-02 17:32:02,3.754230803571299
2025-01-02 17:32:03,3.526222206501796
2025-01-02 17:32:04,4.043089473331137
2025-01-02 17:32:05,3.6414040763743505
2025-01-02 17:32:06,4.42382203335451
2025-01-02 17:32:07,3.434489356897488
2025-01-02 17:32:08,3.5524851834006568
2025-01-02 17:32:09,2.6362359122546994
2025-01-02 17:32:10,3.1718938729013133
2025-01-02 17:32:11,4.368500955436553
2025-01-02 17:32:12,3.1769140162976868
2025-01-02 17:32:13,3.9317101038693685
2025-01-02 17:32:14,3.534713350624362
2025-01-02 17:32:15,
2025-01-02 17:32:16,3.981954426419923
2025-01-02 17:32:17,3.8634631596889104
2025-01-02 17:32:18,3.69652777191597
2025-01-02 17:32:19,3.942673815746744
2025-01-02 17:32:20,3.782710734325654
2025-01-02 17:32:21,3.3414904384504855
2025-01-02 17:32:22,3.4143833658495644
2025-01-02 17:32:23,3.6008990757881976
2025-01-02 17:32:24,3.3825181082960225
2025-01-02 17:32:25,3.6479974543406968
2025-01-02 17:32:26,3.714972660929243
2025-01-02 17:32:27,4.026048366113701
2025-01-02 17:32:28,3.47148537115851
2025-01-02 17:32:29,3.5485718504265726
2025-01-02 17:32:30,3.731703060089355
2025-01-02 17:32:31,3.6243916332534276
2025-01-02 17:32:32,3.889886543388555
2025-01-02 17:32:33,3.4096081211739664
2025-01-02 17:32:34,3.561071603436461
2025-01-02 17:32:35,3.7199068050466018
2025-01-02 17:32:36,3.829899480914664
2025-01-02 17:32:37,3.2961942927499286
2025-01-02 17:32:38,3.574835153338156
2025-01-02 17:32:39,3.650114035287746
2025-01-02 17:32:40,3.3157088743874454
2025-01-02 17:32:41,4.19902885470995
2025-01-02 17:32:42,3.6484550055763654
2025-01-02 17:32:43,4.122921686868256
2025-01-02 17:32:44,3.493991726637416
2025-01-02 17:32:45,3.1170535146795477
2025-01-02 17:32:46,3.6342985747994137
2025-01-02 17:32:47,3.9221477612941023
2025-01-02 17:32:48,3.4217483426805493
2025-01-02 17:32:49,3.718559531244138
2025-01-02 17:32:50,4.070222454999182
2025-01-02 17:32:51,3.605761366156258
2025-01-02 17:32:52,2.912529002173188
2025-01-02 17:32:53,3.3284318772454133
2025-01-02 17:32:54,3.5587004614227054
2025-01-02 17:32:55,3.064317056500432
2025-01-02 17:32:56,3.315249890412164
2025-01-02 17:32:57,3.461403708540774
2025-01-02 17:32:58,3.602306969441356
2025-01-02 17:32:59,3.1384137180613316
2025-01-02 17:33:00,3.694096610970594
2025-01-02 17:33:01,2.8448153992523104
2025-01-02 17:33:02,3.480838915402008
2025-01-02 17:33:03,3.5131332706754455
2025-01-02 17:33:04,3.4703254860678725
2025-01-02 17:33:05,3.6670980808281177
2025-01-02 17:33:06,4.265618369435461
2025-01-02 17:33:07,3.7079172129561933
2025-01-02 17:33:08,3.723548457250398
2025-01-02 17:33:09,4.007271878066614
2025-01-02 17:33:10,3.3877535640490315
2025-01-02 17:33:11,3.939564327074351
2025-01-02 17:33:12,3.458359672879907
2025-01-02 17:33:13,3.434045920445132
2025-01-02 17:33:14,3.5489361093167258
2025-01-02 17:33:15,3.87476658232697
2025-01-02 17:33:16,3.924600198391653
2025-01-02 17:33:17,3.403505841732993
2025-01-02 17:33:18,3.259767959460341
2025-01-02 17:33:19,3.265465576122205
2025-01-02 17:33:20,3.656989991195203
2025-01-02 17:33:21,3.310225898756459
2025-01-02 17:33:22,3.6924671299877216
2025-01-02 17:33:23,3.1888788729230724
2025-01-02 17:33:24,3.6174630647306523
2025-01-02 17:33:25,3.892967192450322
2025-01-02 17:33:26,3.597993065242983
2025-01-02 17:33:27,3.818506515805393
2025-01-02 17:33:28,3.6300107350120445
2025-01-02 17:33:29,
2025-01-02 17:33:30,3.373230632963007
2025-01-02 17:33:31,3.566075247304948
2025-01-02 17:33:32,4.036845205347296
2025-01-02 17:33:33,3.462435379120402
2025-01-02 17:33:34,3.33876004463159
2025-01-02 17:33:35,3.5709983062786312
2025-01-02 17:33:36,3.6116294883826887
2025-01-02 17:33:37,3.414484950016544
2025-01-02 17:33:38,3.722467191486639
2025-01-02 17:33:39,3.7503132018579204
2025-01-02 17:33:40,3.643683937182466
2025-01-02 17:33:41,3.7915570915708434
2025-01-02 17:33:42,3.3909301349620584
2025-01-02 17:33:43,3.7165537348398385
2025-01-02 17:33:44,3.5447067996316215
2025-01-02 17:33:45,4.06048959502643
2025-01-02 17:33:46,3.8453556366197574
2025-01-02 17:33:47,3.4516878959261144
2025-01-02 17:33:48,3.671094460296796
2025-01-02 17:33:49,3.8708228945170866
2025-01-02 17:33:50,4.084517576718984
2025-01-02 17:33:51,3.2830036668670535
2025-01-02 17:33:52,3.8551783626195926
2025-01-02 17:33:53,3.8590029109239157
2025-01-02 17:33:54,3.8066218728472503
2025-01-02 17:33:55,3.7056699148827894
2025-01-02 17:33:56,3.9940158849097402
2025-01-02 17:33:57,3.596016312778548
2025-01-02 17:33:58,3.6453437625349103
2025-01-02 17:33:59,3.2687829996386752
2025-01-02 17:34:00,3.0730154440460993
2025-01-02 17:34:01,3.5033329158065594
2025-01-02 17:34:02,3.685868577595076
2025-01-02 17:34:03,3.679694330090694
2025-01-02 17:34:04,4.383573281318109
2025-01-02 17:34:05,2.9864241310757746
2025-01-02 17:34:06,3.317211453075046
2025-01-02 17:34:07,
2025-01-02 17:34:08,4.106819823569156
2025-01-02 17:34:09,4.011065067739059
2025-01-02 17:34:10,
2025-01-02 17:34:11,4.05878793977524
2025-01-02 17:34:12,3.516898006391606
2025-01-02 17:34:13,3.4079238242516214
2025-01-02 17:34:14,3.589100975271646
2025-01-02 17:34:15,3.5534072710020626
2025-01-02 17:34:16,3.588708986483941
2025-01-02 17:34:17,3.4098954619036546
2025-01-02 17:34:18,4.220004649981986
2025-01-02 17:34:19,4.067089822620074
2025-01-02 17:34:20,3.50069490214986
2025-01-02 17:34:21,3.5846899066314997
2025-01-02 17:34:22,3.8436098863009467
2025-01-02 17:34:23,3.6977386314404863
2025-01-02 17:34:24,3.262699076324308
2025-01-02 17:34:25,2.872035416453149
2025-01-02 17:34:26,3.5389659980475936
2025-01-02 17:34:27,3.856638138698543
2025-01-02 17:34:28,3.6936886070429873
2025-01-02 17:34:29,3.9248195142912476
2025-01-02 17:34:30,3.5517132598316095
2025-01-02 17:34:31,3.9133276573981735
2025-01-02 17:34:32,3.2902089395518153
2025-01-02 17:34:33,3.300955188294006
2025-01-02 17:34:34,4.068431163666691
2025-01-02 17:34:35,3.7140415108807714
2025-01-02 17:34:36,3.7537765478855367
2025-01-02 17:34:37,3.7340232022240003
2025-01-02 17:34:38,3.861468394891539
2025-01-02 17:34:39,3.7551076125322966
2025-01-02 17:34:40,3.269471178031757
2025-01-02 17:34:41,3.466468812527254
2025-01-02 17:34:42,4.12925032268851
2025-01-02 17:34:43,3.8586446545017825
2025-01-02 17:34:44,3.734922791151563
2025-01-02 17:34:45,2.9353071395056896
2025-01-02 17:34:46,3.3695062700764
2025-01-02 17:34:47,3.620217837252374
2025-01-02 17:34:48,3.8850569696003006
2025-01-02 17:34:49,3.898090078961599
2025-01-02 17:34:50,4.1641554706931405
2025-01-02 17:34:51,3.494610159614973
2025-01-02 17:34:52,3.968636462054566
2025-01-02 17:34:53,3.3771777310779756
2025-01-02 17:34:54,3.728358574514935
2025-01-02 17:34:55,3.881322993416593
2025-01-02 17:34:56,3.7140636465709544
2025-01-02 17:34:57,
2025-01-02 17:34:58,3.922375631788339
2025-01-02 17:34:59,4.004220366030937
2025-01-02 17:35:00,3.709075583870981
2025-01-02 17:35:01,4.25829293912925
2025-01-02 17:35:02,3.7010228097693685
2025-01-02 17:35:03,3.3229869587230483
2025-01-02 17:35:04,4.0112306135265365
2025-01-02 17:35:05,3.795864204190231
2025-01-02 17:35:06,3.50200747356619
2025-01-02 17:35:07,3.730576246590707
2025-01-02 17:35:08,3.708473559912772
2025-01-02 17:35:09,3.995871434378888
2025-01-02 17:35:10,3.90679562144749
2025-01-02 17:35:11,3.5802803483392456
2025-01-02 17:35:12,3.8227486912689588
2025-01-02 17:35:13,3.6461458070566626
2025-01-02 17:35:14,3.773679679998079
2025-01-02 17:35:15,3.6619279027351936
2025-01-02 17:35:16,3.4236966317427124
2025-01-02 17:35:17,3.4477643462892567
2025-01-02 17:35:18,3.7032907401001673
2025-01-02 17:35:19,3.3817576506164
2025-01-02 17:35:20,3.0545280020790804
2025-01-02 17:35:21,3.0094789371361177
2025-01-02 17:35:22,4.034034347465353
2025-01-02 17:35:23,3.9733134851945193
2025-01-02 17:35:24,3.788531585937272
2025-01-02 17:35:25,3.2603148936706488
2025-01-02 17:35:26,3.724206525061726
2025-01-02 17:35:27,3.5784814385885286
2025-01-02 17:35:28,3.563424619338156
2025-01-02 17:35:29,3.8004985670382174
2025-01-02 17:35:30,3.9183011114916164
2025-01-02 17:35:31,4.005619410089314
2025-01-02 17:35:32,3.7830178379222397
2025-01-02 17:35:33,3.983475681466282
2025-01-02 17:35:34,3.7920593914112612
2025-01-02 17:35:35,3.169011733747695
2025-01-02 17:35:36,3.5333450971916527
2025-01-02 17:35:37,3.5414301263819605
2025-01-02 17:35:38,3.202148435907293
2025-01-02 17:35:39,3.773989767410127
2025-01-02 17:35:40,3.656621890108652
2025-01-02 17:35:41,4.127472168027582
2025-01-02 17:35:42,4.111327894679647
2025-01-02 17:35:43,3.93805555677574
2025-01-02 17:35:44,3.7339637365063254
2025-01-02 17:35:45,4.070202444788571
2025-01-02 17:35:46,3.44105914522546
2025-01-02 17:35:47,3.769840490369116
2025-01-02 17:35:48,3.48768162662159
2025-01-02 17:35:49,3.5421630584414987
2025-01-02 17:35:50,3.698536868858922
2025-01-02 17:35:51,3.8483772509430505
2025-01-02 17:35:52,3.3569431910422494
2025-01-02 17:35:53,3.3144141313690074
2025-01-02 17:35:54,4.073087827204605
2025-01-02 17:35:55,3.970014107414898
2025-01-02 17:35:56,3.67833965947853
2025-01-02 17:35:57,
2025-01-02 17:35:58,3.3926987533013166
2025-01-02 17:35:59,4.32215873190927
2025-01-02 17:36:00,3.446487075822627
2025-01-02 17:36:01,3.575449232889437
2025-01-02 17:36:02,3.507169168553319
2025-01-02 17:36:03,3.5151441894452806
2025-01-02 17:36:04,
2025-01-02 17:36:05,3.550558820778668
2025-01-02 17:36:06,3.504931392606673
2025-01-02 17:36:07,3.3711576777714307
2025-01-02 17:36:08,
2025-01-02 17:36:09,3.49950688445636
2025-01-02 17:36:10,3.1832280934973745
2025-01-02 17:36:11,4.03664165075704
2025-01-02 17:36:12,3.37044451827174
2025-01-02 17:36:13,3.243272755587462
2025-01-02 17:36:14,4.162517911793642
2025-01-02 17:36:15,3.739465418856004
2025-01-02 17:36:16,3.7787393754574197
2025-01-02 17:36:17,3.6705265318291183
2025-01-02 17:36:18,3.602783195874569
2025-01-02 17:36:19,3.4031271925524713
2025-01-02 17:36:20,4.463591549504578
2025-01-02 17:36:21,3.946273328475155
2025-01-02 17:36:22,4.037826931451581
2025-01-02 17:36:23,3.736566049098051
2025-01-02 17:36:24,3.4022004091256273
2025-01-02 17:36:25,3.833009284675685
2025-01-02 17:36:26,4.025013183331095
2025-01-02 17:36:27,3.721323092723722
2025-01-02 17:36:28,3.347563498592116
2025-01-02 17:36:29,3.368244122667307
2025-01-02 17:36:30,3.622304673910891
2025-01-02 17:36:31,2.8538302500939765
2025-01-02 17:36:32,3.5164814491035203
2025-01-02 17:36:33,3.491674750825043
2025-01-02 17:36:34,4.158830366136568
2025-01-02 17:36:35,3.3675660188224503
2025-01-02 17:36:36,4.048736511904323
2025-01-02 17:36:37,4.093614310671208
2025-01-02 17:36:38,3.5417936288584655
2025-01-02 17:36:39,3.5027980580900073
2025-01-02 17:36:40,3.934932588674493
2025-01-02 17:36:41,3.7944362141647963
2025-01-02 17:36:42,3.8905238903766195
2025-01-02 17:36:43,3.6448962559527427
2025-01-02 17:36:44,3.8076991713612567
2025-01-02 17:36:45,3.814602527676654
2025-01-02 17:36:46,3.50406899068342
2025-01-02 17:36:47,4.353193106636752
2025-01-02 17:36:48,3.510336061695917
2025-01-02 17:36:49,3.498002377185212
2025-01-02 17:36:50,3.945143907452085
2025-01-02 17:36:51,3.9106948022920793
2025-01-02 17:36:52,3.74091475376281
2025-01-02 17:36:53,3.4955032456655597
2025-01-02 17:36:54,3.846783286580542
2025-01-02 17:36:55,3.6352401751411154
2025-01-02 17:36:56,3.475384370303749
2025-01-02 17:36:57,3.4401291863795573
2025-01-02 17:36:58,3.834160767521891
2025-01-02 17:36:59,3.5562686957944076
2025-01-02 17:37:00,2.959044774240452
2025-01-02 17:37:01,3.6880513770839247
2025-01-02 17:37:02,3.5994761390465255
2025-01-02 17:37:03,3.5497731218943747
2025-01-02 17:37:04,
2025-01-02 17:37:05,3.67589046471343
2025-01-02 17:37:06,
2025-01-02 17:37:07,3.917982786752798
2025-01-02 17:37:08,3.4961459455175103
2025-01-02 17:37:09,3.8838266595939537
2025-01-02 17:37:10,4.0074492807097695
2025-01-02 17:37:11,3.8327955280278987
2025-01-02 17:37:12,3.159576372451119
2025-01-02 17:37:13,4.104222976645549
2025-01-02 17:37:14,3.5651180349503027
2025-01-02 17:37:15,4.240785640971547
2025-01-02 17:37:16,4.056951455698453
2025-01-02 17:37:17,3.6103817887894976
2025-01-02 17:37:18,3.618995420096262
2025-01-02 17:37:19,4.275554898752573
2025-01-02 17:37:20,3.5800830766055878
2025-01-02 17:37:21,4.314075207966289
2025-01-02 17:37:22,4.122735345552836
2025-01-02 17:37:23,3.5835413921555763
2025-01-02 17:37:24,3.7757915953637986
2025-01-02 17:37:25,3.785709498319112
2025-01-02 17:37:26,3.8620711750526686
2025-01-02 17:37:27,3.8512978394329918
2025-01-02 17:37:28,4.292889096093947
2025-01-02 17:37:29,3.518873410881634
2025-01-02 17:37:30,3.6932743194164477
2025-01-02 17:37:31,3.7033553821483443
2025-01-02 17:37:32,4.282528783318511
2025-01-02 17:37:33,3.6715198128297564
2025-01-02 17:37:34,3.6044594616300127
2025-01-02 17:37:35,3.288591026506911
2025-01-02 17:37:36,
2025-01-02 17:37:37,3.9223232755005455
2025-01-02 17:37:38,3.814210034731965
2025-01-02 17:37:39,3.8676424331558126
2025-01-02 17:37:40,4.169559417929554
2025-01-02 17:37:41,4.161463991045283
2025-01-02 17:37:42,3.966705759838697
2025-01-02 17:37:43,3.3433628555212906
2025-01-02 17:37:44,3.975762710087536
2025-01-02 17:37:45,3.430391982114483
2025-01-02 17:37:46,3.7997904181817272
2025-01-02 17:37:47,3.620568804756761
2025-01-02 17:37:48,3.560470306375977
2025-01-02 17:37:49,3.6346104783866764
2025-01-02 17:37:50,3.453992684348722
2025-01-02 17:37:51,3.8319769936247075
2025-01-02 17:37:52,3.516687733229961
2025-01-02 17:37:53,3.5229120774833436
2025-01-02 17:37:54,3.6710340628408447
2025-01-02 17:37:55,4.171593601349616
2025-01-02 17:37:56,3.599795615210744
2025-01-02 17:37:57,3.9887302564204394
2025-01-02 17:37:58,3.763226152582626
2025-01-02 17:37:59,3.5855224930380034
2025-01-02 17:38:00,3.129708309599233
2025-01-02 17:38:01,4.153469450965075
2025-01-02 17:38:02,3.7889418247459195
2025-01-02 17:38:03,3.8568782472676046
2025-01-02 17:38:04,3.523743717499667
2025-01-02 17:38:05,3.8987879893185653
2025-01-02 17:38:06,3.6724373820487157
2025-01-02 17:38:07,3.362674282104901
2025-01-02 17:38:08,3.617413003103893
2025-01-02 17:38:09,3.542841074416497
2025-01-02 17:38:10,4.3934181758732835
2025-01-02 17:38:11,2.8676341719931906
2025-01-02 17:38:12,3.5212904298019136
2025-01-02 17:38:13,3.9032250309036156
2025-01-02 17:38:14,3.6439822858557527
2025-01-02 17:38:15,3.6869041258607798
2025-01-02 17:38:16,4.1395541025225615
2025-01-02 17:38:17,3.9830761223808873
2025-01-02 17:38:18,3.79564272651152
2025-01-02 17:38:19,3.783877655662537
2025-01-02 17:38:20,3.1192810227787655
2025-01-02 17:38:21,3.580242503817579
2025-01-02 17:38:22,4.753531111738818
2025-01-02 17:38:23,3.453810303223871
2025-01-02 17:38:24,3.688110556966017
2025-01-02 17:38:25,3.9436939524950976
2025-01-02 17:38:26,3.3660651296533683
2025-01-02 17:38:27,3.5170302091068324
2025-01-02 17:38:28,3.5503396735752024
2025-01-02 17:38:29,3.4685332427664672
2025-01-02 17:38:30,3.821915718857121
2025-01-02 17:38:31,3.3520174714823634
2025-01-02 17:38:32,3.441060322564841
2025-01-02 17:38:33,3.4796976971208826
2025-01-02 17:38:34,3.8908062911723884
2025-01-02 17:38:35,3.776872081366496
2025-01-02 17:38:36,3.617787629174683
2025-01-02 17:38:37,4.148785592941347
2025-01-02 17:38:38,3.6710413695170723
2025-01-02 17:38:39,3.821677982245046
2025-01-02 17:38:40,4.0742638405075455
2025-01-02 17:38:41,3.701897263526549
2025-01-02 17:38:42,3.9969975545092984
2025-01-02 17:38:43,3.8915644442414634
2025-01-02 17:38:44,4.122301426404115
2025-01-02 17:38:45,4.390235255879968
2025-01-02 17:38:46,4.104515509950809
2025-01-02 17:38:47,3.6928075158394615
2025-01-02 17:38:48,3.674565612157194
2025-01-02 17:38:49,3.925143045041608
2025-01-02 17:38:50,3.955119958512839
2025-01-02 17:38:51,3.442994162192571
2025-01-02 17:38:52,3.9226060753845973
2025-01-02 17:38:53,3.8043804465003017
2025-01-02 17:38:54,4.17915458384885
2025-01-02 17:38:55,4.179123661400044
2025-01-02 17:38:56,3.5401694000992827
2025-01-02 17:38:57,3.7997798222420704
2025-01-02 17:38:58,4.027287794702291
2025-01-02 17:38:59,3.3025292967245186
2025-01-02 17:39:00,
2025-01-02 17:39:01,3.9280363716141653
2025-01-02 17:39:02,4.2390684475375595
2025-01-02 17:39:03,3.7038509239852053
2025-01-02 17:39:04,3.0758456131904706
2025-01-02 17:39:05,3.936997935077684
2025-01-02 17:39:06,3.7384809535911967
2025-01-02 17:39:07,3.3668191664177347
2025-01-02 17:39:08,3.7432541984063565
2025-01-02 17:39:09,3.4467619162121927
2025-01-02 17:39:10,3.717215390067895
2025-01-02 17:39:11,3.8673675690928
2025-01-02 17:39:12,3.838455113559882
2025-01-02 17:39:13,3.923276921791262
2025-01-02 17:39:14,3.721927475800404
2025-01-02 17:39:15,3.2840212857934716
2025-01-02 17:39:16,3.9288274084477677
2025-01-02 17:39:17,4.411292528865003
2025-01-02 17:39:18,4.540631136567627
2025-01-02 17:39:19,3.5279645163841633
2025-01-02 17:39:20,3.6874349424294857
2025-01-02 17:39:21,3.826264554497989
2025-01-02 17:39:22,3.7367744377581094
2025-01-02 17:39:23,3.873972835914591
2025-01-02 17:39:24,3.7334859179578817
2025-01-02 17:39:25,3.533526350801612
2025-01-02 17:39:26,4.131534082319441
2025-01-02 17:39:27,3.5281104983268814
2025-01-02 17:39:28,4.012425122143066
2025-01-02 17:39:29,3.492333768873373
2025-01-02 17:39:30,3.712987284707926
2025-01-02 17:39:31,3.390355971538048
2025-01-02 17:39:32,3.675331930669628
2025-01-02 17:39:33,4.198461492591613
2025-01-02 17:39:34,2.8443259865521084
2025-01-02 17:39:35,4.057801236446638
2025-01-02 17:39:36,3.470221671554202
2025-01-02 17:39:37,3.724661938549148
2025-01-02 17:39:38,3.4701934758231094
2025-01-02 17:39:39,3.9041837096935343
2025-01-02 17:39:40,4.043844455524848
2025-01-02 17:39:41,4.215166349732974
2025-01-02 17:39:42,4.093031036274099
2025-01-02 17:39:43,3.619437131274858
2025-01-02 17:39:44,3.174528668069364
2025-01-02 17:39:45,3.190706798367941
2025-01-02 17:39:46,3.965010123750304
2025-01-02 17:39:47,4.336145463189446
2025-01-02 17:39:48,3.584301555723419
2025-01-02 17:39:49,3.726321500091037
2025-01-02 17:39:50,3.955223450003263
2025-01-02 17:39:51,3.7901447649196274
2025-01-02 17:39:52,3.868390234934354
2025-01-02 17:39:53,3.4305792360989473
2025-01-02 17:39:54,3.8476951866442697
2025-01-02 17:39:55,4.084646433938224
2025-01-02 17:39:56,4.120923335413215
2025-01-02 17:39:57,3.5663657265261235
2025-01-02 17:39:58,3.7159765837473007
2025-01-02 17:39:59,3.679313426774301
2025-01-02 17:40:00,3.393019482349304
2025-01-02 17:40:01,4.246597438904328
2025-01-02 17:40:02,3.9448500266245543
2025-01-02 17:40:03,4.005810866943288
2025-01-02 17:40:04,3.454762170581915
2025-01-02 17:40:05,
2025-01-02 17:40:06,4.046395366935014
2025-01-02 17:40:07,3.800983644519644
2025-01-02 17:40:08,4.047248192711258
2025-01-02 17:40:09,3.523691790566895
2025-01-02 17:40:10,3.5802554297170226
2025-01-02 17:40:11,4.370437959922458
2025-01-02 17:40:12,3.51098820978693
2025-01-02 17:40:13,3.477902997466113
2025-01-02 17:40:14,3.471666663730156
2025-01-02 17:40:15,3.414515347758432
2025-01-02 17:40:16,3.6195520099581806
2025-01-02 17:40:17,3.782348505146522
2025-01-02 17:40:18,4.2858015167774965
2025-01-02 17:40:19,4.072270944792928
2025-01-02 17:40:20,3.772003128208812
2025-01-02 17:40:21,3.6634043824400124
2025-01-02 17:40:22,3.9161521010448856
2025-01-02 17:40:23,3.7413786060201373
2025-01-02 17:40:24,3.8365075650565066
2025-01-02 17:40:25,3.6231830295175476
2025-01-02 17:40:26,3.3734854933758287
2025-01-02 17:40:27,3.5891703580050707
2025-01-02 17:40:28,3.761533526268932
2025-01-02 17:40:29,4.105586925116927
2025-01-02 17:40:30,4.059716646809952
2025-01-02 17:40:31,2.9553597941048064
2025-01-02 17:40:32,3.864383406142228
2025-01-02 17:40:33,3.4287907201379717
2025-01-02 17:40:34,4.031975496692951
2025-01-02 17:40:35,3.3893904624669906
2025-01-02 17:40:36,3.812033303438447
2025-01-02 17:40:37,4.195520347314693
2025-01-02 17:40:38,3.95384229848965
2025-01-02 17:40:39,3.8099090143472822
2025-01-02 17:40:40,4.121689652928324
2025-01-02 17:40:41,3.7287416090728933
2025-01-02 17:40:42,3.5540536943762855
2025-01-02 17:40:43,3.3938584767947004
2025-01-02 17:40:44,3.7466025261741427
2025-01-02 17:40:45,4.340657420250169
2025-01-02 17:40:46,4.2343658578389185
2025-01-02 17:40:47,4.099880934100147
2025-01-02 17:40:48,3.954224091879507
2025-01-02 17:40:49,3.9882339206855724
2025-01-02 17:40:50,3.721470413174944
2025-01-02 17:40:51,3.833551884945978
2025-01-02 17:40:52,3.7178430634917614
2025-01-02 17:40:53,4.221220200636351
2025-01-02 17:40:54,3.313222878831729
2025-01-02 17:40:55,3.454667254819463
2025-01-02 17:40:56,3.9583820494082187
2025-01-02 17:40:57,4.1202847045708895
2025-01-02 17:40:58,3.770409366655226
2025-01-02 17:40:59,3.9645806472704157
2025-01-02 17:41:00,3.7642628872491137
2025-01-02 17:41:01,3.4874290674607518
2025-01-02 17:41:02,3.6825456683232294
2025-01-02 17:41:03,3.442914624211935
2025-01-02 17:41:04,4.24947221113323
2025-01-02 17:41:05,3.969010595347693
2025-01-02 17:41:06,3.471287620494321
2025-01-02 17:41:07,3.6142805336294828
2025-01-02 17:41:08,3.7738348582368486
2025-01-02 17:41:09,3.8236351911987523
2025-01-02 17:41:10,3.706730229526862
2025-01-02 17:41:11,3.7434583586535806
2025-01-02 17:41:12,4.287810408488872
2025-01-02 17:41:13,3.452298825762724
2025-01-02 17:41:14,3.6227003107907936
2025-01-02 17:41:15,4.189423195726807
2025-01-02 17:41:16,3.8573576046858444
2025-01-02 17:41:17,3.2307976152583895
2025-01-02 17:41:18,3.4141316849574492
2025-01-02 17:41:19,3.8957604758308104
2025-01-02 17:41:20,3.6962621940454357
2025-01-02 17:41:21,3.8264839631367122
2025-01-02 17:41:22,3.779575228691971
2025-01-02 17:41:23,4.06330885686333
2025-01-02 17:41:24,4.091879635440712
2025-01-02 17:41:25,4.293144527470043
2025-01-02 17:41:26,2.82459037077386
2025-01-02 17:41:27,3.3822594126771266
2025-01-02 17:41:28,3.29077354496701
2025-01-02 17:41:29,3.692257441554366
2025-01-02 17:41:30,4.329543101445049
2025-01-02 17:41:31,3.715789506290732
2025-01-02 17:41:32,3.7774488517528284
2025-01-02 17:41:33,3.4080461981767716
2025-01-02 17:41:34,3.913290149243282
2025-01-02 17:41:35,4.137188786351923
2025-01-02 17:41:36,3.849154300349951
2025-01-02 17:41:37,3.5747231224049245
2025-01-02 17:41:38,3.8331827073240072
2025-01-02 17:41:39,3.7847296579088874
2025-01-02 17:41:40,
2025-01-02 17:41:41,3.457595850405887
2025-01-02 17:41:42,4.203686491025227
2025-01-02 17:41:43,3.868126722427512
2025-01-02 17:41:44,3.8584092110510535
2025-01-02 17:41:45,3.989159126393521
2025-01-02 17:41:46,4.013065884270583
2025-01-02 17:41:47,3.647209337579462
2025-01-02 17:41:48,4.1156746811571665
2025-01-02 17:41:49,4.197715888823645
2025-01-02 17:41:50,3.9089168567465333
2025-01-02 17:41:51,3.690913102623296
2025-01-02 17:41:52,3.9337594474554285
2025-01-02 17:41:53,4.031254144758127
2025-01-02 17:41:54,3.8624949089073612
2025-01-02 17:41:55,4.063996732595109
2025-01-02 17:41:56,3.8090792867866994
2025-01-02 17:41:57,3.9825259647751925
2025-01-02 17:41:58,
2025-01-02 17:41:59,3.884284305983291
2025-01-02 17:42:00,4.493321521243413
2025-01-02 17:42:01,4.266299981273987
2025-01-02 17:42:02,3.734691622742607
2025-01-02 17:42:03,3.9167241346870107
2025-01-02 17:42:04,3.7464861835213643
2025-01-02 17:42:05,3.561855309894208
2025-01-02 17:42:06,3.8603465060079083
2025-01-02 17:42:07,3.587356842768346
2025-01-02 17:42:08,3.7009975910902506
2025-01-02 17:42:09,4.689637233899696
2025-01-02 17:42:10,3.43446742476686
2025-01-02 17:42:11,3.9267201724107497
2025-01-02 17:42:12,3.163792242643757
2025-01-02 17:42:13,3.9471128742038193
2025-01-02 17:42:14,3.982684380228699
2025-01-02 17:42:15,3.917553243690229
2025-01-02 17:42:16,3.7536436888218385
2025-01-02 17:42:17,3.849179732610012
2025-01-02 17:42:18,3.308056739695262
2025-01-02 17:42:19,3.4161205688632155
2025-01-02 17:42:20,3.41155796066481
2025-01-02 17:42:21,4.087020650299584
2025-01-02 17:42:22,3.6433826875841455
2025-01-02 17:42:23,3.359477790748056
2025-01-02 17:42:24,3.7589003171464186
2025-01-02 17:42:25,3.8251627452124826
2025-01-02 17:42:26,3.67445214847405
2025-01-02 17:42:27,3.7811814666597865
2025-01-02 17:42:28,3.6297734214823705
2025-01-02 17:42:29,3.770793707286535
2025-01-02 17:42:30,3.963286982552564
2025-01-02 17:42:31,4.161921386368519
2025-01-02 17:42:32,3.6232722057833042
2025-01-02 17:42:33,3.776617244703164
2025-01-02 17:42:34,3.800611005657539
2025-01-02 17:42:35,3.9867718579460933
2025-01-02 17:42:36,3.875064760247302
2025-01-02 17:42:37,3.2060889920622224
2025-01-02 17:42:38,4.003520546115937
2025-01-02 17:42:39,3.7768638910799317
2025-01-02 17:42:40,3.743542258814762
2025-01-02 17:42:41,4.198642136238709
2025-01-02 17:42:42,3.720977865650724
2025-01-02 17:42:43,4.2502132411299165
2025-01-02 17:42:44,3.833470432978982
2025-01-02 17:42:45,3.6221551596402817
2025-01-02 17:42:46,3.7245102826668957
2025-01-02 17:42:47,3.8959680290950933
2025-01-02 17:42:48,4.329207302074447
2025-01-02 17:42:49,4.107156511918628
2025-01-02 17:42:50,3.7529133324234225
2025-01-02 17:42:51,3.7925698532464973
2025-01-02 17:42:52,3.72482171931787
2025-01-02 17:42:53,3.5118419620284107
2025-01-02 17:42:54,4.074543423528005
2025-01-02 17:42:55,3.883726209144742
2025-01-02 17:42:56,3.5936290677509426
2025-01-02 17:42:57,3.585811898927164
2025-01-02 17:42:58,3.5027410969537844
2025-01-02 17:42:59,4.161110425314172
2025-01-02 17:43:00,3.4459625056210323
2025-01-02 17:43:01,4.0670063174077375
2025-01-02 17:43:02,3.715501401926598
2025-01-02 17:43:03,4.548154434156299
2025-01-02 17:43:04,3.8464261196573046
2025-01-02 17:43:05,2.9019351046682265
2025-01-02 17:43:06,3.9124125719510263
2025-01-02 17:43:07,3.9939531925657628
2025-01-02 17:43:08,3.873149935923104
2025-01-02 17:43:09,3.842817266359308
2025-01-02 17:43:10,3.875890845010534
2025-01-02 17:43:11,4.24672251592088
2025-01-02 17:43:12,4.21943820417362
2025-01-02 17:43:13,3.8036782430573233
2025-01-02 17:43:14,4.172713899302481
2025-01-02 17:43:15,3.7960230263963455
2025-01-02 17:43:16,3.4377784949467607
2025-01-02 17:43:17,3.5529000541965234
2025-01-02 17:43:18,3.5714170509137637
2025-01-02 17:43:19,4.538375761558834
2025-01-02 17:43:20,4.3560122916405
2025-01-02 17:43:21,4.120077223958134
2025-01-02 17:43:22,3.72561324515459
2025-01-02 17:43:23,4.31937731515634
2025-01-02 17:43:24,3.743170413235564
2025-01-02 17:43:25,3.889086872682606
2025-01-02 17:43:26,3.8547883064362796
2025-01-02 17:43:27,4.124621892027765
2025-01-02 17:43:28,3.6611840021658644
2025-01-02 17:43:29,3.8198512451635795
2025-01-02 17:43:30,3.4700160033959953
2025-01-02 17:43:31,
2025-01-02 17:43:32,3.4842510634585024
2025-01-02 17:43:33,3.5648823803501344
2025-01-02 17:43:34,3.5976726681939213
2025-01-02 17:43:35,3.416187228793179
2025-01-02 17:43:36,4.376963316501686
2025-01-02 17:43:37,3.929337593790043
2025-01-02 17:43:38,3.6057810382233626
2025-01-02 17:43:39,3.270955170667644
2025-01-02 17:43:40,4.0370704831378985
2025-01-02 17:43:41,3.4502735899624053
2025-01-02 17:43:42,3.709941686433696
2025-01-02 17:43:43,
2025-01-02 17:43:44,3.3381720523118408
2025-01-02 17:43:45,3.9276439730667874
2025-01-02 17:43:46,3.5713033487342623
2025-01-02 17:43:47,3.648855166569879
2025-01-02 17:43:48,3.1245788863793225
2025-01-02 17:43:49,4.135476200881229
2025-01-02 17:43:50,3.5192833747779164
2025-01-02 17:43:51,3.284668286335738
2025-01-02 17:43:52,3.586434168236921
2025-01-02 17:43:53,3.69326424035301
2025-01-02 17:43:54,4.090160456038813
2025-01-02 17:43:55,3.919924459291064
2025-01-02 17:43:56,3.5772023035708957
2025-01-02 17:43:57,4.434434509241786
2025-01-02 17:43:58,3.5039796163404957
2025-01-02 17:43:59,3.299858549330703
2025-01-02 17:44:00,4.463837950778225
2025-01-02 17:44:01,4.023048275353152
2025-01-02 17:44:02,3.4131377391446924
2025-01-02 17:44:03,4.042579624704094
2025-01-02 17:44:04,3.8810219082192194
2025-01-02 17:44:05,3.992412547493969
2025-01-02 17:44:06,3.815469261930807
2025-01-02 17:44:07,4.016420230841195
2025-01-02 17:44:08,3.8344946288045785
2025-01-02 17:44:09,4.0429096132121165
2025-01-02 17:44:10,3.3316270804662858
2025-01-02 17:44:11,3.315319377627385
2025-01-02 17:44:12,3.579262352092287
2025-01-02 17:44:13,3.8289214855037654
2025-01-02 17:44:14,3.2883653368328707
2025-01-02 17:44:15,3.581330947172751
2025-01-02 17:44:16,4.389247746472386
2025-01-02 17:44:17,3.8677337682271107
2025-01-02 17:44:18,4.288828409936257
2025-01-02 17:44:19,4.128960820929378
2025-01-02 17:44:20,4.155108989669401
2025-01-02 17:44:21,3.6658026041204574
2025-01-02 17:44:22,3.7864514909194
2025-01-02 17:44:23,3.8855354792457697
2025-01-02 17:44:24,4.526119801409914
2025-01-02 17:44:25,3.1376951623165237
2025-01-02 17:44:26,4.03657290067923
2025-01-02 17:44:27,3.9799058873092052
2025-01-02 17:44:28,4.056492641803678
2025-01-02 17:44:29,3.9863541856142928
2025-01-02 17:44:30,3.697575552907579
2025-01-02 17:44:31,4.086299614704335
2025-01-02 17:44:32,3.614065812617322
2025-01-02 17:44:33,3.745322940707783
2025-01-02 17:44:34,4.45481954546743
2025-01-02 17:44:35,3.8441688987345586
2025-01-02 17:44:36,4.13400688651872
2025-01-02 17:44:37,3.4944376941805326
2025-01-02 17:44:38,3.9852908238318854
2025-01-02 17:44:39,3.9841696110037317
2025-01-02 17:44:40,3.9807367783947907
2025-01-02 17:44:41,3.7148017029465716
2025-01-02 17:44:42,3.4997454310572107
2025-01-02 17:44:43,3.4047509271741934
2025-01-02 17:44:44,3.8598789079655575
2025-01-02 17:44:45,3.0909047954609763
2025-01-02 17:44:46,4.8271656653941415
2025-01-02 17:44:47,3.6261393869141383
2025-01-02 17:44:48,3.6031920325405404
2025-01-02 17:44:49,4.011882702806617
2025-01-02 17:44:50,3.837071677702977
2025-01-02 17:44:51,3.9468703301301282
2025-01-02 17:44:52,4.19706923170518
2025-01-02 17:44:53,3.7329297974491755
2025-01-02 17:44:54,3.925370549737163
2025-01-02 17:44:55,
2025-01-02 17:44:56,3.808899831365833
2025-01-02 17:44:57,3.805034577009679
2025-01-02 17:44:58,
2025-01-02 17:44:59,4.086675021342421
2025-01-02 17:45:00,4.182064856213674
2025-01-02 17:45:01,3.807683150189939
2025-01-02 17:45:02,3.816853209999474
2025-01-02 17:45:03,3.4538765650967784
2025-01-02 17:45:04,3.4619292187170165
2025-01-02 17:45:05,3.212444681765475
2025-01-02 17:45:06,3.5293628207391414
2025-01-02 17:45:07,4.101738125578717
2025-01-02 17:45:08,4.099664607014532
2025-01-02 17:45:09,3.6875288755636353
2025-01-02 17:45:10,3.867393270270097
2025-01-02 17:45:11,3.9222284626135
2025-01-02 17:45:12,3.901538980843176
2025-01-02 17:45:13,3.9948264424254365
2025-01-02 17:45:14,4.364081230540683
2025-01-02 17:45:15,4.291465554813375
2025-01-02 17:45:16,4.3892499357222725
2025-01-02 17:45:17,3.9783753831717004
2025-01-02 17:45:18,3.7943368982292753
2025-01-02 17:45:19,4.09169837874209
2025-01-02 17:45:20,4.130043808128079
2025-01-02 17:45:21,3.9074750560268523
2025-01-02 17:45:22,4.261326470150766
2025-01-02 17:45:23,3.56698485718032
2025-01-02 17:45:24,4.240824926301537
2025-01-02 17:45:25,3.3349535484237505
2025-01-02 17:45:26,3.464412407579465
2025-01-02 17:45:27,3.514582290245923
2025-01-02 17:45:28,3.9777212937751196
2025-01-02 17:45:29,3.316841090402883
2025-01-02 17:45:30,4.155800652826224
2025-01-02 17:45:31,3.688679957238893
2025-01-02 17:45:32,3.845648444169023
2025-01-02 17:45:33,4.218718464443943
2025-01-02 17:45:34,3.8686625502008036
2025-01-02 17:45:35,4.0255433121548245
2025-01-02 17:45:36,3.592733203479047
2025-01-02 17:45:37,3.4312784871901187
2025-01-02 17:45:38,4.276403133366748
2025-01-02 17:45:39,4.1719388065663585
2025-01-02 17:45:40,3.608067808675238
2025-01-02 17:45:41,4.322634284669206
2025-01-02 17:45:42,3.876289714756948
2025-01-02 17:45:43,3.3808776595948684
2025-01-02 17:45:44,3.7744506466117618
2025-01-02 17:45:45,3.871158486326091
2025-01-02 17:45:46,3.6330103243359293
2025-01-02 17:45:47,4.030832314007936
2025-01-02 17:45:48,3.302556937786907
2025-01-02 17:45:49,3.7284311709237943
2025-01-02 17:45:50,4.256914477869644
2025-01-02 17:45:51,3.79815440878481
2025-01-02 17:45:52,3.9465684326927595
2025-01-02 17:45:53,3.782893121868673
2025-01-02 17:45:54,3.7937015957530082
2025-01-02 17:45:55,4.210851279409428
2025-01-02 17:45:56,3.8509405473879115
2025-01-02 17:45:57,4.048212179832961
2025-01-02 17:45:58,4.093552986183584
2025-01-02 17:45:59,3.710170342901751
2025-01-02 17:46:00,3.745144876829314
2025-01-02 17:46:01,3.9559909732188925
2025-01-02 17:46:02,3.8867334661958277
2025-01-02 17:46:03,3.955062247259367
2025-01-02 17:46:04,4.143994509219673
2025-01-02 17:46:05,4.094169816496903
2025-01-02 17:46:06,4.280183489225824
2025-01-02 17:46:07,3.565864808305768
2025-01-02 17:46:08,3.489950514407661
2025-01-02 17:46:09,3.9622064682567197
2025-01-02 17:46:10,4.270408091501625
2025-01-02 17:46:11,3.860870788211861
2025-01-02 17:46:12,3.583992062711018
2025-01-02 17:46:13,3.8485201533359934
2025-01-02 17:46:14,3.992773820710252
2025-01-02 17:46:15,3.6969595663115244
2025-01-02 17:46:16,3.715271637026766
2025-01-02 17:46:17,3.7800817532995494
2025-01-02 17:46:18,3.840480644425546
2025-01-02 17:46:19,3.8984534417326033
2025-01-02 17:46:20,3.7187914335450944
2025-01-02 17:46:21,3.7958943998251313
2025-01-02 17:46:22,3.6360493869845905
2025-01-02 17:46:23,4.150548389410092
2025-01-02 17:46:24,4.058577497095367
2025-01-02 17:46:25,3.603537990378235
2025-01-02 17:46:26,
2025-01-02 17:46:27,3.939211589915125
2025-01-02 17:46:28,3.9510200903687718
2025-01-02 17:46:29,4.015720416097406
2025-01-02 17:46:30,4.328485204206542
2025-01-02 17:46:31,
2025-01-02 17:46:32,4.104019752926602
2025-01-02 17:46:33,3.8416501040516997
2025-01-02 17:46:34,3.6168732966123054
2025-01-02 17:46:35,3.5256710540241993
2025-01-02 17:46:36,3.77885985683468
2025-01-02 17:46:37,3.6087210870812547
2025-01-02 17:46:38,3.5407792300922614
2025-01-02 17:46:39,4.507179924207486
2025-01-02 17:46:40,3.7127888288849342
2025-01-02 17:46:41,4.217539218188543
2025-01-02 17:46:42,4.68243952243866
2025-01-02 17:46:43,3.9284905655671496
2025-01-02 17:46:44,3.9188581690286615
2025-01-02 17:46:45,3.9391809204613883
2025-01-02 17:46:46,3.814665564007739
2025-01-02 17:46:47,4.4396380034174845
2025-01-02 17:46:48,3.788091287083415
2025-01-02 17:46:49,4.1205389666750545
2025-01-02 17:46:50,4.209859888568418
2025-01-02 17:46:51,3.906727425942711
2025-01-02 17:46:52,3.5722054040450986
2025-01-02 17:46:53,3.49432964628811
2025-01-02 17:46:54,3.787112745267838
2025-01-02 17:46:55,3.377992086469235
2025-01-02 17:46:56,4.028612416999674
2025-01-02 17:46:57,3.2534907315378643
2025-01-02 17:46:58,3.9061853971954315
2025-01-02 17:46:59,4.393382379276468
2025-01-02 17:47:00,3.3956008087861673
2025-01-02 17:47:01,3.7501946936069146
2025-01-02 17:47:02,3.7917061042680644
2025-01-02 17:47:03,3.080416287702981
2025-01-02 17:47:04,
2025-01-02 17:47:05,3.5491897690089678
2025-01-02 17:47:06,4.230650140862581
2025-01-02 17:47:07,3.597427333179156
2025-01-02 17:47:08,3.925993884433138
2025-01-02 17:47:09,4.031909659817232
2025-01-02 17:47:10,4.422070695313178
2025-01-02 17:47:11,4.1551165148413265
2025-01-02 17:47:12,4.124746327890422
2025-01-02 17:47:13,3.951967413173593
2025-01-02 17:47:14,4.039638971081624
2025-01-02 17:47:15,3.977946919187838
2025-01-02 17:47:16,3.617138548336637
2025-01-02 17:47:17,3.6004167365745827
2025-01-02 17:47:18,3.8562053159910072
2025-01-02 17:47:19,4.069292408131513
2025-01-02 17:47:20,4.251501852295535
2025-01-02 17:47:21,3.8354131677568053
2025-01-02 17:47:22,4.070175719185215
2025-01-02 17:47:23,3.9005550535490308
2025-01-02 17:47:24,3.4475664354508977
2025-01-02 17:47:25,3.2118271233770703
2025-01-02 17:47:26,3.989930617050694
2025-01-02 17:47:27,3.9175741797021293
2025-01-02 17:47:28,3.6923112235399076
2025-01-02 17:47:29,4.18247679135426
2025-01-02 17:47:30,3.2051362338713574
2025-01-02 17:47:31,3.9558716294735845
2025-01-02 17:47:32,3.991083238276835
2025-01-02 17:47:33,3.709292773917546
2025-01-02 17:47:34,4.35665984282259
2025-01-02 17:47:35,4.363967612881193
2025-01-02 17:47:36,3.793051091801518
2025-01-02 17:47:37,4.1812072568808745
2025-01-02 17:47:38,4.276943404671489
2025-01-02 17:47:39,4.051869255378817
2025-01-02 17:47:40,4.598510946668098
2025-01-02 17:47:41,3.2005211093975605
2025-01-02 17:47:42,3.621396618648169
2025-01-02 17:47:43,3.7233522628517925
2025-01-02 17:47:44,3.868278905819742
2025-01-02 17:47:45,3.469146768414302
2025-01-02 17:47:46,3.6184101843481846
2025-01-02 17:47:47,3.506328295231044
2025-01-02 17:47:48,3.9260446640122124
2025-01-02 17:47:49,4.017341216107157
2025-01-02 17:47:50,3.657972643741078
2025-01-02 17:47:51,3.5323852895426953
2025-01-02 17:47:52,3.942196198712801
2025-01-02 17:47:53,3.914360256924321
2025-01-02 17:47:54,4.462120742895113
2025-01-02 17:47:55,
2025-01-02 17:47:56,3.620690413751339
2025-01-02 17:47:57,4.101152176744873
2025-01-02 17:47:58,3.9322557634952053
2025-01-02 17:47:59,2.8951065939486402
2025-01-02 17:48:00,4.639698881591835
2025-01-02 17:48:01,4.291939357698857
2025-01-02 17:48:02,4.398766103319898
2025-01-02 17:48:03,4.014620132147146
2025-01-02 17:48:04,3.7457176304197497
2025-01-02 17:48:05,
2025-01-02 17:48:06,3.8559830780234488
2025-01-02 17:48:07,3.8279201062253203
2025-01-02 17:48:08,4.221407502464762
2025-01-02 17:48:09,3.784653160439568
2025-01-02 17:48:10,3.9222303353407515
2025-01-02 17:48:11,3.8717668526100253
2025-01-02 17:48:12,4.1604805839635
2025-01-02 17:48:13,4.2566197389395795
2025-01-02 17:48:14,4.104159172936454
2025-01-02 17:48:15,3.985594545641815
2025-01-02 17:48:16,4.070183862993482
2025-01-02 17:48:17,3.604939890782242
2025-01-02 17:48:18,3.9244161670431974
2025-01-02 17:48:19,3.7451293058840496
2025-01-02 17:48:20,3.9994459330063896
2025-01-02 17:48:21,3.6758021153862788
2025-01-02 17:48:22,3.890531296634715
2025-01-02 17:48:23,3.8508603201763196
2025-01-02 17:48:24,4.757872721912109
2025-01-02 17:48:25,3.554446166650435
2025-01-02 17:48:26,3.635103862144566
2025-01-02 17:48:27,
2025-01-02 17:48:28,4.095464506764403
2025-01-02 17:48:29,4.158283396331053
2025-01-02 17:48:30,3.8417205619462984
2025-01-02 17:48:31,3.727166329530213
2025-01-02 17:48:32,4.500632166430507
2025-01-02 17:48:33,4.020275593921302
2025-01-02 17:48:34,3.523671057410411
2025-01-02 17:48:35,4.033816338638333
2025-01-02 17:48:36,4.290828287907589
2025-01-02 17:48:37,4.47960554489128
2025-01-02 17:48:38,3.650788642011281
2025-01-02 17:48:39,4.635216893462104
2025-01-02 17:48:40,3.9633998633777843
2025-01-02 17:48:41,3.701732385383797
2025-01-02 17:48:42,3.0917474358473735
2025-01-02 17:48:43,3.444323410216084
2025-01-02 17:48:44,3.764869664795012
2025-01-02 17:48:45,4.050004390394128
2025-01-02 17:48:46,3.874654786097296
2025-01-02 17:48:47,3.222008250494528
2025-01-02 17:48:48,3.907359766508492
2025-01-02 17:48:49,3.7651178788221653
2025-01-02 17:48:50,3.875401919859391
2025-01-02 17:48:51,3.8676398634517963
2025-01-02 17:48:52,3.999450324329385
2025-01-02 17:48:53,4.088879337614933
2025-01-02 17:48:54,4.071044951541557
2025-01-02 17:48:55,3.92291953975352
2025-01-02 17:48:56,4.202113518754753
2025-01-02 17:48:57,4.0245801332059195
2025-01-02 17:48:58,3.606968858041789
2025-01-02 17:48:59,3.497886823018287
2025-01-02 17:49:00,4.324091942151012
2025-01-02 17:49:01,4.061353170987577
2025-01-02 17:49:02,4.21602465818096
2025-01-02 17:49:03,3.9163142238645374
2025-01-02 17:49:04,3.821920025753645
2025-01-02 17:49:05,4.21699981419534
2025-01-02 17:49:06,3.7406082514274117
2025-01-02 17:49:07,4.0943718547904435
2025-01-02 17:49:08,3.7216458524348877
2025-01-02 17:49:09,3.6379260041601915
2025-01-02 17:49:10,
2025-01-02 17:49:11,3.8606265280103984
2025-01-02 17:49:12,4.584388356762531
2025-01-02 17:49:13,4.28211427726215
2025-01-02 17:49:14,4.197837613886405
2025-01-02 17:49:15,4.670053205870621
2025-01-02 17:49:16,4.081542414030203
2025-01-02 17:49:17,3.861459515672693
2025-01-02 17:49:18,3.82401566800749
2025-01-02 17:49:19,4.054716780128558
2025-01-02 17:49:20,4.025659143629635
2025-01-02 17:49:21,3.6031086243270742
2025-01-02 17:49:22,4.255382411378641
2025-01-02 17:49:23,3.7699259669436964
2025-01-02 17:49:24,4.224156668024064
2025-01-02 17:49:25,4.297432968195419
2025-01-02 17:49:26,3.826655937127874
2025-01-02 17:49:27,3.9538578285624504
2025-01-02 17:49:28,4.406805627575582
2025-01-02 17:49:29,4.084833078485059
2025-01-02 17:49:30,3.9591829106070664
2025-01-02 17:49:31,4.306795234272302
2025-01-02 17:49:32,3.605577593116267
2025-01-02 17:49:33,4.641642137641262
2025-01-02 17:49:34,3.993883699786484
2025-01-02 17:49:35,4.158795070602972
2025-01-02 17:49:36,4.415918674397053
2025-01-02 17:49:37,4.2159387072744
2025-01-02 17:49:38,4.002427441498033
2025-01-02 17:49:39,3.9812908262097837
2025-01-02 17:49:40,3.8283295780117186
2025-01-02 17:49:41,3.806844667041625
2025-01-02 17:49:42,3.839917027419939
2025-01-02 17:49:43,4.09429163048787
2025-01-02 17:49:44,3.7007234310604127
2025-01-02 17:49:45,4.151782888859428
2025-01-02 17:49:46,3.5372484357832117
2025-01-02 17:49:47,4.371197761176411
2025-01-02 17:49:48,4.058424784415169
2025-01-02 17:49:49,4.018580935882707
2025-01-02 17:49:50,4.346073667828909
2025-01-02 17:49:51,3.9626114216723445
2025-01-02 17:49:52,4.302950536219121
2025-01-02 17:49:53,4.05901247792179
2025-01-02 17:49:54,4.315318613548527
2025-01-02 17:49:55,4.585885532433857
2025-01-02 17:49:56,3.8259332907702013
2025-01-02 17:49:57,3.5605156829068516
2025-01-02 17:49:58,4.433655923003306
2025-01-02 17:49:59,3.5884293017632474
2025-01-02 17:50:00,3.868324661852425
2025-01-02 17:50:01,3.786027683225053
2025-01-02 17:50:02,3.780206014614726
2025-01-02 17:50:03,3.7777827560964634
2025-01-02 17:50:04,3.778769549711766
2025-01-02 17:50:05,4.361638754022808
2025-01-02 17:50:06,4.285988928229511
2025-01-02 17:50:07,
2025-01-02 17:50:08,3.5075731936790167
2025-01-02 17:50:09,3.96654638913309
2025-01-02 17:50:10,3.441243022383543
2025-01-02 17:50:11,3.6628738465112836
2025-01-02 17:50:12,3.879572887189869
2025-01-02 17:50:13,3.7543087496153578
2025-01-02 17:50:14,3.8943042188591726
2025-01-02 17:50:15,3.6689598771200247
2025-01-02 17:50:16,4.163596037083047
2025-01-02 17:50:17,3.84496304149651
2025-01-02 17:50:18,3.751544139771174
2025-01-02 17:50:19,4.240810261849791
2025-01-02 17:50:20,4.158805216483282
2025-01-02 17:50:21,3.849213368459189
2025-01-02 17:50:22,3.833376320256205
2025-01-02 17:50:23,3.8840097037614143
2025-01-02 17:50:24,3.939664835830758
2025-01-02 17:50:25,4.040866382207722
2025-01-02 17:50:26,3.9988497796931872
2025-01-02 17:50:27,4.045496092431469
2025-01-02 17:50:28,4.559484585069147
2025-01-02 17:50:29,3.68303711571737
2025-01-02 17:50:30,3.6578532725434303
2025-01-02 17:50:31,3.898701815208381
2025-01-02 17:50:32,4.062756337292247
2025-01-02 17:50:33,3.847882560031539
2025-01-02 17:50:34,3.653577149248002
2025-01-02 17:50:35,3.8185115024773935
2025-01-02 17:50:36,4.26501829809719
2025-01-02 17:50:37,4.156171621034316
2025-01-02 17:50:38,4.292848700237482
2025-01-02 17:50:39,4.626430672065988
2025-01-02 17:50:40,3.9862720406218086
2025-01-02 17:50:41,4.1460209315326
2025-01-02 17:50:42,4.136691403458169
2025-01-02 17:50:43,3.9802868944681635
2025-01-02 17:50:44,3.798691976698451
2025-01-02 17:50:45,3.957690759656658
2025-01-02 17:50:46,3.721604051118274
2025-01-02 17:50:47,4.043208238687675
2025-01-02 17:50:48,4.304816245123415
2025-01-02 17:50:49,
2025-01-02 17:50:50,4.2766970372109885
2025-01-02 17:50:51,4.1728082150389
2025-01-02 17:50:52,3.7074563438085217
2025-01-02 17:50:53,4.087913630414607
2025-01-02 17:50:54,
2025-01-02 17:50:55,3.7209010324549596
2025-01-02 17:50:56,4.199146569771493
2025-01-02 17:50:57,3.960321249723732
2025-01-02 17:50:58,4.001299405064963
2025-01-02 17:50:59,3.8116788970365807
2025-01-02 17:51:00,3.5035917667857523
2025-01-02 17:51:01,4.296610545659645
2025-01-02 17:51:02,3.691921792290285
2025-01-02 17:51:03,4.299323309732894
2025-01-02 17:51:04,3.8941889078162335
2025-01-02 17:51:05,4.009184961035151
2025-01-02 17:51:06,4.366315149237283
2025-01-02 17:51:07,3.9537978367778344
2025-01-02 17:51:08,3.6813052506843436
2025-01-02 17:51:09,4.392276991521557
2025-01-02 17:51:10,3.6830603666393005
2025-01-02 17:51:11,4.60376648726214
2025-01-02 17:51:12,3.823763313478481
2025-01-02 17:51:13,3.8090788365241868
2025-01-02 17:51:14,4.19231651992764
2025-01-02 17:51:15,3.503615636186552
2025-01-02 17:51:16,4.557542866024939
2025-01-02 17:51:17,3.885420423756572
2025-01-02 17:51:18,3.4233708595441543
2025-01-02 17:51:19,4.354440899071138
2025-01-02 17:51:20,
2025-01-02 17:51:21,4.457575899030707
2025-01-02 17:51:22,3.0290623858605836
2025-01-02 17:51:23,3.7470506136985837
2025-01-02 17:51:24,3.8352018964321224
2025-01-02 17:51:25,3.7735005653259623
2025-01-02 17:51:26,4.049215151109882
2025-01-02 17:51:27,4.442449210828932
2025-01-02 17:51:28,4.187312735181933
2025-01-02 17:51:29,3.711559808759687
2025-01-02 17:51:30,3.9469844557158993
2025-01-02 17:51:31,4.0774854987055855
2025-01-02 17:51:32,3.977797118274201
2025-01-02 17:51:33,3.840369548007461
2025-01-02 17:51:34,3.8609670050676956
2025-01-02 17:51:35,3.828930026827823
2025-01-02 17:51:36,3.833552351234777
2025-01-02 17:51:37,4.01166467021672
2025-01-02 17:51:38,3.814313031494991
2025-01-02 17:51:39,4.18536817009175
2025-01-02 17:51:40,3.8951284140413454
2025-01-02 17:51:41,3.8463110015994753
2025-01-02 17:51:42,3.9945433181946735
2025-01-02 17:51:43,3.688853263942999
2025-01-02 17:51:44,4.213754981496327
2025-01-02 17:51:45,4.160170638271667
2025-01-02 17:51:46,4.067418996111395
2025-01-02 17:51:47,4.153712801939706
2025-01-02 17:51:48,3.586590393788361
2025-01-02 17:51:49,4.83475082321453
2025-01-02 17:51:50,3.6700441608215604
2025-01-02 17:51:51,4.256133063185593
2025-01-02 17:51:52,4.010225353340654
2025-01-02 17:51:53,4.530444549523201
2025-01-02 17:51:54,4.288393600611274
2025-01-02 17:51:55,3.608261907496514
2025-01-02 17:51:56,3.923101681068814
2025-01-02 17:51:57,4.488464122706614
2025-01-02 17:51:58,3.382069198706544
2025-01-02 17:51:59,4.124553638290929
2025-01-02 17:52:00,4.316834735832086
2025-01-02 17:52:01,3.321583116482176
2025-01-02 17:52:02,4.431926986899609
2025-01-02 17:52:03,3.8025863506705826
2025-01-02 17:52:04,4.05950016805925
2025-01-02 17:52:05,4.264336642861397
2025-01-02 17:52:06,3.853676908591941
2025-01-02 17:52:07,3.923880620245191
2025-01-02 17:52:08,4.055132648177795
2025-01-02 17:52:09,4.25094750839636
2025-01-02 17:52:10,3.652223115540217
2025-01-02 17:52:11,3.9881458290837477
2025-01-02 17:52:12,3.7963680071070094
2025-01-02 17:52:13,3.8190726293481556
2025-01-02 17:52:14,3.6455617805390266
2025-01-02 17:52:15,3.922713466928671
2025-01-02 17:52:16,4.144035883683263
2025-01-02 17:52:17,4.1716532411374185
2025-01-02 17:52:18,3.8419929613725725
2025-01-02 17:52:19,3.8840709080238174
2025-01-02 17:52:20,3.828764641941538
2025-01-02 17:52:21,4.181531637637655
2025-01-02 17:52:22,4.006860909604643
2025-01-02 17:52:23,3.807476541146693
2025-01-02 17:52:24,4.407813324252684
2025-01-02 17:52:25,4.155277418708107
2025-01-02 17:52:26,4.098786373562615
2025-01-02 17:52:27,3.9859731736250024
2025-01-02 17:52:28,3.9824624644896103
2025-01-02 17:52:29,3.9393587670939803
2025-01-02 17:52:30,4.191536583997439
2025-01-02 17:52:31,4.1141615989534825
2025-01-02 17:52:32,3.80433157547258
2025-01-02 17:52:33,3.8975225526691246
2025-01-02 17:52:34,3.6485578605479834
2025-01-02 17:52:35,3.9272550663002046
2025-01-02 17:52:36,3.885972780493904
2025-01-02 17:52:37,3.8038391999945347
2025-01-02 17:52:38,4.241548873532797
2025-01-02 17:52:39,3.5965609914395826
2025-01-02 17:52:40,3.563088210843543
2025-01-02 17:52:41,4.105437245335547
2025-01-02 17:52:42,3.9146476498704263
2025-01-02 17:52:43,4.381784764031465
2025-01-02 17:52:44,3.9748449977848073
2025-01-02 17:52:45,3.687001924808569
2025-01-02 17:52:46,3.678742326941589
2025-01-02 17:52:47,3.976978085687564
2025-01-02 17:52:48,4.427366785517464
2025-01-02 17:52:49,3.807998176603656
2025-01-02 17:52:50,4.032475250475846
2025-01-02 17:52:51,3.9265021932605375
2025-01-02 17:52:52,4.270767598945432
2025-01-02 17:52:53,3.3815778740005267
2025-01-02 17:52:54,3.793764950808878
2025-01-02 17:52:55,3.9809280075353812
2025-01-02 17:52:56,4.330468020180942
2025-01-02 17:52:57,4.003984285115485
2025-01-02 17:52:58,3.928889186098983
2025-01-02 17:52:59,4.0869348540584935
2025-01-02 17:53:00,3.9924807590848217
2025-01-02 17:53:01,4.384571969085259
2025-01-02 17:53:02,3.9195214255821527
2025-01-02 17:53:03,4.0699205688958555
2025-01-02 17:53:04,3.7261800206715527
2025-01-02 17:53:05,3.644135577651757
2025-01-02 17:53:06,3.77617952851711
2025-01-02 17:53:07,
2025-01-02 17:53:08,4.25607625540288
2025-01-02 17:53:09,3.932544211815542
2025-01-02 17:53:10,4.214445700958656
2025-01-02 17:53:11,3.5646892279998816
2025-01-02 17:53:12,3.606134622363623
2025-01-02 17:53:13,4.144581960429919
2025-01-02 17:53:14,3.922732738316542
2025-01-02 17:53:15,4.162369329815567
2025-01-02 17:53:16,3.7376778979303396
2025-01-02 17:53:17,3.91651430778622
2025-01-02 17:53:18,3.6365331744597116
2025-01-02 17:53:19,4.300501998340922
2025-01-02 17:53:20,4.175449899423165
2025-01-02 17:53:21,4.508008843942535
2025-01-02 17:53:22,4.246427528445348
2025-01-02 17:53:23,3.7635273444071915
2025-01-02 17:53:24,3.6240844111338393
2025-01-02 17:53:25,3.9065925734483122
2025-01-02 17:53:26,4.366691845717337
2025-01-02 17:53:27,4.141940293495834
2025-01-02 17:53:28,4.054902583524141
2025-01-02 17:53:29,4.102223814385171
2025-01-02 17:53:30,4.219542623111711
2025-01-02 17:53:31,4.233367722637645
2025-01-02 17:53:32,4.226744898473801
2025-01-02 17:53:33,3.9617635993043163
2025-01-02 17:53:34,4.392588077937498
2025-01-02 17:53:35,4.115127834309363
2025-01-02 17:53:36,3.979702160567948
2025-01-02 17:53:37,4.44800285365744
2025-01-02 17:53:38,3.9978450166285655
2025-01-02 17:53:39,3.875275599534168
2025-01-02 17:53:40,3.868190266966494
2025-01-02 17:53:41,4.498559081922036
2025-01-02 17:53:42,3.8271106181702317
2025-01-02 17:53:43,4.295706075503397
2025-01-02 17:53:44,3.564133402604738
2025-01-02 17:53:45,
2025-01-02 17:53:46,4.112558949070785
2025-01-02 17:53:47,3.975858139855381
2025-01-02 17:53:48,3.6421085701561466
2025-01-02 17:53:49,3.9968475827211183
2025-01-02 17:53:50,4.063294170864194
2025-01-02 17:53:51,3.7695252801249723
2025-01-02 17:53:52,3.8244962584427493
2025-01-02 17:53:53,4.044128578803368
2025-01-02 17:53:54,4.099006152498006
2025-01-02 17:53:55,3.822335968749594
2025-01-02 17:53:56,3.6607405485712894
2025-01-02 17:53:57,4.34658301004263
2025-01-02 17:53:58,3.744773550262617
2025-01-02 17:53:59,3.67117821524493
2025-01-02 17:54:00,3.767279137928622
2025-01-02 17:54:01,4.325496851724672
2025-01-02 17:54:02,3.948294905184923
2025-01-02 17:54:03,4.267443626155924
2025-01-02 17:54:04,4.349529856074524
2025-01-02 17:54:05,4.141234299941124
2025-01-02 17:54:06,3.7754020862368236
2025-01-02 17:54:07,4.091882166389177
2025-01-02 17:54:08,3.990040732418831
2025-01-02 17:54:09,4.274490783060646
2025-01-02 17:54:10,4.346611609833662
2025-01-02 17:54:11,4.0077458027402715
2025-01-02 17:54:12,4.076755437675769
2025-01-02 17:54:13,3.8414179279885508
2025-01-02 17:54:14,4.164170337796475
2025-01-02 17:54:15,3.378682992529263
2025-01-02 17:54:16,3.846838653504055
2025-01-02 17:54:17,3.708407313343578
2025-01-02 17:54:18,4.257013403737757
2025-01-02 17:54:19,3.8832679749918264
2025-01-02 17:54:20,4.792197438995851
2025-01-02 17:54:21,4.03198904534231
2025-01-02 17:54:22,4.172912862450925
2025-01-02 17:54:23,3.7888785081314236
2025-01-02 17:54:24,4.55910423982537
2025-01-02 17:54:25,4.119254713102771
2025-01-02 17:54:26,4.167295072273458
2025-01-02 17:54:27,4.289707907768054
2025-01-02 17:54:28,4.365130381779866
2025-01-02 17:54:29,4.02132250335942
2025-01-02 17:54:30,4.356836851406375
2025-01-02 17:54:31,4.139490665336388
2025-01-02 17:54:32,4.503227582884489
2025-01-02 17:54:33,4.232450310124408
2025-01-02 17:54:34,3.655417869846752
2025-01-02 17:54:35,3.936330458180911
2025-01-02 17:54:36,3.813979828322691
2025-01-02 17:54:37,3.7489687356579897
2025-01-02 17:54:38,4.3402623456871785
2025-01-02 17:54:39,4.2609846691520525
2025-01-02 17:54:40,3.8803050520513827
2025-01-02 17:54:41,3.67611326078703
2025-01-02 17:54:42,4.278553294337794
2025-01-02 17:54:43,3.954884257591053
2025-01-02 17:54:44,4.102925652032232
2025-01-02 17:54:45,4.410845997848797
2025-01-02 17:54:46,4.261125013489522
2025-01-02 17:54:47,3.8987911145403964
2025-01-02 17:54:48,4.164713474724878
2025-01-02 17:54:49,4.634669414164668
2025-01-02 17:54:50,4.132851752932955
2025-01-02 17:54:51,3.8286949045141787
2025-01-02 17:54:52,4.1880080224437615
2025-01-02 17:54:53,4.062313062025764
2025-01-02 17:54:54,4.1218889676791175
2025-01-02 17:54:55,3.8265235804820934
2025-01-02 17:54:56,3.9214067928484613
2025-01-02 17:54:57,3.504444821813074
2025-01-02 17:54:58,4.084290382046899
2025-01-02 17:54:59,4.1954938909407025
2025-01-02 17:55:00,4.029384678532189
2025-01-02 17:55:01,3.597330021461024
2025-01-02 17:55:02,3.8163242263116977
2025-01-02 17:55:03,4.051547266417953
2025-01-02 17:55:04,4.255661855331284
2025-01-02 17:55:05,4.549778721623769
2025-01-02 17:55:06,4.04511928581614
2025-01-02 17:55:07,3.8342763079851268
2025-01-02 17:55:08,3.7401937447928626
2025-01-02 17:55:09,4.1885566350028745
2025-01-02 17:55:10,3.699048243434496
2025-01-02 17:55:11,4.691096433692875
2025-01-02 17:55:12,4.438652651425022
2025-01-02 17:55:13,4.5769065925141055
2025-01-02 17:55:14,3.699485250979353
2025-01-02 17:55:15,4.423379854823865
2025-01-02 17:55:16,4.293600132377077
2025-01-02 17:55:17,4.294886412213328
2025-01-02 17:55:18,3.5510111535157165
2025-01-02 17:55:19,4.015772637714997
2025-01-02 17:55:20,3.8876641768926126
2025-01-02 17:55:21,4.049009160124193
2025-01-02 17:55:22,4.1836972062067606
2025-01-02 17:55:23,3.7986439105875283
2025-01-02 17:55:24,4.180787671003971
2025-01-02 17:55:25,3.966209608858604
2025-01-02 17:55:26,3.9650574727512193
2025-01-02 17:55:27,4.397864653136109
2025-01-02 17:55:28,4.326743461706214
2025-01-02 17:55:29,3.962358591450717
2025-01-02 17:55:30,3.43060713551005
2025-01-02 17:55:31,4.213313761521215
2025-01-02 17:55:32,4.07262088549507
2025-01-02 17:55:33,3.932153309974044
2025-01-02 17:55:34,3.58596248894155
2025-01-02 17:55:35,
2025-01-02 17:55:36,3.9691220179120017
2025-01-02 17:55:37,4.446035304433774
2025-01-02 17:55:38,3.8690286782612766
2025-01-02 17:55:39,4.62118495834608
2025-01-02 17:55:40,4.2615577040025725
2025-01-02 17:55:41,3.7888063769943883
2025-01-02 17:55:42,4.608508382391772
2025-01-02 17:55:43,4.65555399478986
2025-01-02 17:55:44,4.005512572740872
2025-01-02 17:55:45,4.050980469831443
2025-01-02 17:55:46,4.769798062239629
2025-01-02 17:55:47,4.552599250678597
2025-01-02 17:55:48,4.2295115195519895
2025-01-02 17:55:49,4.055594305425077
2025-01-02 17:55:50,4.075596581914388
2025-01-02 17:55:51,3.96232825537752
2025-01-02 17:55:52,4.200216226174911
2025-01-02 17:55:53,3.410682420929553
2025-01-02 17:55:54,3.893340383451315
2025-01-02 17:55:55,4.617250582187099
2025-01-02 17:55:56,3.9950620865205217
2025-01-02 17:55:57,3.8519123907188306
2025-01-02 17:55:58,4.253490436047312
2025-01-02 17:55:59,4.259268426116902
2025-01-02 17:56:00,3.8306007907686004
2025-01-02 17:56:01,4.334277283836495
2025-01-02 17:56:02,3.3419756744208056
2025-01-02 17:56:03,4.4568857945327505
2025-01-02 17:56:04,4.12063411794487
2025-01-02 17:56:05,4.659936710648959
2025-01-02 17:56:06,3.997623245380802
2025-01-02 17:56:07,4.275544855285092
2025-01-02 17:56:08,4.210355460788298
2025-01-02 17:56:09,3.939843169996169
2025-01-02 17:56:10,3.515407166731718
2025-01-02 17:56:11,4.539061687033983
2025-01-02 17:56:12,4.057090604475317
2025-01-02 17:56:13,4.594645607593457
2025-01-02 17:56:14,4.478297199124563
2025-01-02 17:56:15,4.190110326427689
2025-01-02 17:56:16,4.633202059984614
2025-01-02 17:56:17,4.523355365725409
2025-01-02 17:56:18,
2025-01-02 17:56:19,4.051562674370079
2025-01-02 17:56:20,4.277262072956401
2025-01-02 17:56:21,3.046749495914253
2025-01-02 17:56:22,4.766969053518126
2025-01-02 17:56:23,3.9919926938630006
2025-01-02 17:56:24,4.5306266902347785
2025-01-02 17:56:25,4.160651728701093
2025-01-02 17:56:26,4.797041832061554
2025-01-02 17:56:27,4.435123889119584
2025-01-02 17:56:28,3.9747995744137854
2025-01-02 17:56:29,4.2539662161279
2025-01-02 17:56:30,3.7832737450164307
2025-01-02 17:56:31,3.808497391062026
2025-01-02 17:56:32,4.296175591367743
2025-01-02 17:56:33,3.996714949834159
2025-01-02 17:56:34,4.262934639985221
2025-01-02 17:56:35,4.338191487718375
2025-01-02 17:56:36,
2025-01-02 17:56:37,4.566764597075601
2025-01-02 17:56:38,3.631424450772039
2025-01-02 17:56:39,4.180604900941191
2025-01-02 17:56:40,4.079816534643703
2025-01-02 17:56:41,4.136257271331897
2025-01-02 17:56:42,4.281393812764782
2025-01-02 17:56:43,4.313756126784602
2025-01-02 17:56:44,3.966952503949717
2025-01-02 17:56:45,4.697015288867356
2025-01-02 17:56:46,4.08336770200866
2025-01-02 17:56:47,4.229460341826278
2025-01-02 17:56:48,4.097987864212094
2025-01-02 17:56:49,4.103453059584877
2025-01-02 17:56:50,4.692531043463076
2025-01-02 17:56:51,3.9392881955162973
2025-01-02 17:56:52,3.63164030086524
2025-01-02 17:56:53,4.5999639480937144
2025-01-02 17:56:54,4.492650943656773
2025-01-02 17:56:55,3.982380213939992
2025-01-02 17:56:56,4.158626021262453
2025-01-02 17:56:57,3.856782418137434
2025-01-02 17:56:58,3.582901684109471
2025-01-02 17:56:59,4.161185394611399
2025-01-02 17:57:00,
2025-01-02 17:57:01,4.260824608718462
2025-01-02 17:57:02,3.988250694044598
2025-01-02 17:57:03,4.066296864844333
2025-01-02 17:57:04,4.309425918417852
2025-01-02 17:57:05,3.959152934672954
2025-01-02 17:57:06,3.8695562031808635
2025-01-02 17:57:07,4.262116282900718
2025-01-02 17:57:08,4.114560192551389
2025-01-02 17:57:09,3.865892666250803
2025-01-02 17:57:10,3.8794451613659953
2025-01-02 17:57:11,3.873079851809306
2025-01-02 17:57:12,4.025539343760359
2025-01-02 17:57:13,3.3379385847032763
2025-01-02 17:57:14,3.8846454421816703
2025-01-02 17:57:15,4.59877066967753
2025-01-02 17:57:16,4.252953625755309
2025-01-02 17:57:17,4.020355036051417
2025-01-02 17:57:18,4.00816267568717
2025-01-02 17:57:19,4.392220333857623
2025-01-02 17:57:20,4.062304703855772
2025-01-02 17:57:21,4.150853114199082
2025-01-02 17:57:22,4.146457430641689
2025-01-02 17:57:23,4.080943624261148
2025-01-02 17:57:24,4.250444811762094
2025-01-02 17:57:25,3.803477186471222
2025-01-02 17:57:26,4.543707126155725
2025-01-02 17:57:27,3.859642017222196
2025-01-02 17:57:28,4.326519778065167
2025-01-02 17:57:29,4.262153542474654
2025-01-02 17:57:30,4.427726101813102
2025-01-02 17:57:31,4.409312386621161
2025-01-02 17:57:32,4.4284185716473266
2025-01-02 17:57:33,4.121246716889078
2025-01-02 17:57:34,4.159491622361791
2025-01-02 17:57:35,3.863097377358082
2025-01-02 17:57:36,3.984127019768466
2025-01-02 17:57:37,4.130247168606007
2025-01-02 17:57:38,3.8147383234222056
2025-01-02 17:57:39,4.331935657940269
2025-01-02 17:57:40,3.935894592790296
2025-01-02 17:57:41,3.7878015192607366
2025-01-02 17:57:42,4.170096853054419
2025-01-02 17:57:43,2.928725581361735
2025-01-02 17:57:44,4.467873674655896
2025-01-02 17:57:45,4.164387189532026
2025-01-02 17:57:46,4.228656950307624
2025-01-02 17:57:47,3.6363350234047562
2025-01-02 17:57:48,4.456667889453172
2025-01-02 17:57:49,4.301990239343383
2025-01-02 17:57:50,3.4369362419240423
2025-01-02 17:57:51,4.5403867718375555
2025-01-02 17:57:52,4.320816542227638
2025-01-02 17:57:53,4.391311686973622
2025-01-02 17:57:54,3.3946701440726117
2025-01-02 17:57:55,4.125058612272376
2025-01-02 17:57:56,4.413398244001422
2025-01-02 17:57:57,4.034448925779166
2025-01-02 17:57:58,3.898530094713042
2025-01-02 17:57:59,3.853978756871343
2025-01-02 17:58:00,4.1269965279212695
2025-01-02 17:58:01,4.149385890487997
2025-01-02 17:58:02,4.556568671144216
2025-01-02 17:58:03,3.817702687110746
2025-01-02 17:58:04,4.261510135758086
2025-01-02 17:58:05,4.132499692452066
2025-01-02 17:58:06,3.9312170826649417
2025-01-02 17:58:07,4.076095701796072
2025-01-02 17:58:08,3.6036331615496042
2025-01-02 17:58:09,4.021558371312917
2025-01-02 17:58:10,4.829905712522364
2025-01-02 17:58:11,4.255748291114969
2025-01-02 17:58:12,4.199727375276461
2025-01-02 17:58:13,4.225289489660834
2025-01-02 17:58:14,4.385712042305686
2025-01-02 17:58:15,4.629619740254578
2025-01-02 17:58:16,3.8643125083051633
2025-01-02 17:58:17,4.2620936877985365
2025-01-02 17:58:18,4.045645732592509
2025-01-02 17:58:19,4.545888351750665
2025-01-02 17:58:20,4.294393323255941
2025-01-02 17:58:21,4.122889979043419
2025-01-02 17:58:22,4.390763983856919
2025-01-02 17:58:23,
2025-01-02 17:58:24,3.8474861583017597
2025-01-02 17:58:25,3.839316748126069
2025-01-02 17:58:26,4.297007830192659
2025-01-02 17:58:27,4.016226845210157
2025-01-02 17:58:28,3.8242462164382265
2025-01-02 17:58:29,4.368865090049557
2025-01-02 17:58:30,4.1558243665182575
2025-01-02 17:58:31,4.204910056577116
2025-01-02 17:58:32,4.511629477965469
2025-01-02 17:58:33,4.198273594432292
2025-01-02 17:58:34,4.376648570198021
2025-01-02 17:58:35,3.876130722037093
2025-01-02 17:58:36,3.9484336612457542
2025-01-02 17:58:37,3.984942813365964
2025-01-02 17:58:38,4.311768399425849
2025-01-02 17:58:39,3.8757457282888748
2025-01-02 17:58:40,3.713295587741869
2025-01-02 17:58:41,3.925605614309007
2025-01-02 17:58:42,4.701227569776995
2025-01-02 17:58:43,4.349605833511609
2025-01-02 17:58:44,4.505491710813953
2025-01-02 17:58:45,3.954944019328164
2025-01-02 17:58:46,3.9495237691806007
2025-01-02 17:58:47,4.440013958583724
2025-01-02 17:58:48,3.974700900854742
2025-01-02 17:58:49,4.026748196242502
2025-01-02 17:58:50,3.903554868515519
2025-01-02 17:58:51,4.074461888357639
2025-01-02 17:58:52,4.566225606218963
2025-01-02 17:58:53,4.107774217407756
2025-01-02 17:58:54,3.9437195822922435
2025-01-02 17:58:55,4.422044154384579
2025-01-02 17:58:56,4.207073847276221
2025-01-02 17:58:57,3.8210755732605395
2025-01-02 17:58:58,3.763462030006511
2025-01-02 17:58:59,4.354937469676495
2025-01-02 17:59:00,3.908102705025737
2025-01-02 17:59:01,3.9727780144646685
2025-01-02 17:59:02,3.551459708581799
2025-01-02 17:59:03,3.871692340690219
2025-01-02 17:59:04,4.66728045053943
2025-01-02 17:59:05,4.003698115751155
2025-01-02 17:59:06,4.21175919368666
2025-01-02 17:59:07,4.1270817139392335
2025-01-02 17:59:08,4.17728933273638
2025-01-02 17:59:09,4.311670164455958
2025-01-02 17:59:10,4.379954797311144
2025-01-02 17:59:11,5.126251387359059
2025-01-02 17:59:12,4.3944575005377695
2025-01-02 17:59:13,4.313838070131669
2025-01-02 17:59:14,4.698020303537573
2025-01-02 17:59:15,4.020493403450834
2025-01-02 17:59:16,4.779906744920344
2025-01-02 17:59:17,3.6921948189928337
2025-01-02 17:59:18,4.022640997884294
2025-01-02 17:59:19,4.355666899888044
2025-01-02 17:59:20,4.655044650372233
2025-01-02 17:59:21,4.134666661629146
2025-01-02 17:59:22,4.077172309806337
2025-01-02 17:59:23,3.9162326080241834
2025-01-02 17:59:24,4.31781455263686
2025-01-02 17:59:25,4.312754545933939
2025-01-02 17:59:26,
2025-01-02 17:59:27,4.084184706972321
2025-01-02 17:59:28,4.274695815439662
2025-01-02 17:59:29,4.324624108119615
2025-01-02 17:59:30,4.617771801087979
2025-01-02 17:59:31,3.9833574526990954
2025-01-02 17:59:32,4.282383122750377
2025-01-02 17:59:33,4.448482029899986
2025-01-02 17:59:34,3.7330439909663005
2025-01-02 17:59:35,4.078094344722884
2025-01-02 17:59:36,4.3542677799016785
2025-01-02 17:59:37,4.339855268896879
2025-01-02 17:59:38,3.627545552508007
2025-01-02 17:59:39,3.868869637975417
2025-01-02 17:59:40,4.268473546839335
2025-01-02 17:59:41,4.052792825513987
2025-01-02 17:59:42,3.5007083344131935
2025-01-02 17:59:43,4.418986388508213
2025-01-02 17:59:44,4.062595749715825
2025-01-02 17:59:45,3.664717001817071
2025-01-02 17:59:46,4.0576630661755955
2025-01-02 17:59:47,3.7997252326717534
2025-01-02 17:59:48,4.718756440944826
2025-01-02 17:59:49,4.480800027836286
2025-01-02 17:59:50,4.216600090520291
2025-01-02 17:59:51,4.0953260937643226
2025-01-02 17:59:52,4.173270135048769
2025-01-02 17:59:53,4.391283264955345
2025-01-02 17:59:54,4.300182621197652
2025-01-02 17:59:55,4.084371781551099
2025-01-02 17:59:56,4.71260714041911
2025-01-02 17:59:57,3.7334870260480297
2025-01-02 17:59:58,3.979646423325127
2025-01-02 17:59:59,4.196623677535091
2025-01-02 18:00:00,4.239387310606461
2025-01-02 18:00:01,4.193600888493236
2025-01-02 18:00:02,4.04100772527247
2025-01-02 18:00:03,3.5572700613940333
2025-01-02 18:00:04,4.1833499306782
2025-01-02 18:00:05,4.2921262979421
2025-01-02 18:00:06,3.7248447173124095
2025-01-02 18:00:07,4.195150042617002
2025-01-02 18:00:08,3.901191448018479
2025-01-02 18:00:09,4.869402537697425
2025-01-02 18:00:10,4.1561494717770495
2025-01-02 18:00:11,
2025-01-02 18:00:12,4.22893076311016
2025-01-02 18:00:13,4.022048479875735
2025-01-02 18:00:14,4.1114190322784605
2025-01-02 18:00:15,4.190254420441565
2025-01-02 18:00:16,4.026261303951435
2025-01-02 18:00:17,4.05410696292779
2025-01-02 18:00:18,4.5144899643161915
2025-01-02 18:00:19,4.876632225723007
2025-01-02 18:00:20,4.54620412526769
2025-01-02 18:00:21,4.203646957281921
2025-01-02 18:00:22,4.728470474044947
2025-01-02 18:00:23,4.444514545306702
2025-01-02 18:00:24,4.2198928261500015
2025-01-02 18:00:25,3.8965807720603878
2025-01-02 18:00:26,4.409344106539771
2025-01-02 18:00:27,4.475353847977076
2025-01-02 18:00:28,4.112031596859705
2025-01-02 18:00:29,4.287200390977824
2025-01-02 18:00:30,3.7294051499074024
2025-01-02 18:00:31,4.387520327994076
2025-01-02 18:00:32,4.075249271581539
2025-01-02 18:00:33,4.384592772724102
2025-01-02 18:00:34,3.980069215807302
2025-01-02 18:00:35,3.911501438580515
2025-01-02 18:00:36,3.7510886942796278
2025-01-02 18:00:37,3.634434218341654
2025-01-02 18:00:38,4.063691270127055
2025-01-02 18:00:39,4.069091121628855
2025-01-02 18:00:40,4.444263631623935
2025-01-02 18:00:41,3.9919153551825888
2025-01-02 18:00:42,4.249079633859255
2025-01-02 18:00:43,4.110149545308455
2025-01-02 18:00:44,3.9087355672528803
2025-01-02 18:00:45,3.7618432647356763
2025-01-02 18:00:46,3.9376534531750425
2025-01-02 18:00:47,4.32369694957474
2025-01-02 18:00:48,3.8137143771153634
2025-01-02 18:00:49,4.324526264023732
2025-01-02 18:00:50,3.7714385398143455
2025-01-02 18:00:51,3.7934221605092127
2025-01-02 18:00:52,4.144290353719514
2025-01-02 18:00:53,4.282719912745916
2025-01-02 18:00:54,4.223880237144614
2025-01-02 18:00:55,4.037754962006558
2025-01-02 18:00:56,3.9544367613625884
2025-01-02 18:00:57,4.221655206439387
2025-01-02 18:00:58,4.009550764748979
2025-01-02 18:00:59,3.751290078373741
2025-01-02 18:01:00,4.176157211694837
2025-01-02 18:01:01,4.299104649753796
2025-01-02 18:01:02,
2025-01-02 18:01:03,4.474699694381737
2025-01-02 18:01:04,4.455404688563656
2025-01-02 18:01:05,4.356190500047083
2025-01-02 18:01:06,3.6668725362413053
2025-01-02 18:01:07,4.564422707979571
2025-01-02 18:01:08,4.701890245426836
2025-01-02 18:01:09,3.782721581659214
2025-01-02 18:01:10,4.374428450604183
2025-01-02 18:01:11,4.2757428379841125
2025-01-02 18:01:12,4.532570922778999
2025-01-02 18:01:13,3.911772241499375
2025-01-02 18:01:14,4.169291443736164
2025-01-02 18:01:15,4.700980339536583
2025-01-02 18:01:16,3.7830872583509834
2025-01-02 18:01:17,4.604292826502785
2025-01-02 18:01:18,4.8664341147423205
2025-01-02 18:01:19,4.297241921626349
2025-01-02 18:01:20,3.8237321652570753
2025-01-02 18:01:21,3.8584649655544747
2025-01-02 18:01:22,4.420773405608259
2025-01-02 18:01:23,4.413824785792997
2025-01-02 18:01:24,4.054783831878106
2025-01-02 18:01:25,3.717511781641697
2025-01-02 18:01:26,3.6404032356152967
2025-01-02 18:01:27,4.424691812520146
2025-01-02 18:01:28,4.151506835950106
2025-01-02 18:01:29,4.412987999560542
2025-01-02 18:01:30,4.321310329258676
2025-01-02 18:01:31,3.9182687096930873
2025-01-02 18:01:32,4.1271655668505325
2025-01-02 18:01:33,4.442674071822172
2025-01-02 18:01:34,3.804571456456415
2025-01-02 18:01:35,4.162510444140942
2025-01-02 18:01:36,3.817104112803864
2025-01-02 18:01:37,3.673044762777513
2025-01-02 18:01:38,
2025-01-02 18:01:39,4.422480608856321
2025-01-02 18:01:40,4.439527278179124
2025-01-02 18:01:41,3.937810996704931
2025-01-02 18:01:42,4.532585977669135
2025-01-02 18:01:43,3.6194879798102626
2025-01-02 18:01:44,4.025942124061137
2025-01-02 18:01:45,4.509369290159676
2025-01-02 18:01:46,4.417546950123907
2025-01-02 18:01:47,3.913869608857277
2025-01-02 18:01:48,3.7562049637964012
2025-01-02 18:01:49,
2025-01-02 18:01:50,4.361144590097258
2025-01-02 18:01:51,3.498364892730285
2025-01-02 18:01:52,3.9574801359730354
2025-01-02 18:01:53,4.493019579416963
2025-01-02 18:01:54,4.180386742907742
2025-01-02 18:01:55,4.0276939216634
2025-01-02 18:01:56,4.399080526268134
2025-01-02 18:01:57,4.441038746435177
2025-01-02 18:01:58,4.618124672480941
2025-01-02 18:01:59,4.157045822543357
2025-01-02 18:02:00,5.052276253147778
2025-01-02 18:02:01,4.2342812675533095
2025-01-02 18:02:02,4.172558137882259
2025-01-02 18:02:03,3.8658262521441844
2025-01-02 18:02:04,4.2329543436461154
2025-01-02 18:02:05,4.517325013490395
2025-01-02 18:02:06,4.485685208528378
2025-01-02 18:02:07,3.9062595330273453
2025-01-02 18:02:08,4.087284983622875
2025-01-02 18:02:09,4.332354194285118
2025-01-02 18:02:10,4.258204393068198
2025-01-02 18:02:11,4.16800962537337
2025-01-02 18:02:12,3.698063128770986
2025-01-02 18:02:13,3.642749396633128
2025-01-02 18:02:14,3.7491302931757593
2025-01-02 18:02:15,3.9418381946469983
2025-01-02 18:02:16,4.391880439096299
2025-01-02 18:02:17,4.385176152215564
2025-01-02 18:02:18,4.478354672847741
2025-01-02 18:02:19,3.721663780414382
2025-01-02 18:02:20,4.614472910025836
2025-01-02 18:02:21,4.47314231446588
2025-01-02 18:02:22,4.156956916278159
2025-01-02 18:02:23,3.950756939398641
2025-01-02 18:02:24,4.679712481754285
2025-01-02 18:02:25,4.701828040952873
2025-01-02 18:02:26,4.497456489569339
2025-01-02 18:02:27,4.31076158480018
2025-01-02 18:02:28,4.291608739599467
2025-01-02 18:02:29,4.318341488560721
2025-01-02 18:02:30,4.0930036183257466
2025-01-02 18:02:31,3.8115457718932326
2025-01-02 18:02:32,4.140998506742343
2025-01-02 18:02:33,4.699457076983004
2025-01-02 18:02:34,4.3781020610205985
2025-01-02 18:02:35,
2025-01-02 18:02:36,4.132876285562162
2025-01-02 18:02:37,4.499078113638411
2025-01-02 18:02:38,4.291425243352602
2025-01-02 18:02:39,4.091897669610694
2025-01-02 18:02:40,3.8490152274193905
2025-01-02 18:02:41,4.5895459029712065
2025-01-02 18:02:42,4.237864356373383
2025-01-02 18:02:43,4.003374062580651
2025-01-02 18:02:44,4.090095506307662
2025-01-02 18:02:45,
2025-01-02 18:02:46,4.05893365437923
2025-01-02 18:02:47,4.496972939231728
2025-01-02 18:02:48,4.307562240452708
2025-01-02 18:02:49,4.438119663165757
2025-01-02 18:02:50,3.8958469593981353
2025-01-02 18:02:51,4.101950025667149
2025-01-02 18:02:52,3.748453189103334
2025-01-02 18:02:53,4.7796160868769455
2025-01-02 18:02:54,4.102090607534856
2025-01-02 18:02:55,4.2257359238413175
2025-01-02 18:02:56,4.191460589551466
2025-01-02 18:02:57,4.559794122938629
2025-01-02 18:02:58,4.030970404689263
2025-01-02 18:02:59,4.128031588538723
2025-01-02 18:03:00,4.556727615498108
2025-01-02 18:03:01,3.995383238897637
2025-01-02 18:03:02,4.3800117687068525
2025-01-02 18:03:03,4.017336034788665
2025-01-02 18:03:04,3.84235134038909
2025-01-02 18:03:05,3.771457622027198
2025-01-02 18:03:06,3.9352009181663807
2025-01-02 18:03:07,4.094723946729699
2025-01-02 18:03:08,3.628977882192887
2025-01-02 18:03:09,
2025-01-02 18:03:10,4.045557064461388
2025-01-02 18:03:11,4.023717316120698
2025-01-02 18:03:12,4.233626277303736
2025-01-02 18:03:13,4.601035822567958
2025-01-02 18:03:14,4.4652528093329495
2025-01-02 18:03:15,3.7068824133906633
2025-01-02 18:03:16,3.8734907390391604
2025-01-02 18:03:17,4.5547417252759415
2025-01-02 18:03:18,4.409559657668901
2025-01-02 18:03:19,4.146649821032497
2025-01-02 18:03:20,4.674581720272416
2025-01-02 18:03:21,3.812771018427524
2025-01-02 18:03:22,4.475126018078476
2025-01-02 18:03:23,4.251748745614354
2025-01-02 18:03:24,3.788051707081373
2025-01-02 18:03:25,4.321086258793963
2025-01-02 18:03:26,4.990181738965734
2025-01-02 18:03:27,4.317968568227171
2025-01-02 18:03:28,4.391490492320143
2025-01-02 18:03:29,4.232898825911065
2025-01-02 18:03:30,4.366169481430163
2025-01-02 18:03:31,4.053247389037391
2025-01-02 18:03:32,4.5591634038537565
2025-01-02 18:03:33,4.0310148113764255
2025-01-02 18:03:34,4.274640023139919
2025-01-02 18:03:35,4.321159540576855
2025-01-02 18:03:36,4.036505630037021
2025-01-02 18:03:37,3.929220058168058
2025-01-02 18:03:38,3.994924676298613
2025-01-02 18:03:39,4.39563781937281
2025-01-02 18:03:40,4.33567359510725
2025-01-02 18:03:41,4.406338349777469
2025-01-02 18:03:42,4.262781213791421
2025-01-02 18:03:43,3.724454662674357
2025-01-02 18:03:44,4.678561390670281
2025-01-02 18:03:45,4.73935277984921
2025-01-02 18:03:46,4.131063930956079
2025-01-02 18:03:47,4.144181291957652
2025-01-02 18:03:48,4.523771492716544
2025-01-02 18:03:49,4.441994272096941
2025-01-02 18:03:50,4.18647042760204
2025-01-02 18:03:51,3.850252995956056
2025-01-02 18:03:52,4.455340424417805
2025-01-02 18:03:53,3.506258040399983
2025-01-02 18:03:54,3.831327023433417
2025-01-02 18:03:55,3.815312759538655
2025-01-02 18:03:56,4.168307667232153
2025-01-02 18:03:57,3.523204068792061
2025-01-02 18:03:58,4.115300373778697
2025-01-02 18:03:59,4.389915864444353
2025-01-02 18:04:00,4.336225791038627
2025-01-02 18:04:01,4.606495473546769
2025-01-02 18:04:02,4.426734318807821
2025-01-02 18:04:03,4.5211827786304895
2025-01-02 18:04:04,4.167686687006098
2025-01-02 18:04:05,4.03450512379654
2025-01-02 18:04:06,4.23889122724776
2025-01-02 18:04:07,4.170584522988878
2025-01-02 18:04:08,
2025-01-02 18:04:09,4.693655521131013
2025-01-02 18:04:10,4.261043934579994
2025-01-02 18:04:11,4.49360946783418
2025-01-02 18:04:12,4.012240878988171
2025-01-02 18:04:13,3.8137581437892174
2025-01-02 18:04:14,4.3713873461198585
2025-01-02 18:04:15,4.5278151378528
2025-01-02 18:04:16,4.981572347948261
2025-01-02 18:04:17,4.416632454838656
2025-01-02 18:04:18,4.336810019990701
2025-01-02 18:04:19,4.106461263776385
2025-01-02 18:04:20,4.409129094980042
2025-01-02 18:04:21,4.569408933551647
2025-01-02 18:04:22,4.338621708940742
2025-01-02 18:04:23,4.838219703490929
2025-01-02 18:04:24,3.859183806378485
2025-01-02 18:04:25,4.443109989060322
2025-01-02 18:04:26,4.127279637595837
2025-01-02 18:04:27,4.495697882867606
2025-01-02 18:04:28,3.9805983253920454
2025-01-02 18:04:29,4.553189905060138
2025-01-02 18:04:30,4.363436242797051
2025-01-02 18:04:31,4.000713468898635
2025-01-02 18:04:32,4.25496665565062
2025-01-02 18:04:33,4.532887825947105
2025-01-02 18:04:34,4.056725373165601
2025-01-02 18:04:35,4.031280027941638
2025-01-02 18:04:36,4.207565729711236
2025-01-02 18:04:37,3.5168332997504184
2025-01-02 18:04:38,4.448562186433411
2025-01-02 18:04:39,4.395536736664136
2025-01-02 18:04:40,4.335447835282239
2025-01-02 18:04:41,4.258221719983153
2025-01-02 18:04:42,4.4161437565428265
2025-01-02 18:04:43,4.088758001767605
2025-01-02 18:04:44,4.287753619551771
2025-01-02 18:04:45,4.214796971519074
2025-01-02 18:04:46,4.112962651537223
2025-01-02 18:04:47,3.8500983661694703
2025-01-02 18:04:48,4.833938817770903
2025-01-02 18:04:49,4.312373463611864
2025-01-02 18:04:50,4.697424349450756
2025-01-02 18:04:51,4.35607114716729
2025-01-02 18:04:52,4.145518654567772
2025-01-02 18:04:53,4.586532707804348
2025-01-02 18:04:54,4.1261038531050795
2025-01-02 18:04:55,4.722203506898233
2025-01-02 18:04:56,3.9140272923298456
2025-01-02 18:04:57,4.5704600984984785
2025-01-02 18:04:58,4.5680947320058385
2025-01-02 18:04:59,4.108592088697692
2025-01-02 18:05:00,4.105330716119265
2025-01-02 18:05:01,4.504353471927399
2025-01-02 18:05:02,4.429145085426904
2025-01-02 18:05:03,4.914615151859521
2025-01-02 18:05:04,4.1625467580970525
2025-01-02 18:05:05,4.311656176880104
2025-01-02 18:05:06,4.508602885338402
2025-01-02 18:05:07,4.09012868268204
2025-01-02 18:05:08,4.488654632718007
2025-01-02 18:05:09,4.76992870851976
2025-01-02 18:05:10,4.346439259332903
2025-01-02 18:05:11,4.17813921798368
2025-01-02 18:05:12,4.077120478831533
2025-01-02 18:05:13,4.09397929096948
2025-01-02 18:05:14,4.366687362263531
2025-01-02 18:05:15,3.8946070468550205
2025-01-02 18:05:16,4.242775049454216
2025-01-02 18:05:17,4.239582665126224
2025-01-02 18:05:18,4.438158709705101
2025-01-02 18:05:19,4.306512504961616
2025-01-02 18:05:20,4.146291857323408
2025-01-02 18:05:21,4.528066260390292
2025-01-02 18:05:22,3.7904803727591063
2025-01-02 18:05:23,4.347067845130884
2025-01-02 18:05:24,3.754195919330435
2025-01-02 18:05:25,3.9217487963932256
2025-01-02 18:05:26,5.1073590025017035
2025-01-02 18:05:27,4.154678020632225
2025-01-02 18:05:28,3.8905242013606394
2025-01-02 18:05:29,4.072899278990363
2025-01-02 18:05:30,4.273118979644909
2025-01-02 18:05:31,4.089281313870241
2025-01-02 18:05:32,4.172042835338135
2025-01-02 18:05:33,4.009895072882719
2025-01-02 18:05:34,4.482805852514211
2025-01-02 18:05:35,4.135713762876067
2025-01-02 18:05:36,5.108986996087026
2025-01-02 18:05:37,4.527789138873189
2025-01-02 18:05:38,4.293309055862606
2025-01-02 18:05:39,4.642345842970752
2025-01-02 18:05:40,4.4683707616570185
2025-01-02 18:05:41,4.276580605762403
2025-01-02 18:05:42,4.171230146753668
2025-01-02 18:05:43,4.23296429270306
2025-01-02 18:05:44,3.788923205763454
2025-01-02 18:05:45,4.651613084370474
2025-01-02 18:05:46,4.779675739522332
2025-01-02 18:05:47,3.9698241820663127
2025-01-02 18:05:48,3.954095801885301
2025-01-02 18:05:49,4.256486993839869
2025-01-02 18:05:50,4.309183413778751
2025-01-02 18:05:51,4.16434311168763
2025-01-02 18:05:52,4.400587144990559
2025-01-02 18:05:53,4.243428252465799
2025-01-02 18:05:54,4.2547559272159665
2025-01-02 18:05:55,4.367924271363015
2025-01-02 18:05:56,4.371050920298268
2025-01-02 18:05:57,3.9236096938857674
2025-01-02 18:05:58,4.481911588282921
2025-01-02 18:05:59,
2025-01-02 18:06:00,4.31639641559202
2025-01-02 18:06:01,4.053021222834662
2025-01-02 18:06:02,4.637087961243396
2025-01-02 18:06:03,4.254265282578679
2025-01-02 18:06:04,3.622913744158579
2025-01-02 18:06:05,3.8496575080764
2025-01-02 18:06:06,4.461840550057226
2025-01-02 18:06:07,4.717482342000709
2025-01-02 18:06:08,4.140855858583108
2025-01-02 18:06:09,4.211523235982552
2025-01-02 18:06:10,3.7581609053340506
2025-01-02 18:06:11,4.956737922339536
2025-01-02 18:06:12,4.240279764562497
2025-01-02 18:06:13,4.448679178494995
2025-01-02 18:06:14,4.3200040083275235
2025-01-02 18:06:15,3.7429960601754804
2025-01-02 18:06:16,4.674717832175668
2025-01-02 18:06:17,4.834291413765009
2025-01-02 18:06:18,3.6331849212205336
2025-01-02 18:06:19,4.8403295423810295
2025-01-02 18:06:20,3.7440559634180417
2025-01-02 18:06:21,4.677527227661587
2025-01-02 18:06:22,4.099651721743699
2025-01-02 18:06:23,4.237245160155435
2025-01-02 18:06:24,4.481312094400516
2025-01-02 18:06:25,5.078265965253915
2025-01-02 18:06:26,3.974619762543739
2025-01-02 18:06:27,4.208200396856067
2025-01-02 18:06:28,4.143347522118762
2025-01-02 18:06:29,4.565414577707605
2025-01-02 18:06:30,4.310407376989216
2025-01-02 18:06:31,4.60691137508486
2025-01-02 18:06:32,4.2882513541102085
2025-01-02 18:06:33,4.231975658817859
2025-01-02 18:06:34,4.485996784097504
2025-01-02 18:06:35,4.197503909763836
2025-01-02 18:06:36,4.420958510186778
2025-01-02 18:06:37,4.2842284045674575
2025-01-02 18:06:38,4.67242602260853
2025-01-02 18:06:39,4.400181459683051
2025-01-02 18:06:40,4.241657090789791
2025-01-02 18:06:41,4.499550418131594
2025-01-02 18:06:42,4.710584464469582
2025-01-02 18:06:43,4.154279128224545
2025-01-02 18:06:44,4.574066310572844
2025-01-02 18:06:45,3.828620291469025
2025-01-02 18:06:46,4.265076506106308
2025-01-02 18:06:47,
2025-01-02 18:06:48,4.245725592914443
2025-01-02 18:06:49,4.815534992392625
2025-01-02 18:06:50,4.403831326119342
2025-01-02 18:06:51,4.206063569363222
2025-01-02 18:06:52,4.456103090498853
2025-01-02 18:06:53,3.95056736610167
2025-01-02 18:06:54,4.406786223286537
2025-01-02 18:06:55,4.274335300680521
2025-01-02 18:06:56,3.977587897359674
2025-01-02 18:06:57,3.873670353656293
2025-01-02 18:06:58,4.333928036914842
2025-01-02 18:06:59,4.147030606902218
2025-01-02 18:07:00,4.388188797384303
2025-01-02 18:07:01,4.318415870373295
2025-01-02 18:07:02,4.835053151088632
2025-01-02 18:07:03,4.276625340659315
2025-01-02 18:07:04,4.032908670107894
2025-01-02 18:07:05,4.398949577739215
2025-01-02 18:07:06,4.505117638582907
2025-01-02 18:07:07,4.252324666195942
2025-01-02 18:07:08,4.372646889105305
2025-01-02 18:07:09,4.050811228727068
2025-01-02 18:07:10,4.463040548505821
2025-01-02 18:07:11,4.206678042988358
2025-01-02 18:07:12,4.389953993854786
2025-01-02 18:07:13,4.12635552072663
2025-01-02 18:07:14,4.2480222806892955
2025-01-02 18:07:15,4.209876021891306
2025-01-02 18:07:16,4.147203038818906
2025-01-02 18:07:17,4.404324256922
2025-01-02 18:07:18,4.229262337437541
2025-01-02 18:07:19,4.098640967517753
2025-01-02 18:07:20,4.9405470529275854
2025-01-02 18:07:21,4.418232262138438
2025-01-02 18:07:22,4.405709362267975
2025-01-02 18:07:23,3.9514420385731004
2025-01-02 18:07:24,4.047723753330441
2025-01-02 18:07:25,4.63261536830241
2025-01-02 18:07:26,4.903893012689931
2025-01-02 18:07:27,4.374317584230076
2025-01-02 18:07:28,4.481540229514139
2025-01-02 18:07:29,3.5925910236237306
2025-01-02 18:07:30,4.106807207794037
2025-01-02 18:07:31,4.105677781304763
2025-01-02 18:07:32,4.198249264210966
2025-01-02 18:07:33,3.7932683856404186
2025-01-02 18:07:34,4.504717158915406
2025-01-02 18:07:35,4.591339829974357
2025-01-02 18:07:36,4.067067482141606
2025-01-02 18:07:37,4.403592943986186
2025-01-02 18:07:38,4.432238062385241
2025-01-02 18:07:39,4.539393214301067
2025-01-02 18:07:40,4.384827806887569
2025-01-02 18:07:41,4.363887080845441
2025-01-02 18:07:42,4.703307214013437
2025-01-02 18:07:43,4.603123208951876
2025-01-02 18:07:44,4.519948081733174
2025-01-02 18:07:45,3.8682076934620158
2025-01-02 18:07:46,3.8090141108300575
2025-01-02 18:07:47,4.249332313468072
2025-01-02 18:07:48,5.019617938070934
2025-01-02 18:07:49,
2025-01-02 18:07:50,4.266472213967127
2025-01-02 18:07:51,4.255134790214444
2025-01-02 18:07:52,4.265797153758738
2025-01-02 18:07:53,4.979176058966378
2025-01-02 18:07:54,4.251901389891186
2025-01-02 18:07:55,4.756773375186408
2025-01-02 18:07:56,4.4684738805091815
2025-01-02 18:07:57,4.570337136749859
2025-01-02 18:07:58,4.292585569294939
2025-01-02 18:07:59,4.4412245712789815
2025-01-02 18:08:00,3.976633689497514
2025-01-02 18:08:01,4.197587186693984
2025-01-02 18:08:02,4.199007781078548
2025-01-02 18:08:03,4.4145094561655585
2025-01-02 18:08:04,4.284529547987317
2025-01-02 18:08:05,4.121510686188966
2025-01-02 18:08:06,4.724835930299833
2025-01-02 18:08:07,4.149571068995197
2025-01-02 18:08:08,4.794250785659465
2025-01-02 18:08:09,4.56641831276334
2025-01-02 18:08:10,4.422476007325009
2025-01-02 18:08:11,4.700793180990314
2025-01-02 18:08:12,4.231715365339452
2025-01-02 18:08:13,4.225908690042784
2025-01-02 18:08:14,4.030980028067635
2025-01-02 18:08:15,4.5652493725210705
2025-01-02 18:08:16,4.533094546948315
2025-01-02 18:08:17,4.6536916318291475
2025-01-02 18:08:18,4.13293489104082
2025-01-02 18:08:19,4.651354590654162
2025-01-02 18:08:20,4.348784952156221
2025-01-02 18:08:21,4.291643317056584
2025-01-02 18:08:22,3.942419132383464
2025-01-02 18:08:23,4.813460345243978
2025-01-02 18:08:24,4.163078092346862
2025-01-02 18:08:25,4.506815908277141
2025-01-02 18:08:26,4.024564031125316
2025-01-02 18:08:27,4.453234424446402
2025-01-02 18:08:28,4.0471350717103105
2025-01-02 18:08:29,4.420884943499576
2025-01-02 18:08:30,4.606063150177653
2025-01-02 18:08:31,4.370583937861628
2025-01-02 18:08:32,4.1915567343253795
2025-01-02 18:08:33,4.046286658600979
2025-01-02 18:08:34,
2025-01-02 18:08:35,4.3066829665151785
2025-01-02 18:08:36,4.1920311850707055
2025-01-02 18:08:37,4.265904795987965
2025-01-02 18:08:38,4.1512007157819735
2025-01-02 18:08:39,
2025-01-02 18:08:40,4.788752738014594
2025-01-02 18:08:41,4.509468488032426
2025-01-02 18:08:42,4.318683516300205
2025-01-02 18:08:43,4.914382766109312
2025-01-02 18:08:44,4.675092003194268
2025-01-02 18:08:45,4.663121380983286
2025-01-02 18:08:46,4.451257895428596
2025-01-02 18:08:47,4.00282099347083
2025-01-02 18:08:48,4.606850492084358
2025-01-02 18:08:49,4.709116546734316
2025-01-02 18:08:50,4.1512508823857415
2025-01-02 18:08:51,4.439277780961569
2025-01-02 18:08:52,4.655418482453585
2025-01-02 18:08:53,4.302071628000468
2025-01-02 18:08:54,3.9916575136327586
2025-01-02 18:08:55,3.9706356416590265
2025-01-02 18:08:56,4.06508137230357
2025-01-02 18:08:57,4.790142561164591
2025-01-02 18:08:58,4.716858702968868
2025-01-02 18:08:59,4.007091206860745
2025-01-02 18:09:00,4.371086110770382
2025-01-02 18:09:01,4.639604216757963
2025-01-02 18:09:02,4.787225347683958
2025-01-02 18:09:03,4.456036060978375
2025-01-02 18:09:04,4.245169520233275
2025-01-02 18:09:05,4.2676504613293345
2025-01-02 18:09:06,4.35561376786834
2025-01-02 18:09:07,4.666929546129675
2025-01-02 18:09:08,4.590065625918583
2025-01-02 18:09:09,4.323885947733597
2025-01-02 18:09:10,4.691243201136198
2025-01-02 18:09:11,4.336503240607774
2025-01-02 18:09:12,3.9401988898472697
2025-01-02 18:09:13,4.362291640521874
2025-01-02 18:09:14,4.6700486728274715
2025-01-02 18:09:15,4.283284296052837
2025-01-02 18:09:16,3.787779449411421
2025-01-02 18:09:17,4.092955742242621
2025-01-02 18:09:18,4.394343921613779
2025-01-02 18:09:19,4.666613049528727
2025-01-02 18:09:20,4.213127227717988
2025-01-02 18:09:21,4.614865591992536
2025-01-02 18:09:22,4.6019467790633035
2025-01-02 18:09:23,4.311313784465126
2025-01-02 18:09:24,4.356339438579049
2025-01-02 18:09:25,4.042786535552812
2025-01-02 18:09:26,4.32749901186503
2025-01-02 18:09:27,4.3792775549190495
2025-01-02 18:09:28,4.657519610057543
2025-01-02 18:09:29,4.313614848872839
2025-01-02 18:09:30,3.9914425051371287
2025-01-02 18:09:31,4.2044867064365405
2025-01-02 18:09:32,4.664168519014504
2025-01-02 18:09:33,4.0526785727659895
2025-01-02 18:09:34,4.0108991366264535
2025-01-02 18:09:35,4.474722017499584
2025-01-02 18:09:36,4.702520158115029
2025-01-02 18:09:37,4.6261816958584125
2025-01-02 18:09:38,4.050270454924649
2025-01-02 18:09:39,4.625780948123935
2025-01-02 18:09:40,4.463302747962363
2025-01-02 18:09:41,4.247667502772771
2025-01-02 18:09:42,3.8447175237459783
2025-01-02 18:09:43,4.255937829003268
2025-01-02 18:09:44,4.627391768081704
2025-01-02 18:09:45,4.079565227395815
2025-01-02 18:09:46,4.485500247734787
2025-01-02 18:09:47,4.665378246878225
2025-01-02 18:09:48,4.11154828617914
2025-01-02 18:09:49,4.2620891113011545
2025-01-02 18:09:50,4.87334922913882
2025-01-02 18:09:51,5.027166289652846
2025-01-02 18:09:52,4.4597307541253235
2025-01-02 18:09:53,4.613337031230865
2025-01-02 18:09:54,3.8881378551609815
2025-01-02 18:09:55,4.612531758376873
2025-01-02 18:09:56,4.1599607947128545
2025-01-02 18:09:57,4.143290409082098
2025-01-02 18:09:58,3.7433432274674434
2025-01-02 18:09:59,4.4989918554102335
2025-01-02 18:10:00,4.907688182235489
2025-01-02 18:10:01,4.3133706151653035
2025-01-02 18:10:02,4.589325192401598
2025-01-02 18:10:03,4.618622808808868
2025-01-02 18:10:04,4.082998680806164
2025-01-02 18:10:05,4.295563663493857
2025-01-02 18:10:06,4.096524687805452
2025-01-02 18:10:07,4.375563200526772
2025-01-02 18:10:08,4.865723995404669
2025-01-02 18:10:09,4.459865689284797
2025-01-02 18:10:10,5.061575379882118
2025-01-02 18:10:11,4.596996970092561
2025-01-02 18:10:12,4.386643194648677
2025-01-02 18:10:13,4.288979484396965
2025-01-02 18:10:14,4.4244235607591085
2025-01-02 18:10:15,4.583372964151431
2025-01-02 18:10:16,4.312163238035621
2025-01-02 18:10:17,4.373912437867895
2025-01-02 18:10:18,4.259079877420384
2025-01-02 18:10:19,4.403682716339087
2025-01-02 18:10:20,4.775451173212316
2025-01-02 18:10:21,4.706303977581646
2025-01-02 18:10:22,4.920061851974996
2025-01-02 18:10:23,4.649111171017268
2025-01-02 18:10:24,4.134193510792131
2025-01-02 18:10:25,4.019460452181662
2025-01-02 18:10:26,4.436267640949061
2025-01-02 18:10:27,4.631150752322058
2025-01-02 18:10:28,4.687679140261159
2025-01-02 18:10:29,4.415334081200567
2025-01-02 18:10:30,3.8413554154123286
2025-01-02 18:10:31,4.615649753634754
2025-01-02 18:10:32,4.525176423318269
2025-01-02 18:10:33,3.8806021656474328
2025-01-02 18:10:34,4.390831883400174
2025-01-02 18:10:35,4.467952573410617
2025-01-02 18:10:36,4.48075089950236
2025-01-02 18:10:37,4.337295863104951
2025-01-02 18:10:38,4.594821692261297
2025-01-02 18:10:39,
2025-01-02 18:10:40,4.813497374778397
2025-01-02 18:10:41,4.645796275099101
2025-01-02 18:10:42,3.9033341705261817
2025-01-02 18:10:43,4.269607689678187
2025-01-02 18:10:44,3.9767063072192874
2025-01-02 18:10:45,4.165424362093522
2025-01-02 18:10:46,4.081363896806624
2025-01-02 18:10:47,5.446836318885195
2025-01-02 18:10:48,4.848005969420993
2025-01-02 18:10:49,4.373193508419138
2025-01-02 18:10:50,4.402769093406269
2025-01-02 18:10:51,3.8549793990648062
2025-01-02 18:10:52,3.2053515702164264
2025-01-02 18:10:53,4.526493558646646
2025-01-02 18:10:54,4.145081826835495
2025-01-02 18:10:55,4.849036447604867
2025-01-02 18:10:56,3.975306787686009
2025-01-02 18:10:57,5.052127438257168
2025-01-02 18:10:58,4.197877295631212
2025-01-02 18:10:59,4.748174720781104
2025-01-02 18:11:00,4.159598612495246
2025-01-02 18:11:01,4.657354687143845
2025-01-02 18:11:02,4.443950421845182
2025-01-02 18:11:03,4.358152471649999
2025-01-02 18:11:04,4.77891782252872
2025-01-02 18:11:05,4.160577290271151
2025-01-02 18:11:06,4.188627956380279
2025-01-02 18:11:07,4.028299035916561
2025-01-02 18:11:08,4.481731884269625
2025-01-02 18:11:09,4.690553613273442
2025-01-02 18:11:10,4.470963847727119
2025-01-02 18:11:11,5.144064122168144
2025-01-02 18:11:12,4.162714202143958
2025-01-02 18:11:13,4.34484924775802
2025-01-02 18:11:14,4.8252148920574
2025-01-02 18:11:15,4.251795625764471
2025-01-02 18:11:16,4.040023872700795
2025-01-02 18:11:17,4.854907773717812
2025-01-02 18:11:18,4.462843160009978
2025-01-02 18:11:19,4.930667608839372
2025-01-02 18:11:20,4.620349888170339
2025-01-02 18:11:21,4.5042000928952515
2025-01-02 18:11:22,4.719998747192886
2025-01-02 18:11:23,4.053177625116945
2025-01-02 18:11:24,4.555718730352305
2025-01-02 18:11:25,4.493676580601411
2025-01-02 18:11:26,4.270919140584886
2025-01-02 18:11:27,4.503489092122946
2025-01-02 18:11:28,4.389211691712183
2025-01-02 18:11:29,4.518397827941476
2025-01-02 18:11:30,4.408182284200543
2025-01-02 18:11:31,4.372873908893748
2025-01-02 18:11:32,4.722276423786997
2025-01-02 18:11:33,4.630437420228612
2025-01-02 18:11:34,3.995718223493918
2025-01-02 18:11:35,4.593742491275203
2025-01-02 18:11:36,5.0300049630176815
2025-01-02 18:11:37,4.658585801471097
2025-01-02 18:11:38,3.9700840360995304
2025-01-02 18:11:39,4.468292840152016
2025-01-02 18:11:40,4.870102601430144
2025-01-02 18:11:41,3.991215392343297
2025-01-02 18:11:42,4.640057149858758
2025-01-02 18:11:43,4.025048392759912
2025-01-02 18:11:44,4.841900748006029
2025-01-02 18:11:45,4.675972538589955
2025-01-02 18:11:46,4.58131753796848
2025-01-02 18:11:47,4.670622846268073
2025-01-02 18:11:48,4.394352249306497
2025-01-02 18:11:49,4.74118889762792
2025-01-02 18:11:50,4.29384189011219
2025-01-02 18:11:51,4.242699283017384
2025-01-02 18:11:52,4.821398885718291
2025-01-02 18:11:53,4.763023711795652
2025-01-02 18:11:54,4.83319921414699
2025-01-02 18:11:55,4.214814988535137
2025-01-02 18:11:56,4.574320579785931
2025-01-02 18:11:57,4.598697040712687
2025-01-02 18:11:58,4.276416013842367
2025-01-02 18:11:59,4.860048219775392
2025-01-02 18:12:00,3.889753911859337
2025-01-02 18:12:01,4.2360008940762945
2025-01-02 18:12:02,4.700891581746571
2025-01-02 18:12:03,4.191127521648621
2025-01-02 18:12:04,4.368698468571585
2025-01-02 18:12:05,4.240034131300583
2025-01-02 18:12:06,4.325268194946218
2025-01-02 18:12:07,4.288830377171027
2025-01-02 18:12:08,3.867943568918843
2025-01-02 18:12:09,4.813802230290731
2025-01-02 18:12:10,4.200779703886555
2025-01-02 18:12:11,4.447934631366261
2025-01-02 18:12:12,4.427897040077756
2025-01-02 18:12:13,4.261302926038908
2025-01-02 18:12:14,4.513627120198111
2025-01-02 18:12:15,4.362997771185537
2025-01-02 18:12:16,4.35789238938966
2025-01-02 18:12:17,4.744355345991744
2025-01-02 18:12:18,4.746299324200911
2025-01-02 18:12:19,4.167050474280336
2025-01-02 18:12:20,4.231762550303079
2025-01-02 18:12:21,4.515821217433725
2025-01-02 18:12:22,4.707228736246815
2025-01-02 18:12:23,4.17223241756402
2025-01-02 18:12:24,4.513157294239366
2025-01-02 18:12:25,4.370933191655366
2025-01-02 18:12:26,4.284080108430678
2025-01-02 18:12:27,4.689750285614092
2025-01-02 18:12:28,4.067546112062635
2025-01-02 18:12:29,4.9700670551557105
2025-01-02 18:12:30,4.348085388324659
2025-01-02 18:12:31,4.256990855000931
2025-01-02 18:12:32,4.607812827931897
2025-01-02 18:12:33,4.352975129859649
2025-01-02 18:12:34,4.524326060282601
2025-01-02 18:12:35,4.397129850018023
2025-01-02 18:12:36,4.570052701137093
2025-01-02 18:12:37,4.715872116200877
2025-01-02 18:12:38,4.312503765977512
2025-01-02 18:12:39,4.063392986521642
2025-01-02 18:12:40,4.413355433670388
2025-01-02 18:12:41,4.41795790278942
2025-01-02 18:12:42,3.892687009328739
2025-01-02 18:12:43,4.397980301916238
2025-01-02 18:12:44,4.544896249843789
2025-01-02 18:12:45,4.562604904569968
2025-01-02 18:12:46,4.152697757850065
2025-01-02 18:12:47,4.464080554305655
2025-01-02 18:12:48,4.127067187629436
2025-01-02 18:12:49,4.612596938233883
2025-01-02 18:12:50,4.779449435411526
2025-01-02 18:12:51,4.266137478810318
2025-01-02 18:12:52,4.38253931329968
2025-01-02 18:12:53,4.478293887074844
2025-01-02 18:12:54,4.421798132208896
2025-01-02 18:12:55,4.240288260583556
2025-01-02 18:12:56,4.58601722531296
2025-01-02 18:12:57,4.359764275842434
2025-01-02 18:12:58,4.623796078968323
2025-01-02 18:12:59,4.32870673962116
2025-01-02 18:13:00,4.577828475442176
2025-01-02 18:13:01,4.561483349986356
2025-01-02 18:13:02,4.662266876196184
2025-01-02 18:13:03,4.68586710952337
2025-01-02 18:13:04,4.526038323704246
2025-01-02 18:13:05,4.395917950048492
2025-01-02 18:13:06,4.387306124557159
2025-01-02 18:13:07,4.045663545459016
2025-01-02 18:13:08,4.117734738455409
2025-01-02 18:13:09,4.4863685155849025
2025-01-02 18:13:10,4.262739053535981
2025-01-02 18:13:11,4.387539870480761
2025-01-02 18:13:12,4.414756162097778
2025-01-02 18:13:13,4.620193025527302
2025-01-02 18:13:14,4.202724075453942
2025-01-02 18:13:15,4.6106666800081335
2025-01-02 18:13:16,3.7530358795621632
2025-01-02 18:13:17,4.379491650316322
2025-01-02 18:13:18,4.447351847759735
2025-01-02 18:13:19,4.546270297714188
2025-01-02 18:13:20,4.3331591145366755
2025-01-02 18:13:21,4.720339730451703
2025-01-02 18:13:22,4.541034273395219
2025-01-02 18:13:23,4.472872244162664
2025-01-02 18:13:24,4.278807771094708
2025-01-02 18:13:25,4.4810307657764925
2025-01-02 18:13:26,4.261709302664054
2025-01-02 18:13:27,4.602452120201252
2025-01-02 18:13:28,4.680008697426051
2025-01-02 18:13:29,5.178367162505709
2025-01-02 18:13:30,
2025-01-02 18:13:31,
2025-01-02 18:13:32,4.556122337568218
2025-01-02 18:13:33,4.387438699169801
2025-01-02 18:13:34,4.467891543123791
2025-01-02 18:13:35,4.44164674710962
2025-01-02 18:13:36,3.968170754334581
2025-01-02 18:13:37,4.378618875563642
2025-01-02 18:13:38,4.450724320318251
2025-01-02 18:13:39,3.89007959226961
2025-01-02 18:13:40,4.621825869620177
2025-01-02 18:13:41,4.471882887973537
2025-01-02 18:13:42,4.7559834950577775
2025-01-02 18:13:43,4.610037500971746
2025-01-02 18:13:44,4.089950915637734
2025-01-02 18:13:45,4.987268229978882
2025-01-02 18:13:46,4.367223966927569
2025-01-02 18:13:47,4.627990822581281
2025-01-02 18:13:48,4.702488335144359
2025-01-02 18:13:49,4.5754623021745635
2025-01-02 18:13:50,4.614933343815738
2025-01-02 18:13:51,4.50236175463025
2025-01-02 18:13:52,4.483790372673776
2025-01-02 18:13:53,
2025-01-02 18:13:54,4.244104400854728
2025-01-02 18:13:55,5.10505926475271
2025-01-02 18:13:56,4.584222945040999
2025-01-02 18:13:57,4.420998904458132
2025-01-02 18:13:58,3.775868197882683
2025-01-02 18:13:59,4.436224793962352
2025-01-02 18:14:00,4.380911339045097
2025-01-02 18:14:01,
2025-01-02 18:14:02,4.501922935919047
2025-01-02 18:14:03,4.73211864581891
2025-01-02 18:14:04,4.14161373468047
2025-01-02 18:14:05,4.6264700342462675
2025-01-02 18:14:06,4.534805079974109
2025-01-02 18:14:07,4.645018491395156
2025-01-02 18:14:08,4.694380757283618
2025-01-02 18:14:09,4.308209944502868
2025-01-02 18:14:10,4.981938308189201
2025-01-02 18:14:11,4.547109707598914
2025-01-02 18:14:12,5.207609211632941
2025-01-02 18:14:13,4.081869004064622
2025-01-02 18:14:14,4.805311917618939
2025-01-02 18:14:15,4.324529050345665
2025-01-02 18:14:16,5.023581918491094
2025-01-02 18:14:17,4.560040832319684
2025-01-02 18:14:18,4.468074087100782
2025-01-02 18:14:19,
2025-01-02 18:14:20,4.633345430040185
2025-01-02 18:14:21,4.408705185010595
2025-01-02 18:14:22,5.261940333620832
2025-01-02 18:14:23,4.790622156215604
2025-01-02 18:14:24,4.191575617428768
2025-01-02 18:14:25,5.0162852133003835
2025-01-02 18:14:26,4.674137273370245
2025-01-02 18:14:27,4.519894654238496
2025-01-02 18:14:28,4.399718661142857
2025-01-02 18:14:29,4.913580527246952
2025-01-02 18:14:30,4.945977898532183
2025-01-02 18:14:31,4.299072227496994
2025-01-02 18:14:32,4.448931955401776
2025-01-02 18:14:33,4.202624251055974
2025-01-02 18:14:34,
2025-01-02 18:14:35,4.709233989033934
2025-01-02 18:14:36,4.647330834528232
2025-01-02 18:14:37,4.484387146572488
2025-01-02 18:14:38,4.3489819929143945
2025-01-02 18:14:39,4.12400435984167
2025-01-02 18:14:40,4.422131582096389
2025-01-02 18:14:41,4.122302831059705
2025-01-02 18:14:42,4.2188834324947075
2025-01-02 18:14:43,4.396572165348625
2025-01-02 18:14:44,4.667461057189293
2025-01-02 18:14:45,4.611221609937693
2025-01-02 18:14:46,4.3207226833253705
2025-01-02 18:14:47,4.644681350088035
2025-01-02 18:14:48,4.265158526024725
2025-01-02 18:14:49,4.218301214616706
2025-01-02 18:14:50,4.539964229590005
2025-01-02 18:14:51,4.799957220667783
2025-01-02 18:14:52,4.670117346450741
2025-01-02 18:14:53,4.615699224411053
2025-01-02 18:14:54,4.982240955167951
2025-01-02 18:14:55,4.09544687826147
2025-01-02 18:14:56,4.530966353131593
2025-01-02 18:14:57,4.708369445339155
2025-01-02 18:14:58,4.13526397192646
2025-01-02 18:14:59,4.8068041523727265
2025-01-02 18:15:00,4.688820350807504
2025-01-02 18:15:01,4.420202895725556
2025-01-02 18:15:02,4.45204696104154
2025-01-02 18:15:03,4.050291965598193
2025-01-02 18:15:04,4.349189525046358
2025-01-02 18:15:05,4.483613559187069
2025-01-02 18:15:06,4.834551476188488
2025-01-02 18:15:07,4.252382277079424
2025-01-02 18:15:08,4.666135371375595
2025-01-02 18:15:09,4.394631930030821
2025-01-02 18:15:10,4.654036835865248
2025-01-02 18:15:11,4.1341852107270345
2025-01-02 18:15:12,4.266958298545583
2025-01-02 18:15:13,4.716141828021429
2025-01-02 18:15:14,4.582244546635239
2025-01-02 18:15:15,4.654769315351751
2025-01-02 18:15:16,4.947996131848873
2025-01-02 18:15:17,
2025-01-02 18:15:18,4.404040796068813
2025-01-02 18:15:19,4.244849127775228
2025-01-02 18:15:20,4.937287832001132
2025-01-02 18:15:21,3.9896097857444435
2025-01-02 18:15:22,4.672317879437427
2025-01-02 18:15:23,4.483631574314797
2025-01-02 18:15:24,4.4591298569793905
2025-01-02 18:15:25,4.742589762799431
2025-01-02 18:15:26,4.083325675444143
2025-01-02 18:15:27,4.2185637411623675
2025-01-02 18:15:28,4.456334476450072
2025-01-02 18:15:29,4.269388413605126
2025-01-02 18:15:30,4.76339320471306
2025-01-02 18:15:31,4.420005780005344
2025-01-02 18:15:32,4.5685279584952685
2025-01-02 18:15:33,4.60127684046419
2025-01-02 18:15:34,4.379069516528917
2025-01-02 18:15:35,
2025-01-02 18:15:36,4.835568000403703
2025-01-02 18:15:37,4.711751118197084
2025-01-02 18:15:38,5.027425743197766
2025-01-02 18:15:39,4.591347922767218
2025-01-02 18:15:40,4.809421236979351
2025-01-02 18:15:41,4.801467392402117
2025-01-02 18:15:42,5.3373978969427744
2025-01-02 18:15:43,4.463006334470459
2025-01-02 18:15:44,4.728551054310709
2025-01-02 18:15:45,5.063288838196239
2025-01-02 18:15:46,4.722506980485353
2025-01-02 18:15:47,4.032582513608755
2025-01-02 18:15:48,4.449276354514956
2025-01-02 18:15:49,4.262100473375916
2025-01-02 18:15:50,4.168774961512269
2025-01-02 18:15:51,4.557246286510554
2025-01-02 18:15:52,4.315016331295737
2025-01-02 18:15:53,4.613657903172929
2025-01-02 18:15:54,4.314164780295884
2025-01-02 18:15:55,4.322128345586562
2025-01-02 18:15:56,4.330700924668056
2025-01-02 18:15:57,4.327335982361274
2025-01-02 18:15:58,4.8860793483225144
2025-01-02 18:15:59,4.649352916978255
2025-01-02 18:16:00,4.9203371206409106
2025-01-02 18:16:01,4.574394633622945
2025-01-02 18:16:02,4.725191401733471
2025-01-02 18:16:03,4.077091480050729
2025-01-02 18:16:04,4.023887929246118
2025-01-02 18:16:05,4.218869745771229
2025-01-02 18:16:06,4.2240109814673765
2025-01-02 18:16:07,4.808579746918542
2025-01-02 18:16:08,4.356227701181253
2025-01-02 18:16:09,4.798207977658246
2025-01-02 18:16:10,4.747111386950416
2025-01-02 18:16:11,4.515173954860753
2025-01-02 18:16:12,4.687744684593179
2025-01-02 18:16:13,4.896512969257726
2025-01-02 18:16:14,4.495593040756046
2025-01-02 18:16:15,4.518721410855158
2025-01-02 18:16:16,4.055137756611263
2025-01-02 18:16:17,4.072052179977239
2025-01-02 18:16:18,4.621464841381145
2025-01-02 18:16:19,4.411546280882388
2025-01-02 18:16:20,4.737761056945314
2025-01-02 18:16:21,4.027641675682461
2025-01-02 18:16:22,4.846004790285744
2025-01-02 18:16:23,4.47276668845095
2025-01-02 18:16:24,4.172943470164726
2025-01-02 18:16:25,5.137867093037005
2025-01-02 18:16:26,4.843983168073311
2025-01-02 18:16:27,3.97664420813082
2025-01-02 18:16:28,5.201894279014691
2025-01-02 18:16:29,4.167512487362431
2025-01-02 18:16:30,5.14380996126351
2025-01-02 18:16:31,4.695627667370535
2025-01-02 18:16:32,4.415073044650955
2025-01-02 18:16:33,4.248837904964726
2025-01-02 18:16:34,4.803242355252783
2025-01-02 18:16:35,4.573883054789825
2025-01-02 18:16:36,4.466371733471203
2025-01-02 18:16:37,4.224200201957982
2025-01-02 18:16:38,4.515903666912481
2025-01-02 18:16:39,4.358284444630502
2025-01-02 18:16:40,4.851312433494955
2025-01-02 18:16:41,3.8402463614082123
2025-01-02 18:16:42,5.352462170149386
2025-01-02 18:16:43,4.406855045509848
2025-01-02 18:16:44,5.0270861163257745
2025-01-02 18:16:45,4.8217448572945445
2025-01-02 18:16:46,4.131574303573553
2025-01-02 18:16:47,4.791607458475781
2025-01-02 18:16:48,4.246120134937278
2025-01-02 18:16:49,4.404948930446941
2025-01-02 18:16:50,4.5662543729940674
2025-01-02 18:16:51,4.415638389107943
2025-01-02 18:16:52,4.337158776693517
2025-01-02 18:16:53,4.207325870296229
2025-01-02 18:16:54,4.393353973386804
2025-01-02 18:16:55,5.14702191535744
2025-01-02 18:16:56,4.857719613473979
2025-01-02 18:16:57,5.212481395664476
2025-01-02 18:16:58,4.628476977648806
2025-01-02 18:16:59,4.385856883511135
2025-01-02 18:17:00,4.5748668390856455
2025-01-02 18:17:01,4.402589561503971
2025-01-02 18:17:02,4.7817290933878
2025-01-02 18:17:03,4.189340254665849
2025-01-02 18:17:04,4.577234850949147
2025-01-02 18:17:05,4.59735562783337
2025-01-02 18:17:06,4.083938665626938
2025-01-02 18:17:07,4.562591255069528
2025-01-02 18:17:08,4.63774508194697
2025-01-02 18:17:09,4.219013835790484
2025-01-02 18:17:10,4.68370735647889
2025-01-02 18:17:11,4.705886613691799
2025-01-02 18:17:12,4.511499106537386
2025-01-02 18:17:13,4.794549484384171
2025-01-02 18:17:14,5.025522677911754
2025-01-02 18:17:15,4.434455547354616
2025-01-02 18:17:16,4.429077179381612
2025-01-02 18:17:17,4.834452134318876
2025-01-02 18:17:18,4.871601866399823
2025-01-02 18:17:19,4.4041095911773835
2025-01-02 18:17:20,4.518310322585211
2025-01-02 18:17:21,4.5231411830848876
2025-01-02 18:17:22,4.713551321049779
2025-01-02 18:17:23,4.161974507746748
2025-01-02 18:17:24,4.28786998506752
2025-01-02 18:17:25,4.680024285069292
2025-01-02 18:17:26,4.7521784496967
2025-01-02 18:17:27,
2025-01-02 18:17:28,4.4842330657264755
2025-01-02 18:17:29,4.658560414276255
2025-01-02 18:17:30,5.563238504941832
2025-01-02 18:17:31,4.9503150709306265
2025-01-02 18:17:32,4.51831546875206
2025-01-02 18:17:33,4.146614333355921
2025-01-02 18:17:34,4.781114237225353
2025-01-02 18:17:35,4.362522270402141
2025-01-02 18:17:36,5.17401174064806
2025-01-02 18:17:37,4.945215195408696
2025-01-02 18:17:38,4.710035778153567
2025-01-02 18:17:39,4.473505393181466
2025-01-02 18:17:40,4.6252850708326125
2025-01-02 18:17:41,4.182678284894882
2025-01-02 18:17:42,4.870656985422507
2025-01-02 18:17:43,4.929174989099364
2025-01-02 18:17:44,4.721005646749151
2025-01-02 18:17:45,
2025-01-02 18:17:46,4.012016921026051
2025-01-02 18:17:47,4.585200123871851
2025-01-02 18:17:48,4.403961172277828
2025-01-02 18:17:49,4.6206270641661185
2025-01-02 18:17:50,5.020789014729452
2025-01-02 18:17:51,4.004689331818518
2025-01-02 18:17:52,4.603727190762006
2025-01-02 18:17:53,4.610867486791137
2025-01-02 18:17:54,4.764296163537434
2025-01-02 18:17:55,4.92000537390169
2025-01-02 18:17:56,4.203640797399406
2025-01-02 18:17:57,4.965909153944539
2025-01-02 18:17:58,4.79381739118553
2025-01-02 18:17:59,4.678525862438708
2025-01-02 18:18:00,
2025-01-02 18:18:01,4.683520944100644
2025-01-02 18:18:02,3.9538722957611188
2025-01-02 18:18:03,4.579546975590881
2025-01-02 18:18:04,4.774073908347513
2025-01-02 18:18:05,4.5433792907679695
2025-01-02 18:18:06,5.077951977060009
2025-01-02 18:18:07,4.964103642841964
2025-01-02 18:18:08,4.1747086925596495
2025-01-02 18:18:09,4.658578402572452
2025-01-02 18:18:10,4.713755342662617
2025-01-02 18:18:11,4.7441856177245425
2025-01-02 18:18:12,4.581752845421131
2025-01-02 18:18:13,4.626207943617981
2025-01-02 18:18:14,4.879665951798687
2025-01-02 18:18:15,4.903387879665393
2025-01-02 18:18:16,4.684372939837661
2025-01-02 18:18:17,4.334363654802019
2025-01-02 18:18:18,4.489161124974958
2025-01-02 18:18:19,4.935374154493881
2025-01-02 18:18:20,4.780841859713618
2025-01-02 18:18:21,
2025-01-02 18:18:22,4.528229707692558
2025-01-02 18:18:23,5.140687729315084
2025-01-02 18:18:24,4.577659174334462
2025-01-02 18:18:25,4.454343916377435
2025-01-02 18:18:26,4.7331856713059475
2025-01-02 18:18:27,4.426841393841148
2025-01-02 18:18:28,4.764826782944445
2025-01-02 18:18:29,4.758676591497597
2025-01-02 18:18:30,4.6463789356294765
2025-01-02 18:18:31,4.979563230365622
2025-01-02 18:18:32,4.203604303401684
2025-01-02 18:18:33,4.8941056788893995
2025-01-02 18:18:34,4.656321839311646
2025-01-02 18:18:35,4.694321350639092
2025-01-02 18:18:36,4.356160998129237
2025-01-02 18:18:37,
2025-01-02 18:18:38,4.862824643097838
2025-01-02 18:18:39,
2025-01-02 18:18:40,
2025-01-02 18:18:41,4.435716677087905
2025-01-02 18:18:42,4.433464801425198
2025-01-02 18:18:43,4.707464845939125
2025-01-02 18:18:44,4.5028140123416955
2025-01-02 18:18:45,4.806553365326219
2025-01-02 18:18:46,4.707511440515603
2025-01-02 18:18:47,4.807135655984851
2025-01-02 18:18:48,4.499451781755075
2025-01-02 18:18:49,4.713702611840034
2025-01-02 18:18:50,4.787872787440671
2025-01-02 18:18:51,3.8195703778322123
2025-01-02 18:18:52,4.9434638687899035
2025-01-02 18:18:53,
2025-01-02 18:18:54,4.959645938556923
2025-01-02 18:18:55,4.4009991939753395
2025-01-02 18:18:56,5.066787882351889
2025-01-02 18:18:57,4.004016115949728
2025-01-02 18:18:58,4.840942530505438
2025-01-02 18:18:59,5.277023880671911
2025-01-02 18:19:00,4.716700980014656
2025-01-02 18:19:01,4.0238298315138215
2025-01-02 18:19:02,4.594421851813649
2025-01-02 18:19:03,4.693491102671354
2025-01-02 18:19:04,4.401256329845713
2025-01-02 18:19:05,4.666024946637997
2025-01-02 18:19:06,4.659892982952052
2025-01-02 18:19:07,4.716295954407761
2025-01-02 18:19:08,4.620658131091701
2025-01-02 18:19:09,4.560443074504658
2025-01-02 18:19:10,4.2929589066788605
2025-01-02 18:19:11,4.273361160919035
2025-01-02 18:19:12,4.570936694413216
2025-01-02 18:19:13,4.686698880767138
2025-01-02 18:19:14,
2025-01-02 18:19:15,4.958775339649089
2025-01-02 18:19:16,4.504373334360187
2025-01-02 18:19:17,5.143583807356289
2025-01-02 18:19:18,4.464268217349628
2025-01-02 18:19:19,4.73248895792731
2025-01-02 18:19:20,4.382047195662321
2025-01-02 18:19:21,4.945977777481297
2025-01-02 18:19:22,4.856993255116261
2025-01-02 18:19:23,4.31848724955212
2025-01-02 18:19:24,4.312925192662902
2025-01-02 18:19:25,4.495049019861171
2025-01-02 18:19:26,3.9117324417892
2025-01-02 18:19:27,4.416441469998006
2025-01-02 18:19:28,4.89741872097304
2025-01-02 18:19:29,4.9352865663053995
2025-01-02 18:19:30,5.089927492042089
2025-01-02 18:19:31,4.361978505586318
2025-01-02 18:19:32,4.748110492543637
2025-01-02 18:19:33,4.814616613569788
2025-01-02 18:19:34,5.008587971889394
2025-01-02 18:19:35,4.8962026820728015
2025-01-02 18:19:36,4.792608555959717
2025-01-02 18:19:37,4.611084180831106
2025-01-02 18:19:38,4.433549289743196
2025-01-02 18:19:39,4.530802419742253
2025-01-02 18:19:40,4.817630554379561
2025-01-02 18:19:41,4.58508769939446
2025-01-02 18:19:42,4.829245895559795
2025-01-02 18:19:43,4.751920161315453
2025-01-02 18:19:44,4.635913961130949
2025-01-02 18:19:45,4.829737557473865
2025-01-02 18:19:46,5.0427909887359466
2025-01-02 18:19:47,4.037009147893377
2025-01-02 18:19:48,4.5839218625179425
2025-01-02 18:19:49,4.9687077866745355
2025-01-02 18:19:50,4.355846773776195
2025-01-02 18:19:51,4.406179815116267
2025-01-02 18:19:52,4.696431094786645
2025-01-02 18:19:53,3.68861566326756
2025-01-02 18:19:54,4.729456599557666
2025-01-02 18:19:55,4.157560616664201
2025-01-02 18:19:56,4.735362446778828
2025-01-02 18:19:57,4.418497716414269
2025-01-02 18:19:58,5.297175038714581
2025-01-02 18:19:59,4.415956064608976
2025-01-02 18:20:00,4.523418343336688
2025-01-02 18:20:01,4.817783957106489
2025-01-02 18:20:02,4.730583621933323
2025-01-02 18:20:03,4.4110508535178194
2025-01-02 18:20:04,4.42675323333051
2025-01-02 18:20:05,4.7941954775660465
2025-01-02 18:20:06,4.353228067711977
2025-01-02 18:20:07,4.721507701915659
2025-01-02 18:20:08,4.466642209250217
2025-01-02 18:20:09,4.349204141816981
2025-01-02 18:20:10,4.93769919486491
2025-01-02 18:20:11,4.273423953344348
2025-01-02 18:20:12,4.8627326081614095
2025-01-02 18:20:13,4.582155384497488
2025-01-02 18:20:14,4.470113348206135
2025-01-02 18:20:15,4.8739003980781
2025-01-02 18:20:16,4.907781353186827
2025-01-02 18:20:17,5.2547271622535465
2025-01-02 18:20:18,4.793529432830096
2025-01-02 18:20:19,4.566303283609614
2025-01-02 18:20:20,4.310329507181732
2025-01-02 18:20:21,4.469247160323013
2025-01-02 18:20:22,4.327750752478309
2025-01-02 18:20:23,4.388255910211946
2025-01-02 18:20:24,4.649699728793894
2025-01-02 18:20:25,4.658277744757291
2025-01-02 18:20:26,4.496388498210418
2025-01-02 18:20:27,4.3384135670460475
2025-01-02 18:20:28,4.579130192458712
2025-01-02 18:20:29,4.6071415985280515
2025-01-02 18:20:30,4.816365873074315
2025-01-02 18:20:31,4.917030764240825
2025-01-02 18:20:32,4.395873155496981
2025-01-02 18:20:33,4.695314601063022
2025-01-02 18:20:34,4.616936406402673
2025-01-02 18:20:35,4.699684346275336
2025-01-02 18:20:36,4.576790263401138
2025-01-02 18:20:37,4.516581950081345
2025-01-02 18:20:38,5.06349063751147
2025-01-02 18:20:39,4.273080358421212
2025-01-02 18:20:40,4.92199110242261
2025-01-02 18:20:41,4.174458731850727
2025-01-02 18:20:42,4.888820430546064
2025-01-02 18:20:43,
2025-01-02 18:20:44,4.312744859426564
2025-01-02 18:20:45,4.920396067881957
2025-01-02 18:20:46,4.439575086459456
2025-01-02 18:20:47,
2025-01-02 18:20:48,4.185508569862668
2025-01-02 18:20:49,4.768880743212066
2025-01-02 18:20:50,4.9212687228758805
2025-01-02 18:20:51,4.185916635621592
2025-01-02 18:20:52,
2025-01-02 18:20:53,4.632523274351767
2025-01-02 18:20:54,4.437805712176771
2025-01-02 18:20:55,4.25826975755373
2025-01-02 18:20:56,4.628721054661039
2025-01-02 18:20:57,4.6146926738694045
2025-01-02 18:20:58,4.812141426179368
2025-01-02 18:20:59,5.092288983794527
2025-01-02 18:21:00,4.445365799764736
2025-01-02 18:21:01,4.849454787020636
2025-01-02 18:21:02,4.334435149065029
2025-01-02 18:21:03,4.6006836611479915
2025-01-02 18:21:04,4.64222667010014
2025-01-02 18:21:05,4.620433889966978
2025-01-02 18:21:06,4.4312491755301835
2025-01-02 18:21:07,4.604650166963887
2025-01-02 18:21:08,4.153933218826876
2025-01-02 18:21:09,4.4077375937236765
2025-01-02 18:21:10,4.506781338837219
2025-01-02 18:21:11,
2025-01-02 18:21:12,4.74922295498788
2025-01-02 18:21:13,4.9123222691184
2025-01-02 18:21:14,3.9466633503133637
2025-01-02 18:21:15,4.75037876089226
2025-01-02 18:21:16,4.4319291073707445
2025-01-02 18:21:17,4.448097566868295
2025-01-02 18:21:18,4.525829293004259
2025-01-02 18:21:19,4.721870962906563
2025-01-02 18:21:20,4.851867269133411
2025-01-02 18:21:21,4.2252844327436945
2025-01-02 18:21:22,4.545696764075248
2025-01-02 18:21:23,4.789920052263656
2025-01-02 18:21:24,4.9210653256354595
2025-01-02 18:21:25,4.389351447801613
2025-01-02 18:21:26,5.0955680714698985
2025-01-02 18:21:27,4.490072114880464
2025-01-02 18:21:28,5.1225215238521855
2025-01-02 18:21:29,4.418165003549644
2025-01-02 18:21:30,5.233865464617637
2025-01-02 18:21:31,4.816241961661604
2025-01-02 18:21:32,4.693685870375502
2025-01-02 18:21:33,4.856652564082932
2025-01-02 18:21:34,5.341478132919992
2025-01-02 18:21:35,4.772738125488941
2025-01-02 18:21:36,4.698512310344903
2025-01-02 18:21:37,4.682666069033333
2025-01-02 18:21:38,4.643740581714831
2025-01-02 18:21:39,4.756141242867372
2025-01-02 18:21:40,4.3722759762863
2025-01-02 18:21:41,4.649047137565007
2025-01-02 18:21:42,4.875353728797911
2025-01-02 18:21:43,5.070533716920173
2025-01-02 18:21:44,4.52890560363288
2025-01-02 18:21:45,4.524044706313243
2025-01-02 18:21:46,4.450291419674494
2025-01-02 18:21:47,5.190165360311315
2025-01-02 18:21:48,4.393965939393347
2025-01-02 18:21:49,4.780827285919194
2025-01-02 18:21:50,4.8245741941547715
2025-01-02 18:21:51,4.548083833819477
2025-01-02 18:21:52,4.47531555868232
2025-01-02 18:21:53,4.509000469215611
2025-01-02 18:21:54,4.834066390579419
2025-01-02 18:21:55,4.356988342637879
2025-01-02 18:21:56,4.452124726065022
2025-01-02 18:21:57,5.064104281777292
2025-01-02 18:21:58,4.4438078619180486
2025-01-02 18:21:59,4.694010386048305
2025-01-02 18:22:00,4.913943224361121
2025-01-02 18:22:01,4.80796395797932
2025-01-02 18:22:02,4.6122658571440756
2025-01-02 18:22:03,4.35009577943358
2025-01-02 18:22:04,4.647618690379446
2025-01-02 18:22:05,4.893411749351144
2025-01-02 18:22:06,4.05833197566595
2025-01-02 18:22:07,4.356423766696053
2025-01-02 18:22:08,4.8378523158792195
2025-01-02 18:22:09,4.576925928589989
2025-01-02 18:22:10,5.1074464180124215
2025-01-02 18:22:11,4.655087524527676
2025-01-02 18:22:12,4.288187011997016
2025-01-02 18:22:13,4.638712365193104
2025-01-02 18:22:14,4.8668120253424325
2025-01-02 18:22:15,4.846193891254601
2025-01-02 18:22:16,4.844528167455304
2025-01-02 18:22:17,4.698191871974995
2025-01-02 18:22:18,4.242655523144117
2025-01-02 18:22:19,4.691214201818052
2025-01-02 18:22:20,4.910856210892274
2025-01-02 18:22:21,4.860798352971501
2025-01-02 18:22:22,4.1654663746400855
2025-01-02 18:22:23,5.130726189794528
2025-01-02 18:22:24,4.500186326974363
2025-01-02 18:22:25,4.484447687987144
2025-01-02 18:22:26,4.819553486995159
2025-01-02 18:22:27,5.153518774912386
2025-01-02 18:22:28,4.717705864512731
2025-01-02 18:22:29,4.5750986902478274
2025-01-02 18:22:30,4.9243432618025045
2025-01-02 18:22:31,
2025-01-02 18:22:32,4.551482675377501
2025-01-02 18:22:33,4.0436656273356
2025-01-02 18:22:34,4.521425200436895
2025-01-02 18:22:35,4.291035776096029
2025-01-02 18:22:36,
2025-01-02 18:22:37,4.619238956707383
2025-01-02 18:22:38,5.132998848170486
2025-01-02 18:22:39,4.92363436303246
2025-01-02 18:22:40,4.236352072148324
2025-01-02 18:22:41,4.953203154700314
2025-01-02 18:22:42,5.113467937812214
2025-01-02 18:22:43,4.850324087355216
2025-01-02 18:22:44,4.515558603583145
2025-01-02 18:22:45,4.8668159117967384
2025-01-02 18:22:46,4.631327450466697
2025-01-02 18:22:47,4.672312067436397
2025-01-02 18:22:48,
2025-01-02 18:22:49,4.727883168307011
2025-01-02 18:22:50,5.4818474451186905
2025-01-02 18:22:51,4.768465854049478
2025-01-02 18:22:52,4.824157610576149
2025-01-02 18:22:53,5.041401490744744
2025-01-02 18:22:54,4.972515184140212
2025-01-02 18:22:55,4.3187542693084575
2025-01-02 18:22:56,4.680387606397318
2025-01-02 18:22:57,4.223454653538215
2025-01-02 18:22:58,4.847736859138338
2025-01-02 18:22:59,4.533935629955296
2025-01-02 18:23:00,4.854974508349038
2025-01-02 18:23:01,4.493517177824981
2025-01-02 18:23:02,5.207132267430654
2025-01-02 18:23:03,4.457969235533736
2025-01-02 18:23:04,4.466131316505986
2025-01-02 18:23:05,5.183587062169509
2025-01-02 18:23:06,4.819596250106661
2025-01-02 18:23:07,4.725612882531028
2025-01-02 18:23:08,4.732864552165806
2025-01-02 18:23:09,4.339006018270731
2025-01-02 18:23:10,5.1583841595186035
2025-01-02 18:23:11,4.554538498229397
2025-01-02 18:23:12,4.8141145536095795
2025-01-02 18:23:13,4.577493700868279
2025-01-02 18:23:14,4.71420182945871
2025-01-02 18:23:15,4.53295593678273
2025-01-02 18:23:16,4.9593924426561165
2025-01-02 18:23:17,5.143838388048058
2025-01-02 18:23:18,4.823535046389457
2025-01-02 18:23:19,4.045518639467742
2025-01-02 18:23:20,5.270669566195548
2025-01-02 18:23:21,4.794300263210883
2025-01-02 18:23:22,4.458597399816653
2025-01-02 18:23:23,4.686103724552139
2025-01-02 18:23:24,4.821712151576961
2025-01-02 18:23:25,4.661900621490971
2025-01-02 18:23:26,4.797514187382454
2025-01-02 18:23:27,4.889773773543046
2025-01-02 18:23:28,4.678845156989402
2025-01-02 18:23:29,5.340867587912749
2025-01-02 18:23:30,4.6899964144725335
2025-01-02 18:23:31,4.627287282696132
2025-01-02 18:23:32,4.589456265558046
2025-01-02 18:23:33,5.138686919519009
2025-01-02 18:23:34,4.215710708708587
2025-01-02 18:23:35,4.161595977655935
2025-01-02 18:23:36,4.736522628429575
2025-01-02 18:23:37,4.732112789854451
2025-01-02 18:23:38,5.041599266940089
2025-01-02 18:23:39,4.954210233371828
2025-01-02 18:23:40,4.733521815189742
2025-01-02 18:23:41,5.058491671169608
2025-01-02 18:23:42,4.838386894214772
2025-01-02 18:23:43,5.15087688797543
2025-01-02 18:23:44,4.681736216958032
2025-01-02 18:23:45,4.692649632344077
2025-01-02 18:23:46,4.810722963634242
2025-01-02 18:23:47,4.67026758361619
2025-01-02 18:23:48,4.696611307724771
2025-01-02 18:23:49,4.47910285967305
2025-01-02 18:23:50,5.112799066685857
2025-01-02 18:23:51,4.825238230839849
2025-01-02 18:23:52,4.493140107921629
2025-01-02 18:23:53,4.930712537678257
2025-01-02 18:23:54,4.634244166459295
2025-01-02 18:23:55,4.930359023864206
2025-01-02 18:23:56,4.622296759101225
2025-01-02 18:23:57,4.905337228123204
2025-01-02 18:23:58,5.021716929315848
2025-01-02 18:23:59,4.776807044857147
2025-01-02 18:24:00,4.292937639125834
2025-01-02 18:24:01,5.025990707213294
2025-01-02 18:24:02,4.512448113322757
2025-01-02 18:24:03,4.213334572266586
2025-01-02 18:24:04,3.852543953280129
2025-01-02 18:24:05,4.787865436893905
2025-01-02 18:24:06,4.700930712054118
2025-01-02 18:24:07,
2025-01-02 18:24:08,5.256070557810781
2025-01-02 18:24:09,5.194397237563228
2025-01-02 18:24:10,4.823010671063274
2025-01-02 18:24:11,4.265568131376057
2025-01-02 18:24:12,4.280423670937638
2025-01-02 18:24:13,4.626767597319001
2025-01-02 18:24:14,4.647105519697818
2025-01-02 18:24:15,4.9703424747010825
2025-01-02 18:24:16,4.671775446676361
2025-01-02 18:24:17,4.752278699919886
2025-01-02 18:24:18,4.295292824602718
2025-01-02 18:24:19,4.350373664554314
2025-01-02 18:24:20,5.17271890575091
2025-01-02 18:24:21,4.188691884060374
2025-01-02 18:24:22,4.685399338687568
2025-01-02 18:24:23,4.458036419552247
2025-01-02 18:24:24,4.472526895937264
2025-01-02 18:24:25,4.805027759346631
2025-01-02 18:24:26,4.63205359197518
2025-01-02 18:24:27,4.831539522873523
2025-01-02 18:24:28,4.88687297300053
2025-01-02 18:24:29,4.733559188509344
2025-01-02 18:24:30,4.624767238544928
2025-01-02 18:24:31,4.232915827014671
2025-01-02 18:24:32,4.217053916412272
2025-01-02 18:24:33,4.7806850264439085
2025-01-02 18:24:34,
2025-01-02 18:24:35,
2025-01-02 18:24:36,5.24781173956317
2025-01-02 18:24:37,5.254834217775599
2025-01-02 18:24:38,4.751877771783487
2025-01-02 18:24:39,4.2800986690544045
2025-01-02 18:24:40,4.434192494139309
2025-01-02 18:24:41,4.273341663810031
2025-01-02 18:24:42,4.717882171618336
2025-01-02 18:24:43,5.366085053451753
2025-01-02 18:24:44,5.05028903516673
2025-01-02 18:24:45,4.9625029794993285
2025-01-02 18:24:46,4.673994372423655
2025-01-02 18:24:47,4.220198680911786
2025-01-02 18:24:48,5.0823190787548995
2025-01-02 18:24:49,5.07101588864197
2025-01-02 18:24:50,4.886099194084701
2025-01-02 18:24:51,4.802665843182337
2025-01-02 18:24:52,
2025-01-02 18:24:53,4.4144575839951745
2025-01-02 18:24:54,4.430420200951576
2025-01-02 18:24:55,4.91947983180609
2025-01-02 18:24:56,4.554130570284726
2025-01-02 18:24:57,4.821117190430355
2025-01-02 18:24:58,4.823985213498302
2025-01-02 18:24:59,4.893022857303801
2025-01-02 18:25:00,4.086779042875131
2025-01-02 18:25:01,4.948427121863567
2025-01-02 18:25:02,4.4284242892337575
2025-01-02 18:25:03,4.976767727348495
2025-01-02 18:25:04,4.923219256969192
2025-01-02 18:25:05,4.623996419467907
2025-01-02 18:25:06,5.246015465268528
2025-01-02 18:25:07,5.187431163339648
2025-01-02 18:25:08,5.113881174110347
2025-01-02 18:25:09,4.281232387207369
2025-01-02 18:25:10,4.69325851160542
2025-01-02 18:25:11,5.026778115752605
2025-01-02 18:25:12,4.724896130880796
2025-01-02 18:25:13,5.296893706276841
2025-01-02 18:25:14,4.372197809603498
2025-01-02 18:25:15,4.861196908696476
2025-01-02 18:25:16,4.748445809670803
2025-01-02 18:25:17,4.516114605379841
2025-01-02 18:25:18,4.8144255870320904
2025-01-02 18:25:19,4.751489235529531
2025-01-02 18:25:20,5.021305850456812
2025-01-02 18:25:21,4.412981805251676
2025-01-02 18:25:22,4.719257669501534
2025-01-02 18:25:23,4.37081580145598
2025-01-02 18:25:24,4.655640994118909
2025-01-02 18:25:25,4.233622291777286
2025-01-02 18:25:26,4.4719194013517996
2025-01-02 18:25:27,4.528263342405559
2025-01-02 18:25:28,5.222316928971488
2025-01-02 18:25:29,4.786685887617434
2025-01-02 18:25:30,5.028629974707402
2025-01-02 18:25:31,5.221258400406784
2025-01-02 18:25:32,4.868539449811471
2025-01-02 18:25:33,4.678989799873245
2025-01-02 18:25:34,4.53565858641672
2025-01-02 18:25:35,4.976727016282602
2025-01-02 18:25:36,5.031325578286706
2025-01-02 18:25:37,5.244500426936498
2025-01-02 18:25:38,4.860667638814438
2025-01-02 18:25:39,4.744692851193052
2025-01-02 18:25:40,4.682310060021489
2025-01-02 18:25:41,5.146831769789117
2025-01-02 18:25:42,4.790016814309425
2025-01-02 18:25:43,4.997915696290099
2025-01-02 18:25:44,5.170223834388688
2025-01-02 18:25:45,4.804382860337634
2025-01-02 18:25:46,4.630635617391942
2025-01-02 18:25:47,5.038501223010018
2025-01-02 18:25:48,4.424926192816763
2025-01-02 18:25:49,4.952794810840922
2025-01-02 18:25:50,4.5035739650496085
2025-01-02 18:25:51,4.774189257959814
2025-01-02 18:25:52,4.485729067559001
2025-01-02 18:25:53,4.766684115486769
2025-01-02 18:25:54,4.65227806424021
2025-01-02 18:25:55,5.0760363302993765
2025-01-02 18:25:56,4.301175250666731
2025-01-02 18:25:57,4.823958757707142
2025-01-02 18:25:58,4.9480997726622045
2025-01-02 18:25:59,5.229869931225711
2025-01-02 18:26:00,4.612428952629957
2025-01-02 18:26:01,4.703121873598247
2025-01-02 18:26:02,4.565453017070491
2025-01-02 18:26:03,4.579254192615393
2025-01-02 18:26:04,5.122123634474823
2025-01-02 18:26:05,4.326505448265856
2025-01-02 18:26:06,4.4672879021199465
2025-01-02 18:26:07,5.3407627253499435
2025-01-02 18:26:08,4.7583400123183335
2025-01-02 18:26:09,5.195013025684477
2025-01-02 18:26:10,4.607042033866464
2025-01-02 18:26:11,4.760490474891076
2025-01-02 18:26:12,4.981607468674603
2025-01-02 18:26:13,4.199774682474179
2025-01-02 18:26:14,4.646068593062412
2025-01-02 18:26:15,4.648314736603054
2025-01-02 18:26:16,4.939880033579494
2025-01-02 18:26:17,5.114696085697672
2025-01-02 18:26:18,4.855631826094323
2025-01-02 18:26:19,4.4378382301848855
2025-01-02 18:26:20,4.907347118456045
2025-01-02 18:26:21,4.839401577817192
2025-01-02 18:26:22,4.84602150027125
2025-01-02 18:26:23,5.163998532207009
2025-01-02 18:26:24,4.998678080438928
2025-01-02 18:26:25,4.677055471731066
2025-01-02 18:26:26,4.29494001213671
2025-01-02 18:26:27,4.987186655816466
2025-01-02 18:26:28,4.497698787957267
2025-01-02 18:26:29,4.883410681506542
2025-01-02 18:26:30,4.831718853544529
2025-01-02 18:26:31,4.471331476502277
2025-01-02 18:26:32,4.947139673137077
2025-01-02 18:26:33,4.419569836891285
2025-01-02 18:26:34,4.868566670155047
2025-01-02 18:26:35,4.6419316883892945
2025-01-02 18:26:36,4.943657923325202
2025-01-02 18:26:37,4.6109201118673315
2025-01-02 18:26:38,4.587611219388356
2025-01-02 18:26:39,4.752410814135066
2025-01-02 18:26:40,4.8920102818704105
2025-01-02 18:26:41,4.977011507764099
2025-01-02 18:26:42,5.164990867548378
2025-01-02 18:26:43,4.79177430891034
2025-01-02 18:26:44,4.213516848830044
2025-01-02 18:26:45,4.5767181745303125
2025-01-02 18:26:46,4.457588161194178
2025-01-02 18:26:47,5.2461645822412
2025-01-02 18:26:48,4.264896254083435
2025-01-02 18:26:49,5.234061553182003
2025-01-02 18:26:50,4.9277848275161515
2025-01-02 18:26:51,4.525076381474699
2025-01-02 18:26:52,
2025-01-02 18:26:53,4.839782019839505
2025-01-02 18:26:54,4.458740679609003
2025-01-02 18:26:55,4.985782703977018
2025-01-02 18:26:56,4.926335135768831
2025-01-02 18:26:57,4.737166637700314
2025-01-02 18:26:58,5.158733020898984
2025-01-02 18:26:59,5.204489610916081
2025-01-02 18:27:00,4.713138575519933
2025-01-02 18:27:01,4.87490125051851
2025-01-02 18:27:02,4.840178523713162
2025-01-02 18:27:03,4.252899177012534
2025-01-02 18:27:04,5.214650319320116
2025-01-02 18:27:05,5.268088034668156
2025-01-02 18:27:06,4.791358463814765
2025-01-02 18:27:07,4.87416754323891
2025-01-02 18:27:08,5.117050502351879
2025-01-02 18:27:09,4.712778181720415
2025-01-02 18:27:10,4.545689091391886
2025-01-02 18:27:11,4.950552314521461
2025-01-02 18:27:12,4.889060036978651
2025-01-02 18:27:13,5.297111254888428
2025-01-02 18:27:14,4.945730101992905
2025-01-02 18:27:15,
2025-01-02 18:27:16,5.173246146153347
2025-01-02 18:27:17,5.2064375440395185
2025-01-02 18:27:18,5.21549638044758
2025-01-02 18:27:19,4.790013749425959
2025-01-02 18:27:20,4.641400749211922
2025-01-02 18:27:21,4.7388157798144634
2025-01-02 18:27:22,4.541467937784311
2025-01-02 18:27:23,5.311431965823243
2025-01-02 18:27:24,4.952387908779156
2025-01-02 18:27:25,4.990672488125114
2025-01-02 18:27:26,4.7746941660948545
2025-01-02 18:27:27,4.557461171527327
2025-01-02 18:27:28,5.227162554708842
2025-01-02 18:27:29,4.599396975814326
2025-01-02 18:27:30,
2025-01-02 18:27:31,4.994554101413837
2025-01-02 18:27:32,4.964084196841651
2025-01-02 18:27:33,4.84031582206841
2025-01-02 18:27:34,4.172337294970178
2025-01-02 18:27:35,4.2992663112860345
2025-01-02 18:27:36,4.659103845007732
2025-01-02 18:27:37,4.714750910770587
2025-01-02 18:27:38,4.635293777511907
2025-01-02 18:27:39,4.596406796777316
2025-01-02 18:27:40,4.923973641804422
2025-01-02 18:27:41,4.999240268963454
2025-01-02 18:27:42,4.2914002678665675
2025-01-02 18:27:43,4.321637823831971
2025-01-02 18:27:44,5.315525965543227
2025-01-02 18:27:45,4.894078382821962
2025-01-02 18:27:46,4.170124758634887
2025-01-02 18:27:47,4.217655889795299
2025-01-02 18:27:48,5.268460961177641
2025-01-02 18:27:49,4.688409595970166
2025-01-02 18:27:50,4.853495259435681
2025-01-02 18:27:51,4.968609333496895
2025-01-02 18:27:52,4.7076228298852625
2025-01-02 18:27:53,4.539198078736677
2025-01-02 18:27:54,4.691125704525171
2025-01-02 18:27:55,4.602770064565614
2025-01-02 18:27:56,4.527848876838034
2025-01-02 18:27:57,5.03301172778529
2025-01-02 18:27:58,4.937813803139766
2025-01-02 18:27:59,
2025-01-02 18:28:00,4.404319888848359
2025-01-02 18:28:01,4.395882681660282
2025-01-02 18:28:02,4.751440552986338
2025-01-02 18:28:03,4.566872343884125
2025-01-02 18:28:04,4.807247073301028
2025-01-02 18:28:05,4.634033874953297
2025-01-02 18:28:06,4.156974771001407
2025-01-02 18:28:07,4.798696801158659
2025-01-02 18:28:08,4.47313028588645
2025-01-02 18:28:09,5.36151815528204
2025-01-02 18:28:10,5.297712784612466
2025-01-02 18:28:11,5.691091242769792
2025-01-02 18:28:12,4.8290758255202295
2025-01-02 18:28:13,4.330414004333692
2025-01-02 18:28:14,5.067091543482837
2025-01-02 18:28:15,4.910926171096687
2025-01-02 18:28:16,4.649594983849919
2025-01-02 18:28:17,5.158486240671384
2025-01-02 18:28:18,5.237200248003363
2025-01-02 18:28:19,5.054333579890762
2025-01-02 18:28:20,5.003903644778907
2025-01-02 18:28:21,4.427033717012049
2025-01-02 18:28:22,4.940932550997761
2025-01-02 18:28:23,4.101089090238336
2025-01-02 18:28:24,4.63621322968786
2025-01-02 18:28:25,4.749164288304692
2025-01-02 18:28:26,4.433497744610387
2025-01-02 18:28:27,4.4384508276168955
2025-01-02 18:28:28,4.740856288020569
2025-01-02 18:28:29,4.807572025095261
2025-01-02 18:28:30,5.199928222235382
2025-01-02 18:28:31,5.259063371790683
2025-01-02 18:28:32,4.436861549268704
2025-01-02 18:28:33,5.044272188301937
2025-01-02 18:28:34,4.969637657502278
2025-01-02 18:28:35,4.741991072255388
2025-01-02 18:28:36,4.70729146647421
2025-01-02 18:28:37,4.9986591569595245
2025-01-02 18:28:38,4.88892047833118
2025-01-02 18:28:39,4.678200819558605
2025-01-02 18:28:40,4.145877158000121
2025-01-02 18:28:41,4.827952969796951
2025-01-02 18:28:42,4.965702524297659
2025-01-02 18:28:43,4.609474068934951
2025-01-02 18:28:44,4.86108461858138
2025-01-02 18:28:45,4.749719182154615
2025-01-02 18:28:46,4.6588681598561505
2025-01-02 18:28:47,5.079129487113731
2025-01-02 18:28:48,4.884717316379295
2025-01-02 18:28:49,4.387394558805372
2025-01-02 18:28:50,4.8876900360610085
2025-01-02 18:28:51,4.472837688131501
2025-01-02 18:28:52,4.781202278745394
2025-01-02 18:28:53,5.003167198580727
2025-01-02 18:28:54,5.037153359754074
2025-01-02 18:28:55,4.608082226255136
2025-01-02 18:28:56,4.919547868865567
2025-01-02 18:28:57,4.781335789965287
2025-01-02 18:28:58,4.342593680427544
2025-01-02 18:28:59,4.603630890814452
2025-01-02 18:29:00,4.544015225529888
2025-01-02 18:29:01,4.658804680709887
2025-01-02 18:29:02,4.709746715978348
2025-01-02 18:29:03,4.881501784247205
2025-01-02 18:29:04,5.152005268369084
2025-01-02 18:29:05,4.753064587886251
2025-01-02 18:29:06,4.576808859479312
2025-01-02 18:29:07,4.872288306316001
2025-01-02 18:29:08,4.748706920317126
2025-01-02 18:29:09,4.801430978772631
2025-01-02 18:29:10,4.504677362927487
2025-01-02 18:29:11,
2025-01-02 18:29:12,5.044849088780123
2025-01-02 18:29:13,5.302123402022302
2025-01-02 18:29:14,4.784366879505903
2025-01-02 18:29:15,4.642243655042538
2025-01-02 18:29:16,4.881748561652895
2025-01-02 18:29:17,5.100566512405744
2025-01-02 18:29:18,4.492774844988482
2025-01-02 18:29:19,4.499767187613516
2025-01-02 18:29:20,5.599777446273685
2025-01-02 18:29:21,4.533120804816607
2025-01-02 18:29:22,4.977266268453561
2025-01-02 18:29:23,5.174464408264383
2025-01-02 18:29:24,5.222953163878356
2025-01-02 18:29:25,5.3022658137678516
2025-01-02 18:29:26,4.789714202715558
2025-01-02 18:29:27,4.968638031131204
2025-01-02 18:29:28,5.171443980988831
2025-01-02 18:29:29,5.105702109306734
2025-01-02 18:29:30,5.208575065189465
2025-01-02 18:29:31,5.852858330385673
2025-01-02 18:29:32,5.0514214362492975
2025-01-02 18:29:33,5.074764434409612
2025-01-02 18:29:34,4.634133884448057
2025-01-02 18:29:35,4.859955425251067
2025-01-02 18:29:36,4.913094819414579
2025-01-02 18:29:37,5.059846202994137
2025-01-02 18:29:38,4.767060733764658
2025-01-02 18:29:39,4.4579199590619485
2025-01-02 18:29:40,4.75950213943082
2025-01-02 18:29:41,4.5346190556080135
2025-01-02 18:29:42,4.499655005691221
2025-01-02 18:29:43,4.883614546040503
2025-01-02 18:29:44,4.472270684165779
2025-01-02 18:29:45,4.237872575425061
2025-01-02 18:29:46,4.727587133048033
2025-01-02 18:29:47,4.644019474955606
2025-01-02 18:29:48,5.05269003914821
2025-01-02 18:29:49,
2025-01-02 18:29:50,5.621391819585393
2025-01-02 18:29:51,4.679947829274463
2025-01-02 18:29:52,5.150342811393399
2025-01-02 18:29:53,5.071869104002376
2025-01-02 18:29:54,5.177083428313913
2025-01-02 18:29:55,
2025-01-02 18:29:56,4.352367735217755
2025-01-02 18:29:57,4.502726139178412
2025-01-02 18:29:58,4.989956133262553
2025-01-02 18:29:59,4.987032678339253
